year,category,sport,event,days,transcripts,url
2025,1,Football,VALERO ALAMO BOWL: USC VS TCU,4,7,http://www.asapsports.com/show_events.php?event_id=214440&category=1&year=2025&title=VALERO+ALAMO+BOWL%3A+USC+VS+TCU
2025,1,Football,CFP QUARTERFINAL AT THE CAPITAL ONE ORANGE BOWL: OREGON VS TEXAS TECH,2,23,http://www.asapsports.com/show_events.php?event_id=214442&category=1&year=2025&title=CFP+QUARTERFINAL+AT+THE+CAPITAL+ONE+ORANGE+BOWL%3A+OREGON+VS+TEXAS+TECH
2025,1,Football,ROSE BOWL GAME PRESENTED BY PRUDENTIAL: ALABAMA VS INDIANA,4,18,http://www.asapsports.com/show_events.php?event_id=214443&category=1&year=2025&title=ROSE+BOWL+GAME+PRESENTED+BY+PRUDENTIAL%3A+ALABAMA+VS+INDIANA
2025,1,Football,RELIAQUEST BOWL: VANDERBILT VS IOWA,2,4,http://www.asapsports.com/show_events.php?event_id=214444&category=1&year=2025&title=RELIAQUEST+BOWL%3A+VANDERBILT+VS+IOWA
2025,1,Football,CHEEZ-IT CITRUS BOWL: MICHIGAN VS TEXAS,5,15,http://www.asapsports.com/show_events.php?event_id=214447&category=1&year=2025&title=CHEEZ-IT+CITRUS+BOWL%3A+MICHIGAN+VS+TEXAS
2025,1,Football,KINDER’S TEXAS BOWL: HOUSTON VS LSU,1,6,http://www.asapsports.com/show_events.php?event_id=214384&category=1&year=2025&title=KINDER%E2%80%99S+TEXAS+BOWL%3A+HOUSTON+VS+LSU
2025,1,Football,BAD BOY MOWERS PINSTRIPE BOWL: PENN STATE VS CLEMSON,2,4,http://www.asapsports.com/show_events.php?event_id=214377&category=1&year=2025&title=BAD+BOY+MOWERS+PINSTRIPE+BOWL%3A+PENN+STATE+VS+CLEMSON
2025,1,Football,POP-TARTS BOWL: BYU COUGARS VS GEORGIA TECH YELLOW JACKETS,1,3,http://www.asapsports.com/show_events.php?event_id=214379&category=1&year=2025&title=POP-TARTS+BOWL%3A+BYU+COUGARS+VS+GEORGIA+TECH+YELLOW+JACKETS
2025,1,Football,TAXSLAYER GATOR BOWL: VIRGINIA VS MISSOURI,2,3,http://www.asapsports.com/show_events.php?event_id=214382&category=1&year=2025&title=TAXSLAYER+GATOR+BOWL%3A+VIRGINIA+VS+MISSOURI
2025,1,Football,POP-TARTS BOWL: BYU VS GEORGIA TECH,4,11,http://www.asapsports.com/show_events.php?event_id=214371&category=1&year=2025&title=POP-TARTS+BOWL%3A+BYU+VS+GEORGIA+TECH
2025,1,Football,FAMOUS IDAHO POTATO BOWL: UTAH STATE VS WASHINGTON STATE,2,4,http://www.asapsports.com/show_events.php?event_id=214360&category=1&year=2025&title=FAMOUS+IDAHO+POTATO+BOWL%3A+UTAH+STATE+VS+WASHINGTON+STATE
2025,1,Football,CFP FIRST ROUND: TULANE VS OLE MISS,1,12,http://www.asapsports.com/show_events.php?event_id=214325&category=1&year=2025&title=CFP+FIRST+ROUND%3A+TULANE+VS+OLE+MISS
2025,1,Football,CFP FIRST ROUND: MIAMI VS TEAXS A&M,1,8,http://www.asapsports.com/show_events.php?event_id=214311&category=1&year=2025&title=CFP+FIRST+ROUND%3A+MIAMI+VS+TEAXS+A%26M
2025,1,Football,CFP FIRST ROUND: JAMES MADISON VS OREGON,1,12,http://www.asapsports.com/show_events.php?event_id=214337&category=1&year=2025&title=CFP+FIRST+ROUND%3A+JAMES+MADISON+VS+OREGON
2025,1,Football,CFP FIRST ROUND: ALABAMA VS OKLAHOMA,1,7,http://www.asapsports.com/show_events.php?event_id=214296&category=1&year=2025&title=CFP+FIRST+ROUND%3A+ALABAMA+VS+OKLAHOMA
2025,1,Football,ARMY BLACK KNIGHTS FOOTBALL,6,13,http://www.asapsports.com/show_events.php?event_id=213453&category=1&year=2025&title=ARMY+BLACK+KNIGHTS+FOOTBALL
2025,1,Football,BUCKED UP LA BOWL HOSTED BY GRONK: WASHINGTON VS BOISE STATE,2,3,http://www.asapsports.com/show_events.php?event_id=213462&category=1&year=2025&title=BUCKED+UP+LA+BOWL+HOSTED+BY+GRONK%3A+WASHINGTON+VS+BOISE+STATE
2025,1,Football,ROSE BOWL GAME PRESENTED BY PRUDENTIAL: TBD VS INDIANA,1,1,http://www.asapsports.com/show_events.php?event_id=212801&category=1&year=2025&title=ROSE+BOWL+GAME+PRESENTED+BY+PRUDENTIAL%3A+TBD+VS+INDIANA
2025,1,Football,FLORIDA CITRUS SPORTS BOWL SELECTION,1,1,http://www.asapsports.com/show_events.php?event_id=212805&category=1&year=2025&title=FLORIDA+CITRUS+SPORTS+BOWL+SELECTION
2025,1,Football,BIG 12 CONFERENCE FOOTBALL CHAMPIONSHIP GAME: BYU VS TEXAS TECH,1,6,http://www.asapsports.com/show_events.php?event_id=212791&category=1&year=2025&title=BIG+12+CONFERENCE+FOOTBALL+CHAMPIONSHIP+GAME%3A+BYU+VS+TEXAS+TECH
2025,1,Football,SOUTHEASTERN CONFERENCE FOOTBALL CHAMPIONSHIP GAME: GEORGIA VS ALABAMA,4,13,http://www.asapsports.com/show_events.php?event_id=212797&category=1&year=2025&title=SOUTHEASTERN+CONFERENCE+FOOTBALL+CHAMPIONSHIP+GAME%3A+GEORGIA+VS+ALABAMA
2025,1,Football,BIG TEN CONFERENCE FOOTBALL CHAMPIONSHIP GAME: OHIO STATE VS INDIANA,1,2,http://www.asapsports.com/show_events.php?event_id=212799&category=1&year=2025&title=BIG+TEN+CONFERENCE+FOOTBALL+CHAMPIONSHIP+GAME%3A+OHIO+STATE+VS+INDIANA
2025,1,Football,FLORIDA BLUE FLORIDA CLASSIC: FLORIDA A&M RATTLERS VS BETHUNE-COOKMAN WILDCATS,1,2,http://www.asapsports.com/show_events.php?event_id=212198&category=1&year=2025&title=FLORIDA+BLUE+FLORIDA+CLASSIC%3A+FLORIDA+A%26M+RATTLERS+VS+BETHUNE-COOKMAN+WILDCATS
2025,1,Football,UNIVERSITY OF IOWA FOOTBALL MEDIA CONFERENCE,20,17,http://www.asapsports.com/show_events.php?event_id=212412&category=1&year=2025&title=UNIVERSITY+OF+IOWA+FOOTBALL+MEDIA+CONFERENCE
2025,1,Football,UNIVERSITY OF PITTSBURGH FOOTBALL MEDIA CONFERENCE,12,4,http://www.asapsports.com/show_events.php?event_id=212426&category=1&year=2025&title=UNIVERSITY+OF+PITTSBURGH+FOOTBALL+MEDIA+CONFERENCE
2025,1,Football,SEATTLE SEAHAWKS MEDIA CONFERENCE,2,4,http://www.asapsports.com/show_events.php?event_id=212429&category=1&year=2025&title=SEATTLE+SEAHAWKS+MEDIA+CONFERENCE
2025,1,Football,HOUSTON TEXANS MEDIA CONFERENCE,3,9,http://www.asapsports.com/show_events.php?event_id=212432&category=1&year=2025&title=HOUSTON+TEXANS+MEDIA+CONFERENCE
2025,1,Football,MIAMI DOLPHINS MEDIA CONFERENCE,1,3,http://www.asapsports.com/show_events.php?event_id=212433&category=1&year=2025&title=MIAMI+DOLPHINS+MEDIA+CONFERENCE
2025,1,Football,CHICAGO BEARS MEDIA CONFERENCE,2,3,http://www.asapsports.com/show_events.php?event_id=212436&category=1&year=2025&title=CHICAGO+BEARS+MEDIA+CONFERENCE
2025,1,Football,CAROLINA PANTHERS MEDIA CONFERENCE,3,6,http://www.asapsports.com/show_events.php?event_id=212437&category=1&year=2025&title=CAROLINA+PANTHERS+MEDIA+CONFERENCE
2025,1,Football,NFL INTERNATIONAL SERIES FALCONS VS COLTS,1,3,http://www.asapsports.com/show_events.php?event_id=212443&category=1&year=2025&title=NFL+INTERNATIONAL+SERIES+FALCONS+VS+COLTS
2025,1,Football,RUTGERS UNIVERSITY FOOTBALL MEDIA CONFERENCE,11,4,http://www.asapsports.com/show_events.php?event_id=212460&category=1&year=2025&title=RUTGERS+UNIVERSITY+FOOTBALL+MEDIA+CONFERENCE
2025,1,Football,COLLEGE FOOTBALL PLAYOFF MEDIA CONFERENCE,4,1,http://www.asapsports.com/show_events.php?event_id=212515&category=1&year=2025&title=COLLEGE+FOOTBALL+PLAYOFF+MEDIA+CONFERENCE
2025,1,Football,FLORIDA STATE UNIVERSITY FOOTBALL MEDIA CONFERENCE,2,2,http://www.asapsports.com/show_events.php?event_id=212523&category=1&year=2025&title=FLORIDA+STATE+UNIVERSITY+FOOTBALL+MEDIA+CONFERENCE
2025,1,Football,PITTSBURGH STEELERS MEDIA CONFERENCE,2,5,http://www.asapsports.com/show_events.php?event_id=212534&category=1&year=2025&title=PITTSBURGH+STEELERS+MEDIA+CONFERENCE
2025,1,Football,NEW YORK GIANTS MEDIA CONFERENCE,1,5,http://www.asapsports.com/show_events.php?event_id=212536&category=1&year=2025&title=NEW+YORK+GIANTS+MEDIA+CONFERENCE
2025,1,Football,SAN FRANCISCO 49ERS MEDIA CONFERENCE,1,1,http://www.asapsports.com/show_events.php?event_id=212540&category=1&year=2025&title=SAN+FRANCISCO+49ERS+MEDIA+CONFERENCE
2025,1,Football,UNIVERSITY OF FLORIDA FOOTBALL MEDIA CONFERENCE,4,5,http://www.asapsports.com/show_events.php?event_id=212580&category=1&year=2025&title=UNIVERSITY+OF+FLORIDA+FOOTBALL+MEDIA+CONFERENCE
2025,1,Football,STANFORD UNIVERSITY FOOTBALL MEDIA CONFERENCE,10,12,http://www.asapsports.com/show_events.php?event_id=212582&category=1&year=2025&title=STANFORD+UNIVERSITY+FOOTBALL+MEDIA+CONFERENCE
2025,1,Football,ATLANTA FALCONS MEDIA CONFERENCE,2,2,http://www.asapsports.com/show_events.php?event_id=212687&category=1&year=2025&title=ATLANTA+FALCONS+MEDIA+CONFERENCE
2025,1,Football,INDIANA UNIVERSITY FOOTBALL MEDIA CONFERENCE,17,2,http://www.asapsports.com/show_events.php?event_id=213500&category=1&year=2025&title=INDIANA+UNIVERSITY+FOOTBALL+MEDIA+CONFERENCE
2025,1,Football,UNIVERSITY OF TEXAS AT SAN ANTONIO FOOTBALL MEDIA CONFERENCE,7,4,http://www.asapsports.com/show_events.php?event_id=213702&category=1&year=2025&title=UNIVERSITY+OF+TEXAS+AT+SAN+ANTONIO+FOOTBALL+MEDIA+CONFERENCE
2025,1,Football,BIG TEN BASKETBALL MEDIA DAYS,1,2,http://www.asapsports.com/show_events.php?event_id=213769&category=1&year=2025&title=BIG+TEN+BASKETBALL+MEDIA+DAYS
2025,1,Football,BIG TEN FOOTBALL MEDIA CONFERENCE,1,1,http://www.asapsports.com/show_events.php?event_id=213772&category=1&year=2025&title=BIG+TEN+FOOTBALL+MEDIA+CONFERENCE
2025,1,Football,UNIVERSITY OF NOTRE DAME FOOTBALL MEDIA CONFERENCE,3,1,http://www.asapsports.com/show_events.php?event_id=214001&category=1&year=2025&title=UNIVERSITY+OF+NOTRE+DAME+FOOTBALL+MEDIA+CONFERENCE
2025,1,Football,AFLAC KICKOFF GAME: VIRGINIA TECH VS. SOUTH CAROLINA,1,8,http://www.asapsports.com/show_events.php?event_id=211091&category=1&year=2025&title=AFLAC+KICKOFF+GAME%3A+VIRGINIA+TECH+VS.+SOUTH+CAROLINA
2025,1,Football,AFLAC KICKOFF: SYRACUSE VS TENNESSEE,1,7,http://www.asapsports.com/show_events.php?event_id=211063&category=1&year=2025&title=AFLAC+KICKOFF%3A+SYRACUSE+VS+TENNESSEE
2025,1,Football,ATLANTIC COAST CONFERENCE FOOTBALL KICKOFF,3,18,http://www.asapsports.com/show_events.php?event_id=210209&category=1&year=2025&title=ATLANTIC+COAST+CONFERENCE+FOOTBALL+KICKOFF
2025,1,Football,BIG TEN FOOTBALL MEDIA DAYS,3,19,http://www.asapsports.com/show_events.php?event_id=210221&category=1&year=2025&title=BIG+TEN+FOOTBALL+MEDIA+DAYS
2025,1,Football,SOUTHEASTERN CONFERENCE FOOTBALL MEDIA DAYS,4,67,http://www.asapsports.com/show_events.php?event_id=209942&category=1&year=2025&title=SOUTHEASTERN+CONFERENCE+FOOTBALL+MEDIA+DAYS
2025,1,Football,CFP NATIONAL CHAMPIONSHIP: OHIO STATE VS NOTRE DAME,7,44,http://www.asapsports.com/show_events.php?event_id=204093&category=1&year=2025&title=CFP+NATIONAL+CHAMPIONSHIP%3A+OHIO+STATE+VS+NOTRE+DAME
2025,1,Football,CFP SEMIFINAL AT THE CAPITAL ONE ORANGE BOWL: PENN STATE VS NOTRE DAME,2,3,http://www.asapsports.com/show_events.php?event_id=203865&category=1&year=2025&title=CFP+SEMIFINAL+AT+THE+CAPITAL+ONE+ORANGE+BOWL%3A+PENN+STATE+VS+NOTRE+DAME
2025,1,Football,DIVISION I FOOTBALL CHAMPIONSHIP: MONTANA STATE VS NORTH DAKOTA STATE,2,4,http://www.asapsports.com/show_events.php?event_id=203823&category=1&year=2025&title=DIVISION+I+FOOTBALL+CHAMPIONSHIP%3A+MONTANA+STATE+VS+NORTH+DAKOTA+STATE
2025,1,Football,TAXSLAYER GATOR BOWL: DUKE VS OLE MISS,2,4,http://www.asapsports.com/show_events.php?event_id=203729&category=1&year=2025&title=TAXSLAYER+GATOR+BOWL%3A+DUKE+VS+OLE+MISS
2025,1,Football,CHICK-FIL-A PEACH BOWL: TEXAS VS ARIZONA STATE,1,2,http://www.asapsports.com/show_events.php?event_id=203714&category=1&year=2025&title=CHICK-FIL-A+PEACH+BOWL%3A+TEXAS+VS+ARIZONA+STATE
2025,1,Football,ROSE BOWL GAME PRESENTED BY PRUDENTIAL: OREGON VS OHIO STATE,1,2,http://www.asapsports.com/show_events.php?event_id=203718&category=1&year=2025&title=ROSE+BOWL+GAME+PRESENTED+BY+PRUDENTIAL%3A+OREGON+VS+OHIO+STATE
2025,2,Baseball,MLB WINTER MEETINGS,2,35,http://www.asapsports.com/show_events.php?event_id=212926&category=2&year=2025&title=MLB+WINTER+MEETINGS
2025,2,Baseball,MLB WORLD SERIES: DODGERS VS BLUE JAYS,11,141,http://www.asapsports.com/show_events.php?event_id=212557&category=2&year=2025&title=MLB+WORLD+SERIES%3A+DODGERS+VS+BLUE+JAYS
2025,2,Baseball,AL CHAMPIONSHIP SERIES: MARINERS VS BLUE JAYS,10,82,http://www.asapsports.com/show_events.php?event_id=213491&category=2&year=2025&title=AL+CHAMPIONSHIP+SERIES%3A+MARINERS+VS+BLUE+JAYS
2025,2,Baseball,NL CHAMPIONSHIP SERIES: DODGERS VS BREWERS,6,25,http://www.asapsports.com/show_events.php?event_id=213547&category=2&year=2025&title=NL+CHAMPIONSHIP+SERIES%3A+DODGERS+VS+BREWERS
2025,2,Baseball,NL DIVISION SERIES: CUBS VS BREWERS,8,44,http://www.asapsports.com/show_events.php?event_id=213703&category=2&year=2025&title=NL+DIVISION+SERIES%3A+CUBS+VS+BREWERS
2025,2,Baseball,AL DIVISION SERIES: TIGERS VS MARINERS,8,70,http://www.asapsports.com/show_events.php?event_id=213732&category=2&year=2025&title=AL+DIVISION+SERIES%3A+TIGERS+VS+MARINERS
2025,2,Baseball,NL DIVISION SERIES: DODGERS VS PHILLIES,22,89,http://www.asapsports.com/show_events.php?event_id=212974&category=2&year=2025&title=NL+DIVISION+SERIES%3A+DODGERS+VS+PHILLIES
2025,2,Baseball,AL DIVISION SERIES: YANKEES VS BLUE JAYS,6,36,http://www.asapsports.com/show_events.php?event_id=213793&category=2&year=2025&title=AL+DIVISION+SERIES%3A+YANKEES+VS+BLUE+JAYS
2025,2,Baseball,AL WILD CARD SERIES: TIGERS VS GUARDIANS,11,43,http://www.asapsports.com/show_events.php?event_id=212998&category=2&year=2025&title=AL+WILD+CARD+SERIES%3A+TIGERS+VS+GUARDIANS
2025,2,Baseball,AL WILD CARD SERIES: RED SOX VS YANKEES,4,37,http://www.asapsports.com/show_events.php?event_id=214085&category=2&year=2025&title=AL+WILD+CARD+SERIES%3A+RED+SOX+VS+YANKEES
2025,2,Baseball,NL WILD CARD SERIES: PADRES VS CUBS,4,34,http://www.asapsports.com/show_events.php?event_id=214092&category=2&year=2025&title=NL+WILD+CARD+SERIES%3A+PADRES+VS+CUBS
2025,2,Baseball,NL WILD CARD SERIES: REDS VS DODGERS,3,10,http://www.asapsports.com/show_events.php?event_id=214136&category=2&year=2025&title=NL+WILD+CARD+SERIES%3A+REDS+VS+DODGERS
2025,2,Baseball,NL WILDCARD GAME: REDS VS DODGERS,1,4,http://www.asapsports.com/show_events.php?event_id=214225&category=2&year=2025&title=NL+WILDCARD+GAME%3A+REDS+VS+DODGERS
2025,2,Baseball,95TH MLB ALL-STAR GAME,2,12,http://www.asapsports.com/show_events.php?event_id=209909&category=2&year=2025&title=95TH+MLB+ALL-STAR+GAME
2025,2,Baseball,ALL-STAR FUTURES GAME,1,2,http://www.asapsports.com/show_events.php?event_id=209602&category=2&year=2025&title=ALL-STAR+FUTURES+GAME
2025,2,Baseball,2025 MEN'S COLLEGE WORLD SERIES,10,40,http://www.asapsports.com/show_events.php?event_id=209239&category=2&year=2025&title=2025+MEN%27S+COLLEGE+WORLD+SERIES
2025,2,Baseball,COLLEGE WORLD SERIES: BATON ROUGE SUPER REGIONAL,2,3,http://www.asapsports.com/show_events.php?event_id=208739&category=2&year=2025&title=COLLEGE+WORLD+SERIES%3A+BATON+ROUGE+SUPER+REGIONAL
2025,2,Baseball,2025 WOMEN'S COLLEGE WORLD SERIES,10,40,http://www.asapsports.com/show_events.php?event_id=208173&category=2&year=2025&title=2025+WOMEN%27S+COLLEGE+WORLD+SERIES
2025,2,Baseball,COLLEGE WORLD SERIES: BATON ROUGE REGIONAL,4,12,http://www.asapsports.com/show_events.php?event_id=208054&category=2&year=2025&title=COLLEGE+WORLD+SERIES%3A+BATON+ROUGE+REGIONAL
2025,2,Baseball,SOUTHEASTERN CONFERENCE BASEBALL TOURNAMENT,6,28,http://www.asapsports.com/show_events.php?event_id=207868&category=2&year=2025&title=SOUTHEASTERN+CONFERENCE+BASEBALL+TOURNAMENT
2025,3,Auto Racing,NTT INDYCAR SERIES NEWS CONFERENCE,4,5,http://www.asapsports.com/show_events.php?event_id=212315&category=3&year=2025&title=NTT+INDYCAR+SERIES+NEWS+CONFERENCE
2025,3,Auto Racing,IMSA MEDIA CONFERENCE,5,15,http://www.asapsports.com/show_events.php?event_id=213695&category=3&year=2025&title=IMSA+MEDIA+CONFERENCE
2025,3,Auto Racing,SUPERMOTOCROSS WORLD CHAMPIONSHIP FINALS,1,3,http://www.asapsports.com/show_events.php?event_id=213334&category=3&year=2025&title=SUPERMOTOCROSS+WORLD+CHAMPIONSHIP+FINALS
2025,3,Auto Racing,SUPERMOTOCROSS WORLD CHAMPIONSHIP PLAYOFFS,2,4,http://www.asapsports.com/show_events.php?event_id=212034&category=3&year=2025&title=SUPERMOTOCROSS+WORLD+CHAMPIONSHIP+PLAYOFFS
2025,3,Auto Racing,NASCAR CUP SERIES: BASS PRO SHOPS NIGHT RACE,1,9,http://www.asapsports.com/show_events.php?event_id=212015&category=3&year=2025&title=NASCAR+CUP+SERIES%3A+BASS+PRO+SHOPS+NIGHT+RACE
2025,3,Auto Racing,NASCAR CUP SERIES: ENJOY ILLINOIS 300,1,6,http://www.asapsports.com/show_events.php?event_id=211210&category=3&year=2025&title=NASCAR+CUP+SERIES%3A+ENJOY+ILLINOIS+300
2025,3,Auto Racing,INDY NXT SERIES: MUSIC CITY GRAND PRIX,1,2,http://www.asapsports.com/show_events.php?event_id=211078&category=3&year=2025&title=INDY+NXT+SERIES%3A+MUSIC+CITY+GRAND+PRIX
2025,3,Auto Racing,NTT INDYCAR SERIES: BORCHETTA BOURBON MUSIC CITY GRAND PRIX,2,5,http://www.asapsports.com/show_events.php?event_id=211082&category=3&year=2025&title=NTT+INDYCAR+SERIES%3A+BORCHETTA+BOURBON+MUSIC+CITY+GRAND+PRIX
2025,3,Auto Racing,NASCAR CUP SERIES: COOK OUT SOUTHERN 500,1,6,http://www.asapsports.com/show_events.php?event_id=211099&category=3&year=2025&title=NASCAR+CUP+SERIES%3A+COOK+OUT+SOUTHERN+500
2025,3,Auto Racing,INDY NXT SERIES: INDY NXT BY FIRESTONE AT THE MILWAUKEE MILE,1,2,http://www.asapsports.com/show_events.php?event_id=210976&category=3&year=2025&title=INDY+NXT+SERIES%3A+INDY+NXT+BY+FIRESTONE+AT+THE+MILWAUKEE+MILE
2025,3,Auto Racing,NTT INDYCAR SERIES: SNAP-ON MILWAUKEE MILE 250,2,4,http://www.asapsports.com/show_events.php?event_id=210982&category=3&year=2025&title=NTT+INDYCAR+SERIES%3A+SNAP-ON+MILWAUKEE+MILE+250
2025,3,Auto Racing,NASCAR CUP SERIES: COKE ZERO SUGAR 400,1,8,http://www.asapsports.com/show_events.php?event_id=210966&category=3&year=2025&title=NASCAR+CUP+SERIES%3A+COKE+ZERO+SUGAR+400
2025,3,Auto Racing,NASCAR CUP SERIES: COOK OUT 400,2,11,http://www.asapsports.com/show_events.php?event_id=210785&category=3&year=2025&title=NASCAR+CUP+SERIES%3A+COOK+OUT+400
2025,3,Auto Racing,INDY NXT SERIES: GRAND PRIX OF PORTLAND,1,1,http://www.asapsports.com/show_events.php?event_id=210632&category=3&year=2025&title=INDY+NXT+SERIES%3A+GRAND+PRIX+OF+PORTLAND
2025,3,Auto Racing,NTT INDYCAR SERIES: BITNILE.COM GRAND PRIX OF PORTLAND,3,4,http://www.asapsports.com/show_events.php?event_id=210637&category=3&year=2025&title=NTT+INDYCAR+SERIES%3A+BITNILE.COM+GRAND+PRIX+OF+PORTLAND
2025,3,Auto Racing,NASCAR CUP SERIES: GO BOWLING AT THE GLEN,1,5,http://www.asapsports.com/show_events.php?event_id=210650&category=3&year=2025&title=NASCAR+CUP+SERIES%3A+GO+BOWLING+AT+THE+GLEN
2025,3,Auto Racing,NASCAR CUP SERIES: IOWA CORN 350 POWERED BY ETHANOL,1,5,http://www.asapsports.com/show_events.php?event_id=210530&category=3&year=2025&title=NASCAR+CUP+SERIES%3A+IOWA+CORN+350+POWERED+BY+ETHANOL
2025,3,Auto Racing,NTT INDYCAR SERIES: JAVA HOUSE GRAND PRIX OF MONTEREY,3,5,http://www.asapsports.com/show_events.php?event_id=210338&category=3&year=2025&title=NTT+INDYCAR+SERIES%3A+JAVA+HOUSE+GRAND+PRIX+OF+MONTEREY
2025,3,Auto Racing,INDY NXT SERIES: GRAND PRIX OF MONTEREY RACE 2,1,1,http://www.asapsports.com/show_events.php?event_id=210342&category=3&year=2025&title=INDY+NXT+SERIES%3A+GRAND+PRIX+OF+MONTEREY+RACE+2
2025,3,Auto Racing,NASCAR CUP SERIES: CHAMPIONSHIP ROUND - BRICKYARD 400 PRESENTED BY PPG,1,6,http://www.asapsports.com/show_events.php?event_id=210344&category=3&year=2025&title=NASCAR+CUP+SERIES%3A+CHAMPIONSHIP+ROUND+-+BRICKYARD+400+PRESENTED+BY+PPG
2025,3,Auto Racing,INDY NXT SERIES: GRAND PRIX OF MONTEREY RACE 1,1,1,http://www.asapsports.com/show_events.php?event_id=210306&category=3&year=2025&title=INDY+NXT+SERIES%3A+GRAND+PRIX+OF+MONTEREY+RACE+1
2025,3,Auto Racing,NASCAR CUP SERIES: CHALLENGE ROUND 4 - AUTOTRADER ECHOPARK AUTOMOTIVE 400,1,4,http://www.asapsports.com/show_events.php?event_id=210133&category=3&year=2025&title=NASCAR+CUP+SERIES%3A+CHALLENGE+ROUND+4+-+AUTOTRADER+ECHOPARK+AUTOMOTIVE+400
2025,3,Auto Racing,NTT INDYCAR SERIES: ONTARIO HONDA DEALERS INDY TORONTO,3,4,http://www.asapsports.com/show_events.php?event_id=210124&category=3&year=2025&title=NTT+INDYCAR+SERIES%3A+ONTARIO+HONDA+DEALERS+INDY+TORONTO
2025,3,Auto Racing,NTT INDYCAR SERIES: FARM TO FINISH 275 POWERED BY SUKUP,1,2,http://www.asapsports.com/show_events.php?event_id=209659&category=3&year=2025&title=NTT+INDYCAR+SERIES%3A+FARM+TO+FINISH+275+POWERED+BY+SUKUP
2025,3,Auto Racing,NASCAR CUP SERIES: CHALLENGE ROUND 3 - TOYOTA / SAVE MART 350,1,4,http://www.asapsports.com/show_events.php?event_id=209861&category=3&year=2025&title=NASCAR+CUP+SERIES%3A+CHALLENGE+ROUND+3+-+TOYOTA+%2F+SAVE+MART+350
2025,3,Auto Racing,INDY NXT SERIES: INDY NXT BY FIRESTONE AT IOWA SPEEDWAY,1,1,http://www.asapsports.com/show_events.php?event_id=209611&category=3&year=2025&title=INDY+NXT+SERIES%3A+INDY+NXT+BY+FIRESTONE+AT+IOWA+SPEEDWAY
2025,3,Auto Racing,NTT INDYCAR SERIES: SYNK 275 POWERED BY SUKUP,1,4,http://www.asapsports.com/show_events.php?event_id=209612&category=3&year=2025&title=NTT+INDYCAR+SERIES%3A+SYNK+275+POWERED+BY+SUKUP
2025,3,Auto Racing,INDY NXT SERIES: GRAND PRIX OF MID-OHIO,1,1,http://www.asapsports.com/show_events.php?event_id=209449&category=3&year=2025&title=INDY+NXT+SERIES%3A+GRAND+PRIX+OF+MID-OHIO
2025,3,Auto Racing,NTT INDYCAR SERIES: HONDA INDY 200 AT MID-OHIO,2,3,http://www.asapsports.com/show_events.php?event_id=209452&category=3&year=2025&title=NTT+INDYCAR+SERIES%3A+HONDA+INDY+200+AT+MID-OHIO
2025,3,Auto Racing,NASCAR CUP SERIES: CHALLENGE ROUND 2 - GRANT PARK 165,1,5,http://www.asapsports.com/show_events.php?event_id=209463&category=3&year=2025&title=NASCAR+CUP+SERIES%3A+CHALLENGE+ROUND+2+-+GRANT+PARK+165
2025,3,Auto Racing,NASCAR CUP SERIES: CHALLENGE ROUND 1 - QUAKER STATE 400 AVAILABLE AT WALMART,1,1,http://www.asapsports.com/show_events.php?event_id=209387&category=3&year=2025&title=NASCAR+CUP+SERIES%3A+CHALLENGE+ROUND+1+-+QUAKER+STATE+400+AVAILABLE+AT+WALMART
2025,3,Auto Racing,INDY NXT SERIES: GRAND PRIX OF ROAD AMERICA,1,1,http://www.asapsports.com/show_events.php?event_id=209216&category=3&year=2025&title=INDY+NXT+SERIES%3A+GRAND+PRIX+OF+ROAD+AMERICA
2025,3,Auto Racing,NTT INDYCAR SERIES: XPEL GRAND PRIX AT ROAD AMERICA,3,4,http://www.asapsports.com/show_events.php?event_id=209217&category=3&year=2025&title=NTT+INDYCAR+SERIES%3A+XPEL+GRAND+PRIX+AT+ROAD+AMERICA
2025,3,Auto Racing,IMSA WEATHERTECH SPORTSCAR CHAMPIONSHIP: SAHLEN'S SIX HOURS OF THE GLEN,2,6,http://www.asapsports.com/show_events.php?event_id=209237&category=3&year=2025&title=IMSA+WEATHERTECH+SPORTSCAR+CHAMPIONSHIP%3A+SAHLEN%27S+SIX+HOURS+OF+THE+GLEN
2025,3,Auto Racing,NASCAR CUP SERIES: THE GREAT AMERICAN GETAWAY 400 PRESENTED BY VISITPA.COM,1,4,http://www.asapsports.com/show_events.php?event_id=209248&category=3&year=2025&title=NASCAR+CUP+SERIES%3A+THE+GREAT+AMERICAN+GETAWAY+400+PRESENTED+BY+VISITPA.COM
2025,3,Auto Racing,INDY NXT SERIES: AT WORLD WIDE TECHNOLOGY RACEWAY,1,1,http://www.asapsports.com/show_events.php?event_id=208978&category=3&year=2025&title=INDY+NXT+SERIES%3A+AT+WORLD+WIDE+TECHNOLOGY+RACEWAY
2025,3,Auto Racing,NASCAR CUP SERIES: VIVA MEXICO 250,1,7,http://www.asapsports.com/show_events.php?event_id=208997&category=3&year=2025&title=NASCAR+CUP+SERIES%3A+VIVA+MEXICO+250
2025,3,Auto Racing,NTT INDYCAR SERIES: BOMMARITO AUTOMOTIVE GROUP 500,2,4,http://www.asapsports.com/show_events.php?event_id=209000&category=3&year=2025&title=NTT+INDYCAR+SERIES%3A+BOMMARITO+AUTOMOTIVE+GROUP+500
2025,3,Auto Racing,NASCAR CUP SERIES: FIREKEEPERS CASINO 400,1,4,http://www.asapsports.com/show_events.php?event_id=208380&category=3&year=2025&title=NASCAR+CUP+SERIES%3A+FIREKEEPERS+CASINO+400
2025,3,Auto Racing,INDY NXT SERIES: DETROIT GRAND PRIX,1,1,http://www.asapsports.com/show_events.php?event_id=208013&category=3&year=2025&title=INDY+NXT+SERIES%3A+DETROIT+GRAND+PRIX
2025,3,Auto Racing,NTT INDYCAR SERIES: CHEVROLET DETROIT GRAND PRIX,3,7,http://www.asapsports.com/show_events.php?event_id=208014&category=3&year=2025&title=NTT+INDYCAR+SERIES%3A+CHEVROLET+DETROIT+GRAND+PRIX
2025,3,Auto Racing,NASCAR CUP SERIES: CRACKER BARREL 400,1,5,http://www.asapsports.com/show_events.php?event_id=208041&category=3&year=2025&title=NASCAR+CUP+SERIES%3A+CRACKER+BARREL+400
2025,3,Auto Racing,NTT INDYCAR SERIES: 109TH RUNNING OF THE INDIANAPOLIS 500,12,37,http://www.asapsports.com/show_events.php?event_id=207865&category=3&year=2025&title=NTT+INDYCAR+SERIES%3A+109TH+RUNNING+OF+THE+INDIANAPOLIS+500
2025,3,Auto Racing,NASCAR CUP SERIES: COCA-COLA 600,1,4,http://www.asapsports.com/show_events.php?event_id=207887&category=3&year=2025&title=NASCAR+CUP+SERIES%3A+COCA-COLA+600
2025,3,Auto Racing,NASCAR CUP SERIES: NASCAR ALL-STAR OPEN,1,3,http://www.asapsports.com/show_events.php?event_id=207686&category=3&year=2025&title=NASCAR+CUP+SERIES%3A+NASCAR+ALL-STAR+OPEN
2025,3,Auto Racing,NASCAR CUP SERIES: NASCAR ALL-STAR RACE,1,5,http://www.asapsports.com/show_events.php?event_id=207689&category=3&year=2025&title=NASCAR+CUP+SERIES%3A+NASCAR+ALL-STAR+RACE
2025,3,Auto Racing,NASCAR CUP SERIES: ADVENTHEALTH 400,1,5,http://www.asapsports.com/show_events.php?event_id=207516&category=3&year=2025&title=NASCAR+CUP+SERIES%3A+ADVENTHEALTH+400
2025,3,Auto Racing,INDY NXT SERIES: INDIANAPOLIS GRAND PRIX RACE 2,1,1,http://www.asapsports.com/show_events.php?event_id=207467&category=3&year=2025&title=INDY+NXT+SERIES%3A+INDIANAPOLIS+GRAND+PRIX+RACE+2
2025,3,Auto Racing,NTT INDYCAR SERIES: SONSIO GRAND PRIX,2,4,http://www.asapsports.com/show_events.php?event_id=207477&category=3&year=2025&title=NTT+INDYCAR+SERIES%3A+SONSIO+GRAND+PRIX
2025,3,Auto Racing,INDY NXT SERIES: INDIANAPOLIS GRAND PRIX RACE 1,1,1,http://www.asapsports.com/show_events.php?event_id=207461&category=3&year=2025&title=INDY+NXT+SERIES%3A+INDIANAPOLIS+GRAND+PRIX+RACE+1
2025,3,Auto Racing,INDY NXT SERIES: GRAND PRIX OF ALABAMA,1,1,http://www.asapsports.com/show_events.php?event_id=207320&category=3&year=2025&title=INDY+NXT+SERIES%3A+GRAND+PRIX+OF+ALABAMA
2025,3,Auto Racing,NTT INDYCAR SERIES: CHILDREN'S OF ALABAMA INDY GRAND PRIX,3,5,http://www.asapsports.com/show_events.php?event_id=207323&category=3&year=2025&title=NTT+INDYCAR+SERIES%3A+CHILDREN%27S+OF+ALABAMA+INDY+GRAND+PRIX
2025,3,Auto Racing,NASCAR CUP SERIES: WURTH 400 PRESENTED BY LIQUI MOLY,1,5,http://www.asapsports.com/show_events.php?event_id=207331&category=3&year=2025&title=NASCAR+CUP+SERIES%3A+WURTH+400+PRESENTED+BY+LIQUI+MOLY
2025,3,Auto Racing,NASCAR CUP SERIES: JACK LINK'S 500,1,6,http://www.asapsports.com/show_events.php?event_id=207236&category=3&year=2025&title=NASCAR+CUP+SERIES%3A+JACK+LINK%27S+500
2025,3,Auto Racing,NTT INDYCAR SERIES: ACURA GRAND PRIX OF LONG BEACH,3,5,http://www.asapsports.com/show_events.php?event_id=206929&category=3&year=2025&title=NTT+INDYCAR+SERIES%3A+ACURA+GRAND+PRIX+OF+LONG+BEACH
2025,3,Auto Racing,NASCAR CUP SERIES: FOOD CITY 500,1,4,http://www.asapsports.com/show_events.php?event_id=206935&category=3&year=2025&title=NASCAR+CUP+SERIES%3A+FOOD+CITY+500
2025,3,Auto Racing,NASCAR CUP SERIES: GOODYEAR 400,1,6,http://www.asapsports.com/show_events.php?event_id=206701&category=3&year=2025&title=NASCAR+CUP+SERIES%3A+GOODYEAR+400
2025,3,Auto Racing,NTT INDYCAR SERIES: THE THERMAL CLUM INDYCAR GRAND PRIX,3,3,http://www.asapsports.com/show_events.php?event_id=206201&category=3&year=2025&title=NTT+INDYCAR+SERIES%3A+THE+THERMAL+CLUM+INDYCAR+GRAND+PRIX
2025,3,Auto Racing,NASCAR CUP SERIES: STRAIGHT TALK WIRELESS 400,1,4,http://www.asapsports.com/show_events.php?event_id=206226&category=3&year=2025&title=NASCAR+CUP+SERIES%3A+STRAIGHT+TALK+WIRELESS+400
2025,3,Auto Racing,NASCAR CUP SERIES: PENNZOIL 400 PRESENTED BY JIFFY LUBE,1,3,http://www.asapsports.com/show_events.php?event_id=205597&category=3&year=2025&title=NASCAR+CUP+SERIES%3A+PENNZOIL+400+PRESENTED+BY+JIFFY+LUBE
2025,3,Auto Racing,IMSA: MOBIL 1 TWELVE HOURS OF SEBRING,2,7,http://www.asapsports.com/show_events.php?event_id=205563&category=3&year=2025&title=IMSA%3A+MOBIL+1+TWELVE+HOURS+OF+SEBRING
2025,3,Auto Racing,NASCAR CUP SERIES: SHRINERS CHILDREN'S 500,1,6,http://www.asapsports.com/show_events.php?event_id=205253&category=3&year=2025&title=NASCAR+CUP+SERIES%3A+SHRINERS+CHILDREN%27S+500
2025,3,Auto Racing,INDY NXT SERIES: GRAND PRIX OF ST. PETERSBURG,1,1,http://www.asapsports.com/show_events.php?event_id=204906&category=3&year=2025&title=INDY+NXT+SERIES%3A+GRAND+PRIX+OF+ST.+PETERSBURG
2025,3,Auto Racing,NTT INDYCAR SERIES: STREETS OF ST. PETERSBURG,3,5,http://www.asapsports.com/show_events.php?event_id=204907&category=3&year=2025&title=NTT+INDYCAR+SERIES%3A+STREETS+OF+ST.+PETERSBURG
2025,3,Auto Racing,NASCAR CUP SERIES: ECHOPARK AUTOMOTIVE GRAND PRIX,1,3,http://www.asapsports.com/show_events.php?event_id=204915&category=3&year=2025&title=NASCAR+CUP+SERIES%3A+ECHOPARK+AUTOMOTIVE+GRAND+PRIX
2025,3,Auto Racing,NASCAR CUP SERIES: AMBETTER HEALTH 400,1,4,http://www.asapsports.com/show_events.php?event_id=204800&category=3&year=2025&title=NASCAR+CUP+SERIES%3A+AMBETTER+HEALTH+400
2025,3,Auto Racing,NASCAR CUP SERIES: DAYTONA 500,1,4,http://www.asapsports.com/show_events.php?event_id=204692&category=3&year=2025&title=NASCAR+CUP+SERIES%3A+DAYTONA+500
2025,3,Auto Racing,NASCAR XFINITY SERIES: UNITED RENTALS 300,1,3,http://www.asapsports.com/show_events.php?event_id=204661&category=3&year=2025&title=NASCAR+XFINITY+SERIES%3A+UNITED+RENTALS+300
2025,3,Auto Racing,NASCAR CRAFTSMAN TRUCK SERIES: FRESH FROM FLORIDA 250,1,3,http://www.asapsports.com/show_events.php?event_id=204632&category=3&year=2025&title=NASCAR+CRAFTSMAN+TRUCK+SERIES%3A+FRESH+FROM+FLORIDA+250
2025,3,Auto Racing,NASCAR CUP SERIES: DUEL 1 AT DAYTONA,1,5,http://www.asapsports.com/show_events.php?event_id=204599&category=3&year=2025&title=NASCAR+CUP+SERIES%3A+DUEL+1+AT+DAYTONA
2025,3,Auto Racing,NASCAR CUP SERIES: DUEL 2 AT DAYTONA,1,5,http://www.asapsports.com/show_events.php?event_id=204604&category=3&year=2025&title=NASCAR+CUP+SERIES%3A+DUEL+2+AT+DAYTONA
2025,3,Auto Racing,NASCAR: POST-NCS QUALIFYING,1,4,http://www.asapsports.com/show_events.php?event_id=204587&category=3&year=2025&title=NASCAR%3A+POST-NCS+QUALIFYING
2025,3,Auto Racing,NASCAR CUP SERIES: COOK OUT CLASH AT BOWMAN GRAY,1,6,http://www.asapsports.com/show_events.php?event_id=204436&category=3&year=2025&title=NASCAR+CUP+SERIES%3A+COOK+OUT+CLASH+AT+BOWMAN+GRAY
2025,3,Auto Racing,ROLEX 24 AT DAYTONA,2,7,http://www.asapsports.com/show_events.php?event_id=204369&category=3&year=2025&title=ROLEX+24+AT+DAYTONA
2025,3,Auto Racing,NTT INDYCAR SERIES: CONTENT DAY,2,29,http://www.asapsports.com/show_events.php?event_id=203965&category=3&year=2025&title=NTT+INDYCAR+SERIES%3A+CONTENT+DAY
2025,4,Golf,TGL PRESENTED BY SOFI: NEW YORK GOLF CLUB VS. ATLANTA DRIVE GC,1,2,http://www.asapsports.com/show_events.php?event_id=214473&category=4&year=2025&title=TGL+PRESENTED+BY+SOFI%3A+NEW+YORK+GOLF+CLUB+VS.+ATLANTA+DRIVE+GC
2025,4,Golf,PNC CHAMPIONSHIP,4,17,http://www.asapsports.com/show_events.php?event_id=214349&category=4&year=2025&title=PNC+CHAMPIONSHIP
2025,4,Golf,TGL PRESENTED BY SOFI,1,1,http://www.asapsports.com/show_events.php?event_id=214475&category=4&year=2025&title=TGL+PRESENTED+BY+SOFI
2025,4,Golf,SKECHERS WORLD CHAMPIONS CUP SUPPORTING SHRINERS CHILDREN’S,4,23,http://www.asapsports.com/show_events.php?event_id=212827&category=4&year=2025&title=SKECHERS+WORLD+CHAMPIONS+CUP+SUPPORTING+SHRINERS+CHILDREN%E2%80%99S
2025,4,Golf,CME GROUP TOUR CHAMPIONSHIP,7,69,http://www.asapsports.com/show_events.php?event_id=212213&category=4&year=2025&title=CME+GROUP+TOUR+CHAMPIONSHIP
2025,4,Golf,PIF SAUDI INTERNATIONAL POWERED BY SOFTBANK INVESTMENT ADVISERS,3,35,http://www.asapsports.com/show_events.php?event_id=212118&category=4&year=2025&title=PIF+SAUDI+INTERNATIONAL+POWERED+BY+SOFTBANK+INVESTMENT+ADVISERS
2025,4,Golf,THE ANNIKA DRIVEN BY GAINBRIDGE AT PELICAN,7,56,http://www.asapsports.com/show_events.php?event_id=212134&category=4&year=2025&title=THE+ANNIKA+DRIVEN+BY+GAINBRIDGE+AT+PELICAN
2025,4,Golf,DP WORLD TOUR CHAMPIONSHIP,1,6,http://www.asapsports.com/show_events.php?event_id=212419&category=4&year=2025&title=DP+WORLD+TOUR+CHAMPIONSHIP
2025,4,Golf,TOTO JAPAN CLASSIC,5,22,http://www.asapsports.com/show_events.php?event_id=212449&category=4&year=2025&title=TOTO+JAPAN+CLASSIC
2025,4,Golf,ABU DHABI HSBC GOLF CHAMPIONSHIP,6,37,http://www.asapsports.com/show_events.php?event_id=212451&category=4&year=2025&title=ABU+DHABI+HSBC+GOLF+CHAMPIONSHIP
2025,4,Golf,MAYBANK CHAMPIONSHIP,6,59,http://www.asapsports.com/show_events.php?event_id=212547&category=4&year=2025&title=MAYBANK+CHAMPIONSHIP
2025,4,Golf,BANK OF UTAH CHAMPIONSHIP,6,30,http://www.asapsports.com/show_events.php?event_id=212669&category=4&year=2025&title=BANK+OF+UTAH+CHAMPIONSHIP
2025,4,Golf,HANWHA LIFEPLUS INTERNATIONAL CROWN,5,37,http://www.asapsports.com/show_events.php?event_id=212689&category=4&year=2025&title=HANWHA+LIFEPLUS+INTERNATIONAL+CROWN
2025,4,Golf,DP WORLD INDIA CHAMPIONSHIP,6,35,http://www.asapsports.com/show_events.php?event_id=213511&category=4&year=2025&title=DP+WORLD+INDIA+CHAMPIONSHIP
2025,4,Golf,BMW LADIES CHAMPIONSHIP,5,39,http://www.asapsports.com/show_events.php?event_id=213515&category=4&year=2025&title=BMW+LADIES+CHAMPIONSHIP
2025,4,Golf,BUICK LPGA SHANGHAI,5,30,http://www.asapsports.com/show_events.php?event_id=213689&category=4&year=2025&title=BUICK+LPGA+SHANGHAI
2025,4,Golf,U.S. WOMEN&#039;S MID-AMATEUR CHAMPIONSHIP,1,5,http://www.asapsports.com/show_events.php?event_id=213801&category=4&year=2025&title=U.S.+WOMEN%26%23039%3BS+MID-AMATEUR+CHAMPIONSHIP
2025,4,Golf,OPEN DE ESPAñA PRESENTED BY MADRID,2,10,http://www.asapsports.com/show_events.php?event_id=213825&category=4&year=2025&title=OPEN+DE+ESPA%C3%B1A+PRESENTED+BY+MADRID
2025,4,Golf,SANDERSON FARMS CHAMPIONSHIP,5,26,http://www.asapsports.com/show_events.php?event_id=213943&category=4&year=2025&title=SANDERSON+FARMS+CHAMPIONSHIP
2025,4,Golf,ALFRED DUNHILL LINKS CHAMPIONSHIP,5,26,http://www.asapsports.com/show_events.php?event_id=213967&category=4&year=2025&title=ALFRED+DUNHILL+LINKS+CHAMPIONSHIP
2025,4,Golf,LOTTE CHAMPIONSHIP PRESENTED BY HOAKALEI,5,48,http://www.asapsports.com/show_events.php?event_id=213983&category=4&year=2025&title=LOTTE+CHAMPIONSHIP+PRESENTED+BY+HOAKALEI
2025,4,Golf,THE RYDER CUP,8,119,http://www.asapsports.com/show_events.php?event_id=213167&category=4&year=2025&title=THE+RYDER+CUP
2025,4,Golf,OPEN DE FRANCE,6,21,http://www.asapsports.com/show_events.php?event_id=213349&category=4&year=2025&title=OPEN+DE+FRANCE
2025,4,Golf,NW ARKANSAS CHAMPIONSHIP,3,20,http://www.asapsports.com/show_events.php?event_id=213360&category=4&year=2025&title=NW+ARKANSAS+CHAMPIONSHIP
2025,4,Golf,U.S. MID-AMATEUR CHAMPIONSHIP,2,7,http://www.asapsports.com/show_events.php?event_id=213384&category=4&year=2025&title=U.S.+MID-AMATEUR+CHAMPIONSHIP
2025,4,Golf,U.S. SENIOR WOMEN&#039;S AMATEUR CHAMPIONSHIP,2,8,http://www.asapsports.com/show_events.php?event_id=213393&category=4&year=2025&title=U.S.+SENIOR+WOMEN%26%23039%3BS+AMATEUR+CHAMPIONSHIP
2025,4,Golf,RYDER CUP,1,2,http://www.asapsports.com/show_events.php?event_id=213421&category=4&year=2025&title=RYDER+CUP
2025,4,Golf,KROGER QUEEN CITY CHAMPIONSHIP PRESENTED BY P&G,6,55,http://www.asapsports.com/show_events.php?event_id=212032&category=4&year=2025&title=KROGER+QUEEN+CITY+CHAMPIONSHIP+PRESENTED+BY+P%26G
2025,4,Golf,BMW PGA CHAMPIONSHIP,8,33,http://www.asapsports.com/show_events.php?event_id=212019&category=4&year=2025&title=BMW+PGA+CHAMPIONSHIP
2025,4,Golf,KROGER QUEEN CITY CHAMPIONSHIP PRESENTED BY P&AMP;G,1,8,http://www.asapsports.com/show_events.php?event_id=213132&category=4&year=2025&title=KROGER+QUEEN+CITY+CHAMPIONSHIP+PRESENTED+BY+P%26AMP%3BG
2025,4,Golf,AMGEN IRISH OPEN,5,29,http://www.asapsports.com/show_events.php?event_id=211186&category=4&year=2025&title=AMGEN+IRISH+OPEN
2025,4,Golf,WALKER CUP,4,19,http://www.asapsports.com/show_events.php?event_id=211190&category=4&year=2025&title=WALKER+CUP
2025,4,Golf,FM CHAMPIONSHIP,6,40,http://www.asapsports.com/show_events.php?event_id=211080&category=4&year=2025&title=FM+CHAMPIONSHIP
2025,4,Golf,U.S. SENIOR AMATEUR CHAMPIONSHIP,2,5,http://www.asapsports.com/show_events.php?event_id=211035&category=4&year=2025&title=U.S.+SENIOR+AMATEUR+CHAMPIONSHIP
2025,4,Golf,BETFRED BRITISH MASTERS HOSTED BY SIR NICK FALDO,6,37,http://www.asapsports.com/show_events.php?event_id=210977&category=4&year=2025&title=BETFRED+BRITISH+MASTERS+HOSTED+BY+SIR+NICK+FALDO
2025,4,Golf,U.S. SENIOR WOMEN'S OPEN CHAMPIONSHIP,6,36,http://www.asapsports.com/show_events.php?event_id=210984&category=4&year=2025&title=U.S.+SENIOR+WOMEN%27S+OPEN+CHAMPIONSHIP
2025,4,Golf,TOUR CHAMPIONSHIP,6,39,http://www.asapsports.com/show_events.php?event_id=210990&category=4&year=2025&title=TOUR+CHAMPIONSHIP
2025,4,Golf,CPKC WOMEN'S OPEN,6,43,http://www.asapsports.com/show_events.php?event_id=210997&category=4&year=2025&title=CPKC+WOMEN%27S+OPEN
2025,4,Golf,LIV GOLF TEAM CHAMPIONSHIP MICHIGAN,4,17,http://www.asapsports.com/show_events.php?event_id=211007&category=4&year=2025&title=LIV+GOLF+TEAM+CHAMPIONSHIP+MICHIGAN
2025,4,Golf,LIV GOLF INDIANAPOLIS,4,21,http://www.asapsports.com/show_events.php?event_id=210790&category=4&year=2025&title=LIV+GOLF+INDIANAPOLIS
2025,4,Golf,PORTLAND CLASSIC,6,58,http://www.asapsports.com/show_events.php?event_id=210791&category=4&year=2025&title=PORTLAND+CLASSIC
2025,4,Golf,U.S. AMATEUR CHAMPIONSHIP,5,28,http://www.asapsports.com/show_events.php?event_id=210792&category=4&year=2025&title=U.S.+AMATEUR+CHAMPIONSHIP
2025,4,Golf,BMW CHAMPIONSHIP,6,48,http://www.asapsports.com/show_events.php?event_id=210798&category=4&year=2025&title=BMW+CHAMPIONSHIP
2025,4,Golf,LIV GOLF CHICAGO,4,19,http://www.asapsports.com/show_events.php?event_id=210633&category=4&year=2025&title=LIV+GOLF+CHICAGO
2025,4,Golf,FEDEX ST. JUDE CHAMPIONSHIP,5,35,http://www.asapsports.com/show_events.php?event_id=210636&category=4&year=2025&title=FEDEX+ST.+JUDE+CHAMPIONSHIP
2025,4,Golf,U.S. WOMEN'S AMATEUR CHAMPIONSHIP,5,27,http://www.asapsports.com/show_events.php?event_id=210654&category=4&year=2025&title=U.S.+WOMEN%27S+AMATEUR+CHAMPIONSHIP
2025,4,Golf,AIG WOMEN'S OPEN,6,93,http://www.asapsports.com/show_events.php?event_id=210509&category=4&year=2025&title=AIG+WOMEN%27S+OPEN
2025,4,Golf,ISPS HANDA WOMEN'S SCOTTISH OPEN,6,40,http://www.asapsports.com/show_events.php?event_id=210325&category=4&year=2025&title=ISPS+HANDA+WOMEN%27S+SCOTTISH+OPEN
2025,4,Golf,LIV GOLF UNITED KINGDOM,4,19,http://www.asapsports.com/show_events.php?event_id=210330&category=4&year=2025&title=LIV+GOLF+UNITED+KINGDOM
2025,4,Golf,ISPS HANDA SENIOR OPEN,6,31,http://www.asapsports.com/show_events.php?event_id=210352&category=4&year=2025&title=ISPS+HANDA+SENIOR+OPEN
2025,4,Golf,U.S JUNIOR AMATEUR CHAMPIONSHIP,3,15,http://www.asapsports.com/show_events.php?event_id=210307&category=4&year=2025&title=U.S+JUNIOR+AMATEUR+CHAMPIONSHIP
2025,4,Golf,BARRACUDA CHAMPIONSHIP,5,17,http://www.asapsports.com/show_events.php?event_id=210129&category=4&year=2025&title=BARRACUDA+CHAMPIONSHIP
2025,4,Golf,THE 153RD OPEN,7,147,http://www.asapsports.com/show_events.php?event_id=210100&category=4&year=2025&title=THE+153RD+OPEN
2025,4,Golf,U.S. GIRLS' JUNIOR CHAMPIONSHIP,3,10,http://www.asapsports.com/show_events.php?event_id=210092&category=4&year=2025&title=U.S.+GIRLS%27+JUNIOR+CHAMPIONSHIP
2025,4,Golf,THE AMUNDI EVIAN CHAMPIONSHIP,5,59,http://www.asapsports.com/show_events.php?event_id=209631&category=4&year=2025&title=THE+AMUNDI+EVIAN+CHAMPIONSHIP
2025,4,Golf,GENESIS SCOTTISH OPEN,6,56,http://www.asapsports.com/show_events.php?event_id=209643&category=4&year=2025&title=GENESIS+SCOTTISH+OPEN
2025,4,Golf,LIV GOLF ANDALUCíA,5,17,http://www.asapsports.com/show_events.php?event_id=209647&category=4&year=2025&title=LIV+GOLF+ANDALUC%C3%ADA
2025,4,Golf,AMERICAN CENTURY CHAMPIONSHIP,5,23,http://www.asapsports.com/show_events.php?event_id=209858&category=4&year=2025&title=AMERICAN+CENTURY+CHAMPIONSHIP
2025,4,Golf,U.S. ADAPTIVE OPEN,4,31,http://www.asapsports.com/show_events.php?event_id=209500&category=4&year=2025&title=U.S.+ADAPTIVE+OPEN
2025,4,Golf,JOHN DEERE CLASSIC,6,34,http://www.asapsports.com/show_events.php?event_id=209451&category=4&year=2025&title=JOHN+DEERE+CLASSIC
2025,4,Golf,DOW CHAMPIONSHIP,6,40,http://www.asapsports.com/show_events.php?event_id=209388&category=4&year=2025&title=DOW+CHAMPIONSHIP
2025,4,Golf,U.S. SENIOR OPEN CHAMPIONSHIP,6,60,http://www.asapsports.com/show_events.php?event_id=209391&category=4&year=2025&title=U.S.+SENIOR+OPEN+CHAMPIONSHIP
2025,4,Golf,LIV GOLF DALLAS,5,21,http://www.asapsports.com/show_events.php?event_id=209407&category=4&year=2025&title=LIV+GOLF+DALLAS
2025,4,Golf,KPMG WOMEN'S PGA CHAMPIONSHIP,6,71,http://www.asapsports.com/show_events.php?event_id=209218&category=4&year=2025&title=KPMG+WOMEN%27S+PGA+CHAMPIONSHIP
2025,4,Golf,TRAVELERS CHAMPIONSHIP,6,39,http://www.asapsports.com/show_events.php?event_id=209227&category=4&year=2025&title=TRAVELERS+CHAMPIONSHIP
2025,4,Golf,THE AMATEUR CHAMPIONSHIP,5,26,http://www.asapsports.com/show_events.php?event_id=209170&category=4&year=2025&title=THE+AMATEUR+CHAMPIONSHIP
2025,4,Golf,WOMEN’S AMATEUR CHAMPIONSHIP,5,24,http://www.asapsports.com/show_events.php?event_id=208952&category=4&year=2025&title=WOMEN%E2%80%99S+AMATEUR+CHAMPIONSHIP
2025,4,Golf,MEIJER LPGA CLASSIC,6,52,http://www.asapsports.com/show_events.php?event_id=208956&category=4&year=2025&title=MEIJER+LPGA+CLASSIC
2025,4,Golf,U.S. OPEN CHAMPIONSHIP 2025,7,74,http://www.asapsports.com/show_events.php?event_id=208984&category=4&year=2025&title=U.S.+OPEN+CHAMPIONSHIP+2025
2025,4,Golf,LIV GOLF VIRGINIA,4,25,http://www.asapsports.com/show_events.php?event_id=208318&category=4&year=2025&title=LIV+GOLF+VIRGINIA
2025,4,Golf,SHOPRITE LPGA CLASSIC PRESENTED BY ACER,5,41,http://www.asapsports.com/show_events.php?event_id=208320&category=4&year=2025&title=SHOPRITE+LPGA+CLASSIC+PRESENTED+BY+ACER
2025,4,Golf,RBC CANADIAN OPEN,6,57,http://www.asapsports.com/show_events.php?event_id=208351&category=4&year=2025&title=RBC+CANADIAN+OPEN
2025,4,Golf,THE MEMORIAL TOURNAMENT PRESENTED BY WORKDAY,6,33,http://www.asapsports.com/show_events.php?event_id=208018&category=4&year=2025&title=THE+MEMORIAL+TOURNAMENT+PRESENTED+BY+WORKDAY
2025,4,Golf,U.S. WOMEN'S OPEN,7,62,http://www.asapsports.com/show_events.php?event_id=208029&category=4&year=2025&title=U.S.+WOMEN%27S+OPEN
2025,4,Golf,RIVIERA MAYA OPEN,6,41,http://www.asapsports.com/show_events.php?event_id=207860&category=4&year=2025&title=RIVIERA+MAYA+OPEN
2025,4,Golf,SENIOR PGA CHAMPIONSHIP,5,44,http://www.asapsports.com/show_events.php?event_id=207872&category=4&year=2025&title=SENIOR+PGA+CHAMPIONSHIP
2025,4,Golf,CHARLES SCHWAB CHALLENGE,6,26,http://www.asapsports.com/show_events.php?event_id=207879&category=4&year=2025&title=CHARLES+SCHWAB+CHALLENGE
2025,4,Golf,U.S. AMATEUR FOUR-BALL,2,10,http://www.asapsports.com/show_events.php?event_id=207729&category=4&year=2025&title=U.S.+AMATEUR+FOUR-BALL
2025,4,Golf,PGA CHAMPIONSHIP,6,67,http://www.asapsports.com/show_events.php?event_id=207667&category=4&year=2025&title=PGA+CHAMPIONSHIP
2025,4,Golf,THE G4D OPEN,3,20,http://www.asapsports.com/show_events.php?event_id=207642&category=4&year=2025&title=THE+G4D+OPEN
2025,4,Golf,U.S. WOMEN'S AMATEUR FOUR-BALL,2,8,http://www.asapsports.com/show_events.php?event_id=207559&category=4&year=2025&title=U.S.+WOMEN%27S+AMATEUR+FOUR-BALL
2025,4,Golf,MIZUHO AMERICAS OPEN,6,48,http://www.asapsports.com/show_events.php?event_id=207502&category=4&year=2025&title=MIZUHO+AMERICAS+OPEN
2025,4,Golf,MYRTLE BEACH CLASSIC,6,21,http://www.asapsports.com/show_events.php?event_id=207506&category=4&year=2025&title=MYRTLE+BEACH+CLASSIC
2025,4,Golf,TRUIST CHAMPIONSHIP,5,25,http://www.asapsports.com/show_events.php?event_id=207507&category=4&year=2025&title=TRUIST+CHAMPIONSHIP
2025,4,Golf,LIV GOLF KOREA,4,14,http://www.asapsports.com/show_events.php?event_id=207318&category=4&year=2025&title=LIV+GOLF+KOREA
2025,4,Golf,THE CJ CUP BYRON NELSON,6,23,http://www.asapsports.com/show_events.php?event_id=207326&category=4&year=2025&title=THE+CJ+CUP+BYRON+NELSON
2025,4,Golf,BLACK DESERT CHAMPIONSHIP,6,49,http://www.asapsports.com/show_events.php?event_id=207339&category=4&year=2025&title=BLACK+DESERT+CHAMPIONSHIP
2025,4,Golf,THE CHEVRON CHAMPIONSHIP,6,58,http://www.asapsports.com/show_events.php?event_id=207214&category=4&year=2025&title=THE+CHEVRON+CHAMPIONSHIP
2025,4,Golf,ZURICH CLASSIC OF NEW ORLEANS,5,26,http://www.asapsports.com/show_events.php?event_id=207220&category=4&year=2025&title=ZURICH+CLASSIC+OF+NEW+ORLEANS
2025,4,Golf,LIV GOLF MEXICO CITY,4,24,http://www.asapsports.com/show_events.php?event_id=207228&category=4&year=2025&title=LIV+GOLF+MEXICO+CITY
2025,4,Golf,RBC HERITAGE,6,41,http://www.asapsports.com/show_events.php?event_id=207070&category=4&year=2025&title=RBC+HERITAGE
2025,4,Golf,JM EAGLE LA CHAMPIONSHIP,6,56,http://www.asapsports.com/show_events.php?event_id=207075&category=4&year=2025&title=JM+EAGLE+LA+CHAMPIONSHIP
2025,4,Golf,MASTERS TOURNAMENT,7,180,http://www.asapsports.com/show_events.php?event_id=206912&category=4&year=2025&title=MASTERS+TOURNAMENT
2025,4,Golf,T-MOBILE MATCH PLAY PRESENTED BY MGM REWARDS,6,75,http://www.asapsports.com/show_events.php?event_id=206682&category=4&year=2025&title=T-MOBILE+MATCH+PLAY+PRESENTED+BY+MGM+REWARDS
2025,4,Golf,LIV GOLF MIAMI,5,19,http://www.asapsports.com/show_events.php?event_id=206690&category=4&year=2025&title=LIV+GOLF+MIAMI
2025,4,Golf,AUGUSTA NATIONAL WOMEN'S AMATEUR,5,83,http://www.asapsports.com/show_events.php?event_id=206661&category=4&year=2025&title=AUGUSTA+NATIONAL+WOMEN%27S+AMATEUR
2025,4,Golf,FORD CHAMPIONSHIP PRESENTED BY WILD HORSE PASS,6,51,http://www.asapsports.com/show_events.php?event_id=206453&category=4&year=2025&title=FORD+CHAMPIONSHIP+PRESENTED+BY+WILD+HORSE+PASS
2025,4,Golf,VALSPAR CHAMPIONSHIP,6,42,http://www.asapsports.com/show_events.php?event_id=206205&category=4&year=2025&title=VALSPAR+CHAMPIONSHIP
2025,4,Golf,TGL PLAYOFF SEMIFINALS PRESENTED BY SOFI: ATLANTA DRIVE GC VS THE BAY GC,1,2,http://www.asapsports.com/show_events.php?event_id=205629&category=4&year=2025&title=TGL+PLAYOFF+SEMIFINALS+PRESENTED+BY+SOFI%3A+ATLANTA+DRIVE+GC+VS+THE+BAY+GC
2025,4,Golf,THE PLAYERS CHAMPIONSHIP,7,55,http://www.asapsports.com/show_events.php?event_id=205606&category=4&year=2025&title=THE+PLAYERS+CHAMPIONSHIP
2025,4,Golf,TGL PLAYOFF SEMIFINALS PRESENTED BY SOFI: NEW YORK GC VS LOS ANGELES GC,1,2,http://www.asapsports.com/show_events.php?event_id=205615&category=4&year=2025&title=TGL+PLAYOFF+SEMIFINALS+PRESENTED+BY+SOFI%3A+NEW+YORK+GC+VS+LOS+ANGELES+GC
2025,4,Golf,LIV GOLF SINGAPORE,6,24,http://www.asapsports.com/show_events.php?event_id=205570&category=4&year=2025&title=LIV+GOLF+SINGAPORE
2025,4,Golf,BLUE BAY LPGA,5,26,http://www.asapsports.com/show_events.php?event_id=205190&category=4&year=2025&title=BLUE+BAY+LPGA
2025,4,Golf,WOMEN'S AMATEUR ASIA-PACIFIC CHAMPIONSHIP,5,57,http://www.asapsports.com/show_events.php?event_id=205191&category=4&year=2025&title=WOMEN%27S+AMATEUR+ASIA-PACIFIC+CHAMPIONSHIP
2025,4,Golf,LIV GOLF HONG KONG,5,23,http://www.asapsports.com/show_events.php?event_id=205202&category=4&year=2025&title=LIV+GOLF+HONG+KONG
2025,4,Golf,ARNOLD PALMER INVITATIONAL,6,36,http://www.asapsports.com/show_events.php?event_id=205225&category=4&year=2025&title=ARNOLD+PALMER+INVITATIONAL
2025,4,Golf,TGL PRESENTED BY SOFI: JUPITER LINKS GC VS ATLANTA DRIVE GC,1,2,http://www.asapsports.com/show_events.php?event_id=204925&category=4&year=2025&title=TGL+PRESENTED+BY+SOFI%3A+JUPITER+LINKS+GC+VS+ATLANTA+DRIVE+GC
2025,4,Golf,TGL PRESENTED BY SOFI: THE LOS ANGELES GOLF CLUB VS  BAY GOLF CLUB,1,2,http://www.asapsports.com/show_events.php?event_id=204918&category=4&year=2025&title=TGL+PRESENTED+BY+SOFI%3A+THE+LOS+ANGELES+GOLF+CLUB+VS++BAY+GOLF+CLUB
2025,4,Golf,TGL PRESENTED BY SOFI: NEW YORK GOLF CLUB VS BOSTON COMMON GOLF,1,2,http://www.asapsports.com/show_events.php?event_id=204920&category=4&year=2025&title=TGL+PRESENTED+BY+SOFI%3A+NEW+YORK+GOLF+CLUB+VS+BOSTON+COMMON+GOLF
2025,4,Golf,HSBC WOMEN'S WORLD CHAMPIONSHIP,6,42,http://www.asapsports.com/show_events.php?event_id=204896&category=4&year=2025&title=HSBC+WOMEN%27S+WORLD+CHAMPIONSHIP
2025,4,Golf,COGNIZANT CLASSIC,6,40,http://www.asapsports.com/show_events.php?event_id=204909&category=4&year=2025&title=COGNIZANT+CLASSIC
2025,4,Golf,TGL PRESENTED BY SOFI: THE BAY GOLF CLUB VS JUPITER LINKS GC,1,2,http://www.asapsports.com/show_events.php?event_id=204815&category=4&year=2025&title=TGL+PRESENTED+BY+SOFI%3A+THE+BAY+GOLF+CLUB+VS+JUPITER+LINKS+GC
2025,4,Golf,TGL PRESENTED BY SOFI: LOS ANGELES GOLF CLUB VS NEW YORK GOLF CLUB,1,2,http://www.asapsports.com/show_events.php?event_id=204801&category=4&year=2025&title=TGL+PRESENTED+BY+SOFI%3A+LOS+ANGELES+GOLF+CLUB+VS+NEW+YORK+GOLF+CLUB
2025,4,Golf,TGL PRESENTED BY SOFI: BOSTON COMMON GOLF VS ATLANTA DRIVE GC,1,2,http://www.asapsports.com/show_events.php?event_id=204806&category=4&year=2025&title=TGL+PRESENTED+BY+SOFI%3A+BOSTON+COMMON+GOLF+VS+ATLANTA+DRIVE+GC
2025,4,Golf,HONDA LPGA THAILAND,5,39,http://www.asapsports.com/show_events.php?event_id=204781&category=4&year=2025&title=HONDA+LPGA+THAILAND
2025,4,Golf,TGL PRESENTED BY SOFI: JUPITER LINKS GC VS NEW YORK GOLF CLUB,1,2,http://www.asapsports.com/show_events.php?event_id=204711&category=4&year=2025&title=TGL+PRESENTED+BY+SOFI%3A+JUPITER+LINKS+GC+VS+NEW+YORK+GOLF+CLUB
2025,4,Golf,TGL PRESENTED BY SOFI: ATLANTA DRIVE GC VS LOS ANGELES GOLF CLUB,1,4,http://www.asapsports.com/show_events.php?event_id=204697&category=4&year=2025&title=TGL+PRESENTED+BY+SOFI%3A+ATLANTA+DRIVE+GC+VS+LOS+ANGELES+GOLF+CLUB
2025,4,Golf,TGL PRESENTED BY SOFI: ATLANTA DRIVE GC VS THE BAY GOLF CLUB,1,3,http://www.asapsports.com/show_events.php?event_id=204701&category=4&year=2025&title=TGL+PRESENTED+BY+SOFI%3A+ATLANTA+DRIVE+GC+VS+THE+BAY+GOLF+CLUB
2025,4,Golf,TGL PRESENTED BY SOFI:THE BAY GOLF CLUB VS BOSTON COMMON GOLF,2,3,http://www.asapsports.com/show_events.php?event_id=204704&category=4&year=2025&title=TGL+PRESENTED+BY+SOFI%3ATHE+BAY+GOLF+CLUB+VS+BOSTON+COMMON+GOLF
2025,4,Golf,LIV GOLF ADELAIDE,5,20,http://www.asapsports.com/show_events.php?event_id=204666&category=4&year=2025&title=LIV+GOLF+ADELAIDE
2025,4,Golf,CHUBB CLASSIC PRESENTED BY SERVPRO,5,17,http://www.asapsports.com/show_events.php?event_id=204672&category=4&year=2025&title=CHUBB+CLASSIC+PRESENTED+BY+SERVPRO
2025,4,Golf,FOUNDERS CUP PRESENTED BY U.S. VIRGIN ISLANDS,6,43,http://www.asapsports.com/show_events.php?event_id=204561&category=4&year=2025&title=FOUNDERS+CUP+PRESENTED+BY+U.S.+VIRGIN+ISLANDS
2025,4,Golf,WM PHOENIX OPEN,6,47,http://www.asapsports.com/show_events.php?event_id=204566&category=4&year=2025&title=WM+PHOENIX+OPEN
2025,4,Golf,AFRICA AMATEUR CHAMPIONSHIP,5,24,http://www.asapsports.com/show_events.php?event_id=204536&category=4&year=2025&title=AFRICA+AMATEUR+CHAMPIONSHIP
2025,4,Golf,LIV GOLF RIYADH,4,13,http://www.asapsports.com/show_events.php?event_id=204540&category=4&year=2025&title=LIV+GOLF+RIYADH
2025,4,Golf,TGL PRESENTED BY SOFI: BOSTON COMMON GOLF VS LOS ANGELES GOLF CLUB,1,2,http://www.asapsports.com/show_events.php?event_id=204452&category=4&year=2025&title=TGL+PRESENTED+BY+SOFI%3A+BOSTON+COMMON+GOLF+VS+LOS+ANGELES+GOLF+CLUB
2025,4,Golf,HILTON GRAND VACATIONS TOURNAMENT OF CHAMPIONS,6,59,http://www.asapsports.com/show_events.php?event_id=204427&category=4&year=2025&title=HILTON+GRAND+VACATIONS+TOURNAMENT+OF+CHAMPIONS
2025,4,Golf,TGL PRESENTED BY SOFI: JUPITER LINKS GOLF CLUB VS BOSTON COMMON GOLF,1,2,http://www.asapsports.com/show_events.php?event_id=204374&category=4&year=2025&title=TGL+PRESENTED+BY+SOFI%3A+JUPITER+LINKS+GOLF+CLUB+VS+BOSTON+COMMON+GOLF
2025,4,Golf,TGL PRESENTED BY SOFI: NEW YORK GOLF CLUB VS ATLANTA DRIVE GC,1,2,http://www.asapsports.com/show_events.php?event_id=204096&category=4&year=2025&title=TGL+PRESENTED+BY+SOFI%3A+NEW+YORK+GOLF+CLUB+VS+ATLANTA+DRIVE+GC
2025,4,Golf,HERO DUBAI DESERT CLASSIC,6,37,http://www.asapsports.com/show_events.php?event_id=204080&category=4&year=2025&title=HERO+DUBAI+DESERT+CLASSIC
2025,4,Golf,THE AMERICAN EXPRESS,6,34,http://www.asapsports.com/show_events.php?event_id=204086&category=4&year=2025&title=THE+AMERICAN+EXPRESS
2025,4,Golf,TGL PRESENTED BY SOFI: LOS ANGELES GOLF CLUB VS JUPITER LINKS GOLF CLUB,1,2,http://www.asapsports.com/show_events.php?event_id=203992&category=4&year=2025&title=TGL+PRESENTED+BY+SOFI%3A+LOS+ANGELES+GOLF+CLUB+VS+JUPITER+LINKS+GOLF+CLUB
2025,4,Golf,TEAM CUP,5,49,http://www.asapsports.com/show_events.php?event_id=203916&category=4&year=2025&title=TEAM+CUP
2025,4,Golf,SONY OPEN IN HAWAII,6,38,http://www.asapsports.com/show_events.php?event_id=203928&category=4&year=2025&title=SONY+OPEN+IN+HAWAII
2025,4,Golf,TGL PRESENTED BY SOFI: NEW YORK GOLF CLUB VS THE BAY GOLF CLUB,1,2,http://www.asapsports.com/show_events.php?event_id=203993&category=4&year=2025&title=TGL+PRESENTED+BY+SOFI%3A+NEW+YORK+GOLF+CLUB+VS+THE+BAY+GOLF+CLUB
2025,4,Golf,THE SENTRY,5,27,http://www.asapsports.com/show_events.php?event_id=203770&category=4&year=2025&title=THE+SENTRY
2025,5,Hockey,NCAA MEN'S FROZEN FOUR: WESTERN MICHIGAN VS BOSTON U.,2,4,http://www.asapsports.com/show_events.php?event_id=206908&category=5&year=2025&title=NCAA+MEN%27S+FROZEN+FOUR%3A+WESTERN+MICHIGAN+VS+BOSTON+U.
2025,5,Hockey,NCAA MEN'S FROZEN FOUR: DENVER VS WESTERN MICHIGAN,2,4,http://www.asapsports.com/show_events.php?event_id=206832&category=5&year=2025&title=NCAA+MEN%27S+FROZEN+FOUR%3A+DENVER+VS+WESTERN+MICHIGAN
2025,5,Hockey,NCAA MEN'S FROZEN FOUR: PENN STATE VS BOSTON U.,2,4,http://www.asapsports.com/show_events.php?event_id=206834&category=5&year=2025&title=NCAA+MEN%27S+FROZEN+FOUR%3A+PENN+STATE+VS+BOSTON+U.
2025,7,Tennis,DAVIS CUP FINALS,5,29,http://www.asapsports.com/show_events.php?event_id=212226&category=7&year=2025&title=DAVIS+CUP+FINALS
2025,7,Tennis,NITTO ATP FINALS,3,10,http://www.asapsports.com/show_events.php?event_id=212416&category=7&year=2025&title=NITTO+ATP+FINALS
2025,7,Tennis,ROLEX PARIS MASTERS,9,24,http://www.asapsports.com/show_events.php?event_id=212544&category=7&year=2025&title=ROLEX+PARIS+MASTERS
2025,7,Tennis,ROLEX SHANGHAI MASTERS,12,26,http://www.asapsports.com/show_events.php?event_id=213686&category=7&year=2025&title=ROLEX+SHANGHAI+MASTERS
2025,7,Tennis,CHINA OPEN,13,44,http://www.asapsports.com/show_events.php?event_id=213975&category=7&year=2025&title=CHINA+OPEN
2025,7,Tennis,LAVER CUP,5,24,http://www.asapsports.com/show_events.php?event_id=213317&category=7&year=2025&title=LAVER+CUP
2025,7,Tennis,BILLIE JEAN KING CUP: ITALY VS USA,1,4,http://www.asapsports.com/show_events.php?event_id=213328&category=7&year=2025&title=BILLIE+JEAN+KING+CUP%3A+ITALY+VS+USA
2025,7,Tennis,BILLIE JEAN KING CUP,3,23,http://www.asapsports.com/show_events.php?event_id=213329&category=7&year=2025&title=BILLIE+JEAN+KING+CUP
2025,7,Tennis,BILLIE JEAN KING CUP: USA VS GREAT BRITAIN,1,3,http://www.asapsports.com/show_events.php?event_id=213352&category=7&year=2025&title=BILLIE+JEAN+KING+CUP%3A+USA+VS+GREAT+BRITAIN
2025,7,Tennis,BILLIE JEAN KING CUP: ITALY VS UKRAINE,2,4,http://www.asapsports.com/show_events.php?event_id=213377&category=7&year=2025&title=BILLIE+JEAN+KING+CUP%3A+ITALY+VS+UKRAINE
2025,7,Tennis,BILLIE JEAN KING CUP: JAPAN VS GREAT BRITAIN,1,3,http://www.asapsports.com/show_events.php?event_id=213401&category=7&year=2025&title=BILLIE+JEAN+KING+CUP%3A+JAPAN+VS+GREAT+BRITAIN
2025,7,Tennis,BILLIE JEAN KING CUP: KAZAKHSTAN VS USA,1,3,http://www.asapsports.com/show_events.php?event_id=213408&category=7&year=2025&title=BILLIE+JEAN+KING+CUP%3A+KAZAKHSTAN+VS+USA
2025,7,Tennis,BILLIE JEAN KING CUP: SPAIN VS UKRAINE,1,3,http://www.asapsports.com/show_events.php?event_id=213426&category=7&year=2025&title=BILLIE+JEAN+KING+CUP%3A+SPAIN+VS+UKRAINE
2025,7,Tennis,BILLIE JEAN KING CUP: ITALY VS CHINA,2,5,http://www.asapsports.com/show_events.php?event_id=213432&category=7&year=2025&title=BILLIE+JEAN+KING+CUP%3A+ITALY+VS+CHINA
2025,7,Tennis,DAVIS CUP MEDIA CONFERENCE,2,4,http://www.asapsports.com/show_events.php?event_id=213150&category=7&year=2025&title=DAVIS+CUP+MEDIA+CONFERENCE
2025,7,Tennis,DAVIS CUP QULIFIERS 2ND ROUND: CZECHIA vs USA,3,11,http://www.asapsports.com/show_events.php?event_id=212001&category=7&year=2025&title=DAVIS+CUP+QULIFIERS+2ND+ROUND%3A+CZECHIA+vs+USA
2025,7,Tennis,US OPEN,20,144,http://www.asapsports.com/show_events.php?event_id=211239&category=7&year=2025&title=US+OPEN
2025,7,Tennis,INTERNATIONAL TENNIS HALL OF FAME,2,2,http://www.asapsports.com/show_events.php?event_id=210962&category=7&year=2025&title=INTERNATIONAL+TENNIS+HALL+OF+FAME
2025,7,Tennis,NATIONAL BANK OPEN,13,40,http://www.asapsports.com/show_events.php?event_id=210614&category=7&year=2025&title=NATIONAL+BANK+OPEN
2025,7,Tennis,OMNIUM BANQUE NATIONALE,12,44,http://www.asapsports.com/show_events.php?event_id=210588&category=7&year=2025&title=OMNIUM+BANQUE+NATIONALE
2025,7,Tennis,MUBADALA CITI DC OPEN,9,52,http://www.asapsports.com/show_events.php?event_id=210346&category=7&year=2025&title=MUBADALA+CITI+DC+OPEN
2025,7,Tennis,THE CHAMPIONSHIPS,16,198,http://www.asapsports.com/show_events.php?event_id=209661&category=7&year=2025&title=THE+CHAMPIONSHIPS
2025,7,Tennis,HSBC CHAMPIONSHIPS,14,31,http://www.asapsports.com/show_events.php?event_id=209263&category=7&year=2025&title=HSBC+CHAMPIONSHIPS
2025,7,Tennis,ROLAND GARROS,17,231,http://www.asapsports.com/show_events.php?event_id=208322&category=7&year=2025&title=ROLAND+GARROS
2025,7,Tennis,INTERNAZIONALI BNL D'ITALIA,13,50,http://www.asapsports.com/show_events.php?event_id=207694&category=7&year=2025&title=INTERNAZIONALI+BNL+D%27ITALIA
2025,7,Tennis,MUTUA MADRID OPEN,11,31,http://www.asapsports.com/show_events.php?event_id=207385&category=7&year=2025&title=MUTUA+MADRID+OPEN
2025,7,Tennis,PORSCHE TENNIS GRAND PRIX,7,21,http://www.asapsports.com/show_events.php?event_id=207089&category=7&year=2025&title=PORSCHE+TENNIS+GRAND+PRIX
2025,7,Tennis,ROLEX MONTE-CARLO MASTERS,8,26,http://www.asapsports.com/show_events.php?event_id=206939&category=7&year=2025&title=ROLEX+MONTE-CARLO+MASTERS
2025,7,Tennis,MIAMI OPEN PRESENTED BY ITAú,12,35,http://www.asapsports.com/show_events.php?event_id=206470&category=7&year=2025&title=MIAMI+OPEN+PRESENTED+BY+ITA%C3%BA
2025,7,Tennis,BNP PARIBAS OPEN,14,74,http://www.asapsports.com/show_events.php?event_id=205908&category=7&year=2025&title=BNP+PARIBAS+OPEN
2025,7,Tennis,DUBAI DUTY FREE TENNIS CHAMPIONSHIPS,13,41,http://www.asapsports.com/show_events.php?event_id=204904&category=7&year=2025&title=DUBAI+DUTY+FREE+TENNIS+CHAMPIONSHIPS
2025,7,Tennis,QATAR EXXONMOBIL OPEN,7,19,http://www.asapsports.com/show_events.php?event_id=204780&category=7&year=2025&title=QATAR+EXXONMOBIL+OPEN
2025,7,Tennis,QATAR TOTAL ENERGIES OPEN,8,19,http://www.asapsports.com/show_events.php?event_id=204778&category=7&year=2025&title=QATAR+TOTAL+ENERGIES+OPEN
2025,7,Tennis,AUSTRALIAN OPEN,19,265,http://www.asapsports.com/show_events.php?event_id=204103&category=7&year=2025&title=AUSTRALIAN+OPEN
2025,7,Tennis,ADELAIDE INTERNATIONAL,7,15,http://www.asapsports.com/show_events.php?event_id=203889&category=7&year=2025&title=ADELAIDE+INTERNATIONAL
2025,7,Tennis,BRISBANE INTERNATIONAL,5,11,http://www.asapsports.com/show_events.php?event_id=203748&category=7&year=2025&title=BRISBANE+INTERNATIONAL
2025,7,Tennis,UNITED CUP,5,13,http://www.asapsports.com/show_events.php?event_id=203775&category=7&year=2025&title=UNITED+CUP
2025,11,Basketball,CBS SPORTS CLASSIC: KENTUCKY VS ST. JOHN’S,1,2,http://www.asapsports.com/show_events.php?event_id=214308&category=11&year=2025&title=CBS+SPORTS+CLASSIC%3A+KENTUCKY+VS+ST.+JOHN%E2%80%99S
2025,11,Basketball,CBS SPORTS CLASSIC: NORTH CAROLINA VS. OHIO STATE,1,3,http://www.asapsports.com/show_events.php?event_id=214322&category=11&year=2025&title=CBS+SPORTS+CLASSIC%3A+NORTH+CAROLINA+VS.+OHIO+STATE
2025,11,Basketball,EMIRATES NBA CUP,4,42,http://www.asapsports.com/show_events.php?event_id=213479&category=11&year=2025&title=EMIRATES+NBA+CUP
2025,11,Basketball,JIMMY V CLASSIC: CLEMSON VS BYU,1,2,http://www.asapsports.com/show_events.php?event_id=212972&category=11&year=2025&title=JIMMY+V+CLASSIC%3A+CLEMSON+VS+BYU
2025,11,Basketball,JIMMY V CLASSIC: FLORIDA VS UCONN,1,2,http://www.asapsports.com/show_events.php?event_id=212996&category=11&year=2025&title=JIMMY+V+CLASSIC%3A+FLORIDA+VS+UCONN
2025,11,Basketball,GEICO PLAYERS ERA MEN’S CHAMPIONSHIP,4,53,http://www.asapsports.com/show_events.php?event_id=212372&category=11&year=2025&title=GEICO+PLAYERS+ERA+MEN%E2%80%99S+CHAMPIONSHIP
2025,11,Basketball,GEICO PLAYERS ERA WOMEN’S CHAMPIONSHIP,2,7,http://www.asapsports.com/show_events.php?event_id=212375&category=11&year=2025&title=GEICO+PLAYERS+ERA+WOMEN%E2%80%99S+CHAMPIONSHIP
2025,11,Basketball,SOUTHWEST MAUI INVITATIONAL,3,24,http://www.asapsports.com/show_events.php?event_id=212350&category=11&year=2025&title=SOUTHWEST+MAUI+INVITATIONAL
2025,11,Basketball,WASHINGTON WIZARDS MEDIA CONFERENCE,4,7,http://www.asapsports.com/show_events.php?event_id=212456&category=11&year=2025&title=WASHINGTON+WIZARDS+MEDIA+CONFERENCE
2025,11,Basketball,INDIANA UNIVERSITY BASKETBALL MEDIA CONFERENCE,20,2,http://www.asapsports.com/show_events.php?event_id=212506&category=11&year=2025&title=INDIANA+UNIVERSITY+BASKETBALL+MEDIA+CONFERENCE
2025,11,Basketball,WNBA FINALS: LAS VEGAS VS. PHOENIX,4,19,http://www.asapsports.com/show_events.php?event_id=213742&category=11&year=2025&title=WNBA+FINALS%3A+LAS+VEGAS+VS.+PHOENIX
2025,11,Basketball,ATLANTIC COAST CONFERENCE BASKETBALL TIPOFF MEDIA DAY,3,42,http://www.asapsports.com/show_events.php?event_id=213775&category=11&year=2025&title=ATLANTIC+COAST+CONFERENCE+BASKETBALL+TIPOFF+MEDIA+DAY
2025,11,Basketball,GOLDEN STATE WARRIORS MEDIA CONFERENCE,7,10,http://www.asapsports.com/show_events.php?event_id=214161&category=11&year=2025&title=GOLDEN+STATE+WARRIORS+MEDIA+CONFERENCE
2025,11,Basketball,OKLAHOMA CITY THUNDER MEDIA CONFERENCE,1,1,http://www.asapsports.com/show_events.php?event_id=213282&category=11&year=2025&title=OKLAHOMA+CITY+THUNDER+MEDIA+CONFERENCE
2025,11,Basketball,NBA DRAFT,1,26,http://www.asapsports.com/show_events.php?event_id=209283&category=11&year=2025&title=NBA+DRAFT
2025,11,Basketball,NBA FINALS: THUNDER VS. PACERS,14,195,http://www.asapsports.com/show_events.php?event_id=209238&category=11&year=2025&title=NBA+FINALS%3A+THUNDER+VS.+PACERS
2025,11,Basketball,NBA WESTERN CONFERENCE SEMIFINALS: TIMBERWOLVES VS WARRIORS,2,18,http://www.asapsports.com/show_events.php?event_id=207525&category=11&year=2025&title=NBA+WESTERN+CONFERENCE+SEMIFINALS%3A+TIMBERWOLVES+VS+WARRIORS
2025,11,Basketball,NBA WESTERN CONFERENCE FIRST ROUND: ROCKETS VS WARRIORS,3,30,http://www.asapsports.com/show_events.php?event_id=207296&category=11&year=2025&title=NBA+WESTERN+CONFERENCE+FIRST+ROUND%3A+ROCKETS+VS+WARRIORS
2025,11,Basketball,NBA WESTERN CONFERENCE FIRST ROUND: ROCKETS vs WARRIORS,3,30,http://www.asapsports.com/show_events.php?event_id=207244&category=11&year=2025&title=NBA+WESTERN+CONFERENCE+FIRST+ROUND%3A+ROCKETS+vs+WARRIORS
2025,11,Basketball,WNBA DRAFT,2,19,http://www.asapsports.com/show_events.php?event_id=206943&category=11&year=2025&title=WNBA+DRAFT
2025,11,Basketball,NCAA MEN'S BASKETBALL CHAMPIONSHIP - FINAL FOUR: FLORIDA VS HOUSTON,2,4,http://www.asapsports.com/show_events.php?event_id=206715&category=11&year=2025&title=NCAA+MEN%27S+BASKETBALL+CHAMPIONSHIP+-+FINAL+FOUR%3A+FLORIDA+VS+HOUSTON
2025,11,Basketball,NCAA WOMEN'S BASKETBALL CHAMPIONSHIP FINAL FOUR: UCONN VS SOUTH CAROLINA,2,6,http://www.asapsports.com/show_events.php?event_id=206689&category=11&year=2025&title=NCAA+WOMEN%27S+BASKETBALL+CHAMPIONSHIP+FINAL+FOUR%3A+UCONN+VS+SOUTH+CAROLINA
2025,11,Basketball,NCAA MEN'S BASKETBALL CHAMPIONSHIP - FINAL FOUR: FLORIDA VS AUBURN,3,6,http://www.asapsports.com/show_events.php?event_id=206652&category=11&year=2025&title=NCAA+MEN%27S+BASKETBALL+CHAMPIONSHIP+-+FINAL+FOUR%3A+FLORIDA+VS+AUBURN
2025,11,Basketball,NCAA MEN'S BASKETBALL CHAMPIONSHIP - FINAL FOUR: HOUSTON VS DUKE,3,6,http://www.asapsports.com/show_events.php?event_id=206659&category=11&year=2025&title=NCAA+MEN%27S+BASKETBALL+CHAMPIONSHIP+-+FINAL+FOUR%3A+HOUSTON+VS+DUKE
2025,11,Basketball,NCAA 2025 MEN'S BASKETBALL CHAMPIONSHIP,1,1,http://www.asapsports.com/show_events.php?event_id=211899&category=11&year=2025&title=NCAA+2025+MEN%27S+BASKETBALL+CHAMPIONSHIP
2025,11,Basketball,NCAA WOMEN'S BASKETBALL CHAMPIONSHIP FINAL FOUR: TEXAS VS SOUTH CAROLINA,2,4,http://www.asapsports.com/show_events.php?event_id=206615&category=11&year=2025&title=NCAA+WOMEN%27S+BASKETBALL+CHAMPIONSHIP+FINAL+FOUR%3A+TEXAS+VS+SOUTH+CAROLINA
2025,11,Basketball,NCAA WOMEN'S BASKETBALL CHAMPIONSHIP FINAL FOUR: UCONN VS UCLA,2,4,http://www.asapsports.com/show_events.php?event_id=206620&category=11&year=2025&title=NCAA+WOMEN%27S+BASKETBALL+CHAMPIONSHIP+FINAL+FOUR%3A+UCONN+VS+UCLA
2025,11,Basketball,NATIONAL INVITATION TOURNAMENT: CHATTANOOGA VS UC IRVINE,1,2,http://www.asapsports.com/show_events.php?event_id=206571&category=11&year=2025&title=NATIONAL+INVITATION+TOURNAMENT%3A+CHATTANOOGA+VS+UC+IRVINE
2025,11,Basketball,WOMEN'S BASKETBALL INVITATION TOURNAMENT: MINNESOTA VS BELMONT,1,2,http://www.asapsports.com/show_events.php?event_id=206522&category=11&year=2025&title=WOMEN%27S+BASKETBALL+INVITATION+TOURNAMENT%3A+MINNESOTA+VS+BELMONT
2025,11,Basketball,NATIONAL INVITATION TOURNAMENT: NORTH TEXAS VS UC IRVINE,2,4,http://www.asapsports.com/show_events.php?event_id=206489&category=11&year=2025&title=NATIONAL+INVITATION+TOURNAMENT%3A+NORTH+TEXAS+VS+UC+IRVINE
2025,11,Basketball,NATIONAL INVITATION TOURNAMENT: CHATTANOOGA VS LOYOLA CHICAGO,2,4,http://www.asapsports.com/show_events.php?event_id=206491&category=11&year=2025&title=NATIONAL+INVITATION+TOURNAMENT%3A+CHATTANOOGA+VS+LOYOLA+CHICAGO
2025,11,Basketball,WOMEN'S BASKETBALL INVITATION TOURNAMENT: BELMONT VS VILLANOVA,2,4,http://www.asapsports.com/show_events.php?event_id=206475&category=11&year=2025&title=WOMEN%27S+BASKETBALL+INVITATION+TOURNAMENT%3A+BELMONT+VS+VILLANOVA
2025,11,Basketball,WOMEN'S BASKETBALL INVITATION TOURNAMENT: FLORIDA VS MINNESOTA,1,2,http://www.asapsports.com/show_events.php?event_id=206477&category=11&year=2025&title=WOMEN%27S+BASKETBALL+INVITATION+TOURNAMENT%3A+FLORIDA+VS+MINNESOTA
2025,11,Basketball,NCAA WOMEN'S BASKETBALL CHAMPIONSHIP: REGIONAL 3 FINAL - TCU VS TEXAS,2,6,http://www.asapsports.com/show_events.php?event_id=206479&category=11&year=2025&title=NCAA+WOMEN%27S+BASKETBALL+CHAMPIONSHIP%3A+REGIONAL+3+FINAL+-+TCU+VS+TEXAS
2025,11,Basketball,NCAA WOMEN'S BASKETBALL CHAMPIONSHIP: REGIONAL 4 FINAL - UCONN VS USC,2,4,http://www.asapsports.com/show_events.php?event_id=206481&category=11&year=2025&title=NCAA+WOMEN%27S+BASKETBALL+CHAMPIONSHIP%3A+REGIONAL+4+FINAL+-+UCONN+VS+USC
2025,11,Basketball,WOMEN'S BASKETBALL INVITATION TOURNAMENT: FLORIDA VS. MINNESOTA,1,2,http://www.asapsports.com/show_events.php?event_id=206442&category=11&year=2025&title=WOMEN%27S+BASKETBALL+INVITATION+TOURNAMENT%3A+FLORIDA+VS.+MINNESOTA
2025,11,Basketball,NCAA WOMEN'S BASKETBALL CHAMPIONSHIP: REGIONAL 2 FINAL - DUKE VS SOUTH CAROLINA,2,6,http://www.asapsports.com/show_events.php?event_id=206445&category=11&year=2025&title=NCAA+WOMEN%27S+BASKETBALL+CHAMPIONSHIP%3A+REGIONAL+2+FINAL+-+DUKE+VS+SOUTH+CAROLINA
2025,11,Basketball,NCAA MEN'S BASKETBALL CHAMPIONSHIP: REGIONAL FINAL - TENNESSEE VS HOUSTON,2,4,http://www.asapsports.com/show_events.php?event_id=206447&category=11&year=2025&title=NCAA+MEN%27S+BASKETBALL+CHAMPIONSHIP%3A+REGIONAL+FINAL+-+TENNESSEE+VS+HOUSTON
2025,11,Basketball,NCAA WOMEN'S BASKETBALL CHAMPIONSHIP: REGIONAL 1 FINAL - LSU VS UCLA,2,5,http://www.asapsports.com/show_events.php?event_id=206448&category=11&year=2025&title=NCAA+WOMEN%27S+BASKETBALL+CHAMPIONSHIP%3A+REGIONAL+1+FINAL+-+LSU+VS+UCLA
2025,11,Basketball,NCAA MEN'S BASKETBALL CHAMPIONSHIP: REGIONAL FINAL - MICHIGAN STATE VS AUBURN,2,4,http://www.asapsports.com/show_events.php?event_id=206451&category=11&year=2025&title=NCAA+MEN%27S+BASKETBALL+CHAMPIONSHIP%3A+REGIONAL+FINAL+-+MICHIGAN+STATE+VS+AUBURN
2025,11,Basketball,NCAA WOMEN'S BASKETBALL CHAMPIONSHIP: REGIONAL 3 SEMIFINAL - NOTRE DAME VS TCU,2,6,http://www.asapsports.com/show_events.php?event_id=206404&category=11&year=2025&title=NCAA+WOMEN%27S+BASKETBALL+CHAMPIONSHIP%3A+REGIONAL+3+SEMIFINAL+-+NOTRE+DAME+VS+TCU
2025,11,Basketball,NCAA WOMEN'S BASKETBALL CHAMPIONSHIP: REGIONAL 3 SEMIFINAL - TENNESSEE VS TEXAS,2,6,http://www.asapsports.com/show_events.php?event_id=206411&category=11&year=2025&title=NCAA+WOMEN%27S+BASKETBALL+CHAMPIONSHIP%3A+REGIONAL+3+SEMIFINAL+-+TENNESSEE+VS+TEXAS
2025,11,Basketball,NCAA WOMEN'S BASKETBALL CHAMPIONSHIP: REGIONAL 4 SEMIFINAL - OKLAHOMA VS UCONN,2,4,http://www.asapsports.com/show_events.php?event_id=206415&category=11&year=2025&title=NCAA+WOMEN%27S+BASKETBALL+CHAMPIONSHIP%3A+REGIONAL+4+SEMIFINAL+-+OKLAHOMA+VS+UCONN
2025,11,Basketball,NCAA MEN'S BASKETBALL CHAMPIONSHIP: REGIONAL FINAL - TEXAS TECH VS FLORIDA,2,4,http://www.asapsports.com/show_events.php?event_id=206423&category=11&year=2025&title=NCAA+MEN%27S+BASKETBALL+CHAMPIONSHIP%3A+REGIONAL+FINAL+-+TEXAS+TECH+VS+FLORIDA
2025,11,Basketball,NCAA WOMEN'S BASKETBALL CHAMPIONSHIP: REGIONAL 4 SEMIFINAL - KANSAS STATE VS USC,2,4,http://www.asapsports.com/show_events.php?event_id=206429&category=11&year=2025&title=NCAA+WOMEN%27S+BASKETBALL+CHAMPIONSHIP%3A+REGIONAL+4+SEMIFINAL+-+KANSAS+STATE+VS+USC
2025,11,Basketball,NCAA MEN'S BASKETBALL CHAMPIONSHIP: REGIONAL FINAL - ALABAMA VS DUKE,2,4,http://www.asapsports.com/show_events.php?event_id=206431&category=11&year=2025&title=NCAA+MEN%27S+BASKETBALL+CHAMPIONSHIP%3A+REGIONAL+FINAL+-+ALABAMA+VS+DUKE
2025,11,Basketball,NCAA WOMEN'S BASKETBALL CHAMPIONSHIP: REGIONAL 2 SEMIFINAL - NORTH CAROLINA VS  DUKE,2,6,http://www.asapsports.com/show_events.php?event_id=206368&category=11&year=2025&title=NCAA+WOMEN%27S+BASKETBALL+CHAMPIONSHIP%3A+REGIONAL+2+SEMIFINAL+-+NORTH+CAROLINA+VS++DUKE
2025,11,Basketball,NCAA WOMEN'S BASKETBALL CHAMPIONSHIP: REGIONAL 2 SEMIFINAL - NORTH CAROLINA VS DUKE,2,6,http://www.asapsports.com/show_events.php?event_id=206369&category=11&year=2025&title=NCAA+WOMEN%27S+BASKETBALL+CHAMPIONSHIP%3A+REGIONAL+2+SEMIFINAL+-+NORTH+CAROLINA+VS+DUKE
2025,11,Basketball,NCAA WOMEN'S BASKETBALL CHAMPIONSHIP: REGIONAL 2 SEMIFINAL - MARYLAND VS SOUTH CAROLINA,2,6,http://www.asapsports.com/show_events.php?event_id=206374&category=11&year=2025&title=NCAA+WOMEN%27S+BASKETBALL+CHAMPIONSHIP%3A+REGIONAL+2+SEMIFINAL+-+MARYLAND+VS+SOUTH+CAROLINA
2025,11,Basketball,NCAA MEN'S BASKETBALL CHAMPIONSHIP: REGIONAL SEMIFINAL - OLE MISS VS MICHIGAN STATE,2,6,http://www.asapsports.com/show_events.php?event_id=206382&category=11&year=2025&title=NCAA+MEN%27S+BASKETBALL+CHAMPIONSHIP%3A+REGIONAL+SEMIFINAL+-+OLE+MISS+VS+MICHIGAN+STATE
2025,11,Basketball,NCAA WOMEN'S BASKETBALL CHAMPIONSHIP: REGIONAL 1 SEMIFINAL - LSU VS NC STATE,2,4,http://www.asapsports.com/show_events.php?event_id=206385&category=11&year=2025&title=NCAA+WOMEN%27S+BASKETBALL+CHAMPIONSHIP%3A+REGIONAL+1+SEMIFINAL+-+LSU+VS+NC+STATE
2025,11,Basketball,NCAA MEN'S BASKETBALL CHAMPIONSHIP: REGIONAL SEMIFINAL - KENTUCKY VS TENNESSEE,2,6,http://www.asapsports.com/show_events.php?event_id=206388&category=11&year=2025&title=NCAA+MEN%27S+BASKETBALL+CHAMPIONSHIP%3A+REGIONAL+SEMIFINAL+-+KENTUCKY+VS+TENNESSEE
2025,11,Basketball,NCAA MEN'S BASKETBALL CHAMPIONSHIP: REGIONAL SEMIFINAL - PURDUE VS HOUSTON,2,6,http://www.asapsports.com/show_events.php?event_id=206390&category=11&year=2025&title=NCAA+MEN%27S+BASKETBALL+CHAMPIONSHIP%3A+REGIONAL+SEMIFINAL+-+PURDUE+VS+HOUSTON
2025,11,Basketball,NCAA MEN'S BASKETBALL CHAMPIONSHIP: REGIONAL SEMIFINAL - MICHIGAN VS AUBURN,2,6,http://www.asapsports.com/show_events.php?event_id=206391&category=11&year=2025&title=NCAA+MEN%27S+BASKETBALL+CHAMPIONSHIP%3A+REGIONAL+SEMIFINAL+-+MICHIGAN+VS+AUBURN
2025,11,Basketball,NCAA WOMEN'S BASKETBALL CHAMPIONSHIP: REGIONAL 1 SEMIFINAL - OLE MISS VS UCLA,2,4,http://www.asapsports.com/show_events.php?event_id=206393&category=11&year=2025&title=NCAA+WOMEN%27S+BASKETBALL+CHAMPIONSHIP%3A+REGIONAL+1+SEMIFINAL+-+OLE+MISS+VS+UCLA
2025,11,Basketball,NCAA MEN'S BASKETBALL CHAMPIONSHIP: REGIONAL SEMIFINAL - BYU VS ALABAMA,2,6,http://www.asapsports.com/show_events.php?event_id=206337&category=11&year=2025&title=NCAA+MEN%27S+BASKETBALL+CHAMPIONSHIP%3A+REGIONAL+SEMIFINAL+-+BYU+VS+ALABAMA
2025,11,Basketball,NCAA MEN'S BASKETBALL CHAMPIONSHIP: REGIONAL SEMIFINAL - MARYLAND VS FLORIDA,2,3,http://www.asapsports.com/show_events.php?event_id=206338&category=11&year=2025&title=NCAA+MEN%27S+BASKETBALL+CHAMPIONSHIP%3A+REGIONAL+SEMIFINAL+-+MARYLAND+VS+FLORIDA
2025,11,Basketball,NCAA MEN'S BASKETBALL CHAMPIONSHIP: REGIONAL SEMIFINAL - ARKANSAS VS FLORIDA,2,3,http://www.asapsports.com/show_events.php?event_id=206340&category=11&year=2025&title=NCAA+MEN%27S+BASKETBALL+CHAMPIONSHIP%3A+REGIONAL+SEMIFINAL+-+ARKANSAS+VS+FLORIDA
2025,11,Basketball,NCAA MEN'S BASKETBALL CHAMPIONSHIP: REGIONAL SEMIFINAL - ARIZONA VS DUKE,2,6,http://www.asapsports.com/show_events.php?event_id=206341&category=11&year=2025&title=NCAA+MEN%27S+BASKETBALL+CHAMPIONSHIP%3A+REGIONAL+SEMIFINAL+-+ARIZONA+VS+DUKE
2025,11,Basketball,NCAA MEN'S BASKETBALL CHAMPIONSHIP: REGIONAL SEMIFINAL - ARKANSAS VS TEXAS TECH,2,6,http://www.asapsports.com/show_events.php?event_id=206343&category=11&year=2025&title=NCAA+MEN%27S+BASKETBALL+CHAMPIONSHIP%3A+REGIONAL+SEMIFINAL+-+ARKANSAS+VS+TEXAS+TECH
2025,11,Basketball,NCAA WOMEN'S BASKETBALL CHAMPIONSHIP: SECOND ROUND - MICHIGAN STATE VS NC STATE,2,6,http://www.asapsports.com/show_events.php?event_id=206246&category=11&year=2025&title=NCAA+WOMEN%27S+BASKETBALL+CHAMPIONSHIP%3A+SECOND+ROUND+-+MICHIGAN+STATE+VS+NC+STATE
2025,11,Basketball,NCAA WOMEN'S BASKETBALL CHAMPIONSHIP: SECOND ROUND - TEXAS VS ILLINOIS,2,5,http://www.asapsports.com/show_events.php?event_id=206248&category=11&year=2025&title=NCAA+WOMEN%27S+BASKETBALL+CHAMPIONSHIP%3A+SECOND+ROUND+-+TEXAS+VS+ILLINOIS
2025,11,Basketball,NCAA WOMEN'S BASKETBALL CHAMPIONSHIP: SECOND ROUND - IOWA VS OKLAHOMA,2,6,http://www.asapsports.com/show_events.php?event_id=206250&category=11&year=2025&title=NCAA+WOMEN%27S+BASKETBALL+CHAMPIONSHIP%3A+SECOND+ROUND+-+IOWA+VS+OKLAHOMA
2025,11,Basketball,NCAA WOMEN'S BASKETBALL CHAMPIONSHIP: SECOND ROUND - ALABAMA VS MARYLAND,2,6,http://www.asapsports.com/show_events.php?event_id=206252&category=11&year=2025&title=NCAA+WOMEN%27S+BASKETBALL+CHAMPIONSHIP%3A+SECOND+ROUND+-+ALABAMA+VS+MARYLAND
2025,11,Basketball,NCAA WOMEN'S BASKETBALL CHAMPIONSHIP: SECOND ROUND - FLORIDA STATE VS LSU,2,3,http://www.asapsports.com/show_events.php?event_id=206254&category=11&year=2025&title=NCAA+WOMEN%27S+BASKETBALL+CHAMPIONSHIP%3A+SECOND+ROUND+-+FLORIDA+STATE+VS+LSU
2025,11,Basketball,NCAA WOMEN'S BASKETBALL CHAMPIONSHIP: SECOND ROUND - SAN DIEGO STATE VS LSU,4,6,http://www.asapsports.com/show_events.php?event_id=206255&category=11&year=2025&title=NCAA+WOMEN%27S+BASKETBALL+CHAMPIONSHIP%3A+SECOND+ROUND+-+SAN+DIEGO+STATE+VS+LSU
2025,11,Basketball,NCAA WOMEN'S BASKETBALL CHAMPIONSHIP: SECOND ROUND - NORTH CAROLINA VS WEST VIRGINIA,2,5,http://www.asapsports.com/show_events.php?event_id=206256&category=11&year=2025&title=NCAA+WOMEN%27S+BASKETBALL+CHAMPIONSHIP%3A+SECOND+ROUND+-+NORTH+CAROLINA+VS+WEST+VIRGINIA
2025,11,Basketball,NCAA WOMEN'S BASKETBALL CHAMPIONSHIP: SECOND ROUND - SOUTH DAKOTA STATE VS UCONN,2,5,http://www.asapsports.com/show_events.php?event_id=206258&category=11&year=2025&title=NCAA+WOMEN%27S+BASKETBALL+CHAMPIONSHIP%3A+SECOND+ROUND+-+SOUTH+DAKOTA+STATE+VS+UCONN
2025,11,Basketball,NCAA WOMEN'S BASKETBALL CHAMPIONSHIP: SECOND ROUND -  MISSISSIPPI STATE VS USC,2,6,http://www.asapsports.com/show_events.php?event_id=206260&category=11&year=2025&title=NCAA+WOMEN%27S+BASKETBALL+CHAMPIONSHIP%3A+SECOND+ROUND+-++MISSISSIPPI+STATE+VS+USC
2025,11,Basketball,NCAA WOMEN'S BASKETBALL CHAMPIONSHIP: SECOND ROUND - OREGON VS DUKE,2,4,http://www.asapsports.com/show_events.php?event_id=206171&category=11&year=2025&title=NCAA+WOMEN%27S+BASKETBALL+CHAMPIONSHIP%3A+SECOND+ROUND+-+OREGON+VS+DUKE
2025,11,Basketball,NCAA MEN'S BASKETBALL CHAMPIONSHIP: SECOND ROUND - UCONN VS FLORIDA,2,6,http://www.asapsports.com/show_events.php?event_id=206176&category=11&year=2025&title=NCAA+MEN%27S+BASKETBALL+CHAMPIONSHIP%3A+SECOND+ROUND+-+UCONN+VS+FLORIDA
2025,11,Basketball,NCAA WOMEN'S BASKETBALL CHAMPIONSHIP: SECOND ROUND - MICHIGAN VS NOTRE DAME,2,7,http://www.asapsports.com/show_events.php?event_id=206191&category=11&year=2025&title=NCAA+WOMEN%27S+BASKETBALL+CHAMPIONSHIP%3A+SECOND+ROUND+-+MICHIGAN+VS+NOTRE+DAME
2025,11,Basketball,NCAA WOMEN'S BASKETBALL CHAMPIONSHIP: SECOND ROUND - INDIANA VS SOUTH CAROLINA,2,4,http://www.asapsports.com/show_events.php?event_id=206197&category=11&year=2025&title=NCAA+WOMEN%27S+BASKETBALL+CHAMPIONSHIP%3A+SECOND+ROUND+-+INDIANA+VS+SOUTH+CAROLINA
2025,11,Basketball,NCAA WOMEN'S BASKETBALL CHAMPIONSHIP: SECOND ROUND - KANSAS STATE VS KENTUCKY,2,5,http://www.asapsports.com/show_events.php?event_id=206200&category=11&year=2025&title=NCAA+WOMEN%27S+BASKETBALL+CHAMPIONSHIP%3A+SECOND+ROUND+-+KANSAS+STATE+VS+KENTUCKY
2025,11,Basketball,NCAA MEN'S BASKETBALL CHAMPIONSHIP: SECOND ROUND - BAYLOR VS DUKE,2,6,http://www.asapsports.com/show_events.php?event_id=206206&category=11&year=2025&title=NCAA+MEN%27S+BASKETBALL+CHAMPIONSHIP%3A+SECOND+ROUND+-+BAYLOR+VS+DUKE
2025,11,Basketball,NCAA WOMEN'S BASKETBALL CHAMPIONSHIP: SECOND ROUND - OLE MISS VS BAYLOR,2,5,http://www.asapsports.com/show_events.php?event_id=206216&category=11&year=2025&title=NCAA+WOMEN%27S+BASKETBALL+CHAMPIONSHIP%3A+SECOND+ROUND+-+OLE+MISS+VS+BAYLOR
2025,11,Basketball,NCAA WOMEN'S BASKETBALL CHAMPIONSHIP: SECOND ROUND - LOUISVILLE VS TCU,2,4,http://www.asapsports.com/show_events.php?event_id=206217&category=11&year=2025&title=NCAA+WOMEN%27S+BASKETBALL+CHAMPIONSHIP%3A+SECOND+ROUND+-+LOUISVILLE+VS+TCU
2025,11,Basketball,NCAA MEN'S BASKETBALL CHAMPIONSHIP: SECOND ROUND - ILLINOIS VS KENTUCKY,2,7,http://www.asapsports.com/show_events.php?event_id=206218&category=11&year=2025&title=NCAA+MEN%27S+BASKETBALL+CHAMPIONSHIP%3A+SECOND+ROUND+-+ILLINOIS+VS+KENTUCKY
2025,11,Basketball,NCAA MEN'S BASKETBALL CHAMPIONSHIP: SECOND ROUND - SAINT MARY'S VS ALABAMA,2,4,http://www.asapsports.com/show_events.php?event_id=206222&category=11&year=2025&title=NCAA+MEN%27S+BASKETBALL+CHAMPIONSHIP%3A+SECOND+ROUND+-+SAINT+MARY%27S+VS+ALABAMA
2025,11,Basketball,NCAA MEN'S BASKETBALL CHAMPIONSHIP: SECOND ROUND - COLORADO STATE VS MARYLAND,2,4,http://www.asapsports.com/show_events.php?event_id=206224&category=11&year=2025&title=NCAA+MEN%27S+BASKETBALL+CHAMPIONSHIP%3A+SECOND+ROUND+-+COLORADO+STATE+VS+MARYLAND
2025,11,Basketball,NCAA WOMEN'S BASKETBALL CHAMPIONSHIP: SECOND ROUND - TENNESSEE VS OHIO STATE,2,6,http://www.asapsports.com/show_events.php?event_id=206229&category=11&year=2025&title=NCAA+WOMEN%27S+BASKETBALL+CHAMPIONSHIP%3A+SECOND+ROUND+-+TENNESSEE+VS+OHIO+STATE
2025,11,Basketball,NCAA MEN'S BASKETBALL CHAMPIONSHIP: SECOND ROUND - OLE MISS VS IOWA STATE,2,6,http://www.asapsports.com/show_events.php?event_id=206231&category=11&year=2025&title=NCAA+MEN%27S+BASKETBALL+CHAMPIONSHIP%3A+SECOND+ROUND+-+OLE+MISS+VS+IOWA+STATE
2025,11,Basketball,NCAA MEN'S BASKETBALL CHAMPIONSHIP: SECOND ROUND - NEW MEXICO VS MICHIGAN STATE,2,4,http://www.asapsports.com/show_events.php?event_id=206236&category=11&year=2025&title=NCAA+MEN%27S+BASKETBALL+CHAMPIONSHIP%3A+SECOND+ROUND+-+NEW+MEXICO+VS+MICHIGAN+STATE
2025,11,Basketball,NCAA MEN'S BASKETBALL CHAMPIONSHIP: SECOND ROUND - OREGON VS ARIZONA,2,4,http://www.asapsports.com/show_events.php?event_id=206238&category=11&year=2025&title=NCAA+MEN%27S+BASKETBALL+CHAMPIONSHIP%3A+SECOND+ROUND+-+OREGON+VS+ARIZONA
2025,11,Basketball,NCAA WOMEN'S BASKETBALL CHAMPIONSHIP: SECOND ROUND - RICHMOND VS UCLA,2,4,http://www.asapsports.com/show_events.php?event_id=206240&category=11&year=2025&title=NCAA+WOMEN%27S+BASKETBALL+CHAMPIONSHIP%3A+SECOND+ROUND+-+RICHMOND+VS+UCLA
2025,11,Basketball,NCAA WOMEN'S BASKETBALL CHAMPIONSHIP: FIRST ROUND - MURRAY STATE. VS IOWA,2,6,http://www.asapsports.com/show_events.php?event_id=206048&category=11&year=2025&title=NCAA+WOMEN%27S+BASKETBALL+CHAMPIONSHIP%3A+FIRST+ROUND+-+MURRAY+STATE.+VS+IOWA
2025,11,Basketball,NCAA MEN'S BASKETBALL CHAMPIONSHIP: SECOND ROUND - MCNEESE VS PURDUE,2,4,http://www.asapsports.com/show_events.php?event_id=206055&category=11&year=2025&title=NCAA+MEN%27S+BASKETBALL+CHAMPIONSHIP%3A+SECOND+ROUND+-+MCNEESE+VS+PURDUE
2025,11,Basketball,NCAA WOMEN'S BASKETBALL CHAMPIONSHIP:SECOND ROUND - MICHIGAN VS NOTRE DAME,1,5,http://www.asapsports.com/show_events.php?event_id=206060&category=11&year=2025&title=NCAA+WOMEN%27S+BASKETBALL+CHAMPIONSHIP%3ASECOND+ROUND+-+MICHIGAN+VS+NOTRE+DAME
2025,11,Basketball,NCAA WOMEN'S BASKETBALL CHAMPIONSHIP: FIRST ROUND - GREEN BAY VS ALABAMA,2,4,http://www.asapsports.com/show_events.php?event_id=206071&category=11&year=2025&title=NCAA+WOMEN%27S+BASKETBALL+CHAMPIONSHIP%3A+FIRST+ROUND+-+GREEN+BAY+VS+ALABAMA
2025,11,Basketball,NCAA WOMEN'S BASKETBALL CHAMPIONSHIP: FIRST ROUND - ARKANSAS STATE VS UCONN,2,4,http://www.asapsports.com/show_events.php?event_id=206077&category=11&year=2025&title=NCAA+WOMEN%27S+BASKETBALL+CHAMPIONSHIP%3A+FIRST+ROUND+-+ARKANSAS+STATE+VS+UCONN
2025,11,Basketball,NCAA WOMEN'S BASKETBALL CHAMPIONSHIP: FIRST ROUND - FGCU VS OKLAHOMA,2,5,http://www.asapsports.com/show_events.php?event_id=206087&category=11&year=2025&title=NCAA+WOMEN%27S+BASKETBALL+CHAMPIONSHIP%3A+FIRST+ROUND+-+FGCU+VS+OKLAHOMA
2025,11,Basketball,NCAA WOMEN'S BASKETBALL CHAMPIONSHIP: FIRST ROUND - COLUMBIA VS WEST VIRGINIA,2,6,http://www.asapsports.com/show_events.php?event_id=206090&category=11&year=2025&title=NCAA+WOMEN%27S+BASKETBALL+CHAMPIONSHIP%3A+FIRST+ROUND+-+COLUMBIA+VS+WEST+VIRGINIA
2025,11,Basketball,NCAA WOMEN'S BASKETBALL CHAMPIONSHIP: FIRST ROUND - VERMONT VS NC STATE,2,6,http://www.asapsports.com/show_events.php?event_id=206098&category=11&year=2025&title=NCAA+WOMEN%27S+BASKETBALL+CHAMPIONSHIP%3A+FIRST+ROUND+-+VERMONT+VS+NC+STATE
2025,11,Basketball,NCAA WOMEN'S BASKETBALL CHAMPIONSHIP: FIRST ROUND -  UNC GREENSBORO VS USC,2,6,http://www.asapsports.com/show_events.php?event_id=206103&category=11&year=2025&title=NCAA+WOMEN%27S+BASKETBALL+CHAMPIONSHIP%3A+FIRST+ROUND+-++UNC+GREENSBORO+VS+USC
2025,11,Basketball,NCAA MEN'S BASKETBALL CHAMPIONSHIP: SECOND ROUND - ARKANSAS VS ST. JOHN'S,2,4,http://www.asapsports.com/show_events.php?event_id=206104&category=11&year=2025&title=NCAA+MEN%27S+BASKETBALL+CHAMPIONSHIP%3A+SECOND+ROUND+-+ARKANSAS+VS+ST.+JOHN%27S
2025,11,Basketball,NCAA WOMEN'S BASKETBALL CHAMPIONSHIP: FIRST ROUND - SOUTH DAKOTA STATE VS OKLAHOMA STATE,2,4,http://www.asapsports.com/show_events.php?event_id=206113&category=11&year=2025&title=NCAA+WOMEN%27S+BASKETBALL+CHAMPIONSHIP%3A+FIRST+ROUND+-+SOUTH+DAKOTA+STATE+VS+OKLAHOMA+STATE
2025,11,Basketball,NCAA WOMEN'S BASKETBALL CHAMPIONSHIP: FIRST ROUND - NORFOLK STATE VS MARYLAND,2,5,http://www.asapsports.com/show_events.php?event_id=206119&category=11&year=2025&title=NCAA+WOMEN%27S+BASKETBALL+CHAMPIONSHIP%3A+FIRST+ROUND+-+NORFOLK+STATE+VS+MARYLAND
2025,11,Basketball,NCAA WOMEN'S BASKETBALL CHAMPIONSHIP: FIRST ROUND - OREGON STATE VS NORTH CAROLINA,2,6,http://www.asapsports.com/show_events.php?event_id=206120&category=11&year=2025&title=NCAA+WOMEN%27S+BASKETBALL+CHAMPIONSHIP%3A+FIRST+ROUND+-+OREGON+STATE+VS+NORTH+CAROLINA
2025,11,Basketball,NCAA WOMEN'S BASKETBALL CHAMPIONSHIP: FIRST ROUND - HARVARD VS MICHIGAN STATE,2,6,http://www.asapsports.com/show_events.php?event_id=206123&category=11&year=2025&title=NCAA+WOMEN%27S+BASKETBALL+CHAMPIONSHIP%3A+FIRST+ROUND+-+HARVARD+VS+MICHIGAN+STATE
2025,11,Basketball,NCAA WOMEN'S BASKETBALL CHAMPIONSHIP: FIRST ROUND - MISSISSIPPI STATE VS CALIFORNIA,2,6,http://www.asapsports.com/show_events.php?event_id=206126&category=11&year=2025&title=NCAA+WOMEN%27S+BASKETBALL+CHAMPIONSHIP%3A+FIRST+ROUND+-+MISSISSIPPI+STATE+VS+CALIFORNIA
2025,11,Basketball,NCAA MEN'S BASKETBALL CHAMPIONSHIP: SECOND ROUND - DRAKE VS TEXAS TECH,2,6,http://www.asapsports.com/show_events.php?event_id=206127&category=11&year=2025&title=NCAA+MEN%27S+BASKETBALL+CHAMPIONSHIP%3A+SECOND+ROUND+-+DRAKE+VS+TEXAS+TECH
2025,11,Basketball,NCAA MEN'S BASKETBALL CHAMPIONSHIP: SECOND ROUND - TEXAS A&M VS MICHIGAN,2,5,http://www.asapsports.com/show_events.php?event_id=206128&category=11&year=2025&title=NCAA+MEN%27S+BASKETBALL+CHAMPIONSHIP%3A+SECOND+ROUND+-+TEXAS+A%26M+VS+MICHIGAN
2025,11,Basketball,NCAA WOMEN'S BASKETBALL CHAMPIONSHIP: FIRST ROUND - CREIGHTON VS ILLINOIS,2,5,http://www.asapsports.com/show_events.php?event_id=206137&category=11&year=2025&title=NCAA+WOMEN%27S+BASKETBALL+CHAMPIONSHIP%3A+FIRST+ROUND+-+CREIGHTON+VS+ILLINOIS
2025,11,Basketball,NCAA MEN'S BASKETBALL CHAMPIONSHIP: SECOND ROUND - CREIGHTON VS AUBURN,2,6,http://www.asapsports.com/show_events.php?event_id=206139&category=11&year=2025&title=NCAA+MEN%27S+BASKETBALL+CHAMPIONSHIP%3A+SECOND+ROUND+-+CREIGHTON+VS+AUBURN
2025,11,Basketball,NCAA WOMEN'S BASKETBALL CHAMPIONSHIP: FIRST ROUND - GEORGE MASON VS FLORIDA STATE,2,5,http://www.asapsports.com/show_events.php?event_id=206143&category=11&year=2025&title=NCAA+WOMEN%27S+BASKETBALL+CHAMPIONSHIP%3A+FIRST+ROUND+-+GEORGE+MASON+VS+FLORIDA+STATE
2025,11,Basketball,NCAA MEN'S BASKETBALL CHAMPIONSHIP: SECOND ROUND - BYU VS WISCONSIN,2,4,http://www.asapsports.com/show_events.php?event_id=206147&category=11&year=2025&title=NCAA+MEN%27S+BASKETBALL+CHAMPIONSHIP%3A+SECOND+ROUND+-+BYU+VS+WISCONSIN
2025,11,Basketball,NCAA MEN'S BASKETBALL CHAMPIONSHIP: SECOND ROUND - GONZAGA VS HOUSTON,2,6,http://www.asapsports.com/show_events.php?event_id=206151&category=11&year=2025&title=NCAA+MEN%27S+BASKETBALL+CHAMPIONSHIP%3A+SECOND+ROUND+-+GONZAGA+VS+HOUSTON
2025,11,Basketball,NCAA MEN'S BASKETBALL CHAMPIONSHIP: SECOND ROUND - UCLA VS TENNESSEE,2,6,http://www.asapsports.com/show_events.php?event_id=206155&category=11&year=2025&title=NCAA+MEN%27S+BASKETBALL+CHAMPIONSHIP%3A+SECOND+ROUND+-+UCLA+VS+TENNESSEE
2025,11,Basketball,NCAA WOMEN'S BASKETBALL CHAMPIONSHIP: FIRST ROUND - WILLIAM & MARY VS TEXAS,2,5,http://www.asapsports.com/show_events.php?event_id=206156&category=11&year=2025&title=NCAA+WOMEN%27S+BASKETBALL+CHAMPIONSHIP%3A+FIRST+ROUND+-+WILLIAM+%26+MARY+VS+TEXAS
2025,11,Basketball,NCAA WOMEN'S BASKETBALL CHAMPIONSHIP: FIRST ROUND - SAN DIEGO STATE VS LSU,2,2,http://www.asapsports.com/show_events.php?event_id=206157&category=11&year=2025&title=NCAA+WOMEN%27S+BASKETBALL+CHAMPIONSHIP%3A+FIRST+ROUND+-+SAN+DIEGO+STATE+VS+LSU
2025,11,Basketball,NCAA WOMEN'S BASKETBALL CHAMPIONSHIP: FIRST ROUND - IOWA STATE VS MICHIGAN,2,4,http://www.asapsports.com/show_events.php?event_id=205888&category=11&year=2025&title=NCAA+WOMEN%27S+BASKETBALL+CHAMPIONSHIP%3A+FIRST+ROUND+-+IOWA+STATE+VS+MICHIGAN
2025,11,Basketball,NCAA MEN'S BASKETBALL CHAMPIONSHIP: FIRST ROUND - MISSISSIPPI STATE VS BAYLOR,2,6,http://www.asapsports.com/show_events.php?event_id=205892&category=11&year=2025&title=NCAA+MEN%27S+BASKETBALL+CHAMPIONSHIP%3A+FIRST+ROUND+-+MISSISSIPPI+STATE+VS+BAYLOR
2025,11,Basketball,NCAA WOMEN'S BASKETBALL CHAMPIONSHIP: FIRST ROUND - LIBERTY VS KENTUCKY,2,6,http://www.asapsports.com/show_events.php?event_id=205893&category=11&year=2025&title=NCAA+WOMEN%27S+BASKETBALL+CHAMPIONSHIP%3A+FIRST+ROUND+-+LIBERTY+VS+KENTUCKY
2025,11,Basketball,NCAA MEN'S BASKETBALL CHAMPIONSHIP: FIRST ROUND - ROBERT MORRIS VS ALABAMA,2,4,http://www.asapsports.com/show_events.php?event_id=205913&category=11&year=2025&title=NCAA+MEN%27S+BASKETBALL+CHAMPIONSHIP%3A+FIRST+ROUND+-+ROBERT+MORRIS+VS+ALABAMA
2025,11,Basketball,NCAA MEN'S BASKETBALL CHAMPIONSHIP: FIRST ROUND - LIPSCOMB VS IOWA STATE,2,7,http://www.asapsports.com/show_events.php?event_id=205916&category=11&year=2025&title=NCAA+MEN%27S+BASKETBALL+CHAMPIONSHIP%3A+FIRST+ROUND+-+LIPSCOMB+VS+IOWA+STATE
2025,11,Basketball,NCAA WOMEN'S BASKETBALL CHAMPIONSHIP: FIRST ROUND - INDIANA VS UTAH,2,4,http://www.asapsports.com/show_events.php?event_id=205922&category=11&year=2025&title=NCAA+WOMEN%27S+BASKETBALL+CHAMPIONSHIP%3A+FIRST+ROUND+-+INDIANA+VS+UTAH
2025,11,Basketball,NCAA WOMEN'S BASKETBALL CHAMPIONSHIP: FIRST ROUND - FAIRFIELD VS KANSAS STATE,2,5,http://www.asapsports.com/show_events.php?event_id=205929&category=11&year=2025&title=NCAA+WOMEN%27S+BASKETBALL+CHAMPIONSHIP%3A+FIRST+ROUND+-+FAIRFIELD+VS+KANSAS+STATE
2025,11,Basketball,NCAA MEN'S BASKETBALL CHAMPIONSHIP: FIRST ROUND - COLORADO STATE VS MEMPHIS,2,6,http://www.asapsports.com/show_events.php?event_id=205930&category=11&year=2025&title=NCAA+MEN%27S+BASKETBALL+CHAMPIONSHIP%3A+FIRST+ROUND+-+COLORADO+STATE+VS+MEMPHIS
2025,11,Basketball,NCAA MEN'S BASKETBALL CHAMPIONSHIP: FIRST ROUND - MOUNT ST. MARY'S VS DUKE,2,6,http://www.asapsports.com/show_events.php?event_id=205944&category=11&year=2025&title=NCAA+MEN%27S+BASKETBALL+CHAMPIONSHIP%3A+FIRST+ROUND+-+MOUNT+ST.+MARY%27S+VS+DUKE
2025,11,Basketball,NCAA WOMEN'S BASKETBALL CHAMPIONSHIP: FIRST ROUND - STEPHEN F. AUSTIN VS NOTRE DAME,2,4,http://www.asapsports.com/show_events.php?event_id=205946&category=11&year=2025&title=NCAA+WOMEN%27S+BASKETBALL+CHAMPIONSHIP%3A+FIRST+ROUND+-+STEPHEN+F.+AUSTIN+VS+NOTRE+DAME
2025,11,Basketball,NCAA MEN'S BASKETBALL CHAMPIONSHIP: FIRST ROUND - VANDERBILT VS SAINT MARY'S,2,4,http://www.asapsports.com/show_events.php?event_id=205952&category=11&year=2025&title=NCAA+MEN%27S+BASKETBALL+CHAMPIONSHIP%3A+FIRST+ROUND+-+VANDERBILT+VS+SAINT+MARY%27S
2025,11,Basketball,NCAA WOMEN'S BASKETBALL CHAMPIONSHIP: FIRST ROUND - TENNESSEE TECH VS SOUTH CAROLINA,2,4,http://www.asapsports.com/show_events.php?event_id=205968&category=11&year=2025&title=NCAA+WOMEN%27S+BASKETBALL+CHAMPIONSHIP%3A+FIRST+ROUND+-+TENNESSEE+TECH+VS+SOUTH+CAROLINA
2025,11,Basketball,NCAA WOMEN'S BASKETBALL CHAMPIONSHIP: FIRST ROUND - SOUTHERN VS UCLA,2,2,http://www.asapsports.com/show_events.php?event_id=206038&category=11&year=2025&title=NCAA+WOMEN%27S+BASKETBALL+CHAMPIONSHIP%3A+FIRST+ROUND+-+SOUTHERN+VS+UCLA
2025,11,Basketball,NCAA WOMEN'S BASKETBALL CHAMPIONSHIP: FIRST ROUND - FDU VS TCU,2,3,http://www.asapsports.com/show_events.php?event_id=205972&category=11&year=2025&title=NCAA+WOMEN%27S+BASKETBALL+CHAMPIONSHIP%3A+FIRST+ROUND+-+FDU+VS+TCU
2025,11,Basketball,NCAA MEN'S BASKETBALL CHAMPIONSHIP: FIRST ROUND - NORTH CAROLINA VS OLE MISS,2,6,http://www.asapsports.com/show_events.php?event_id=205973&category=11&year=2025&title=NCAA+MEN%27S+BASKETBALL+CHAMPIONSHIP%3A+FIRST+ROUND+-+NORTH+CAROLINA+VS+OLE+MISS
2025,11,Basketball,NCAA WOMEN'S BASKETBALL CHAMPIONSHIP: FIRST ROUND - GRAND CANYON VS BAYLOR,2,5,http://www.asapsports.com/show_events.php?event_id=205974&category=11&year=2025&title=NCAA+WOMEN%27S+BASKETBALL+CHAMPIONSHIP%3A+FIRST+ROUND+-+GRAND+CANYON+VS+BAYLOR
2025,11,Basketball,NCAA MEN'S BASKETBALL CHAMPIONSHIP: FIRST ROUND - GRAND CANYON VS MARYLAND,2,6,http://www.asapsports.com/show_events.php?event_id=205979&category=11&year=2025&title=NCAA+MEN%27S+BASKETBALL+CHAMPIONSHIP%3A+FIRST+ROUND+-+GRAND+CANYON+VS+MARYLAND
2025,11,Basketball,NCAA WOMEN'S BASKETBALL CHAMPIONSHIP: FIRST ROUND - MONTANA STATE VS OHIO STATE,2,6,http://www.asapsports.com/show_events.php?event_id=205986&category=11&year=2025&title=NCAA+WOMEN%27S+BASKETBALL+CHAMPIONSHIP%3A+FIRST+ROUND+-+MONTANA+STATE+VS+OHIO+STATE
2025,11,Basketball,NCAA WOMEN'S BASKETBALL CHAMPIONSHIP: FIRST ROUND - OREGON VS VANDERBILT,2,6,http://www.asapsports.com/show_events.php?event_id=205987&category=11&year=2025&title=NCAA+WOMEN%27S+BASKETBALL+CHAMPIONSHIP%3A+FIRST+ROUND+-+OREGON+VS+VANDERBILT
2025,11,Basketball,NCAA WOMEN'S BASKETBALL CHAMPIONSHIP: FIRST ROUND - NEBRASKA VS LOUISVILLE,2,4,http://www.asapsports.com/show_events.php?event_id=205990&category=11&year=2025&title=NCAA+WOMEN%27S+BASKETBALL+CHAMPIONSHIP%3A+FIRST+ROUND+-+NEBRASKA+VS+LOUISVILLE
2025,11,Basketball,NCAA WOMEN'S BASKETBALL CHAMPIONSHIP: FIRST ROUND - BALL STATE VS OLE MISS,2,4,http://www.asapsports.com/show_events.php?event_id=205991&category=11&year=2025&title=NCAA+WOMEN%27S+BASKETBALL+CHAMPIONSHIP%3A+FIRST+ROUND+-+BALL+STATE+VS+OLE+MISS
2025,11,Basketball,NCAA MEN'S BASKETBALL CHAMPIONSHIP: FIRST ROUND - NORFOLK STATE VS FLORIDA,2,6,http://www.asapsports.com/show_events.php?event_id=205994&category=11&year=2025&title=NCAA+MEN%27S+BASKETBALL+CHAMPIONSHIP%3A+FIRST+ROUND+-+NORFOLK+STATE+VS+FLORIDA
2025,11,Basketball,NCAA MEN'S BASKETBALL CHAMPIONSHIP: FIRST ROUND - NEW MEXICO VS MARQUETTE,2,4,http://www.asapsports.com/show_events.php?event_id=206000&category=11&year=2025&title=NCAA+MEN%27S+BASKETBALL+CHAMPIONSHIP%3A+FIRST+ROUND+-+NEW+MEXICO+VS+MARQUETTE
2025,11,Basketball,NCAA MEN'S BASKETBALL CHAMPIONSHIP: FIRST ROUND - TROY VS KENTUCKY,2,6,http://www.asapsports.com/show_events.php?event_id=206005&category=11&year=2025&title=NCAA+MEN%27S+BASKETBALL+CHAMPIONSHIP%3A+FIRST+ROUND+-+TROY+VS+KENTUCKY
2025,11,Basketball,NCAA WOMEN'S BASKETBALL CHAMPIONSHIP: FIRST ROUND - GEORGIA TECH VS RICHMOND,2,4,http://www.asapsports.com/show_events.php?event_id=206006&category=11&year=2025&title=NCAA+WOMEN%27S+BASKETBALL+CHAMPIONSHIP%3A+FIRST+ROUND+-+GEORGIA+TECH+VS+RICHMOND
2025,11,Basketball,NCAA MEN'S BASKETBALL CHAMPIONSHIP: FIRST ROUND - AKRON VS ARIZONA,2,6,http://www.asapsports.com/show_events.php?event_id=206007&category=11&year=2025&title=NCAA+MEN%27S+BASKETBALL+CHAMPIONSHIP%3A+FIRST+ROUND+-+AKRON+VS+ARIZONA
2025,11,Basketball,NCAA WOMEN'S BASKETBALL CHAMPIONSHIP: FIRST ROUND - SOUTH FLORIDA VS TENNESSEE,2,6,http://www.asapsports.com/show_events.php?event_id=206014&category=11&year=2025&title=NCAA+WOMEN%27S+BASKETBALL+CHAMPIONSHIP%3A+FIRST+ROUND+-+SOUTH+FLORIDA+VS+TENNESSEE
2025,11,Basketball,NCAA WOMEN'S BASKETBALL CHAMPIONSHIP: FIRST ROUND - LEHIGH VS DUKE,2,6,http://www.asapsports.com/show_events.php?event_id=206021&category=11&year=2025&title=NCAA+WOMEN%27S+BASKETBALL+CHAMPIONSHIP%3A+FIRST+ROUND+-+LEHIGH+VS+DUKE
2025,11,Basketball,NCAA MEN'S BASKETBALL CHAMPIONSHIP: FIRST ROUND - OKLAHOMA VS UCONN,2,6,http://www.asapsports.com/show_events.php?event_id=206027&category=11&year=2025&title=NCAA+MEN%27S+BASKETBALL+CHAMPIONSHIP%3A+FIRST+ROUND+-+OKLAHOMA+VS+UCONN
2025,11,Basketball,NCAA MEN'S BASKETBALL CHAMPIONSHIP: FIRST ROUND - BRYANT VS MICHIGAN STATE,2,4,http://www.asapsports.com/show_events.php?event_id=206032&category=11&year=2025&title=NCAA+MEN%27S+BASKETBALL+CHAMPIONSHIP%3A+FIRST+ROUND+-+BRYANT+VS+MICHIGAN+STATE
2025,11,Basketball,NCAA MEN'S BASKETBALL CHAMPIONSHIP: FIRST ROUND - LIBERTY VS OREGON,2,6,http://www.asapsports.com/show_events.php?event_id=206033&category=11&year=2025&title=NCAA+MEN%27S+BASKETBALL+CHAMPIONSHIP%3A+FIRST+ROUND+-+LIBERTY+VS+OREGON
2025,11,Basketball,NCAA WOMEN'S BASKETBALL CHAMPIONSHIP: FIRST ROUND - SOUTHERN JAGUARS VS UCLA,2,2,http://www.asapsports.com/show_events.php?event_id=206034&category=11&year=2025&title=NCAA+WOMEN%27S+BASKETBALL+CHAMPIONSHIP%3A+FIRST+ROUND+-+SOUTHERN+JAGUARS+VS+UCLA
2025,11,Basketball,NCAA MEN'S BASKETBALL CHAMPIONSHIP: FIRST ROUND - XAVIER VS ILLINOIS,2,6,http://www.asapsports.com/show_events.php?event_id=206036&category=11&year=2025&title=NCAA+MEN%27S+BASKETBALL+CHAMPIONSHIP%3A+FIRST+ROUND+-+XAVIER+VS+ILLINOIS
2025,11,Basketball,NCAA WOMEN'S BASKETBALL CHAMPIONSHIP: FIRST ROUND - FAIRLEIGH DICKINSON VS TCU,1,1,http://www.asapsports.com/show_events.php?event_id=205748&category=11&year=2025&title=NCAA+WOMEN%27S+BASKETBALL+CHAMPIONSHIP%3A+FIRST+ROUND+-+FAIRLEIGH+DICKINSON+VS+TCU
2025,11,Basketball,NCAA MEN'S BASKETBALL CHAMPIONSHIP: FIRST ROUND - CREIGHTON VS LOUISVILLE,2,4,http://www.asapsports.com/show_events.php?event_id=205774&category=11&year=2025&title=NCAA+MEN%27S+BASKETBALL+CHAMPIONSHIP%3A+FIRST+ROUND+-+CREIGHTON+VS+LOUISVILLE
2025,11,Basketball,NCAA MEN'S BASKETBALL CHAMPIONSHIP: FIRST ROUND - HIGH POINT VS PURDUE,2,6,http://www.asapsports.com/show_events.php?event_id=205779&category=11&year=2025&title=NCAA+MEN%27S+BASKETBALL+CHAMPIONSHIP%3A+FIRST+ROUND+-+HIGH+POINT+VS+PURDUE
2025,11,Basketball,NCAA MEN'S BASKETBALL CHAMPIONSHIP: FIRST ROUND - MONTANA VS WISCONSIN,2,5,http://www.asapsports.com/show_events.php?event_id=205789&category=11&year=2025&title=NCAA+MEN%27S+BASKETBALL+CHAMPIONSHIP%3A+FIRST+ROUND+-+MONTANA+VS+WISCONSIN
2025,11,Basketball,NCAA MEN'S BASKETBALL CHAMPIONSHIP: FIRST ROUND - SIU EDWARDSVILLE VS HOUSTON,2,4,http://www.asapsports.com/show_events.php?event_id=205803&category=11&year=2025&title=NCAA+MEN%27S+BASKETBALL+CHAMPIONSHIP%3A+FIRST+ROUND+-+SIU+EDWARDSVILLE+VS+HOUSTON
2025,11,Basketball,NCAA MEN'S BASKETBALL CHAMPIONSHIP: FIRST ROUND - ALABAMA STATE VS AUBURN,2,6,http://www.asapsports.com/show_events.php?event_id=205814&category=11&year=2025&title=NCAA+MEN%27S+BASKETBALL+CHAMPIONSHIP%3A+FIRST+ROUND+-+ALABAMA+STATE+VS+AUBURN
2025,11,Basketball,NCAA MEN'S BASKETBALL CHAMPIONSHIP: FIRST ROUND - MCNEESE VS CLEMSON,2,6,http://www.asapsports.com/show_events.php?event_id=205829&category=11&year=2025&title=NCAA+MEN%27S+BASKETBALL+CHAMPIONSHIP%3A+FIRST+ROUND+-+MCNEESE+VS+CLEMSON
2025,11,Basketball,NCAA MEN'S BASKETBALL CHAMPIONSHIP: FIRST ROUND - VCU VS BYU,2,5,http://www.asapsports.com/show_events.php?event_id=205832&category=11&year=2025&title=NCAA+MEN%27S+BASKETBALL+CHAMPIONSHIP%3A+FIRST+ROUND+-+VCU+VS+BYU
2025,11,Basketball,NCAA MEN'S BASKETBALL CHAMPIONSHIP: FIRST ROUND - GEORGIA VS GONZAGA,2,6,http://www.asapsports.com/show_events.php?event_id=205837&category=11&year=2025&title=NCAA+MEN%27S+BASKETBALL+CHAMPIONSHIP%3A+FIRST+ROUND+-+GEORGIA+VS+GONZAGA
2025,11,Basketball,NCAA MEN'S BASKETBALL CHAMPIONSHIP: FIRST ROUND - WOFFORD VS TENNESSEE,2,6,http://www.asapsports.com/show_events.php?event_id=205840&category=11&year=2025&title=NCAA+MEN%27S+BASKETBALL+CHAMPIONSHIP%3A+FIRST+ROUND+-+WOFFORD+VS+TENNESSEE
2025,11,Basketball,NCAA MEN'S BASKETBALL CHAMPIONSHIP: FIRST ROUND - ARKANSAS VS KANSAS,2,6,http://www.asapsports.com/show_events.php?event_id=205842&category=11&year=2025&title=NCAA+MEN%27S+BASKETBALL+CHAMPIONSHIP%3A+FIRST+ROUND+-+ARKANSAS+VS+KANSAS
2025,11,Basketball,NCAA MEN'S BASKETBALL CHAMPIONSHIP: FIRST ROUND - DRAKE VS MISSOURI,2,6,http://www.asapsports.com/show_events.php?event_id=205844&category=11&year=2025&title=NCAA+MEN%27S+BASKETBALL+CHAMPIONSHIP%3A+FIRST+ROUND+-+DRAKE+VS+MISSOURI
2025,11,Basketball,NCAA WOMEN'S BASKETBALL CHAMPIONSHIP: FIRST FOUR - WASHINGTON VS COLUMBIA,2,6,http://www.asapsports.com/show_events.php?event_id=205845&category=11&year=2025&title=NCAA+WOMEN%27S+BASKETBALL+CHAMPIONSHIP%3A+FIRST+FOUR+-+WASHINGTON+VS+COLUMBIA
2025,11,Basketball,NCAA MEN'S BASKETBALL CHAMPIONSHIP: FIRST ROUND - YALE VS TEXAS A&M,2,4,http://www.asapsports.com/show_events.php?event_id=205846&category=11&year=2025&title=NCAA+MEN%27S+BASKETBALL+CHAMPIONSHIP%3A+FIRST+ROUND+-+YALE+VS+TEXAS+A%26M
2025,11,Basketball,NCAA MEN'S BASKETBALL CHAMPIONSHIP: FIRST ROUND - UTAH STATE VS UCLA,2,6,http://www.asapsports.com/show_events.php?event_id=205850&category=11&year=2025&title=NCAA+MEN%27S+BASKETBALL+CHAMPIONSHIP%3A+FIRST+ROUND+-+UTAH+STATE+VS+UCLA
2025,11,Basketball,NCAA WOMEN'S BASKETBALL CHAMPIONSHIP: FIRST FOUR - WILLIAM & MARY VS HIGH POINT,2,6,http://www.asapsports.com/show_events.php?event_id=205851&category=11&year=2025&title=NCAA+WOMEN%27S+BASKETBALL+CHAMPIONSHIP%3A+FIRST+FOUR+-+WILLIAM+%26+MARY+VS+HIGH+POINT
2025,11,Basketball,NCAA MEN'S BASKETBALL CHAMPIONSHIP: FIRST ROUND - OMAHA VS ST. JOHN'S,2,6,http://www.asapsports.com/show_events.php?event_id=205854&category=11&year=2025&title=NCAA+MEN%27S+BASKETBALL+CHAMPIONSHIP%3A+FIRST+ROUND+-+OMAHA+VS+ST.+JOHN%27S
2025,11,Basketball,NCAA MEN'S BASKETBALL CHAMPIONSHIP: FIRST ROUND - UC SAN DIEGO VS MICHIGAN,2,4,http://www.asapsports.com/show_events.php?event_id=205855&category=11&year=2025&title=NCAA+MEN%27S+BASKETBALL+CHAMPIONSHIP%3A+FIRST+ROUND+-+UC+SAN+DIEGO+VS+MICHIGAN
2025,11,Basketball,NCAA MEN'S BASKETBALL CHAMPIONSHIP: FIRST ROUND - UNC WILMINGTON VS TEXAS TECH,2,6,http://www.asapsports.com/show_events.php?event_id=205858&category=11&year=2025&title=NCAA+MEN%27S+BASKETBALL+CHAMPIONSHIP%3A+FIRST+ROUND+-+UNC+WILMINGTON+VS+TEXAS+TECH
2025,11,Basketball,NCAA MEN'S BASKETBALL CHAMPIONSHIP: FIRST FOUR,3,16,http://www.asapsports.com/show_events.php?event_id=205706&category=11&year=2025&title=NCAA+MEN%27S+BASKETBALL+CHAMPIONSHIP%3A+FIRST+FOUR
2025,11,Basketball,NCAA WOMEN'S BASKETBALL CHAMPIONSHIP: FIRST FOUR - PRINCETON VS IOWA STATE,2,6,http://www.asapsports.com/show_events.php?event_id=205707&category=11&year=2025&title=NCAA+WOMEN%27S+BASKETBALL+CHAMPIONSHIP%3A+FIRST+FOUR+-+PRINCETON+VS+IOWA+STATE
2025,11,Basketball,NCAA WOMEN'S BASKETBALL CHAMPIONSHIP: FIRST FOUR - SOUTHERN VS UC SAN DIEGO,2,4,http://www.asapsports.com/show_events.php?event_id=205709&category=11&year=2025&title=NCAA+WOMEN%27S+BASKETBALL+CHAMPIONSHIP%3A+FIRST+FOUR+-+SOUTHERN+VS+UC+SAN+DIEGO
2025,11,Basketball,SOUTHEASTERN CONFERENCE MEN'S BASKETBALL TOURNAMENT,5,30,http://www.asapsports.com/show_events.php?event_id=205578&category=11&year=2025&title=SOUTHEASTERN+CONFERENCE+MEN%27S+BASKETBALL+TOURNAMENT
2025,11,Basketball,BIG TEN CONFERENCE MEN'S BASKETBALL TOURNAMENT,5,28,http://www.asapsports.com/show_events.php?event_id=205581&category=11&year=2025&title=BIG+TEN+CONFERENCE+MEN%27S+BASKETBALL+TOURNAMENT
2025,11,Basketball,AMERICAN ATHLETIC CONFERENCE MEN'S BASKETBALL CHAMPIONSHIP,5,24,http://www.asapsports.com/show_events.php?event_id=205590&category=11&year=2025&title=AMERICAN+ATHLETIC+CONFERENCE+MEN%27S+BASKETBALL+CHAMPIONSHIP
2025,11,Basketball,NCAA 2025 WOMEN'S BASKETBALL CHAMPIONSHIP,1,1,http://www.asapsports.com/show_events.php?event_id=205595&category=11&year=2025&title=NCAA+2025+WOMEN%27S+BASKETBALL+CHAMPIONSHIP
2025,11,Basketball,NCAA 2025 BASKETBALL CHAMPIONSHIP,2,2,http://www.asapsports.com/show_events.php?event_id=205600&category=11&year=2025&title=NCAA+2025+BASKETBALL+CHAMPIONSHIP
2025,11,Basketball,BIG EAST CONFERENCE MEN'S BASKETBALL TOURNAMENT,4,20,http://www.asapsports.com/show_events.php?event_id=205553&category=11&year=2025&title=BIG+EAST+CONFERENCE+MEN%27S+BASKETBALL+TOURNAMENT
2025,11,Basketball,BIG 12 CONFERENCE MEN'S BASKETBALL CHAMPIONSHIP,5,30,http://www.asapsports.com/show_events.php?event_id=205555&category=11&year=2025&title=BIG+12+CONFERENCE+MEN%27S+BASKETBALL+CHAMPIONSHIP
2025,11,Basketball,MOUNTAIN WEST MEN'S BASKETBALL CHAMPIONSHIP,4,20,http://www.asapsports.com/show_events.php?event_id=205558&category=11&year=2025&title=MOUNTAIN+WEST+MEN%27S+BASKETBALL+CHAMPIONSHIP
2025,11,Basketball,ATLANTIC COAST CONFERENCE MEN'S BASKETBALL CHAMPIONSHIP,5,28,http://www.asapsports.com/show_events.php?event_id=205568&category=11&year=2025&title=ATLANTIC+COAST+CONFERENCE+MEN%27S+BASKETBALL+CHAMPIONSHIP
2025,11,Basketball,AMERICAN ATHLETIC CONFERENCE WOMEN'S BASKETBALL CHAMPIONSHIP,5,24,http://www.asapsports.com/show_events.php?event_id=205359&category=11&year=2025&title=AMERICAN+ATHLETIC+CONFERENCE+WOMEN%27S+BASKETBALL+CHAMPIONSHIP
2025,11,Basketball,MOUNTAIN WEST WOMEN'S BASKETBALL CHAMPIONSHIP,4,20,http://www.asapsports.com/show_events.php?event_id=205378&category=11&year=2025&title=MOUNTAIN+WEST+WOMEN%27S+BASKETBALL+CHAMPIONSHIP
2025,11,Basketball,BIG EAST CONFERENCE WOMEN'S BASKETBALL TOURNAMENT,4,20,http://www.asapsports.com/show_events.php?event_id=205279&category=11&year=2025&title=BIG+EAST+CONFERENCE+WOMEN%27S+BASKETBALL+TOURNAMENT
2025,11,Basketball,ATLANTIC COAST CONFERENCE WOMEN'S BASKETBALL CHAMPIONSHIP,5,28,http://www.asapsports.com/show_events.php?event_id=205219&category=11&year=2025&title=ATLANTIC+COAST+CONFERENCE+WOMEN%27S+BASKETBALL+CHAMPIONSHIP
2025,11,Basketball,BIG 12 CONFERENCE WOMEN'S BASKETBALL CHAMPIONSHIP,5,30,http://www.asapsports.com/show_events.php?event_id=205234&category=11&year=2025&title=BIG+12+CONFERENCE+WOMEN%27S+BASKETBALL+CHAMPIONSHIP
2025,11,Basketball,SOUTHEASTERN CONFERENCE WOMEN'S BASKETBALL TOURNAMENT,5,30,http://www.asapsports.com/show_events.php?event_id=205235&category=11&year=2025&title=SOUTHEASTERN+CONFERENCE+WOMEN%27S+BASKETBALL+TOURNAMENT
2025,11,Basketball,BIG TEN CONFERENCE WOMEN'S BASKETBALL TOURNAMENT,5,28,http://www.asapsports.com/show_events.php?event_id=205239&category=11&year=2025&title=BIG+TEN+CONFERENCE+WOMEN%27S+BASKETBALL+TOURNAMENT
2025,11,Basketball,NBA ALL-STAR GAME,1,2,http://www.asapsports.com/show_events.php?event_id=204675&category=11&year=2025&title=NBA+ALL-STAR+GAME
2025,11,Basketball,ALL-STAR GAME: KENNY'S YOUNG STARS VS. CHUCK'S GLOBAL STARS,1,3,http://www.asapsports.com/show_events.php?event_id=204677&category=11&year=2025&title=ALL-STAR+GAME%3A+KENNY%27S+YOUNG+STARS+VS.+CHUCK%27S+GLOBAL+STARS
2025,11,Basketball,ALL-STAR GAME: SHAQ'S OGS VS. CANDACE'S RISING STARS,1,2,http://www.asapsports.com/show_events.php?event_id=204680&category=11&year=2025&title=ALL-STAR+GAME%3A+SHAQ%27S+OGS+VS.+CANDACE%27S+RISING+STARS
2025,11,Basketball,ALL-STAR GAME: SHAQ'S OGS VS. CHUCK'S GLOBAL STARS,1,6,http://www.asapsports.com/show_events.php?event_id=204683&category=11&year=2025&title=ALL-STAR+GAME%3A+SHAQ%27S+OGS+VS.+CHUCK%27S+GLOBAL+STARS
2025,11,Basketball,NBA ALL-STAR MEDIA DAY,1,9,http://www.asapsports.com/show_events.php?event_id=204643&category=11&year=2025&title=NBA+ALL-STAR+MEDIA+DAY
2025,11,Basketball,KIA SKILLS CHALLENGE,1,2,http://www.asapsports.com/show_events.php?event_id=204657&category=11&year=2025&title=KIA+SKILLS+CHALLENGE
2025,11,Basketball,STARRY 3-POINT CONTEST,1,2,http://www.asapsports.com/show_events.php?event_id=204659&category=11&year=2025&title=STARRY+3-POINT+CONTEST
2025,11,Basketball,AT&T SLAM DUNK,1,2,http://www.asapsports.com/show_events.php?event_id=204664&category=11&year=2025&title=AT%26T+SLAM+DUNK
2025,11,Basketball,CASTROL RISING STARS POSTGAME,1,7,http://www.asapsports.com/show_events.php?event_id=204625&category=11&year=2025&title=CASTROL+RISING+STARS+POSTGAME
2025,11,Basketball,NBA PARIS GAMES 2025: PACERS VS. SPURS,1,1,http://www.asapsports.com/show_events.php?event_id=204100&category=11&year=2025&title=NBA+PARIS+GAMES+2025%3A+PACERS+VS.+SPURS
2025,14,Soccer,CHICAGO FIRE MEDIA CONFERENCE,47,11,http://www.asapsports.com/show_events.php?event_id=213530&category=14&year=2025&title=CHICAGO+FIRE+MEDIA+CONFERENCE
2025,14,Soccer,NEW YORK RED BULLS MEDIA CONFERENCE,16,2,http://www.asapsports.com/show_events.php?event_id=213984&category=14&year=2025&title=NEW+YORK+RED+BULLS+MEDIA+CONFERENCE
