recency,narrative,prestige,bandwagon,anchoring,star_power,polarization,season,checkpoint,team,pdiff,ros,crowd_naive,n_personas,crowd_learned
,,-0.6096620443330625,,,,1.0718645820548114,2018,preseason,ATL,,0.2926829268292683,0.23110126886087445,2,
,,-0.6714554794088383,,,,-1.0898110265900702,2018,preseason,BKN,,0.34146341463414637,-0.8806332529994543,2,
,,0.9925954374736343,,,,2.8857063141312307,2018,preseason,BOS,,0.6707317073170732,1.9391508758024325,2,
,,-0.29143716323765556,,,,0.9757721648271134,2018,preseason,CHA,,0.43902439024390244,0.3421675007947289,2,
,,0.950862020836004,,,,0.045154620234247184,2018,preseason,CHI,,0.32926829268292684,0.4980083205351256,2,
,,2.2703069582015796,,,,0.3787562897271254,2018,preseason,CLE,,0.6097560975609756,1.3245316239643525,2,
,,-0.06299790965744444,,,,0.38366220838853077,2018,preseason,DAL,,0.2926829268292683,0.16033214936554316,2,
,,-1.289775363631008,,,,-0.08772264309219108,2018,preseason,DEN,,0.5609756097560976,-0.6887490033615996,2,
,,-0.4061697499746967,,,,0.9004844094123005,2018,preseason,DET,,0.47560975609756095,0.2471573297188019,2,
,,2.9256648576682474,,,,0.5090345359255146,2018,preseason,GSW,,0.7073170731707317,1.717349696796881,2,
,,-0.0019802012855284087,,,,-1.209218360302505,2018,preseason,HOU,,0.7926829268292683,-0.6055992807940167,2,
,,-0.8175078287171033,,,,-0.1777533699076999,2018,preseason,IND,,0.5853658536585366,-0.4976305993124016,2,
,,0.09987342969385939,,,,-0.04945097936669705,2018,preseason,LAC,,0.5121951219512195,0.02521122516358117,2,
,,1.4474575212222636,,,,-0.7063405679243608,2018,preseason,LAL,,0.4268292682926829,0.37055847664895136,2,
,,-0.9770536286101343,,,,-0.7898499072620694,2018,preseason,MEM,,0.2682926829268293,-0.8834517679361018,2,
,,0.486381625207355,,,,0.17582829664381477,2018,preseason,MIA,,0.5365853658536586,0.3311049609255849,2,
,,-0.4051791781298731,,,,0.2832492921056365,2018,preseason,MIL,,0.5365853658536586,-0.0609649430121183,2,
,,-0.5929397553678944,,,,-0.9432818595898126,2018,preseason,MIN,,0.573170731707317,-0.7681108074788535,2,
,,-0.7871002406019703,,,,-1.4817978605865976,2018,preseason,NOP,,0.5853658536585366,-1.134449050594284,2,
,,0.6468358638544128,,,,-0.31926529582976304,2018,preseason,NYK,,0.35365853658536583,0.1637852840123249,2,
,,0.6353443656508826,,,,-0.7086592942878469,2018,preseason,OKC,,0.5853658536585366,-0.03665746431848216,2,
,,-0.7711652793312155,,,,-0.0004023260136318074,2018,preseason,ORL,,0.3048780487804878,-0.3857838026724236,2,
,,,,,,,2018,preseason,PHI,,0.6341463414634146,,0,
,,-1.0462464738021713,,,,1.8222754497505327,2018,preseason,PHX,,0.25609756097560976,0.3880144879741807,2,
,,-0.8961836822429978,,,,-0.7415674680793193,2018,preseason,POR,,0.5975609756097561,-0.8188755751611585,2,
,,-0.3335375375747265,,,,-0.43438645058890357,2018,preseason,SAC,,0.32926829268292684,-0.38396199408181503,2,
,,0.5696036052420925,,,,-0.02249556479834239,2018,preseason,SAS,,0.573170731707317,0.2735540202218751,2,
,,0.15898077498417904,,,,-1.369340220216863,2018,preseason,TOR,,0.7195121951219512,-0.605179722616342,2,
,,-0.4833730095358573,,,,-0.7489060243565793,2018,preseason,UTA,,0.5853658536585366,-0.6161395169462183,2,
,,-0.7401419345923883,,,,1.4484610555924242,2018,preseason,WAS,,0.524390243902439,0.35415956050001796,2,
0.5521226575101098,1.2501664553554235,-0.6123441860583871,1.2845525666703541,-0.8281310314361332,,0.1321797982535461,2018,25%,ATL,-6.0,0.3225806451612903,0.29642437671581884,6,
0.3768557566869248,-0.7918443103773057,-0.652300281281057,-0.1156097310003321,0.9091622952703031,,0.11377164181894191,2018,25%,BKN,-3.0952380952380953,0.32786885245901637,-0.026660771480420852,6,
-0.7810098322158482,1.411740024461892,1.0388752667654173,0.36823840244550193,0.5337032979234905,,0.07108937988813939,2018,25%,BOS,7.0,0.6166666666666667,0.44043942321143215,6,
-0.09995301681236962,-0.3321499359936967,-0.29994244160379685,-0.3982112956678093,0.48915731518742933,,-0.6612164695544093,2018,25%,CHA,-1.35,0.45161290322580644,-0.21705264074077543,6,
-1.54672208604014,0.1722705667006717,0.9368297257437411,-0.5095391847792408,0.32370080788205324,,0.7747183585810868,2018,25%,CHI,-12.157894736842104,0.38095238095238093,0.02520969801469534,6,
1.9901392768625403,-0.5252874639354251,2.2732604317423952,-0.24406498766736814,0.7182509406871772,,1.9883117770243537,2018,25%,CLE,2.238095238095238,0.5901639344262295,1.0334349957856122,6,
0.9209735439955525,0.3476029269592233,-0.059384535521914514,0.6379944414462747,0.13278945329893044,,-0.974665673158963,2018,25%,DAL,-5.2727272727272725,0.31666666666666665,0.16755169283651727,6,
0.044952688592625765,-0.4215067534549307,-1.291152519877746,-0.877777587224742,-0.2235784085895712,,-0.34213776308760085,2018,25%,DEN,-0.15,0.5645161290322581,-0.5185333906069941,6,
-0.05648130519087095,0.8953343062827267,-0.3778601606118937,2.025311213450258,-1.9290531761988203,,-0.5841823674510981,2018,25%,DET,3.4,0.4032258064516129,-0.004488581619949676,6,
-0.37000455870349735,1.2578824506800124,2.9160981525317395,-0.12845525666703567,0.8900711598119906,,1.1897010650973203,2018,25%,GSW,10.181818181818182,0.7,0.9592155021250882,6,
1.3318533580227039,0.4740724058674866,0.009154634035699154,-0.8949049547803468,-0.24903325586732133,,0.25122383997347836,2018,25%,HOU,10.80952380952381,0.7868852459016393,0.15372767120861663,6,
0.48098712940220295,-0.1469052027819928,-0.8325317677382458,-1.1560973100033187,-0.6372196768530086,,-0.5640692285170361,2018,25%,IND,0.5454545454545454,0.6,-0.47597267608189986,6,
-1.529943530677456,-0.4330001978462675,0.09560791395573603,0.27831972277857653,0.6673412461316788,,0.5128566217244793,2018,25%,LAC,-0.3157894736842105,0.5396825396825397,-0.06813637065554214,6,
-0.11582364169005961,-2.5320336282818547,1.4685084955341994,0.25262867144517026,0.7055235170483026,,0.7016229777131346,2018,25%,LAL,-2.0952380952380953,0.4426229508196721,0.08007106529481543,6,
-1.7808591995103165,-1.9292440211738808,-0.987388978482512,0.24834682955626838,0.7118872288677411,,1.952314689576419,2018,25%,MEM,-2.45,0.24193548387096775,-0.2974905751943801,6,
-0.46083722598766785,-0.13765476882391073,0.458403747376594,-0.24834682955626755,0.7118872288677424,,-0.21575836928584183,2018,25%,MIA,-2.9047619047619047,0.5573770491803278,0.01794896376510807,6,
0.37365984137974695,0.5047990069750888,-0.3692300443071894,2.2779398848954284,-2.3045121735456333,,0.04172035414830065,2018,25%,MIL,-1.6842105263157894,0.5396825396825397,0.08739614492429038,6,
1.2344967975081789,0.7580603641749836,-0.5796273723926956,-2.1452027863394907,-2.1072371071430696,,-1.260115794050483,2018,25%,MIN,0.5454545454545454,0.5666666666666667,-0.6832709830404294,6,
-0.3311121182917672,-1.1473890283845678,-0.7883321161093831,0.7450404886688051,-0.026303342187008312,,-1.8387656947887585,2018,25%,NOP,-0.9523809523809523,0.6065573770491803,-0.5644769685154466,6,
0.5341819511266341,0.5382442845758771,0.6463294333895913,0.2569105133340713,0.6991598052288652,,2.1235512354580606,2018,25%,NYK,0.7619047619047619,0.29508196721311475,0.7997295371855166,6,
-0.7665192616753486,0.0690756669425836,0.6298621351964471,-2.021029371561357,-1.9226894643793828,,0.2239016482738591,2018,25%,OKC,3.05,0.6451612903225806,-0.6312331078671999,6,
-2.6331682122106077,1.8919219862497374,-0.7733603478525634,0.5138210266681416,0.3173370960626163,,0.20090366829684406,2018,25%,ORL,-2.909090909090909,0.26666666666666666,-0.08042413046430531,6,
0.34925466994311605,,,0.49669365911253716,0.3427919433403658,,,2018,25%,PHI,1.1,0.6451612903225806,0.39624675746533966,3,
0.61386508850876,0.12898110122656153,-1.0144494230158956,1.1346881005588123,-0.6054011177558202,,-0.3590071564653497,2018,25%,PHX,-8.91304347826087,0.22033898305084745,-0.016887234490488595,6,
-0.3835541831050036,-1.8846051015710616,-0.9167121455389498,-1.3786018413301427e-17,1.0809825143951157,,-0.7331020684611533,2018,25%,POR,4.428571428571429,0.5901639344262295,-0.4728318307135088,6,
-0.5602011382653785,0.4302489841416669,-0.34882744382988323,0.2569105133340709,0.6991598052288659,,0.31142987111787107,2018,25%,SAC,-10.761904761904763,0.3442622950819672,0.1314534319545355,6,
0.7315297213448662,-0.3822743856969252,0.5466718948686068,-0.1241734147781338,0.8964348716314291,,-0.22806945577638033,2018,25%,SAS,3.380952380952381,0.5409836065573771,0.2400198719322438,6,
0.668047221834106,0.3776504185643496,0.13043870616016454,0.13273709855593627,0.8837074479925539,,-1.4316971349663736,2018,25%,TOR,7.3,0.7419354838709677,0.1268139596901228,6,
1.1496861855135672,-0.09323675338417971,-0.4935244347191076,-0.5052573428903389,0.3300645197014918,,0.23569707286326858,2018,25%,UTA,2.238095238095238,0.6229508196721312,0.10390487451411685,6,
0.06358342214469664,0.24908060254771422,-0.7530723383591793,-1.541463080004425,-1.2099537406023833,,-1.632206824245707,2018,25%,WAS,3.2857142857142856,0.5245901639344263,-0.8040053264198807,6,
0.8078610077582304,-1.5857440672927186,-0.6122977731967941,-1.545515690979982,0.8028636729774329,,0.17728911525953372,2018,50%,ATL,-4.309523809523809,0.325,-0.32592395591238293,6,
-0.16379329206281457,0.7888024567125628,-0.6354380816798753,-0.014092848246017621,0.7960054980943678,,-1.6382847007757568,2018,50%,BKN,-2.8333333333333335,0.3,-0.1444668279929223,6,
0.10626097163275738,0.055886523951544684,1.0585142936676868,-0.2724617327563494,0.8097218478604961,,0.6358779223630638,2018,50%,BOS,5.2727272727272725,0.5526315789473685,0.39896663778653324,6,
0.594705154368727,0.22225929276253298,-0.2886441686424461,0.6952471801368917,0.6245511260177514,,-1.552947448621949,2018,50%,CHA,-0.725,0.47619047619047616,0.04919518933691799,6,
0.7496393786078349,1.0007630847860338,0.9239985481763927,0.5543186976767106,0.9948925697032406,,-0.280921959847437,2018,50%,CHI,-6.095238095238095,0.3,0.6571150531837959,6,
-2.4072667353247215,0.17303873006094275,2.2737655697955366,3.024932890353654e-17,0.6108347762516213,,1.797868890939445,2018,50%,CLE,1.0238095238095237,0.6,0.4080402052871374,6,
1.147742931728705,-0.8326822752456187,-0.0545329843656571,-0.1409284824601801,0.18562793350161672,,0.025861529186704504,2018,50%,DAL,-1.8604651162790697,0.23076923076923078,0.05518144205759503,6,
0.7017682613063987,-0.051008681189212014,-1.2902153509312733,-0.4227854473805422,-1.0214108459177584,,-0.6209295776301618,2018,50%,DEN,1.380952380952381,0.6,-0.4507636069570915,6,
-0.08454718571922076,-0.5966456245579435,-0.3613592531248851,-1.113335011435428,-0.6167785278169454,,0.32125909036007927,2018,50%,DET,0.875,0.40476190476190477,-0.4085677520490572,6,
-0.6770763782005911,0.9434013375282394,2.906078650463948,3.024932890353654e-17,0.7960054980943672,,1.0484512247272078,2018,50%,GSW,9.255813953488373,0.6153846153846154,0.8361433887688619,6,
-1.7010020838260755,-0.33178993675885177,0.025061168232654737,0.8502685108430903,0.8097218478604961,,-0.4561341366438154,2018,50%,HOU,8.024390243902438,0.8536585365853658,-0.13397910504875024,6,
-0.9193806570368364,-0.06153685562138963,-0.8414633570535701,-0.8455708947610845,-2.084427952792775,,-0.1854831954781501,2018,50%,IND,0.5476190476190477,0.65,-0.8229771521239676,6,
1.4845257198839386,-1.3741903410454297,0.08591961702734424,-0.15502133070619958,0.7822891483282397,,0.7199014280729016,2018,50%,LAC,0.0,0.5365853658536586,0.2572373735934658,6,
-0.9329499256193134,0.35052209174948723,1.4958815386798336,0.27246173275634855,0.19934428326774556,,1.2098633336903393,2018,50%,LAL,-3.902439024390244,0.5121951219512195,0.43252050908740686,6,
0.8702165303604968,-2.3433206292465667,-0.9826968973490813,0.7140376444649159,-0.4384659808572649,,-0.3770561617815379,2018,50%,MEM,-3.4390243902439024,0.21951219512195122,-0.42621424906817307,6,
0.7575600446873738,-0.3070632335597665,0.43983053981805853,-0.859663743007103,-0.6510694022322675,,1.2287289684812435,2018,50%,MIA,-1.024390243902439,0.4878048780487805,0.10138719569792314,6,
-0.25899906721010096,1.0587798523793195,-0.36426307901339744,-1.3810991281097715,-0.6304948775830755,,0.5738300404334183,2018,50%,MIL,-0.6829268292682927,0.5365853658536586,-0.16704104318393456,6,
1.5610959836756706,-0.8729273422053428,-0.5752876387586541,0.8502685108430903,-1.1928652179943737,,0.8904369815482291,2018,50%,MIN,3.8181818181818183,0.5,0.11012021285143657,6,
0.8861209753967025,0.42288532882838126,-0.7967444321219622,-0.8173851982690482,1.0017507445863063,,-1.2659809411636955,2018,50%,NOP,-0.0975609756097561,0.6585365853658537,-0.09489225379055262,6,
-1.4226742956924776,-0.40069933370625077,0.6431341275887907,-0.27715934883835525,0.9948925697032406,,1.6031448268082797,2018,50%,NYK,-1.0,0.25,0.19010642431053792,6,
0.23211378615987496,0.6850867816606477,0.6184873526156432,0.5637139298407233,-1.4123268142524419,,-0.06685333891024511,2018,50%,OKC,2.8095238095238093,0.65,0.10337028285236703,6,
-0.8900140885351382,1.4445619478198313,-0.7846184610398453,-0.15032371462419278,0.3982313548766193,,-1.298019707040185,2018,50%,ORL,-5.8604651162790695,0.3333333333333333,-0.21336377809048512,6,
0.5858226237675769,,,-0.40869259913452405,0.8028636729774317,,,2018,50%,PHI,0.3076923076923077,0.7674418604651163,0.3266645658701615,3,
0.5266219546994466,0.26129460897371176,-1.0243542305734996,-2.3816913535770547,-0.6579275771153332,,-0.4987235130307355,2018,50%,PHX,-6.674418604651163,0.1282051282051282,-0.6291300184372441,6,
-0.34363343543848085,-1.0616766088419676,-0.9181657851824911,1.41868005676582,-1.0694180700992109,,-1.193865313964607,2018,50%,POR,0.9285714285714286,0.675,-0.5280131927934896,6,
-0.06814572677563378,-0.790909242599887,-0.35999498494566035,-0.41339021521652997,0.8097218478604974,,0.6457647937945902,2018,50%,SAC,-8.585365853658537,0.34146341463414637,-0.02949225464710396,6,
0.015445077368144615,1.1166377744098048,0.5289906230155672,0.009395232164011797,0.8165800227435618,,0.7160822206299904,2018,50%,SAS,2.9069767441860463,0.48717948717948717,0.5338551583885135,6,
-0.28832288774560494,-0.8936452184818852,0.13480608623482027,2.3441104249210065,-2.633081943437945,,0.08427922228528545,2018,50%,TOR,8.325,0.7142857142857143,-0.20864238603738713,6,
-1.8159937459529272,0.7682389634117567,-0.4937935347514149,1.5220276105699522,-0.4110332813250069,,-0.23274950955132656,2018,50%,UTA,-0.9523809523809523,0.775,-0.11055058293316107,6,
0.9462991037380599,2.211680615318033,-0.7505981025856794,1.4045872085198015,0.5834020767193636,,-2.010690084140796,2018,50%,WAS,2.380952380952381,0.475,0.39744680292813045,6,
0.08688601061786888,0.011618588142424323,-0.635179468366651,-0.7863631939083792,-0.09543772808741215,,-0.1976199864162641,2018,75%,ATL,-4.45,0.2727272727272727,-0.2693492963364022,6,
-1.0241397068080644,-0.20018446625596253,-0.6363634579443881,-0.3229027607836345,0.5018708114941514,,-0.850232438963321,2018,75%,BKN,-4.433333333333334,0.4090909090909091,-0.42199200321020314,6,
-0.6561868208096314,0.3727515967104734,1.0790741750596404,-0.22413250454393402,0.9165312852532552,,0.059224631755420844,2018,75%,BOS,3.737704918032787,0.6190476190476191,0.25787706057087073,6,
0.14303893496430595,0.29623753390661994,-0.30073244947031824,-1.120662522719671,-0.11518346493308405,,0.07070046110444961,2018,75%,CHA,0.21666666666666667,0.4090909090909091,-0.171100251191283,6,
-0.8114927971765207,0.8869471153498688,0.9081338903059862,-0.45586272110630616,0.47225220622564446,,0.5217486994276286,2018,75%,CHI,-6.016949152542373,0.30434782608695654,0.2536210655043835,6,
-0.01814579097443772,-0.2072445038392945,2.2921414309154566,0.3305004728020726,0.921467719464673,,1.460586056244311,2018,75%,CLE,0.1864406779661017,0.6521739130434783,0.7965508974354636,6,
-0.9639758592940249,-2.9248688876416478,-0.04655814825938575,-0.2203336485347149,0.7684382589107183,,-0.16755926777670546,2018,75%,DAL,-2.783333333333333,0.2727272727272727,-0.5924762587659601,6,
0.41979263352888857,0.3936746222474007,-1.2932396898936955,0.4482650090878681,0.19581189038624253,,-0.9049125215426017,2018,75%,DEN,0.9666666666666667,0.5909090909090909,-0.1234346760309829,6,
-0.2677747718462499,-0.029185755736103068,-0.3273193573224352,2.59081979828751,-3.4620858602744122,,0.529857105872899,2018,75%,DET,-0.576271186440678,0.4782608695652174,-0.16094814016979855,6,
-0.2821189208015744,0.5635628702466287,2.8873448908287522,-0.11016682426735781,0.7783111273335528,,0.7202123532904996,2018,75%,GSW,8.483333333333333,0.5454545454545454,0.7595242494384168,6,
1.3711292234853538,0.09378324342337811,0.03540521346697606,-1.2422259150146857,-0.6828733992461417,,0.13459753547483697,2018,75%,HOU,8.813559322033898,0.8260869565217391,-0.04836401640171375,6,
0.8021219876746054,0.20218021040787043,-0.8556504944236069,-0.11776453628579595,-1.3048641098847953,,0.4828302711792211,2018,75%,IND,1.6779661016949152,0.6086956521739131,-0.13185777855541683,6,
0.7611360258614174,-0.16333162363751225,0.11121442992074572,1.6828932120841162,-1.2752455046162874,,-0.22454956776868387,2018,75%,LAC,0.9482758620689655,0.4583333333333333,0.14868616197396595,6,
1.0590929973955885,0.8261683286959256,1.5133492349625515,-0.11016682426735709,0.6351545352024346,,-0.6995795114781345,2018,75%,LAL,-2.389830508474576,0.43478260869565216,0.5373364600851681,6,
-1.6503969517358157,-2.497375749284799,-0.9884071311453864,-0.5660295453736641,0.7684382589107178,,1.9881222742727893,2018,75%,MEM,-4.431034482758621,0.16666666666666666,-0.4909414740593598,6,
0.23127924465156421,-0.5050204383045813,0.43319530075931384,1.9184222846557075,-0.23365788600711407,,0.684865561456296,2018,75%,MIA,-0.45,0.5909090909090909,0.4215140112018643,6,
0.22332538006496233,0.5217076586632798,-0.3552025124603637,-0.7901620499175986,0.921467719464672,,2.688253205164982,2018,75%,MIL,-0.01694915254237288,0.4782608695652174,0.5348982334966556,6,
-0.24793057570629498,-0.18276271325856816,-0.5690370735024948,-0.45586272110630616,-1.1024703072166608,,0.33593208181552836,2018,75%,MIN,2.8412698412698414,0.5263157894736842,-0.37035521816246614,6,
-0.022224695890643804,-0.5490712508575637,-0.7788526322899101,1.230829346987028,-0.5298439386921865,,-1.4261306662317432,2018,75%,NOP,0.2033898305084746,0.6521739130434783,-0.3458823061625032,6,
-1.9241645644825731,0.3269371187170473,0.6243319601759236,-1.3485938832728244,-0.6779369650347229,,0.7027373549399061,2018,75%,NYK,-2.3934426229508197,0.23809523809523808,-0.38278149649287396,6,
-1.5663376156613664,0.8724348074329746,0.60377145289587,-0.5508341213367876,-1.3838470572674815,,-1.5069457899808,2018,75%,OKC,2.819672131147541,0.6666666666666666,-0.5886263873195984,6,
0.9828174754625348,1.4280562033808373,-0.78767087795946,0.7939609059268173,-0.3965602149839035,,0.5664002582079096,2018,75%,ORL,-4.372881355932203,0.30434782608695654,0.4311672916724559,6,
0.9827049539476048,,,-2.4461948970290737e-17,0.9264041536760897,,,2018,75%,PHI,1.8275862068965518,0.8333333333333334,0.6363697025412315,3,
-1.9060167809701412,0.049498415231167006,-1.0195099177831828,1.2498236270331242,0.6400909694138528,,-0.681081856342222,2018,75%,PHX,-8.868852459016393,0.14285714285714285,-0.27786592390290027,6,
-0.2540424586283561,-1.017848715887136,-0.9359581313654293,-1.3675881633189202,0.7832475615449715,,-1.3722543707637374,2018,75%,POR,1.3666666666666667,0.6818181818181818,-0.6940740464031011,6,
0.964870293831228,1.2020709477183578,-0.37140173519257647,0.33809818482051085,0.7684382589107174,,0.3935857768653998,2018,75%,SAC,-7.898305084745763,0.391304347826087,0.5492769544922729,6,
0.003445658163971164,-1.7494312046172533,0.5125208215663388,-0.22413250454393402,0.645027403625271,,-1.0742701249521103,2018,75%,SAS,3.19672131147541,0.5238095238095238,-0.31447332512628606,6,
1.1835277277186065,0.2689524529868123,0.1200732099335408,-1.4739561315770586,0.36858708778586957,,-0.6231180552970118,2018,75%,TOR,8.293103448275861,0.75,-0.025988951408206857,6,
2.060260209078371,0.9813737466641937,-0.48002246054612674,0.4368684410602106,-0.5150346360579332,,-0.5198430406413743,2018,75%,UTA,1.55,0.7727272727272727,0.32726704325955686,6,
0.31951955433882245,0.7283698493951641,-0.7394504728656933,0.4672592891339649,0.7635018246992996,,-1.091556428917398,2018,75%,WAS,1.8833333333333333,0.36363636363636365,0.07460726929735995,6,
,,-0.6181389912406073,,,,2.013394678388633,2019,preseason,ATL,,0.35365853658536583,0.6976278435740129,2,
,,-0.6880879742889131,,,-1.3955304612255521,0.033009318798303655,2019,preseason,BKN,,0.5121951219512195,-0.6835363722387205,3,
,,1.1942708172062164,,,0.6997942131303638,0.9903899314664152,2019,preseason,BOS,,0.5975609756097561,0.9614849872676651,3,
,,-0.33758807962648096,,,,0.25029154235604195,2019,preseason,CHA,,0.47560975609756095,-0.043648268635219506,2,
,,0.8008698101309611,,,-0.9159126581071546,0.8569240200812919,2019,preseason,CHI,,0.2682926829268293,0.2472937240350328,3,
,,2.33003155820561,,,1.9662201755778488,0.6457452829748898,2019,preseason,CLE,,0.23170731707317074,1.6473323389194494,3,
,,-0.1606103059786431,,,,0.555511279435114,2019,preseason,DAL,,0.4024390243902439,0.19745048672823545,2,
,,-1.2440177896623,,,-0.45148195308661465,-0.9957264978559841,2019,preseason,DEN,,0.6585365853658537,-0.8970754135349663,3,
,,-0.3517176958804413,,,-0.6982488188210323,0.16681825625985505,2019,preseason,DET,,0.5,-0.2943827528138729,3,
,,2.89212867704123,,,1.181120049286204,0.024509778294366884,2019,preseason,GSW,,0.6951219512195121,1.3659195015406,3,
,,0.22052497114932862,,,0.45747825259885827,0.6090552491134298,2019,preseason,HOU,,0.6463414634146342,0.4290194909538722,3,
,,-0.8092221687331576,,,0.4930121238920481,0.01118114028659669,2019,preseason,IND,,0.5853658536585366,-0.10167630151817092,3,
,,-0.0699031134382293,,,-0.7642488877410066,-0.9749110092389742,2019,preseason,LAC,,0.5853658536585366,-0.6030210034727367,3,
,,1.564236643642688,,,0.6652975358798676,2.0724751107295485,2019,preseason,LAL,,0.45121951219512196,1.4340030967507014,3,
,,-1.0283137925518422,,,-1.21382663975183,0.03994440743626316,2019,preseason,MEM,,0.4024390243902439,-0.7340653416224696,3,
,,0.4042759214158216,,,0.5065387801669035,-2.0116874232001076,2019,preseason,MIA,,0.47560975609756095,-0.36695757387246086,3,
,,-0.35422143459890587,,,-0.6138487187284524,-0.6030761333114679,2019,preseason,MIL,,0.7317073170731707,-0.5237154288796088,3,
,,-0.5721696969986564,,,1.0140175090759127,-0.9770650740290215,2019,preseason,MIN,,0.43902439024390244,-0.17840575398392175,3,
,,-0.6998609711134606,,,0.3429520089253527,-0.25180025769675124,2019,preseason,NOP,,0.4024390243902439,-0.20290307329495305,3,
,,0.4829860035064942,,,-0.6035973037805409,0.2874897184499561,2019,preseason,NYK,,0.2073170731707317,0.05562613939196979,3,
,,0.5409175499956096,,,0.49610711963718446,-0.44052384794402044,2019,preseason,OKC,,0.5975609756097561,0.1988336072295912,3,
,,-0.8304245497853441,,,-0.9834798989101893,1.616353490389053,2019,preseason,ORL,,0.5121951219512195,-0.06585031943549342,3,
,,,,,0.864855273337041,,2019,preseason,PHI,,0.6219512195121951,0.864855273337041,1,
,,-0.9651116786824141,,,,-1.0292741574292064,2019,preseason,PHX,,0.23170731707317074,-0.9971929180558102,2,
,,-0.9686769090189254,,,-0.21357214827008691,0.8179837741020718,2019,preseason,POR,,0.6463414634146342,-0.1214217610623135,3,
,,-0.30424844213010266,,,,-0.5658792888253894,2019,preseason,SAC,,0.47560975609756095,-0.435063865477746,2,
,,0.44421048748616815,,,0.5803286418928956,-1.4753980727346008,2019,preseason,SAS,,0.5853658536585366,-0.15028631445184568,3,
,,0.2633241492646493,,,0.6517661177144146,-1.4205890797124674,2019,preseason,TOR,,0.7073170731707317,-0.16849960424446783,3,
,,-0.38825041914192643,,,0.5120052091862147,0.20297402784867663,2019,preseason,UTA,,0.6097560975609756,0.10890960596432164,3,
,,-0.7472125761745132,,,-2.5777455218786742,-0.4481201644324892,2019,preseason,WAS,,0.3902439024390244,-1.2576927541618923,3,
-0.222618426103858,-1.1372345096422565,-0.615146651746164,0.6649563903189405,0.20612381185794149,-3.702766858236002,0.5949928094524705,2019,25%,ATL,-10.454545454545455,0.4,-0.6016704905855611,7,0.39584079967632735
-0.7679930587895064,-1.0677531924973254,-0.6865107485755059,-0.42542908842986027,0.6068093648893341,-0.542072271103658,0.978551936033151,2019,25%,BKN,-1.7727272727272727,0.5666666666666667,-0.27205672263905295,7,0.4794550402259289
-0.1136517088192454,0.16790123890037906,1.209035459528312,-0.3181780577332567,0.7862208065451824,0.5354453598749479,0.07029642662128445,2019,25%,BOS,2.8095238095238093,0.6229508196721312,0.3338670749882291,7,0.5267906496440695
-0.8123588523214736,2.896371558104328,-0.26072562985104825,1.6016153917359435,-1.3607361119364645,,0.08313271921036917,2019,25%,CHA,4.904761904761905,0.45901639344262296,0.3578831791569423,6,
-0.4953057424466823,2.2769161662628044,0.8213990997476569,0.5505552909092305,0.39749601629084536,-0.6693712858229494,1.1718532805657256,2019,25%,CHI,-8.863636363636363,0.2833333333333333,0.5790775465009473,7,0.4918810911444225
0.9760695686531395,0.017217284790253532,2.332571419470868,-0.2109270270366538,0.9656322482010296,0.9202153787511134,0.12251860592997192,2019,25%,CLE,-6.95,0.24193548387096775,0.7318996398228175,7,0.5571197591543439
1.9318505724047528,0.005216267476203935,-0.18259952268228485,-2.434598396812896,-2.7541649754635498,,0.5154385386638464,2019,25%,DAL,2.526315789473684,0.36507936507936506,-0.4864762527356546,6,
-0.0862747679324461,-0.5416922728448489,-1.2259690268394512,0.5219550160568032,0.4453390673990712,0.17699134747424664,-0.7137671265024862,2019,25%,DEN,8.0,0.6557377049180327,-0.20334539474130167,7,0.48625448602386023
0.7608233305214195,-0.41173492449659504,-0.3875408492502007,0.21092702703665311,0.9656322482010307,-0.2896985946891077,-0.20408796558343797,2019,25%,DET,1.1111111111111112,0.46875,0.09204575310568026,7,0.495348686284569
-1.5905997964236922,-0.4804500443480474,2.8792803680119277,-0.11082606505315691,1.1330829270798217,1.0646735400310436,1.4596246141011773,2019,25%,GSW,5.318181818181818,0.7,0.6221122204855819,7,0.5484383694157279
1.0260622433159905,0.5361197820021723,0.2203638159885416,-0.64350618417962,0.24200610018911056,0.4496521590604533,-0.21796246650059786,2019,25%,HOU,-2.05,0.7096774193548387,0.23039077855372145,7,0.52516977527742
-0.007714850605108527,-0.45125250706197373,-0.8268253889495196,-0.32175309208981,0.7802404251566544,0.44100665257895644,-0.4321343255220127,2019,25%,IND,4.285714285714286,0.5737704918032787,-0.11691901235611625,7,0.5036435746542184
-0.3487363099124142,-0.8094194838387725,-0.08923618285137735,0.8508581768597199,-0.10485602034552871,-0.13627224759831574,-0.9224316401553369,2019,25%,LAC,4.95,0.5483870967741935,-0.22287052969171794,7,0.4817077743392642
0.238677617376086,0.566301071196505,1.5911170230593545,-0.3181780577332567,0.7862208065451824,0.677565396328741,0.5185201515340685,2019,25%,LAL,-0.2,0.41935483870967744,0.5800320011866685,7,0.5399919891917918
0.0012124127275433647,-1.9262442631423986,-1.0489196505510474,-0.003575034356553504,1.3124943687356696,-0.6766161699700278,0.8757777583237364,2019,25%,MEM,1.55,0.3387096774193548,-0.20941008260472543,7,0.47842586025475886
-0.8111685505437868,0.4756685498941042,0.3853069885708324,-0.7471821805196697,0.06857503992179151,0.6177207568917599,-0.24191451573154216,2019,25%,MIA,-1.9,0.5161290322580645,-0.036141987359501526,7,0.5136495016126448
-0.802836438099978,-0.497186012078697,-0.34622897947441145,1.8375676592684704,-1.755441283579329,-0.049966237558052566,1.716152122545336,2019,25%,MIL,10.666666666666666,0.7377049180327869,0.014580118717619803,7,0.48305795999818124
1.967969681850162,-0.3434598807875983,-0.5929966956975459,-0.6399311498230668,0.24798648157763867,0.5699179920026308,2.0470605259186834,2019,25%,MIN,-0.3181818181818182,0.4166666666666667,0.465220993577272,7,0.5409259122393801
0.2773083205246528,-0.35416271262778465,-0.7179501379054237,1.4621890518303593,-1.1275012377838622,0.5707455195158628,-2.073306357084372,2019,25%,NOP,1.5454545454545454,0.36666666666666664,-0.28038250764722394,7,0.48895183320041513
-0.7329191467236722,-0.06907260658613137,0.4643192772961643,-0.20377695832354645,0.9775930109780869,-1.1402374429901132,0.2356505861344365,2019,25%,NYK,-5.913043478260869,0.1694915254237288,-0.06692046860211079,7,0.4718164357858317
0.8635860506617247,-0.6433935222244971,0.5308771963880032,-0.9187838296342353,-0.21848326672756577,0.5817206158953356,-0.7310305409532175,2019,25%,OKC,6.0,0.5806451612903226,-0.07650104237063603,7,0.5259309502366767
1.2248967448159664,1.6721559361374139,-0.8244066080557018,1.387113330342737,-1.0019132286247687,-0.36664478927620897,0.7477291099742354,2019,25%,ORL,-3.0454545454545454,0.5333333333333333,0.4055614993305249,7,0.49056339252374936
0.5560224217576625,,,0.9330839670604494,-0.24240479228167927,1.0003546262696081,,2019,25%,PHI,1.1304347826086956,0.6101694915254238,0.5617640557015102,4,
0.7516976835591531,-0.07367358378009325,-0.9502912302804966,-0.9938595511218579,-0.3440712758866596,,-1.0571029424190346,2019,25%,PHX,-9.952380952380953,0.2459016393442623,-0.4445501499881648,6,
-2.1478774468862096,-0.554464259412608,-0.9114198835456123,-0.7400321118065633,0.0805358026988471,0.21943637760242082,0.49808726034032674,2019,25%,POR,2.0476190476190474,0.6557377049180327,-0.5079620372870569,7,0.4821167451984181
-0.47371799656954194,0.40340111961040076,-0.33801808091305025,-0.5541303252657839,0.3915156349023173,,-1.2305528096689262,2019,25%,SAC,-2.55,0.46774193548387094,-0.30025040965076405,6,
-1.064702829191103,-0.4476840552242395,0.43211756109274646,-2.019894411452696,-2.0604407343942706,0.0691462612522748,-1.438850721101377,2019,25%,SAS,-2.2857142857142856,0.6229508196721312,-0.9329012755740951,7,0.4903924081212856
-0.11354349956672813,-0.34007172989227563,0.28133042543688186,-0.2180770957497598,0.9536714854239745,0.5004507467634015,-1.4053900057944628,2019,25%,TOR,8.909090909090908,0.6666666666666666,-0.04880423905413837,7,0.5090877120047245
-1.317912480080868,-0.038296355697508576,-0.37574691277038996,0.9616842419128768,-0.2902478433899051,0.6811231036214638,-0.17878418979633554,2019,25%,UTA,-2.772727272727273,0.6666666666666666,-0.07974006231438098,7,0.49487973141296643
1.3337552528480623,1.1699769418090866,-0.7671864546520657,0.8401330737900596,-0.08691487617994417,-1.502519936669797,-0.7880708385356432,2019,25%,WAS,-5.380952380952381,0.39344262295081966,0.028453308915679733,7,0.4590005562921561
0.7880061944411267,1.1213641721789445,-0.6087042568471758,-1.558373731483951,-0.3902343926919903,,-0.8270256308601147,2019,50%,ATL,-8.238095238095237,0.4,-0.24582794087719342,6,
0.015718076446062722,-0.655109332255753,-0.6993061343030711,0.25768384536348793,0.9462485512531312,-1.015471966616194,-0.0538403599042486,2019,50%,BKN,-0.7954545454545454,0.5526315789473685,-0.172011045716655,7,0.4699249120190087
0.2475956122189959,-0.1137621360351615,1.219899046715736,0.36505211426494155,0.9695322262347538,0.6003935281185692,-0.298702505526108,2019,50%,BOS,6.560975609756097,0.5853658536585366,0.42714398371310386,7,0.5298030321398861
-1.9305438813745246,1.1867733403727452,-0.2618822830973753,-2.3038162841426133,-0.3017564277618259,,0.043462406297233205,2019,50%,CHA,0.024390243902439025,0.4878048780487805,-0.5946271882843934,6,
0.32811205103005675,0.26054364426076815,0.8192463512162471,-0.7454425526586617,0.6947848614516104,-1.1625514449781786,0.9319481347859575,2019,50%,CHI,-10.166666666666666,0.3,0.16094872072968563,7,0.4928289896299063
-2.028563085780904,0.12952051878748225,2.341641793410297,-0.6350066189314524,-0.1294572328978204,1.377081433188726,2.1073690590815044,2019,50%,CLE,-10.976744186046512,0.28205128205128205,0.45179798097969043,7,0.5533906835356807
-0.15518637448844658,0.48899180455953656,-0.195224483175118,0.5368413445072664,-1.2470736320156919,,0.18005006846461877,2019,50%,DAL,0.5,0.325,-0.06526687869130578,6,
-0.9231393811386112,-0.24239075780996552,-1.2112587171165399,-0.018405988954534883,0.45729137663906266,0.16260229945226382,-0.7117635601076117,2019,50%,DEN,5.325,0.6190476190476191,-0.35529496129084803,7,0.4836978178751077
-1.3961984332351123,-0.5938599558975792,-0.3963434401681371,-0.46014972386337144,0.6854713914589614,-0.8342437550851617,-0.18697525125654021,2019,50%,DET,-2.95,0.5714285714285714,-0.4546141668638487,7,0.4660290428542393
0.553963373366791,1.2102755612399334,2.86708100343981,0.18405988954534894,0.9741889612310781,1.2131589009391932,0.888384630155199,2019,50%,GSW,5.714285714285714,0.725,1.1273017599881936,7,0.5718299812693294
1.1532557043543312,0.4379846653104852,0.23468208246819375,1.0031263980221496,0.4246942316647915,0.8688224776457768,0.32536060757662033,2019,50%,HOU,1.975609756097561,0.7073170731707317,0.6354180238631926,7,0.5358814015463098
0.1923672148069422,-0.010013146792116163,-0.8464373714475142,0.8282695029540684,0.2710219767860841,0.6418823855762182,0.3248430650095054,2019,50%,IND,5.285714285714286,0.5,0.20027623241331255,7,0.5112307419030863
0.6821446306161619,0.5585228294042164,-0.08982246091334398,-0.4356084052573248,0.6621877164773393,-0.46725448942059356,-0.007647382015498819,2019,50%,LAC,1.2926829268292683,0.5853658536585366,0.12893177698442235,7,0.49961043269075656
-0.4575098278971439,0.010612161211870069,1.6031250637822476,0.18405988954534894,0.974188961231079,0.9811159068477463,1.950670571330179,2019,50%,LAL,0.9302325581395349,0.358974358974359,0.7494661037216181,7,0.5494562328335562
-0.8960175286110639,-2.116251148812879,-1.045701785657857,1.2914868916431956,-0.8465944223317877,-1.9230374180389045,0.17605400099432164,2019,50%,MEM,-1.5853658536585367,0.34146341463414637,-0.7657230586878535,7,0.4253481195598549
1.3315706463862718,-0.4385233001722916,0.3687814224113697,-1.0061940628479056,-1.39143241690175,0.28858639684933307,0.4042749121946915,2019,50%,MIA,0.95,0.4523809523809524,-0.06327662886861157,7,0.52762693865146
0.16488145423443154,-0.17919493135399137,-0.34505127817029096,0.7362395581813945,-2.4019439111041594,-0.09514286543863226,1.2964996384895047,2019,50%,MIL,9.097560975609756,0.7560975609756098,-0.1176731907373919,7,0.49499588624914237
1.0735384361518165,-0.9036484143790804,-0.5904094676976437,-1.8007192527186602,-2.4578247310600534,0.053664517049002006,-0.8780025783557309,2019,50%,MIN,0.5,0.4,-0.7862002130014786,7,0.5039550691761857
0.8137509047593037,-1.1280077011819492,-0.7228588747584485,-0.3497137901361624,-0.26450254779122945,0.7417998696537698,-1.471352648914349,2019,50%,NOP,2.357142857142857,0.325,-0.3401263983384379,7,0.5138497508041863
-1.3792303287072234,0.05851543987555699,0.45049576477374487,0.3589167846134295,0.8298301763450204,-2.0043570534925896,1.3456222567659746,2019,50%,NYK,-8.619047619047619,0.175,-0.048600994260869515,7,0.449310944462035
-1.0380701042802065,-1.3763846305507321,0.5295048868626799,1.0982240076205798,0.6389040414957168,0.9034999594327495,0.06894065880719645,2019,50%,OKC,5.2926829268292686,0.5853658536585366,0.11780268848399773,7,0.5158769434415759
-0.11382929549616447,1.0976649408101486,-0.8249411948943673,-0.1779245598938369,-0.42748827266258604,-1.2201711716034804,-1.8001136281121595,2019,50%,ORL,-4.2682926829268295,0.6097560975609756,-0.4952575974074923,7,0.4531354102366236
-0.08717788496928783,,,-0.44481139973459227,0.5690530165508496,0.9589858753944691,,2019,50%,PHI,2.0232558139534884,0.6153846153846154,0.24901240181035966,4,
0.24657806359532308,0.8857758690492324,-0.9422446155551922,0.9939234035448822,0.8950244662935628,,-0.7890613302287974,2019,50%,PHX,-8.534883720930232,0.23076923076923078,0.2149993094498351,6,
1.180980419593849,-2.482230692566031,-0.9024670295540184,-0.5552473334618017,-0.6975789024494052,0.049959349142035606,0.031018106935733418,2019,50%,POR,2.1627906976744184,0.6923076923076923,-0.4822237260513769,7,0.5043018392080549
0.273111988077588,0.7774308367486167,-0.35929852401608775,0.8252018381283127,0.5783664865434988,,0.8380398554396912,2019,50%,SAC,-1.1428571428571428,0.45,0.48880874682027,6,
0.8540824699723463,2.016164072824282,0.4266489768722289,2.0982827408169733,0.5550828115618762,0.16166386792141726,-1.8662995001910372,2019,50%,SAS,3.0930232558139537,0.5897435897435898,0.6065179199682981,7,0.5019555901172706
-1.720134974222091,-0.6698860200207892,0.30704914589778914,9.876797152021773e-18,0.8251734413486961,0.6622141189509483,-1.234898327592321,2019,50%,TOR,5.568181818181818,0.6842105263157895,-0.2614975165196811,7,0.5004594251117741
1.312425399336761,0.2825347792990636,-0.37363154999510084,-1.3773815067643582,0.27102197678608425,0.6056113756227959,-0.2879879600435441,2019,50%,UTA,2.627906976744186,0.717948717948718,0.06179893060595735,7,0.5319453142335222
0.9135184608126196,0.3865875318954372,-0.7525720704830225,1.107427002097847,-1.6661797816848938,-1.5488120971112889,-0.49886730921994626,2019,50%,WAS,-3.3488372093023258,0.358974358974359,-0.2941283233847497,7,0.452154116874483
0.3432651158298406,0.3151834886849593,-0.6038238958875021,1.3491705315219322,0.49583345840912807,,2.072472763872877,2019,75%,ATL,-7.216666666666667,0.4090909090909091,0.6620169104052058,6,
-0.9043623841993617,0.023723849469612385,-0.6800869219227416,0.0030115413650042074,0.7846684827251243,-1.5591491258608192,0.21765179491008135,2019,75%,BKN,-0.6065573770491803,0.5238095238095238,-0.30207753764472856,7,0.4523318250781221
-0.34444294564996175,-0.3067128436388457,1.2430531892035768,-0.1686463164402417,0.809784571796081,0.6192292851411768,1.013436302779568,2019,75%,BOS,6.016666666666667,0.5454545454545454,0.40938589188447905,7,0.5357048870494664
-1.0214296230564859,1.9106290563536756,-0.2674301969536675,0.5390659043357721,0.5021124806768666,,0.4492304618398291,2019,75%,CHA,-0.3050847457627119,0.4782608695652174,0.35202968053266503,6,
1.8549252887052547,1.2593917665675323,0.7900165831296639,-0.9787509436264019,-0.40834574814529695,-1.8821635873036449,0.44465328417248406,2019,75%,CHI,-7.983333333333333,0.2727272727272727,0.15424666335708453,7,0.48683158195416665
1.2710222176374981,-1.3832091834072635,2.3332397659355393,-0.6203775211908884,-0.5904373939097297,1.3890576852847065,0.7066240803676568,2019,75%,CLE,-9.883333333333333,0.22727272727272727,0.4437028072453599,7,0.5760533213942892
-0.5213182921306558,1.0539776338136262,-0.16704234386882758,1.3341128246969112,0.6936226598429089,,-0.24797898341290164,2019,75%,DAL,-0.4745762711864407,0.30434782608695654,0.35756224982351026,6,
-0.37154880384547995,0.15804592691273775,-1.2019790984796386,0.28308488831040535,0.15676625595121874,-0.06251622421291757,-0.7336920282319103,2019,75%,DEN,5.3559322033898304,0.5652173913043478,-0.2531198690850835,7,0.48323434265467186
1.4333293739821944,-0.1679764462174464,-0.4517805509882559,0.2770618055803969,0.8882723501428194,-0.985659775773441,-1.3004256598951343,2019,75%,DET,-1.0172413793103448,0.5416666666666666,-0.0438827004526953,7,0.48169324021912974
-0.04858772668427433,1.5345904100081122,2.863828488647927,-0.17768094053525493,0.7972265272606027,1.2909028720721447,1.4666645191956447,2019,75%,GSW,6.796610169491525,0.6521739130434783,1.1038491642807002,7,0.5746982995739351
0.39181374217191495,-0.10233121098047773,0.2485676747454357,-0.9697163195313887,0.3419974128495212,0.5039822947370325,-0.12839920622107337,2019,75%,HOU,2.0338983050847457,0.8260869565217391,0.04084491253870921,7,0.527107748923367
0.9206803749968442,-0.44138260954001235,-0.8466079892485179,0.3613849638005176,-0.050441478884170374,0.5398022355283197,-1.748387680889984,2019,75%,IND,5.416666666666667,0.36363636363636365,-0.18070745489100043,7,0.5070638485103843
-0.593904631112516,-0.4246245765658699,-0.10414954821366103,0.07830007549011209,0.5083915029446061,-0.6072272092655792,-0.14268207809797995,2019,75%,LAC,0.09836065573770492,0.7142857142857143,-0.18369949497441254,7,0.48146588000882684
-1.5502412744246294,0.5917194489170895,1.637362918720685,0.08733469958512476,0.8914118612766888,1.0571098257370237,0.9028480071521123,2019,75%,LAL,-1.2881355932203389,0.34782608695652173,0.5167922124234421,7,0.5386631873109129
-0.07604961234586627,-1.3174236937307386,-1.0319881067165788,0.3403041742454876,-0.781947573075771,-1.4619086654144442,0.5867525326520829,2019,75%,MEM,-3.262295081967213,0.47619047619047616,-0.5346087063408326,7,0.45437836726110653
-1.2069863519724657,0.6190421199128465,0.3396764051132523,1.162454966891665,0.4173456800623901,0.4596383734616057,1.961265108247385,2019,75%,MIA,-1.0517241379310345,0.5416666666666666,0.5360623288166684,7,0.5144088469129703
-0.061123498831491804,1.0222452280538132,-0.2996558943575952,-0.2680271814853839,-1.1963630427465486,0.28357567194831196,0.16707879011903298,2019,75%,MIL,9.661016949152541,0.6521739130434783,-0.050324275328551604,7,0.5078221886834102
-0.31249871925727185,-0.5317732196859882,-0.6254590728561216,-1.6111746302773076,-3.1930921238875705,-0.1513473030692445,0.09655148314427756,2019,75%,MIN,0.15254237288135594,0.34782608695652173,-0.9041133694127467,7,0.4901839330388012
-0.8903231846764208,0.06140482768252981,-0.6643005984438123,2.5808909498086963,-2.72530496494101,1.3454597525500522,-1.8129988405610673,2019,75%,NOP,0.7213114754098361,0.2857142857142857,-0.300738865511576,7,0.49573745806858244
0.3367773039290876,0.599287606215639,0.46382237182487085,0.807093085821156,-0.138347790632517,0.08359023818293775,-0.13267535829110658,2019,75%,NYK,-8.383333333333333,0.22727272727272727,0.2885067795785812,7,0.5091932109841103
0.022008463829002338,0.19947097291498356,0.5337422776973433,0.42763887383061233,0.1285106557463929,0.8880456774755248,-0.11665291732478072,2019,75%,OKC,5.033898305084746,0.4782608695652174,0.29753771488129693,7,0.5296510381296297
2.77039809093034,-0.47845082388660376,-0.8597673778716949,-0.7287930103310439,0.6151348814961701,-1.0638546277367569,0.010460335009802093,2019,75%,ORL,-0.7868852459016393,0.6666666666666666,0.03787535251574461,7,0.4989754723556923
-0.013564538711566215,,,0.17466939917025012,0.34513692398339035,0.8728218395550152,,2019,75%,PHI,3.4166666666666665,0.5909090909090909,0.34476590599927237,4,
-0.5916711220975029,-0.21549835654958893,-0.957560871851891,-1.433493689742053,-0.4585779262872093,,-1.0145118826368411,2019,75%,PHX,-10.21311475409836,0.38095238095238093,-0.7785523081941811,6,
1.0199219044956485,-3.2810764403000072,-0.8773082892110065,0.9877855677214149,0.7030411932445169,-0.09296514132800182,0.6454330540643293,2019,75%,POR,3.406779661016949,0.7391304347826086,-0.12788116447330083,7,0.5004921446742527
0.5871078766759329,-0.4048848564702219,-0.37025479675853545,-0.08432315822012086,0.6214139037639091,,-0.3225931576977161,2019,75%,SAC,-1.1694915254237288,0.34782608695652173,0.004410968548874618,6,
-1.8992311140295606,-0.25751880328797666,0.38354023180014546,-2.415256174733459,-1.2528742431561999,-0.2543793867048904,-1.6264474374097306,2019,75%,SAS,0.7049180327868853,0.7142857142857143,-1.04602384678881,7,0.4815765379667447
-0.272279332950604,0.06689203967649406,0.3169505407219674,0.006023082730007848,0.706180704378386,0.3285293558767085,-1.2479720893368011,2019,75%,TOR,5.245901639344262,0.6666666666666666,-0.013667956986263061,7,0.5077705130920767
-0.02780473601915088,-0.8486526034495087,-0.38355518796561616,-0.1716578578052459,0.14734772254961012,0.3961009788188,0.10153864539581958,2019,75%,UTA,3.389830508474576,0.7391304347826086,-0.11238329121075599,7,0.5110813120114597
-0.2438818611882924,0.7459112925269011,-0.7610497059444891,-1.1714895909866776,0.24153305656569593,-1.9366750396995982,-0.26724384291593767,2019,75%,WAS,-3.2,0.36363636363636365,-0.48469938452034256,7,0.45005552226717094
,,-0.7939879862086641,,,-0.37842051046081654,-0.5037832696762511,2020,preseason,ATL,,0.29850746268656714,-0.5587305887819105,3,
,,-0.285855257015879,,,-0.3611953310857305,-1.29065319041574,2020,preseason,BKN,,0.4861111111111111,-0.6459012595057831,3,
,,1.3700573778340905,,,0.5623041905066191,0.5774553569784214,2020,preseason,BOS,,0.6666666666666666,0.8366056417730436,3,
,,-0.43632965755349556,,,,-1.8383985954298774,2020,preseason,CHA,,0.35384615384615387,-1.1373641264916865,2,
,,0.5228448667069702,,,-0.6430453081331045,0.7830629059030828,2020,preseason,CHI,,0.3384615384615385,0.2209541548256495,3,
,,1.8812227893662627,,,1.7187025461461982,-1.287994771035611,2020,preseason,CLE,,0.2923076923076923,0.7706435214922834,3,
,,-0.29005252175794854,,,-0.6363354361055085,0.5658459643215851,2020,preseason,DAL,,0.5733333333333334,-0.12018066451395733,3,
,,-1.044554696409028,,,-0.3353223236649213,0.30977218488862784,2020,preseason,DEN,,0.6301369863013698,-0.35670161172844045,3,
,,-0.5104991741144199,,,-1.0418649406969607,0.11935057521454534,2020,preseason,DET,,0.30303030303030304,-0.47767117986561175,3,
,,2.810511853211116,,,1.1344835097278552,0.4903978557676957,2020,preseason,GSW,,0.23076923076923078,1.4784644062355554,3,
,,0.5043027501296402,,,1.045015590213525,1.3628849969422359,2020,preseason,HOU,,0.6111111111111112,0.9707344457618005,3,
,,-0.963393394158408,,,0.5038729778875065,-0.7027367688623122,2020,preseason,IND,,0.6164383561643836,-0.38741906171107116,3,
,,0.08493779351713822,,,0.18495200116837004,-0.5290914359245387,2020,preseason,LAC,,0.6805555555555556,-0.0864005470796768,3,
,,1.8807061728252636,,,1.836315735574184,-1.2523695386226195,2020,preseason,LAL,,0.7323943661971831,0.8215507899256093,3,
,,-1.084569800151877,,,-2.8611069945134675,1.7380539477032753,2020,preseason,MEM,,0.4657534246575342,-0.7358742823206899,3,
,,-0.026244317304934515,,,0.1455635109451419,-0.010270295536306293,2020,preseason,MIA,,0.6027397260273972,0.036349632701300365,3,
,,0.0978154033313264,,,-0.17783967421355612,-0.2768658790078862,2020,preseason,MIL,,0.7671232876712328,-0.1189633832967053,3,
,,-0.7409408377772022,,,0.007687806124585094,-1.3508320873059358,2020,preseason,MIN,,0.296875,-0.6946950396528511,3,
,,-0.43321705172013336,,,0.7367108425796559,0.04186166281067186,2020,preseason,NOP,,0.4166666666666667,0.11511848455673146,3,
,,0.41739305463673515,,,-0.5038886167276303,0.738582412191471,2020,preseason,NYK,,0.3181818181818182,0.21736228336685862,3,
,,0.09990034818195312,,,1.0666925143081638,-1.6306205625978152,2020,preseason,OKC,,0.6111111111111112,-0.1546759000358994,3,
,,-1.0785573368828183,,,-0.7997292059051637,1.1253930634303475,2020,preseason,ORL,,0.4520547945205479,-0.2509644931192115,3,
,,,,,0.6220594079951791,,2020,preseason,PHI,,0.589041095890411,0.6220594079951791,1,
,,-0.9677010264661534,,,-1.179138667621588,-0.6650154386843424,2020,preseason,PHX,,0.4657534246575342,-0.9372850442573614,3,
,,-0.808538762993166,,,-0.11602569672120054,1.2624003670211073,2020,preseason,POR,,0.47297297297297297,0.11261196910224691,3,
,,-0.4333795143710454,,,-1.4248121158568647,1.438456098255728,2020,preseason,SAC,,0.4305555555555556,-0.13991184399072734,3,
,,0.14122371910554568,,,0.36791012548762786,-0.6910150551522319,2020,preseason,SAS,,0.4507042253521127,-0.06062707018635279,3,
,,1.2374113462058531,,,0.9677409084968772,0.03365611232743415,2020,preseason,TOR,,0.7361111111111112,0.7462694556767215,3,
,,-0.3692544415971271,,,0.3259905810972387,1.041794042091833,2020,preseason,UTA,,0.6111111111111112,0.33284339386398154,3,
,,-0.7812516985695862,,,-0.7672774265521979,0.40067934240338215,2020,preseason,WAS,,0.3472222222222222,-0.3826165942394673,3,
0.12404057314485492,0.2538830954364288,-0.8176053847980179,0.30390410437094656,0.6327523286636416,-0.3370092396792171,-1.4479322291605143,2020,25%,ATL,-9.833333333333334,0.3870967741935484,-0.18399525028883965,7,0.477043874897707
-0.5735576226571439,-0.40837669842716096,-0.23683582154998825,-3.1065752891252325,-3.5420046887514824,-0.25313328373445654,1.1718074746401674,2020,25%,BKN,-1.6470588235294117,0.5,-0.9926679899436138,7,0.4956570309276583
0.3100725030777243,0.452154831784718,1.410478801563768,0.6010547842003161,0.1901274882630027,0.6143232386627293,-1.0778179603412537,2020,25%,BOS,7.696969696969697,0.5897435897435898,0.3571990981730007,7,0.5230609667397068
-0.16260124844255114,-0.21615550759448454,-0.4477361773556744,-1.0130136812364885,-0.42351149501970264,,-1.6085734512543957,2020,25%,CHA,-6.447368421052632,0.2962962962962963,-0.6452652601505494,6,
0.35902184947082216,1.088312699372705,0.41338223701875343,-0.10130136812364843,0.9345419925731692,-0.40944606989777965,1.0100964127888414,2020,25%,CHI,-1.3055555555555556,0.3103448275862069,0.47065825045755194,7,0.5051032692844201
0.5993741263985259,0.28722940305753814,1.7771465467860437,0.8070342327184031,-0.1166920033783512,1.0966656108590973,-0.9530439275140907,2020,25%,CLE,-9.0,0.3,0.49967342698959516,7,0.5402501696441796
-0.9889074801149524,0.7501951661299858,-0.27103010628608865,0.5943013596587404,0.2001871437266523,0.14316023172798117,1.0695114635007552,2020,25%,DAL,7.371428571428571,0.525,0.213916825477582,7,0.495478699958127
-0.4951590676553277,-0.2116687303508046,-1.0126335734995997,1.4013355923771427,-1.0019416841796298,0.23717761137156557,-0.29477055674906993,2020,25%,DEN,3.8285714285714287,0.5789473684210527,-0.1968086298122462,7,0.48076078594259497
-1.7396966356576766,0.05532161069184409,-0.5394784214166121,0.9117123131128401,-0.2726166630649398,-0.6386908865790192,1.0178658020864892,2020,25%,DET,-2.7222222222222223,0.23333333333333334,-0.17222612583243915,7,0.4622874103552448
0.9142308914030194,1.5369294791683374,2.7796156286817415,-0.10130136812364973,0.9345419925731673,0.6878447574099479,-0.20884969008157436,2020,25%,GSW,-7.702702702702703,0.21428571428571427,0.93471595586157,7,0.5538157797978165
-0.25001125447607336,-1.3875178325048618,0.5730297408460002,-1.2899040874411292,-0.8359573690293902,0.3663304595975562,0.9636733732040136,2020,25%,HOU,5.514285714285714,0.5405405405405406,-0.265765281400555,7,0.5187282039763246
-0.7017507693721171,0.22458813423909413,-0.9465352146280831,0.6044314964711046,0.1850976605311769,0.5337590047390931,-1.2329015169444337,2020,25%,IND,3.0833333333333335,0.6216216216216216,-0.19047302928059504,7,0.4891649438506628
-0.6593997038165333,0.23172296246616197,0.19210089727787105,0.698979440053177,0.04426248404006418,0.5474952696871599,0.5295327501809789,2020,25%,LAC,6.108108108108108,0.6857142857142857,0.2263848714126971,7,0.5088389112491468
-1.4343168871589496,0.4829938618625035,1.9540330585433028,0.10130136812364843,0.9345419925731692,1.4490411004969341,0.5753513670610274,2020,25%,LAL,7.314285714285714,0.6666666666666666,0.5804208373573766,7,0.5462136984238712
1.3258019577833742,-1.3063168001636263,-1.1148407514857743,-0.4119588970361722,0.47179784124522695,-3.4626274811663738,-0.2465089386282369,2020,25%,MEM,-4.305555555555555,0.5405405405405406,-0.677807581350226,7,0.41281404464022436
-1.0027186245194175,1.3392707619184154,-0.028319732853508427,0.8846986149465336,-0.23237804121033598,0.32517664439577454,1.4953353453428018,2020,25%,MIA,3.6285714285714286,0.5,0.3972949954314662,7,0.50267044387356
-0.37655119915482055,0.3114415226889055,0.14311752797342508,1.3743218942108366,-0.9617030623250266,0.22160386267129395,0.7005224754134679,2020,25%,MIL,12.837837837837839,0.6666666666666666,0.20182186021115456,7,0.49799184926969553
0.2126620830735052,-0.45747778944667405,-0.7526118504054642,0.9184657376544163,-0.28267631852859015,0.21428449057918872,-0.07314658120439567,2020,25%,MIN,-3.0,0.2,-0.03150003261114483,7,0.4941099373181014
1.9448097771334945,-1.2839352622498297,-0.38738962645022584,-1.0805479266522546,-0.524108049656212,0.5999929475547174,-1.5217794322772245,2020,25%,NOP,-4.166666666666667,0.5,-0.3218510817996479,7,0.5232436637189741
2.122052796990796,0.1969480461457612,0.38990513323866033,1.1041849125477734,-0.559316843778991,-0.15548292976406175,-0.9482753108123223,2020,25%,NYK,-7.2,0.3548387096774194,0.3071451149382308,7,0.5071787187998862
0.8617858700833616,-2.654855363058046,0.019699979356456326,0.31403424118331147,0.6176628454681652,0.8852899295083029,-0.3961989749098994,2020,25%,OKC,1.5142857142857142,0.6486486486486487,-0.05036878176690683,7,0.5254874761667331
0.005878559906653763,2.5703856545294648,-1.1038897252868867,-0.07766438222813073,0.9697507866959467,-0.37760947678070966,2.258220687691628,2020,25%,ORL,-0.9444444444444444,0.4594594594594595,0.6064388720754239,7,0.4971048188149767
-1.4929209323346526,,,5.43591038031702e-18,1.085436824527932,0.6819834294512636,,2020,25%,PHI,3.7567567567567566,0.5555555555555556,0.06862483041113573,4,
-1.140830068564068,-0.008039356533786434,-0.9588085683722629,0.01350684908315327,1.06531751360063,-1.334447682147028,-0.79101452287905,2020,25%,PHX,-0.8,0.5263157894736842,-0.4506165479732017,7,0.44398616034956273
0.44092960864730224,-1.0490483526622436,-0.7771408463646176,0.09792465585286056,0.939571820304994,-0.21030713057654132,-0.2643532607810976,2020,25%,POR,-1.4444444444444444,0.5263157894736842,-0.11748907222562048,7,0.49034844759076723
-0.5580765032756683,-0.6400672541719528,-0.4847018854729593,-1.7052396967480892,-1.45462618004392,-1.9039955482491295,-0.7699515352984835,2020,25%,SAC,-3.111111111111111,0.5,-1.0738083718943146,7,0.4396504081126331
1.278963673124114,-0.04858013428208169,0.049489948180150165,-0.6213150578250461,0.1599485218720497,0.2177597650941493,-0.34250281675305577,2020,25%,SAS,-1.911764705882353,0.4864864864864865,0.09910912848718278,7,0.5184443029090299
-0.16330795904804277,0.44634648394650833,1.313981155109464,0.19922602397650932,0.7886769883502307,1.0810688602452327,0.2036516490645944,2020,25%,TOR,5.555555555555555,0.8055555555555556,0.5528061716634994,7,0.5399905303564559
1.4763817960820556,-0.2676987369265502,-0.37302584902938285,-0.006753424541576709,1.075377169064281,0.4051977760755931,0.7804259083354592,2020,25%,UTA,2.5714285714285716,0.5675675675675675,0.44141494843712564,7,0.5267101250208814
-0.23620011007160818,-0.28798589506626904,-0.7633971193204698,-1.4148424414602963,-1.0220609951069322,-1.2254052615532809,0.40162599627890705,2020,25%,WAS,-4.742857142857143,0.3783783783783784,-0.6497522608999928,7,0.4640467611423415
1.0698311992163299,0.3920930180423883,-0.8288407500013227,0.31256315895911146,0.43630724378466124,0.12792862119896248,0.93186104101844,2020,50%,ATL,-7.970149253731344,,0.34882050460265296,7,0.5127702844665163
-0.05224595944167548,-0.2624921448250751,-0.17391686109585378,2.180996264736912,-0.11070482304983965,-0.18234604652703956,1.047142084114389,2020,50%,BKN,-0.640625,0.625,0.34949035913025955,7,0.490359024954525
-1.2726411972952167,-0.05992140399241878,1.386030321536313,-0.11113356762990573,0.60236447835942,0.6033708794948122,1.0269037181026555,2020,50%,BOS,6.171875,0.625,0.3107104612250942,7,0.5255088505534552
0.4735128704439009,0.1281025644743047,-0.4184561692724271,0.7119494176290877,0.8514503302215596,,-0.39295133149084666,2020,50%,CHA,-6.753846153846154,,0.2256012803342632,6,
0.06459861609604045,0.8590750912828059,0.2973034699757043,-0.003472923988435206,1.1640286541269875,-0.4779306408728552,0.3664068656247694,2020,50%,CHI,-3.076923076923077,,0.3242870188921453,7,0.4987478519815309
1.424973488403629,-0.21944858455942787,1.617460920471298,-0.10766064364147193,0.2995542270760356,0.8813616035187236,0.8758908757536253,2020,50%,CLE,-7.892307692307693,,0.6817331267174874,7,0.5581568136448896
0.1612924169485636,0.1203059681735192,-0.30244017965816256,-1.434317607223479,0.15791717405638864,0.06371848856013985,-0.07857577273735906,2020,50%,DAL,6.044776119402985,0.375,-0.18744278741148415,7,0.5088174754531894
-1.5095876310339587,-0.7448923122486306,-1.056274061457463,-0.7188952656059565,0.2995542270760358,0.2581435859208466,0.38916953128439585,2020,50%,DEN,2.953846153846154,0.375,-0.4403974180092472,7,0.490184051783035
-1.8867541357869764,-1.3265159915903115,-0.5178267255504239,1.1391190682065397,-1.605219934222671,-0.5286924292662769,-1.0264259723875815,2020,50%,DET,-3.5606060606060606,,-0.8217594457996716,7,0.4498024667696242
-0.48062038970110704,0.24576663436771987,2.6940147301827047,0.20837543930607472,1.1689126904380105,0.632539193253885,0.00015018179629365053,2020,50%,GSW,-8.707692307692307,,0.6384483542347973,7,0.5403345300449494
0.12473306526484342,-0.021919468740115924,0.5746871373813784,-1.2467797118480113,-2.303637126698863,0.3126221394503377,1.085296097530732,2020,50%,HOU,3.75,0.5,-0.2107139810942427,7,0.5216013324774339
-0.35767884917822085,-0.4155486276628282,-0.9462414987153315,-1.6600576664717257,-0.14489307722699585,0.378901243235429,-0.03465673187084078,2020,50%,IND,1.9384615384615385,0.75,-0.45431074398435917,7,0.5061706522942038
1.24849558410685,0.999467105327235,0.2623850225243944,-1.2433067878595772,0.5779442968043081,0.2985331531661982,1.0675817279369932,2020,50%,LAC,6.515625,0.625,0.45872858600091465,7,0.5373818045699599
0.03346021349293535,1.3256521430620554,2.2330995158777958,-0.10418771965303679,1.3154337797686797,1.1086317929523541,2.8475251041696263,2020,50%,LAL,7.412698412698413,0.375,1.2513735470957728,7,0.5713405116587533
0.8289742810861588,-0.9547146345690649,-1.035291568807834,0.9376894768773347,0.5925964057373757,-4.014188747112328,0.340040868139297,2020,50%,MEM,-1.0769230769230769,0.25,-0.4721277026641516,7,0.395186286090034
0.09667032231940195,1.0070308530825784,0.016887418092357987,-0.21184836329450935,0.33374248125319267,0.3775059769315459,-1.2350386415738408,2020,50%,MIA,3.230769230769231,0.375,0.05499286383010379,7,0.5088646215553998
-1.8009056292294936,0.7505702949738994,0.16523120556516094,-0.09376894768773406,-0.5405000184198036,0.21756706235638953,-0.9332652276752306,2020,50%,MIL,11.292307692307693,0.375,-0.31929589430240174,7,0.4869093014066437
-1.1445214125383503,1.1654635136330234,-0.737895286879331,-0.6251263179182232,0.8661024391546259,-0.005939434081979835,-2.100373611687401,2020,50%,MIN,-4.296875,,-0.36889858718823376,7,0.4793780605816064
1.2636962365356308,0.5993038669629582,-0.4448583091863402,0.1979566673407713,0.030932229969809173,0.371491068674249,-0.6563928041625678,2020,50%,NOP,-0.828125,0.25,0.19458985087635863,7,0.5154829222963279
1.0644097608621996,-0.3072973549732353,0.2982720283414209,0.618180469941354,-1.1510045572975955,-0.08466803136938986,-0.592600842698163,2020,50%,NYK,-6.454545454545454,,-0.022101218170487016,7,0.5030374481237054
-0.11956313448341886,-0.6679321494959312,-0.04043217879253859,1.149537840171844,-0.7553976161047865,0.5590215978402766,-0.8783085705161741,2020,50%,OKC,2.453125,0.5,-0.10758203019724695,7,0.5022302907489073
1.0347677293527293,0.9354224578667079,-1.1296108447558872,-0.42022380260058334,0.6121325509814651,0.014252980253660345,-0.5440934631959303,2020,50%,ORL,-0.9692307692307692,0.375,0.07180680112888027,7,0.5032131527508671
-0.34966092262238047,,,-0.7050035696522182,0.32397440863114785,0.5214056682545549,,2020,50%,PHI,2.2153846153846155,0.5,-0.05232110384722399,4,
-0.28551751017565713,0.9350595003037141,-0.9750222561712002,0.6077616979760502,0.4411912800956834,-0.5278539452918858,-1.1221834785767428,2020,50%,PHX,-1.3692307692307693,1.0,-0.13236638740571974,7,0.470187133137556
0.5263987900495957,-1.0710999648453812,-0.7464951256100854,-1.024512576588199,0.016280121036741223,-0.15531096892217736,-0.13722661572064587,2020,50%,POR,-1.606060606060606,0.75,-0.3702809058000217,7,0.49883859956614623
1.8521786377070002,-0.979754003340572,-0.5738434091932867,-0.6181804699413542,-2.0203630206595684,-1.8144412215596515,0.7511679354357526,2020,50%,SAC,-1.921875,0.375,-0.4861765073645256,7,0.46780443604713984
-0.46178462572865664,-0.16052357375610476,-0.0083279933529559,0.5035739783230128,1.1249563636388091,0.12047567489495782,-0.9977501166466092,2020,50%,SAS,-1.7619047619047619,0.625,0.01723138676749333,7,0.4957426642433634
-0.2932848765266276,-0.7694440526556241,1.3404878740202344,-1.1321732202296702,0.011396084725719517,0.5852573313561243,-0.1864278568928354,2020,50%,TOR,6.453125,0.875,-0.063455530886097,7,0.5295948296975825
-1.654829029790276,-3.128226993198476,-0.1802511913077165,2.580382523406888,-2.303637126698863,1.4485077294981124,0.6517917332647104,2020,50%,UTA,3.171875,0.375,-0.3694660506893745,7,0.5047024057178431
0.4016020916462073,1.6264182489002896,-0.7698352341605662,0.31256315895911146,-0.2914141665576659,-1.0898643258079683,-0.46465672633888505,2020,50%,WAS,-4.046875,0.125,-0.0393124219084967,7,0.46763731965053945
1.0698311992163299,0.41900611551291617,-0.9144564241012348,-0.6585204873975666,0.8601693391420702,0.05753029372479038,-0.11256556393022248,2020,75%,ATL,-7.970149253731344,,0.10299921030958323,7,0.5120308957374553
-0.05224595944167548,0.5521047792258024,-0.11081354256005774,-1.56989061341614,-1.666643897015786,-0.20579749960650487,0.0045015823849971996,2020,75%,BKN,-0.640625,0.625,-0.4355407357756236,7,0.500285677819161
-1.2726411972952167,-0.6353554331000127,1.2516732379752324,-0.5723848962189818,0.8506937895064784,0.17506681136266314,1.2513669721176164,2020,75%,BOS,6.171875,0.625,0.14977418347825414,7,0.5185478227836104
0.4735128704439009,0.6617057648786823,-0.3330263888223267,0.48902787249777085,0.7843649420573343,,-0.9723675536160415,2020,75%,CHA,-6.753846153846154,,0.18386958457321997,6,
0.06459861609604045,1.8443001069198484,0.834965882848901,1.894983005928863,-1.0159894887051382,-0.6965960620951888,0.49096729149098534,2020,75%,CHI,-3.076923076923077,,0.488175621783473,7,0.4873747294786714
1.424973488403629,-1.6424373467699682,1.4258196254903612,0.3362066623422177,0.001052838848398719,1.9698335321216562,0.6163040909720179,2020,75%,CLE,-7.892307692307693,,0.5902504130583305,7,0.5807372600421532
0.1612924169485636,1.455421579951257,-0.27491255607041676,-0.07224275389171611,0.20951493083142228,-0.34442369605100853,-0.26773296996680646,2020,75%,DAL,6.044776119402985,0.375,0.12384527882161359,7,0.4948866211843997
-1.5095876310339587,-0.6556074863594568,-1.0727277819865673,-0.5779420311337294,1.0402047822183174,-0.3912223253250343,-0.01652524722854163,2020,75%,DEN,2.953846153846154,0.375,-0.4547725315498531,7,0.47449788899796086
-1.8867541357869764,0.05593602881228312,-0.33622419043910745,0.4751350352109028,-1.388694441038422,-0.4338733963701285,0.2582767839508096,2020,75%,DET,-3.5606060606060606,,-0.46517118795151985,7,0.46765410824182246
-0.48062038970110704,0.5608238534627935,2.603606957647752,-0.41122798369130736,0.6674998298850333,1.1941817351442678,1.7307273577846949,2020,75%,GSW,-8.707692307692307,,0.8378559086474467,7,0.566950003305796
0.12473306526484342,-0.09535326303244362,0.551867013179581,0.8974772887317043,-0.28005513367416285,0.25700449158519756,-0.029714955470360772,2020,75%,HOU,3.75,0.5,0.20370835808347984,7,0.5115308123160063
-0.35767884917822085,-1.2633960592635276,-1.0126570316648162,1.7949545774634097,-0.055800458965152545,0.10699993637521163,0.7775724250052082,2020,75%,IND,1.9384615384615385,0.75,-0.0014293514611268027,7,0.4887195284976547
1.24849558410685,-0.4297066067394504,0.22123973176461242,-0.8724701816153415,-0.42850541129843667,0.3996055631548095,-0.23746213025554788,2020,75%,LAC,6.515625,0.625,-0.01411477869750066,7,0.5288053670928509
0.03346021349293535,-1.3842195868639733,2.344887430343444,-0.0805784562638375,0.9486078024075949,1.991046530921936,2.885098486598253,2020,75%,LAL,7.412698412698413,0.375,0.9626146315194789,7,0.5933391758000028
0.8289742810861588,0.11100245999626888,-1.1156002355445511,-0.19172115455878533,0.7906819751477293,-2.008518348919672,-2.2974129910431516,2020,75%,MEM,-1.0769230769230769,0.25,-0.5546562876908575,7,0.44055115689756597
0.09667032231940195,0.526369261991213,0.04115240060972481,-0.41122798369130736,0.8728034053228596,0.6836225293198361,0.013560024064189298,2020,75%,MIA,3.230769230769231,0.375,0.26042142284798825,7,0.5273844465787582
-1.8009056292294936,-1.279256482923453,0.12799087299251755,-1.21701254632968,0.8570108225968729,0.44239433372865555,0.5128505278732645,2020,75%,MIL,11.292307692307693,0.375,-0.33670401447018794,7,0.5086415611152801
-1.1445214125383503,-2.5759408664633074,-0.7348871701215813,-0.16949261489979559,0.9422907693172006,-0.11407460643917461,-0.33856297802284196,2020,75%,MIN,-4.296875,,-0.5907412684525502,7,0.48230455645869846
1.2636962365356308,0.6854071801235829,-0.44656498196999095,-2.208961128612091,-2.301505722600447,0.5005181721598356,-0.3666849633839105,2020,75%,NOP,-0.828125,0.25,-0.41058502967819865,7,0.5270645881593724
1.0644097608621996,0.5300347053881737,0.36070176154043065,-0.06946418643434249,-0.47588315947639687,-0.5583955770050939,0.3934008670543922,2020,75%,NYK,-6.454545454545454,,0.17782916741848043,7,0.5043393506017294
-0.11956313448341886,0.2956024213200685,-0.13097947332783305,-1.3281552446246283,0.8696448887776621,0.4832234548920434,-1.3895203606487536,2020,75%,OKC,2.453125,0.5,-0.18853534972783711,7,0.5150216140367249
1.0347677293527293,1.696376973875698,-1.1059593947678408,1.550440641214524,-0.2674210674933733,-0.678238920958494,-0.724574707430918,2020,75%,ORL,-0.9692307692307692,0.375,0.2150558933989036,7,0.47622650837170244
-0.34966092262238047,,,3.5784022973145325e-17,0.39902592354326155,0.36964617050078097,,2020,75%,PHI,2.2153846153846155,0.5,0.10475279285541553,4,
-0.28551751017565713,-0.5768670951481429,-0.9707123940718234,-0.008335702372121079,0.48430587026358907,-1.2774544230826268,-0.43906283720337375,2020,75%,PHX,-1.3692307692307693,1.0,-0.4390920131128794,7,0.4578668659505558
0.5263987900495957,-0.3606462832845939,-0.7841969787628741,1.7699474703470464,-0.1316048560498884,0.4329329221564855,-1.755552782843071,2020,75%,POR,-1.606060606060606,0.75,-0.04324595976961427,7,0.4947088689968983
1.8521786377070002,0.22454528331307053,-0.5829841240111165,-0.8196773999252414,-2.0488243989846615,-2.483705467682983,0.7134712206046545,2020,75%,SAC,-1.921875,0.375,-0.449285178425611,7,0.45431028108926197
-0.46178462572865664,-0.3797228288923267,-0.18250541479322363,0.747434646033525,0.31374597682293376,0.05753029372479038,0.1342316109259306,2020,75%,SAS,-1.7619047619047619,0.625,0.03270423687042469,7,0.49710378176952214
-0.2932848765266276,0.23773704341920457,1.3134621774006,-0.15282121015555417,0.023162454664779904,0.4962407976447216,-0.6553043329928506,2020,75%,TOR,6.453125,0.875,0.1384560076363248,7,0.5231594490654613
-1.654829029790276,0.6611404328377287,-0.12957041102804984,0.47791360266827637,-1.8435208235468354,1.0203520431192854,0.11895403166842895,2020,75%,UTA,3.171875,0.375,-0.19279430772449171,7,0.5077593535235561
0.4016020916462073,0.7609953478120655,-0.8385885977497894,0.9586057727939268,0.98966851749516,-1.4454292881010533,-0.2982388984590378,2020,75%,WAS,-4.046875,0.125,0.0755164207767827,7,0.4602626670709047
,,-1.020897227569757,,,-0.6084150154187681,0.9869346583625578,2021,preseason,ATL,,0.5694444444444444,-0.21412586154198907,3,
,,-0.0526749277301818,,,-0.5928816490957864,-1.0056615021375699,2021,preseason,BKN,,0.6666666666666666,-0.5504060263211793,3,
,,1.1755120074838061,,,0.26407482360723383,-0.06617713109274329,2021,preseason,BOS,,0.5,0.45780323333276557,3,
,,-0.3282422541987204,,,,0.1417456749138896,2021,preseason,CHA,,0.4583333333333333,-0.0932482896424154,2,
,,0.9155678283905513,,,-0.4289235305877071,-0.1363577851806774,2021,preseason,CHI,,0.4305555555555556,0.1167621708740556,3,
,,0.9728575476561915,,,1.4241916707315034,1.6434675471881481,2021,preseason,CLE,,0.3055555555555556,1.3468389218586143,3,
,,-0.25550059669007374,,,-0.4164969790124661,0.7357982713966663,2021,preseason,DAL,,0.5833333333333334,0.02126689856470883,3,
,,-0.8586013511418045,,,0.03323021053887399,-0.8790382312080427,2021,preseason,DEN,,0.6527777777777778,-0.5681364572703244,3,
,,-0.44065492768674386,,,-0.3962069718947583,-0.4044280661410059,2021,preseason,DET,,0.2777777777777778,-0.4137633219075027,3,
,,2.317313808218162,,,1.0959741813225112,0.2201068774174118,2021,preseason,GSW,,0.5416666666666666,1.2111316223193618,3,
,,0.5615616722593644,,,0.7381765174998898,0.324083287441306,2021,preseason,HOU,,0.2361111111111111,0.54127382573352,3,
,,-1.0894297724339905,,,-0.0014168479656520758,2.376944174940437,2021,preseason,IND,,0.4722222222222222,0.42869918484693154,3,
,,0.3773284584079382,,,0.9390459521101608,-1.4845283959944031,2021,preseason,LAC,,0.6527777777777778,-0.05605132849210137,3,
,,2.65020029913227,,,1.8589692678798984,0.12407603942836355,2021,preseason,LAL,,0.5833333333333334,1.544415202146844,3,
,,-1.145926073803703,,,-1.01572399963424,0.7349763188872817,2021,preseason,MEM,,0.5277777777777778,-0.4755579181835537,3,
,,0.2798622305565977,,,0.5543138344610867,-1.061226726703861,2021,preseason,MIA,,0.5555555555555556,-0.07568355389539223,3,
,,0.34846113072681434,,,0.6401460146383762,0.9505693703716377,2021,preseason,MIL,,0.6388888888888888,0.646392171912276,3,
,,-0.997740055080195,,,-0.12677542216201043,-0.3921377811857149,2021,preseason,MIN,,0.3194444444444444,-0.5055510861426401,3,
,,-0.34577997547358064,,,1.0580879931236076,-0.529188649239617,2021,preseason,NOP,,0.4305555555555556,0.06103978947013666,3,
,,0.217923700766114,,,-1.0934647353245026,-0.7619358685432022,2021,preseason,NYK,,0.5694444444444444,-0.5458256343671969,3,
,,-0.2738787371991408,,,1.148185458233355,-0.7179967616834982,2021,preseason,OKC,,0.3055555555555556,0.052103319783572,3,
,,-1.0193238722503748,,,-0.9330225549783838,1.1093914325738194,2021,preseason,ORL,,0.2916666666666667,-0.280984998218313,3,
,,,,,0.3938350145326548,,2021,preseason,PHI,,0.6805555555555556,0.3938350145326548,1,
,,-1.0276696563760976,,,-1.4586748616691443,-1.8421775710429287,2021,preseason,PHX,,0.7083333333333334,-1.4428406963627236,3,
,,-0.6813402230112647,,,-0.2239118644366425,-0.6730195403010871,2021,preseason,POR,,0.5833333333333334,-0.5260905425829981,3,
,,-0.6285221185691452,,,-3.010254597123804,-1.2528589881335597,2021,preseason,SAC,,0.4305555555555556,-1.6305452346088363,3,
,,-0.27928810235811524,,,-0.4123974622487558,1.7031668129114097,2021,preseason,SAS,,0.4583333333333333,0.33716041610151287,3,
,,1.504464883593554,,,0.6117951250730365,-0.21690263077989905,2021,preseason,TOR,,0.375,0.6331191259622305,3,
,,-0.10886320852070923,,,0.4107614903393078,0.12989196597534985,2021,preseason,UTA,,0.7222222222222222,0.14393008259798282,3,
,,-0.7667204870977945,,,-0.4522210625388739,0.24248319755955217,2021,preseason,WAS,,0.4722222222222222,-0.32548611735903876,3,
-0.6256063650604535,-0.5353635453180807,-1.008731988619241,0.011330653071787105,1.1454776804849283,-0.4777212466058533,0.832195364545555,2021,25%,ATL,2.3333333333333335,0.5925925925925926,-0.09405992107162263,7,0.47874088559522476
-1.251695619292012,0.9478933420297906,0.08163123884042342,1.3341843992029045,-0.9035701110873205,-0.44090232325333983,0.2710707447276683,2021,25%,BKN,4.0,0.6923076923076923,0.00551595302401637,7,0.47091452116797233
0.677869372215753,-0.5082068139458301,1.1586906965791093,0.09064522457429501,1.0226225666433375,0.7963870569394209,0.04977192792517508,2021,25%,BOS,2.6470588235294117,0.4727272727272727,0.4696828615616087,7,0.5384176581716825
0.25762669001620925,1.0028162328782306,-0.32874759790498176,-0.5070467249624626,0.3776332189749852,,-0.20159137296938398,2021,25%,CHA,-2.0,0.48148148148148145,0.10011507433876611,6,
0.8416259103498477,0.5249155765336919,0.9154525847911005,0.42206682692406083,0.5092636980909757,-0.3657148420368198,-0.8368860763992553,2021,25%,CHI,-2.9411764705882355,0.43636363636363634,0.2872462397505145,7,0.5013498421130141
-0.5622520952870222,-1.375968570973877,0.9075661844963548,1.5013115320117605,-1.162443386682101,0.9980179259564088,1.1306820927296375,2021,25%,CLE,-3.5555555555555554,0.24074074074074073,0.20527338317873736,7,0.5226056082372268
-1.1883413495185804,0.06224748880661405,-0.2524496326956921,1.3483477155426375,-0.9255085242733182,-0.536876474275414,-1.6813884176311047,2021,25%,DAL,-0.8888888888888888,0.6296296296296297,-0.45342417057783685,7,0.4545475775210857
1.3495561631700583,-0.24417206945723777,-0.8521743780466148,-0.9262808886185768,-0.27174381133056674,0.35961399018662915,-1.1797220342634391,2021,25%,DEN,5.444444444444445,0.6666666666666666,-0.2521318611942497,7,0.5101697885195797
0.831541839728471,-0.17005871067194067,-0.451537992385708,-1.6769366546244568,-1.4344797101884805,-0.10429883903648957,1.0838433844148814,2021,25%,DET,-4.111111111111111,0.2962962962962963,-0.2745609546805319,7,0.5095333275686804
0.8725357789936327,2.3225977724077005,2.2952220240302865,-0.5070467249624626,0.3776332189749852,0.8726876379837577,0.8989450610066173,2021,25%,GSW,-1.3333333333333333,0.5370370370370371,1.0189392526335024,7,0.560902079942745
0.8068523081255895,0.37812752652517545,0.5685632376637093,0.2549396941152046,0.7681369736857564,0.5853337266742157,-0.6569319507785257,2021,25%,HOU,0.5625,0.17857142857142858,0.3864316451444464,7,0.5245905772398154
-1.1622542972589323,0.2550004482169339,-1.0856452356250825,1.342682389006744,-0.9167331589989187,0.467543289028813,0.5702675414751481,2021,25%,IND,2.8333333333333335,0.42592592592592593,-0.07559128916504207,7,0.48538921776161026
1.2936553368993835,0.17572171507390957,0.37613274088838095,-0.9206155620826832,-0.26296844605616726,0.6324837616462311,-0.8962128899866301,2021,25%,LAC,6.611111111111111,0.6296296296296297,0.056885236626060674,7,0.5297026853603302
0.30352421053318424,0.2973240831726542,2.678205972303108,-0.0821472347704545,1.0357856145549371,1.6196764388852063,1.7947563380347387,2021,25%,LAL,9.263157894736842,0.5283018867924528,1.0924464889590533,7,0.5807883837211284
0.38920863493025926,-3.3499127666807715,-1.1668072979464104,0.33142160234976603,0.6496695424813651,-0.8440330198786337,1.9267812343615665,2021,25%,MEM,-0.6923076923076923,0.5254237288135594,-0.2948102957689797,7,0.4776043767881476
-1.0287499709889676,0.11638577016116494,0.30144448173307137,0.07931457150250794,1.0401732971921367,0.8992298162395439,0.454468388242335,2021,25%,MIA,-5.764705882352941,0.6181818181818182,0.2660380505831132,7,0.5202885172483033
-1.1648849243775523,-0.21515235526985327,0.33915284061802137,-1.9290436854717155,-1.8249834648992527,-0.22581686832052458,1.3351020285423822,2021,25%,MIL,8.941176470588236,0.6363636363636364,-0.5265180613112136,7,0.49631650433926183
0.5279236264544134,-0.2279339228444254,-1.0388468368087023,-0.671341194503372,0.12314762601740424,-0.34730821744635143,-0.26986661710897786,2021,25%,MIN,-9.705882352941176,0.34545454545454546,-0.2720322194628587,7,0.48740392104293256
-1.0378749588066807,-1.0426148489181921,-0.33170228552809705,0.07931457150250794,1.0401732971921367,0.6529920011571582,-1.5109107919403353,2021,25%,NOP,-1.9375,0.44642857142857145,-0.3072318593345003,7,0.4964510884350309
-0.3584592584616495,0.015449653265428293,0.22474133975363003,0.9291135518865229,-0.2761314939677655,-0.9411683211880518,-0.07636266710276844,2021,25%,NYK,-2.263157894736842,0.6226415094339622,-0.06897388511637915,7,0.4683246829630204
0.4845182789971836,-0.0753884511593591,-0.29056768219637125,-0.41923416365611393,0.5136513807281757,1.047628989264615,-0.31442877336051145,2021,25%,OKC,-6.176470588235294,0.2545454545454545,0.13516851123108836,7,0.529438942652167
-1.3011237183102928,1.4705535362276425,-1.026149165970522,0.2577723573831514,0.7637492910485567,0.02585995975407976,0.24304325631326415,2021,25%,ORL,-5.052631578947368,0.24528301886792453,0.06195793092083996,7,0.48202877765269014
-1.1493088427541445,,,0.24644170431136447,0.7813000215973555,0.18281565264993657,,2021,25%,PHI,2.8947368421052633,0.6792452830188679,0.015312133951128008,4,
-1.662566692381472,0.2356990290683389,-1.0118438247347317,0.5098793882304093,0.3732455363377854,-1.3612466301027393,-0.4165938871913844,2021,25%,PHX,1.625,0.7678571428571429,-0.47620386868197057,7,0.43616248703204163
0.4840250364124423,-0.9380625735516682,-0.6966885986506228,0.0028326632679467967,1.1586407283965274,-0.1350025840307397,-0.9663691836429924,2021,25%,POR,-0.875,0.5892857142857143,-0.15580350168558668,7,0.49077207007028223
-0.4092372845539592,0.3693390958795182,-0.6421587604531728,-0.5976919495367575,0.23722737458459556,-3.634838785872923,-1.9098734116890512,2021,25%,SAC,-7.411764705882353,0.43636363636363634,-0.9410333888059642,7,0.389494499485238
0.6302988651540417,0.06723474627694111,-0.29558473156396486,2.2632979510894278,-2.3427300160888143,0.19033107578222141,0.8454349464544372,2021,25%,SAS,0.8888888888888888,0.42592592592592593,0.19404040530061284,7,0.4955513495604412
0.4253291688282338,-0.12693476540465348,1.5006260356339771,-1.1868859092696753,-0.6754106139529374,0.7660741042807069,-0.5488961764987076,2021,25%,TOR,0.5,0.37037037037037035,0.021985977659563432,7,0.5368501132931057
2.4303054710697722,-0.644382051805491,-0.11485343456304611,0.2577723573831515,0.7637492910485565,0.3532287135665313,-0.3292554342028027,2021,25%,UTA,7.722222222222222,0.7037037037037037,0.38808070178523885,7,0.5282876970058296
0.2959586851732434,1.2128454294776456,-0.7529399336381158,-1.8383984608974204,-1.684577620508863,-1.0349759879475668,0.358927375992519,2021,25%,WAS,-4.714285714285714,0.5344827586206896,-0.4918800731926512,7,0.47548639879884574
0.01318187021547939,-0.4309190664218943,-0.9871072370913926,0.005419596487041936,0.8969580411776882,-0.29285892892934645,0.5156688769686644,2021,50%,ATL,0.4166666666666667,0.6944444444444444,-0.039950978227679936,7,0.49016590488806294
1.2930942208193212,1.246579686832956,0.15592429622031378,-0.15716829812422164,-0.6551759841595526,-1.0691776927319052,0.633762716514117,2021,50%,BKN,5.0,0.6857142857142857,0.20683413505300408,7,0.4914965550222608
0.09063297655971189,1.6269709060903124,1.1471993587984883,-0.24659164016041582,0.6948373941436005,0.7159770962424722,0.15261209418518612,2021,50%,BOS,0.8888888888888888,0.4722222222222222,0.5973768836941937,7,0.5368791771251684
-0.5128480409118138,0.9181689730691258,-0.29643977968374297,0.5717674293829424,0.7978045162175696,,0.3425608053158417,2021,50%,CHA,-0.45714285714285713,0.43243243243243246,0.30350231723165383,6,
0.2548015230082047,0.7156873899055556,0.9285246983799109,-0.4064697365281579,0.9160260267469419,-0.23252395805825943,-0.490928002149253,2021,50%,CHI,-0.20588235294117646,0.39473684210526316,0.2407311344721347,7,0.5089624964498697
0.057814711159613355,-1.0236183182940994,0.7808743799189783,-1.8453726038378377,0.34398645966933455,0.90569655910095,1.094054910642841,2021,50%,CLE,-7.472222222222222,0.2222222222222222,0.04477658547996859,7,0.5467194575951657
1.2291565178751294,0.17070554851562597,-0.24371866897449923,0.47963428910322675,-1.5704392914837246,-0.5252261465691367,-0.1477593232249332,2021,50%,DAL,-0.5294117647058824,0.631578947368421,-0.0868067249654731,7,0.4907455825698771
0.488390353208906,-0.6031353628564872,-0.8424626923014757,0.6449319819580108,0.5804294807280788,0.5701860265482173,-1.218184060291922,2021,50%,DEN,5.305555555555555,0.7222222222222222,-0.05426346757238173,7,0.5049561515704342
0.42275382240870873,-0.7135589351561687,-0.48331737139517283,1.4470322620402427,0.6986509912574511,-0.3687206963348536,-0.7286430777994003,2021,50%,DET,-3.9166666666666665,0.2777777777777778,0.03917099928868676,7,0.4826548422490668
-0.02694511158723565,-1.3934875472282955,2.2852789483413956,0.24117204367337386,0.5766158836142282,0.8469942539074032,2.327023483969944,2021,50%,GSW,0.4864864864864865,0.5714285714285714,0.6938074220986877,7,0.5554651739495117
-2.803088617800974,-0.8386365356057348,0.5623490529704634,-1.5987809636774224,-0.9869589330645658,0.3017626005266085,0.37073423663149613,2021,50%,HOU,-5.264705882352941,0.15789473684210525,-0.7132313085743042,7,0.49423626433432194
-0.296810088106594,-0.8434487440346959,-1.0777607791786827,-1.1218564728177163,0.6910237970297497,0.39857487375207495,-0.5025802456551866,2021,50%,IND,0.22857142857142856,0.4864864864864865,-0.39326537985872145,7,0.5028857121429886
-1.5647894213063098,0.21629770001591797,0.35283522500758935,-0.08129394730563154,-0.4339873515562111,0.8445540368684853,-0.2540515206933698,2021,50%,LAC,5.394736842105263,0.6764705882352942,-0.13149075413850425,7,0.5102409768141734
-1.8623553879957722,-0.14779013272163546,2.7103205575178095,0.07858414906211028,0.9198396238607925,1.6872798608848096,2.215341155581414,2021,50%,LAL,5.054054054054054,0.5142857142857142,0.8001742608842184,7,0.566084005218233
0.2977162312343335,-1.687188983689523,-1.1693568845927231,-0.23304264894281063,0.8016181133314203,-0.7067077213971624,0.7047768463404588,2021,50%,MEM,0.8125,0.55,-0.2845978639594295,7,0.4810776663147753
1.1001228202667421,0.6012110960779228,0.2816812454677627,-0.08942334203619524,0.9007716382915381,0.9914643657914506,-1.6348778287456385,2021,50%,MIA,-1.5833333333333333,0.6111111111111112,0.3072785707305118,7,0.534792986066069
-1.4426363829328905,0.8109681057043717,0.3512484420935091,0.3305953857095686,-1.211961162781758,-0.11336691616886466,0.6090775167896119,2021,50%,MIL,6.277777777777778,0.6666666666666666,-0.09515357308377882,7,0.48807572768149904
-0.7193218135147191,0.3622839587191624,-1.0174016492664415,2.1651287965733226,-1.2234019541233097,-0.10267048795328851,1.6690819605398248,2021,50%,MIN,-9.083333333333334,0.4444444444444444,0.16195697299636444,7,0.4796920410990246
0.3282372180564251,-0.5506655552162978,-0.32847145350131607,-0.6476417802015317,0.11517063283829156,0.8209889303088727,-1.230979146144243,2021,50%,NOP,-0.4166666666666667,0.4444444444444444,-0.21333730769425704,7,0.5191221895273093
0.735573980281864,-1.0925649595940092,0.2426826512191209,0.0785841490621108,-0.4416145457839123,-0.9696146517758409,0.38689936602061076,2021,50%,NYK,0.4594594594594595,0.6285714285714286,-0.15143628722429373,7,0.48541661483816606
0.04731286623158187,-1.2393924252894004,-0.32770462449339555,-1.444322463796722,-1.6772200106715445,1.074239281438547,-1.2911495837831883,2021,50%,OKC,-5.527777777777778,0.19444444444444445,-0.6940338514805889,7,0.5208802472489965
0.3676191365365432,2.1109919394025445,-1.0443606242901802,-0.3305953857095686,0.8016181133314204,-0.3079370745717269,-0.6524488357866193,2021,50%,ORL,-6.583333333333333,0.2222222222222222,0.13498389555891618,7,0.49018675442495585
-0.19554229772914708,,,-8.724593165933056e-18,0.5880566749557804,0.32358030205654914,,2021,50%,PHI,3.5,0.6944444444444444,0.1790236698207956,4,
2.0762317997382436,0.0829382628585698,-1.0102478488059843,0.3224659909790054,-0.2204259131805714,-1.23336015871611,-0.1401385244969605,2021,50%,PHX,6.485714285714286,0.7297297297297297,-0.017505198803401064,7,0.47770606818702366
-0.3541951693204805,-0.8823529032739121,-0.6813801040569503,0.4877636838337897,0.22957854625381305,-0.04155418776990354,-0.9217719010744911,2021,50%,POR,-0.42857142857142855,0.5675675675675675,-0.3091302907725907,7,0.4838982721138072
-0.2572406366813323,0.5542621408019899,-0.643284777456183,0.49047348207731095,0.8054317104452712,-3.2482802479673905,-0.5873488773415614,2021,50%,SAC,-5.638888888888889,0.4722222222222222,-0.41228388658884213,7,0.4074319851070949
0.45868982302181666,0.22613494663138622,-0.3220989941697151,-2.0892544457547326,0.8130589046729724,-0.13509191875981777,-0.5259796894635028,2021,50%,SAS,0.03125,0.375,-0.22493448197451332,7,0.5086708315736155
-0.3885136982817264,-0.8311679103582292,1.5404175216554163,1.3738677094651748,0.5842430778419294,0.8173310176016082,-0.8972293213848295,2021,50%,TOR,1.4166666666666667,0.2777777777777778,0.3141354852199063,7,0.5228658028920753
-0.10233842399286723,1.1037597705474966,-0.09063685914429584,1.9781527177703697,-2.2111236066106454,0.6271661749031107,0.6204654133575818,2021,50%,UTA,8.805555555555555,0.6944444444444444,0.27506359811867853,7,0.505999735395069
1.265295219539238,1.5309669545674454,-0.7735860291887591,-0.4037599382846369,-2.123410872992079,-1.5787045922275649,-0.41798944482247175,2021,50%,WAS,-4.382352941176471,0.5263157894736842,-0.3573126719155469,7,0.46167219269417403
0.23268430454715122,-0.39339207314678043,-0.9886942609220544,0.45557890768491527,0.5089625216574227,-0.2871885225677715,0.962926066726641,2021,75%,ATL,2.018867924528302,0.6842105263157895,0.07012527771136057,7,0.4936809348059226
-0.022800855918492756,-0.2763403886155742,0.2572204843378199,-0.11671856312588677,-0.699468046523609,-1.0693091076416725,-1.1259135572743346,2021,75%,BKN,4.846153846153846,0.6,-0.4361900049659643,7,0.47078749004944265
1.0306190312853507,1.7138064261286676,1.1322451533175724,0.3313301146799377,0.97337897531131,0.6886563166122838,0.34104688673287065,2021,75%,BOS,1.6981132075471699,0.47368421052631576,0.887297557723999,7,0.5459874207602944
0.7640035547409832,-0.3074045428495126,-0.28319882311737177,-1.0165810336770833,-0.017060196256673054,,-0.26353683404134726,2021,75%,CHA,-0.7254901960784313,0.2857142857142857,-0.1872963125335008,6,
-0.9548856569547677,0.47733641120821735,0.9422830007281534,0.33509522961948307,0.693781314438051,-0.45914892910208904,-0.06964076047730756,2021,75%,CHI,-0.9411764705882353,0.42857142857142855,0.13783151563710583,7,0.4920016437684708
0.983975157582089,-0.8792668422471023,0.7112285457979186,0.10165810336770817,0.5231793518713173,1.2035023240503868,-0.05258223352721846,2021,75%,CLE,-7.196078431372549,0.14285714285714285,0.37024205812787125,7,0.5500799457257797
1.2030579862703012,-0.36119760154124997,-0.2335830584066974,-0.9977554589793595,-0.727901706951398,-0.4439952954826391,-0.1793770006618202,2021,75%,DAL,2.1372549019607843,0.6190476190476191,-0.24867887653612325,7,0.5027383476772832
0.39124825665538326,0.11186130761385411,-0.8174032303064567,0.41039752841037813,1.0160294659529931,0.324460146542888,-0.3067411388954823,2021,75%,DEN,5.519230769230769,0.65,0.16140747656765111,7,0.5076934827584503
0.3188986222477375,-0.7323249371119744,-0.472397879145989,-0.6701904592389663,-0.007582309447410349,-0.07726037935021006,-1.8334358812400402,2021,75%,DET,-3.4615384615384617,0.2,-0.4963276033266933,7,0.49294289705780814
-1.9352719148386703,0.06016285399725064,2.251919120368551,-0.10542321830725285,0.5516130122991068,0.620258369629048,2.2150689661945018,2021,75%,GSW,-2.1153846153846154,0.75,0.5226181699060765,7,0.5358341442230672
0.03908859038202324,-0.779560096856388,0.5465168962180629,0.9939903440398155,-0.007582309447410349,0.15666287410610258,-0.22974308902109586,2021,75%,HOU,-6.326923076923077,0.15,0.10276760134587284,7,0.506609980825443
-0.7029181846095012,0.6358799109576545,-1.0945451392914884,-0.11671856312588731,0.9733789753113096,0.6243274946630082,-0.26717435424888836,2021,75%,IND,-0.35294117647058826,0.47619047619047616,0.007461448522315276,7,0.5056895334473075
1.4305841694110009,0.5363274820956773,0.38018351474148193,2.1197597109636956,0.1251081058822721,0.7621679642817833,0.4704609021779843,2021,75%,LAC,6.833333333333333,0.6111111111111112,0.8320845499362707,7,0.5340622147948481
-1.6118777658599162,1.7051311901061226,2.731110364694386,-2.424468031820789e-17,1.110808334045623,1.7561224941390565,2.5754422483735477,2021,75%,LAL,4.0576923076923075,0.5,1.1809624093569742,7,0.5769966026074149
0.9123399608588845,-2.491301149612057,-1.1586260316887564,-0.33509522961948307,0.8359496165769962,-0.5060150896914615,-1.1457583802002231,2021,75%,MEM,1.32,0.5454545454545454,-0.5555009004823,7,0.4838365392251806
0.45662443232494254,-0.29217168801605103,0.2859637029528113,0.09789298842816425,1.0112905225483617,0.6949152969634376,0.16741021094260045,2021,75%,MIA,-0.7692307692307693,0.65,0.3459893523063239,7,0.5313076121746961
-1.7661655404400762,-0.5343948573400321,0.36053411115874506,0.5497067811735342,-0.8463752920671855,-0.06494552046414527,1.7941373580047013,2021,75%,MIL,5.538461538461538,0.7,-0.07250042285349413,7,0.4932540676823756
0.3212011793782376,0.28098343749406496,-1.020903661566717,-2.6657013771976854,0.41892259696942474,-0.4270452290080195,0.2263343045858023,2021,75%,MIN,-7.471698113207547,0.5263157894736842,-0.40945839276355595,7,0.5011424803970246
-0.5109429675845363,0.40419877244776276,-0.33232163593052527,-0.41792775828946743,-0.41513144224571863,0.7301748137321485,-0.13953779841988928,2021,75%,NOP,-0.5,0.4,-0.09735543089860364,7,0.515254303474042
0.9694696926339238,0.18541819971653906,0.2690005163747126,-0.6701904592389656,0.26253746461658506,-0.7035300761678315,0.5869873563431461,2021,75%,NYK,0.8679245283018868,0.7894736842105263,0.12852752775401566,7,0.5042007829733021
-2.039873795909965,-1.2527154468638944,-0.335405768961215,0.8358555165789352,-1.0643666886802337,0.9761547891968613,-0.28772915374622227,2021,75%,OKC,-8.153846153846153,0.1,-0.4525829354836762,7,0.49746174509143376
-0.21282760653134566,2.175021549087367,-0.9951298532670823,2.7824199403235728,-2.244363596433476,0.22650472576854463,-0.38792946454585475,2021,75%,ORL,-7.115384615384615,0.2,0.19195652777167505,7,0.48044135066974897
-0.6399519542391334,,,-2.424468031820789e-17,0.6985202578426828,0.03197173010735892,,2021,75%,PHI,4.769230769230769,0.7,0.02263500842772707,4,
0.02632100783949757,0.22760012446295122,-0.9801957632909206,-0.7718485626066744,0.6653476540102622,-1.3061872275092425,-0.29188040116407776,2021,75%,PHX,6.529411764705882,0.7142857142857143,-0.3472633097511721,7,0.46546566640089365
-0.12254866277013957,-0.2277628374941635,-0.6561020744463003,0.45181379274537065,-0.3156136307484577,-0.1442279417525472,-0.8413791644025674,2021,75%,POR,-0.3137254901960784,0.5714285714285714,-0.26511721698125784,7,0.48542359585034617
0.9970674845266336,-0.34859986159651063,-0.8796336183715222,-0.8923322406721068,-0.15448955499098666,-3.464566178489787,-0.4059112698860536,2021,75%,SAC,-4.153846153846154,0.45,-0.7354950342114762,7,0.4171246126379819
-1.3495013808394178,0.08748921426160686,-0.33869912914735034,0.9939903440398151,-0.27296314010677436,0.20146210602623985,-0.007417119952920938,2021,75%,SAS,-1.7,0.4090909090909091,-0.09794844367411451,7,0.48818736067287793
0.26572599936982916,-0.8708251428055119,1.5333120596574343,-0.45181379274537137,0.9591621450974142,0.8140088927594574,0.773721997120144,2021,75%,TOR,0.17307692307692307,0.35,0.43189887977905655,7,0.5488331465872929
1.3483554684577321,-0.8489632115747872,-0.061972370436306275,-0.9713996544025469,-1.5572168027619095,0.5977047288282091,-0.47563458590378904,2021,75%,UTA,9.596153846153847,0.65,-0.2813037753990568,7,0.5280639035775893
0.17830138798426157,1.9950037980938535,-0.7527051720511594,-0.25979293082858823,-2.997855597769885,-1.4556355701794226,-1.8022141095927873,2021,75%,WAS,-4.9411764705882355,0.7142857142857143,-0.727842599191961,7,0.446953319742093
,,-0.7506875341529057,,,-0.39837022745393064,-0.8677663442583188,2022,preseason,ATL,,0.524390243902439,-0.6722747019550517,3,
,,0.6602785568822828,,,0.7891694623391735,-0.5058896886034444,2022,preseason,BKN,,0.5365853658536586,0.3145194435393373,3,
,,0.991388184346765,,,0.476555824817919,0.7454514810136104,2022,preseason,BOS,,0.6219512195121951,0.7377984967260982,3,
,,-0.31979641576330137,,,-2.627932938365519,-0.9439973882786448,2022,preseason,CHA,,0.524390243902439,-1.297242247469155,3,
,,1.0061690140830797,,,-0.34787756397418035,0.6142372924959625,2022,preseason,CHI,,0.5609756097560976,0.424176247534954,3,
,,-0.18606137324264047,,,1.4785952045557038,1.8041804624645392,2022,preseason,CLE,,0.5365853658536586,1.0322380979258676,3,
,,-0.1260818389683778,,,-0.5556502807357401,0.3933774497913731,2022,preseason,DAL,,0.6341463414634146,-0.09611822330424824,3,
,,-0.7587534363776427,,,-0.40484989370372354,-1.2560797666603019,2022,preseason,DEN,,0.5853658536585366,-0.8065610322472226,3,
,,-0.48601527171969205,,,-0.841469445860641,-0.7216355858051244,2022,preseason,DET,,0.2804878048780488,-0.6830401011284858,3,
,,1.9595353046867852,,,1.630736411727258,-0.9703731293207003,2022,preseason,GSW,,0.6463414634146342,0.8732995290311143,3,
,,0.27351680298226055,,,0.3148406739379353,0.6819281718472053,2022,preseason,HOU,,0.24390243902439024,0.4234285495891337,3,
,,-1.2051529165100099,,,-0.2072974125331613,-1.0599373326506198,2022,preseason,IND,,0.3048780487804878,-0.8241292205645969,3,
,,0.5977280761142186,,,0.26099867670141697,0.5379229027929116,2022,preseason,LAC,,0.5121951219512195,0.465549885202849,3,
,,2.877555372446345,,,2.0675617563083173,1.151281122905514,2022,preseason,LAL,,0.4024390243902439,2.032132750553392,3,
,,-1.1599711181986108,,,-1.1245275151902194,0.20335838421393843,2022,preseason,MEM,,0.6829268292682927,-0.6937134163916306,3,
,,0.22760317194531116,,,0.4130920139519071,0.4419502784170678,2022,preseason,MIA,,0.6463414634146342,0.36088182143809533,3,
,,0.9692070856506064,,,0.15499742901169386,-0.595633786692037,2022,preseason,MIL,,0.6219512195121951,0.17619024265675443,3,
,,-1.192484565355902,,,-0.46497271695488657,0.8614976092109633,2022,preseason,MIN,,0.5609756097560976,-0.2653198910332751,3,
,,-0.4622708590260378,,,0.9375417077647169,-0.19813784629327433,2022,preseason,NOP,,0.43902439024390244,0.09237766748180158,3,
,,0.3328723285527486,,,-0.6437341815125053,-1.9430488529307988,2022,preseason,NYK,,0.45121951219512196,-0.7513035686301851,3,
,,-0.46922454121959295,,,0.8461786723139767,2.085578532711611,2022,preseason,OKC,,0.2926829268292683,0.820844221268665,3,
,,-1.0984910032577975,,,-0.9325692580522615,1.3076199836427087,2022,preseason,ORL,,0.2682926829268293,-0.2411467592224501,3,
,,,,,1.1215384263206294,,2022,preseason,PHI,,0.6219512195121951,1.1215384263206294,1,
,,-0.254993467405091,,,-0.303565847362044,-1.5442142430382377,2022,preseason,PHX,,0.7804878048780488,-0.7009245192684576,3,
,,-0.6734602852128655,,,0.4141126623311622,-0.3012638343566249,2022,preseason,POR,,0.32926829268292684,-0.18687048574610943,3,
,,-1.0160363926798264,,,-2.0459645893153025,-1.053375515410181,2022,preseason,SAC,,0.36585365853658536,-1.37179216580177,3,
,,-0.5365329871913086,,,-0.24966096987382597,-0.09273720361038304,2022,preseason,SAS,,0.4146341463414634,-0.2929770535585059,3,
,,1.4955751822594265,,,0.3069886487196639,0.048000601692041886,2022,preseason,TOR,,0.5853658536585366,0.6168548108903774,3,
,,-0.024753272842122292,,,-0.15958460893781684,0.49799173262113555,2022,preseason,UTA,,0.5975609756097561,0.10455128361373216,3,
,,-0.6706618008259665,,,0.09511987902434603,0.6797145120881405,2022,preseason,WAS,,0.4268292682926829,0.034724196762173344,3,
2.29761832586832,0.4759621485864925,-0.7667325632398609,-1.0114541172094167,-0.4276185588560711,0.076175349163438,-0.3618419985263942,2022,25%,ATL,2.6363636363636362,0.5166666666666667,0.0403012265409296,7,0.5175919210715046
1.1262571694444738,1.167068668182454,0.7229414549851605,-0.5099768658198733,0.3093676623467006,0.2144530275817132,-1.5059347159993666,2022,25%,BKN,4.0,0.47540983606557374,0.21773948581732314,7,0.517929182463713
0.2510119205729641,-0.005517082601135432,1.0028137173276672,0.19549113189761902,0.7715454620840297,0.719823125141542,-0.6083854690280267,2022,25%,BOS,1.6363636363636365,0.65,0.33239754362780854,7,0.526923215128826
0.6938755345229196,1.3257841897369123,-0.43331721717674426,-0.00849961443033099,1.046353883549471,-2.8417268353887652,1.2250423668623587,2022,25%,CHA,-0.5,0.5172413793103449,0.1439303296679744,7,0.43929896237674404
-0.013658049894168729,0.20112419054133535,0.9376366211962791,-0.19124132468245275,0.7777911080264271,-0.34776604507254694,1.1741374689407458,2022,25%,CHI,4.454545454545454,0.5333333333333333,0.3625748527222313,7,0.5079059491384618
0.481615459197793,-0.05811210741095359,-0.2514635975892236,0.25923824012510216,0.6778607729480859,0.9826695081779828,0.6897444861586043,2022,25%,CLE,2.1363636363636362,0.5333333333333333,0.3973646802296273,7,0.5308682688923061
0.46327199589809076,0.1649266147742893,-0.11686528321782681,-2.388391654923076,-2.451207844192493,-0.959495912046344,-1.1574567914551677,2022,25%,DAL,-0.7,0.6612903225806451,-0.9207455535946467,7,0.47601182413625376
-1.215466859686229,-1.2644398409148578,-0.7631505642595727,0.49297763695921143,0.33435024611628533,0.1298351761700683,-0.3993771556899182,2022,25%,DEN,-0.47619047619047616,0.6229508196721312,-0.3836101944721447,7,0.4794587820484998
0.5126870398891255,-2.4009920791900266,-0.4556431562698431,2.1419028364434705,-2.088960379533504,-0.4126183939138304,1.3607959112985577,2022,25%,DET,-9.571428571428571,0.3114754098360656,-0.19183260303943572,7,0.4789353822007772
-0.32050550740415484,1.357093816801037,1.9542039293260465,0.250738625694772,0.690352064832877,1.2115186325706797,0.08514023970253813,2022,25%,GSW,12.619047619047619,0.5737704918032787,0.7469345430748279,7,0.5474710385178105
-0.14068965288122295,-0.34256168622501926,0.2586431786542271,-0.8882097079696142,-0.24649482652657714,-0.09277126660114242,0.1934526068796038,2022,25%,HOU,-7.904761904761905,0.2459016393442623,-0.179804479238535,7,0.5017923668630614
0.16300697164701147,-1.0578435059112772,-1.1673015647122673,0.7692151059449766,-0.07161674013947848,0.07839921029195292,0.11356842550276426,2022,25%,IND,1.0416666666666667,0.27586206896551724,-0.16751029962518824,7,0.48801144711100947
-1.8846913064638031,-0.23277493119122392,0.5833043760286662,0.7777147203753073,-0.08410803202427053,-0.10759114392394556,-1.1276253482135998,2022,25%,LAC,1.0454545454545454,0.5166666666666667,-0.2965388093446956,7,0.47405405313038823
0.26400045980380926,-0.1987620583393279,2.887668140762004,0.004249807215165474,1.0525995294918673,2.2594553826625576,0.9731759282972224,2022,25%,LAL,-1.608695652173913,0.3559322033898305,1.0346267414133283,7,0.5935176006102971
0.025399800533088494,-1.4860955946487122,-1.1355396319292366,-0.2592382401251026,0.6778607729480852,-1.247541143577985,-1.880891633771898,2022,25%,MEM,-4.380952380952381,0.7377049180327869,-0.7580065243673945,7,0.4483795788821665
-0.8889032987656784,-0.9276004527023092,0.24927213262413506,0.12324440923980325,0.8777214431047683,0.4093673376127956,0.5195401228098547,2022,25%,MIA,4.090909090909091,0.6666666666666666,0.051805956274767036,7,0.5071805596120313
1.1865285488577813,1.0113696878959457,1.0038383619334386,0.004249807215165474,1.0525995294918673,0.23280810727675832,0.9119254424613438,2022,25%,MIL,3.590909090909091,0.6166666666666667,0.7719027835903287,7,0.5339103462219129
1.922887575602973,0.5748793588981069,-1.219242303537004,1.665924428344922,-1.3894480339851119,0.0005153595405312057,-0.6060929564381492,2022,25%,MIN,1.1363636363636365,0.5833333333333334,0.13563191834660976,7,0.49232603081605136
0.8211879048053773,0.2921029645574397,-0.458741001847906,0.6289714678445112,0.13448957595960165,0.7202032690845035,-0.9129284777118131,2022,25%,NOP,-7.541666666666667,0.5172413793103449,0.17504081467024488,7,0.5141229400401235
-0.7322975406627779,-0.07628920237572237,0.3492565637507937,-0.8924595151847796,-0.2527404724689733,-0.23374373395950468,1.1767396353030168,2022,25%,NYK,0.047619047619047616,0.4262295081967213,-0.09450489508542104,7,0.49899699076029413
-0.11460949077484359,-0.43113823567711357,-0.47458805668116527,-0.38248264936490567,0.4967370406185904,1.6192083466861023,1.1337703854989851,2022,25%,OKC,-7.095238095238095,0.29508196721311475,0.26384247718652143,7,0.5440559500878811
-0.20723285825562351,0.9112886552080576,-1.0987351333512458,-1.4024363810046538,-1.0022179855565374,-0.9666969154813927,1.146762482571661,2022,25%,ORL,-10.173913043478262,0.288135593220339,-0.374181162267105,7,0.47315413313230303
-1.6567082625960745,,,-0.6162220461990143,0.15322651378679078,0.34369668988895585,,2022,25%,PHI,0.9545454545454546,0.6666666666666666,-0.4440017762798355,4,
1.1784174936572325,-1.1062073002263515,-0.2190925414553531,1.2409437068283604,-0.7648834397454755,-0.5167880498178603,1.3881746389489311,2022,25%,PHX,7.619047619047619,0.7540983606557377,0.17150921545564055,7,0.49358730961688857
-0.20495416716249293,-1.359770945235607,-0.6694238108369251,-0.1189946020246374,0.8839670890471651,0.23584800652999607,-0.6509585289550959,2022,25%,POR,0.3181818181818182,0.26666666666666666,-0.26918385123394245,7,0.4952063709274976
-0.9930394817217523,0.24394909849661872,-0.9861257446711726,1.8911642107486994,-1.7204672689321188,-2.073870729514174,-1.0947948888746273,2022,25%,SAC,-3.347826086956522,0.3559322033898305,-0.6761692577812182,7,0.4090266941612227
-0.7352595535335856,1.07658535701659,-0.5436728224014113,-1.763669994293731,-1.533097890660228,-0.5112667800384001,-1.0240726152061619,2022,25%,SAS,-1.8421052631578947,0.4444444444444444,-0.719207757016704,7,0.4737396604945803
-0.836493403623672,1.1052162488819972,1.491040954336938,-0.24648881847960571,0.6965977107752744,0.56921943085016,0.7856769690817066,2022,25%,TOR,-1.0909090909090908,0.65,0.5092527274032569,7,0.5276886882842604
0.09814972640877855,-0.5894081000920552,-0.03000260428988455,-0.12749421645496836,0.8714757971623728,0.5679721492154364,-0.6989109969527518,2022,25%,UTA,9.666666666666666,0.5737704918032787,0.013111679285275393,7,0.5128913042661005
-1.5414064932836602,1.6301621231644154,-0.6509818334586731,0.36123361328907716,0.5279652703305728,-0.05929115910931994,-0.8483755334948572,2022,25%,WAS,0.45454545454545453,0.35,-0.0829562875089207,7,0.4742280377991828
-1.6349375972338278,0.41424070539140195,-0.7480765072840035,1.0975127951735488,0.572223529384595,0.02231518332305432,-0.06983953933466869,2022,50%,ATL,-1.225,0.6190476190476191,-0.049508775797128556,7,0.47702662700258075
-0.8044339683819998,0.06395539570489549,0.7720803322293,0.22617662332968433,0.5651473934070466,0.5610236081762808,0.11685302901559237,2022,50%,BKN,2.341463414634146,0.43902439024390244,0.21440034478297143,7,0.5168948212856652
0.4878925067013918,1.136405150432129,1.0142664445173168,0.3262875877542977,0.034437195090746116,0.6685451370677858,1.113584127354194,2022,50%,BOS,1.9761904761904763,0.75,0.6830597355596945,7,0.5385080498666558
1.0521923812500809,0.5847665576320168,-0.47111153357328395,-1.2087472000897868,-1.3383331845540796,-3.1526233528940684,-0.15385895379543454,2022,50%,CHA,-0.42857142857142855,0.5,-0.6696736122892222,7,0.4280436170211307
0.3760800298009413,0.8351668785168194,0.9492652595736688,0.33370321474871406,0.6642132970927541,-0.5089902909909959,0.6748299142398443,2022,50%,CHI,3.6923076923076925,0.4418604651162791,0.4748954718545351,7,0.5055504807536577
-0.22599325780992982,-2.0027933876990915,-0.24373634196229277,0.4263985521789125,-0.2627605159663804,0.737663666515321,1.7787915104288663,2022,50%,CLE,5.071428571428571,0.5,0.02965288938362936,7,0.5213728940486229
1.3429601767771087,1.6814708840301757,-0.10278472889490133,2.517605364604187,0.15473150670910762,-0.4709786508483247,0.7716596763634617,2022,50%,DAL,1.829268292682927,0.7317073170731707,0.8420948898201164,7,0.4963081376930327
0.5856391485907672,-0.640149909601546,-0.7744923662651597,0.1260656589050697,-0.07878098055006394,0.19043774642191227,-1.4035491712031036,2022,50%,DEN,0.725,0.6428571428571429,-0.2849756962431606,7,0.4962870146903377
-0.5842256735997512,-0.13795427032772772,-0.4569106541336903,-1.9836802210062445,0.7632792007784636,-0.16529322526852988,-0.3929045792577668,2022,50%,DET,-10.075,0.3333333333333333,-0.42252706040217813,7,0.49667373774021034
-1.8311039546133354,1.2961413525993373,1.9452668618564184,-0.3299954012515062,0.7703553367560148,1.7076554128527772,1.3003702248699458,2022,50%,GSW,7.780487804878049,0.5609756097560976,0.6940985475813788,7,0.5580195936485481
-0.9843829238257716,-0.5701089286278367,0.23276105247580442,-0.218760996335268,-0.913765025901041,0.3318669014911877,0.7229467821623503,2022,50%,HOU,-8.627906976744185,0.20512820512820512,-0.1999204483657964,7,0.5051728754841158
-0.7356169105102084,-0.39238625296534746,-1.150102332609691,-0.44864543316216016,0.5580712574294945,0.027485868629185214,0.015175921650464599,2022,50%,IND,-0.47619047619047616,0.25,-0.3037168402197518,7,0.48845505055905897
-1.290200299824757,-0.5128721650160735,0.564586786140009,-0.5487563975867735,0.7349746568682598,-0.11625548877845988,-1.1001849021788495,2022,50%,LAC,-1.1162790697674418,0.5384615384615384,-0.32410111576809214,7,0.48988703708601367
0.44250092629893784,-0.33718079389415795,2.8807375541632765,0.1075265914190297,0.7703553367560148,2.180953214343838,1.359959676413295,2022,50%,LAL,-0.7142857142857143,0.3,1.0578360722143192,7,0.5965488885356757
1.3305909482432308,-2.387579582927034,-1.1093525368831971,2.3878318922019095,-3.142747858829495,-0.9224352572712843,-1.380774281221273,2022,50%,MEM,4.386363636363637,0.6842105263157895,-0.7463523823838776,7,0.4517671528494953
1.1907826389311877,-0.7936863580392927,0.25050233688842805,-0.3299954012515062,0.5580712574294948,0.1977736979487238,0.9897967512274565,2022,50%,MIA,4.7317073170731705,0.6585365853658537,0.2947492747334989,7,0.527739133901416
0.5231084952161056,0.27453396953068504,1.014741660823393,-0.3374110282459219,0.3457871781029749,0.17196874951267152,1.2073530993469024,2022,50%,MIL,4.113636363636363,0.631578947368421,0.45715458918383006,7,0.5294804627229639
0.7870642866266566,-0.5186031176605661,-1.2256003674379843,-0.9825705767601027,0.08397014693360054,-0.35295684698426216,0.4244562376506446,2022,50%,MIN,0.5952380952380952,0.65,-0.2548914625188591,7,0.49542247164940456
0.5735175333696572,-0.33918220632396223,-0.4759520702487849,-0.7638095804248344,0.5722235293845956,0.303451013118557,-1.8228558326208473,2022,50%,NOP,-4.119047619047619,0.5,-0.2789439448208027,7,0.5055373899987731
0.6477946649373092,0.7155198165284685,0.3767327552141664,0.6674064294974281,0.7703553367560134,-0.09773776252119958,-0.6627352797750132,2022,50%,NYK,-0.2619047619047619,0.4,0.3453337086624533,7,0.5049959995998228
0.6671439583572023,-0.30015004896973774,-0.4922473173865858,0.34111884174313006,0.9684871441274321,1.0851072447660801,-1.4235819974935144,2022,50%,OKC,-6.951219512195122,0.24390243902439024,0.12083968930628666,7,0.5246205275642735
0.17221469753887067,1.2313534892725717,-1.107686010816079,0.10011096442461424,-1.1614297851153141,-1.0070772211837649,-0.5748718878176314,2022,50%,ORL,-9.166666666666666,0.375,-0.3353408219566761,7,0.4622577653075812
1.7013435623465392,,,-0.21505318283806016,-0.45381618736024837,-0.5205487701625086,,2022,50%,PHI,1.575,0.6666666666666666,0.1279813554964305,4,
-0.4542406933563603,0.7152529129542592,-0.20941147917033467,-1.0900971681791327,0.9684871441274324,-0.23675081487352634,0.33550051006358506,2022,50%,PHX,7.025,0.7857142857142857,0.004105773080846095,7,0.4995824714664379
-1.268892495349238,-1.267222165155476,-0.6652766373635106,-0.3188719607598822,0.17595991464175928,-0.4921682504965497,-0.9139728764199011,2022,50%,POR,-4.414634146341464,0.2682926829268293,-0.6786349244146853,7,0.4670411272681452
0.09671837062983085,-0.2668701988130383,-0.9689580756519536,0.007415626994415633,-2.180393365882607,-1.5235073101012335,-1.230211120571923,2022,50%,SAC,-4.318181818181818,0.34210526315789475,-0.8665437247709298,7,0.4422342676139691
-0.9497423812557093,-0.04514043041046167,-0.5615786903661664,1.872445816090007,0.3457871781029749,-0.021349041073444704,0.6105182443338001,2022,50%,SAS,-0.4878048780487805,0.4634146341463415,0.1787058136315714,7,0.48308426337355265
0.48957568731440154,-0.4741878578685878,1.4706243296032968,-1.1086362356651727,-1.543541127903049,1.0627040280239435,-1.0240695643503603,2022,50%,TOR,1.368421052631579,0.6363636363636364,-0.16107582012078975,7,0.5420095308987377
-1.9271458960746253,-0.05176641695297167,-0.02375621038337437,0.218760996335268,0.7774314727335645,1.1693132992565467,0.760214298982116,2022,50%,UTA,7.523809523809524,0.525,0.13186450627093196,7,0.5187804179386674
0.2237960389052959,2.089026978660141,-0.6845315130540135,-0.8713361718438645,-0.07878098055006429,-0.8295924879997322,-0.028600018062192034,2022,50%,WAS,-1.9047619047619047,0.325,-0.02571687913491851,7,0.4821168852395071
0.0854088069297321,-0.3798146528491833,-0.7527691959780209,-1.7968993222902543,-1.5833079950858646,-0.5794482394739642,-0.2583481376719803,2022,75%,ATL,0.4067796610169492,0.6521739130434783,-0.7521683909170765,7,0.48503904327219705
-2.2175440889099547,-0.6611377447463743,0.8296493344403905,0.21894991742192105,1.2519601152096074,0.9364521147810542,0.3675320379066326,2022,75%,BKN,-0.38333333333333336,0.5909090909090909,0.10369452658618232,7,0.518239218143422
3.4232629198619535,0.6398153397961613,0.9906060830718427,-0.6719497465707247,0.9595943388482047,0.19403152958353123,0.7308292494781986,2022,75%,BOS,5.688524590163935,0.7619047619047619,0.8951699591527381,7,0.5597773822653757
-0.1804701911399557,-0.23745075191443893,-0.48569212085111524,0.33219987470912293,-0.37304966503168197,-3.08179540120405,1.862816315069296,2022,75%,CHA,-0.36065573770491804,0.6190476190476191,-0.30906313433754606,7,0.42571521690100844
0.4195747193936992,1.7083246583227336,1.0068080207046102,0.007549997152479905,0.9391967265439201,-0.16798289134902483,0.3329931712378716,2022,75%,CHI,2.283333333333333,0.3181818181818182,0.6066377717151843,7,0.5184331907972481
-0.9733911451241868,-0.3719736207068864,-0.22997410448797348,-0.5700247850122447,1.0887792167753365,1.2606367980232542,0.5401910959826578,2022,75%,CLE,4.016949152542373,0.391304347826087,0.10632049363570814,7,0.5329579404560647
0.6230319568295893,0.32579284712768053,-0.11601362339864499,-1.7780243294090536,-1.1481589325944732,-0.7124853492279988,-0.043847091213737345,2022,75%,DAL,3.216666666666667,0.7727272727272727,-0.4071006459838054,7,0.49531155249585646
0.3321040231166655,-0.4678012829819136,-0.7663212423291313,0.879574668263927,-1.3453358515358853,0.02525798671991528,-0.8733279960792785,2022,75%,DEN,2.3559322033898304,0.6086956521739131,-0.31654995640367156,7,0.4880033018999587
-0.5396850392471587,-0.37501511347085265,-0.4593094351585893,-0.773874708129206,-0.3458528486259702,-0.12117517827316626,-0.3345931150438659,2022,75%,DET,-9.830508474576272,0.391304347826087,-0.42135791970697273,7,0.4918801695952183
-0.7855181484958046,1.287578933331314,1.9377358346264653,7.292497186847827e-17,1.0547831962681964,1.2893972393364699,0.3083557200775256,2022,75%,GSW,7.416666666666667,0.45454545454545453,0.7274761107348809,7,0.5528423141049376
-1.1508525425747875,-0.28949086297278487,0.2072913904389158,0.12079995443968103,-0.3458528486259708,0.31979979118067925,-0.23780772672065134,2022,75%,HOU,-9.627118644067796,0.21739130434782608,-0.1965875492621312,7,0.5001252307893437
-0.6942446148037265,0.05960128705008134,-1.1268690876947818,1.121174577143289,-1.1685565448987576,0.011031174292123155,-0.7555446652167738,2022,75%,IND,-2.6721311475409837,0.23809523809523808,-0.36477255344693515,7,0.475347331971327
-0.15381624194082277,-0.736559339864279,0.5619042371733366,0.9814996298224073,-0.747005890610222,-0.31206727220196684,-0.22282893235326387,2022,75%,LAC,-0.7741935483870968,0.55,-0.08983911571068723,7,0.49109689530660694
0.03805924124224007,0.5479833442894668,2.8720166516185146,7.292497186847827e-17,1.0547831962681964,2.2368396233104164,2.5904027882837335,2022,75%,LAL,-1.4915254237288136,0.2608695652173913,1.3342978350017956,7,0.604784537468379
1.5686719478501852,-1.1288589728799872,-1.112323187065456,-2.5594490346907395,0.6128349296753761,-0.9877437086588181,0.4207925531516684,2022,75%,MEM,4.688524590163935,0.7142857142857143,-0.45515363894539584,7,0.49716907692063006
0.2161174819578089,0.38871828120963403,0.2718513081965697,0.8002996981628864,0.22528029589398021,0.5638472214607801,1.1216681735333915,2022,75%,MIA,4.65,0.6363636363636364,0.5125403514878644,7,0.5261593678041911
-0.04211670401851336,0.28716803974604616,1.012956275991279,-0.7700997095529668,-0.7402066865087955,0.04755149276169651,0.6941389034083718,2022,75%,MIL,3.35,0.6818181818181818,0.06991308740387396,7,0.5192948205788845
-0.23781280471741026,0.4063708977800425,-1.2005085009934955,-0.32842487613288246,0.9867911552539151,-0.112854705710661,-0.31579389655294704,2022,75%,MIN,0.9836065573770492,0.6666666666666666,-0.1146046758676341,7,0.49060602049705004
1.8242121855376336,-0.8312882582413768,-0.5606843176409275,0.6681747479944853,0.44965403124110437,0.30777014161345323,-1.2889462878131355,2022,75%,NOP,-2.9,0.5454545454545454,0.0812703203844624,7,0.5141033122033982
-0.8207319011289393,-0.3503316571803113,0.323917704729009,-0.10569996013472123,0.8644054814282105,-0.4973508418636595,0.422867712035761,2022,75%,NYK,-1.7333333333333334,0.5454545454545454,-0.023274780302092988,7,0.49089755650605954
-0.12819476601062055,-1.3933233807868197,-0.5230234964011548,0.9022246597213672,-0.3798488691331108,1.10006281484751,-2.716687259692191,2022,75%,OKC,-6.683333333333334,0.22727272727272727,-0.4483986139221457,7,0.5051576814095042
-0.532607717471304,1.3040265422250923,-1.115443459337101,-1.000374622703608,-2.603188610300064,-1.093667066999617,-0.5269178380274138,2022,75%,ORL,-8.360655737704919,0.38095238095238093,-0.7954532532305737,7,0.45681768379948096
-0.2535981675723118,,,1.642124380664413,-0.31865603222025907,0.9775113746350613,,2022,75%,PHI,2.0508474576271185,0.6521739130434783,0.5118453888767259,4,
0.09873830651402604,0.6156228675618732,-0.15457743882602673,0.547374793554804,0.2864731328068329,-0.2537040867588609,0.2124986119738409,2022,75%,PHX,7.95,0.6818181818181818,0.19320374097521276,7,0.4968508587126255
-0.7307411999553726,-2.405957548602713,-0.6764299120544028,1.1022995842620884,0.0485009892568532,-0.45575289576884487,-0.1472404554866856,2022,75%,POR,-4.416666666666667,0.09090909090909091,-0.4664744911927254,7,0.4710622303306133
0.043127516836561686,-0.23803981503921273,-0.967631301066578,-0.24159990887936184,-1.3453358515358849,-1.6014025938628529,-1.2775418203331586,2022,75%,SAC,-5.213114754098361,0.38095238095238093,-0.804060539125784,7,0.4447572745871933
0.3217587398572135,0.5495035120370723,-0.5606363363817689,-1.0116996184323281,0.04850098925685254,-0.04459436524715001,-1.0735781394278903,2022,75%,SAS,0.2,0.45454545454545453,-0.2529636026197141,7,0.5000709899713534
0.3711389446990807,2.5861932625599855,1.4593657407867178,1.25329952731169,1.0887792167753352,0.8897200732854965,0.7822679748392424,2022,75%,TOR,1.1896551724137931,0.6666666666666666,1.2043949628939354,7,0.547374063276381
0.38502412594386254,-1.1770382421962398,-0.0022637787892266967,0.011324995728720186,1.0411847880653395,0.47601309570283856,-0.20475511236814764,2022,75%,UTA,6.830508474576271,0.5217391304347826,0.0756414102981638,7,0.519974988681453
-0.3089056434593824,0.33738143139619026,-0.6636320433232922,1.0192496155848083,0.44285482713967594,-0.613897874933662,-0.10959583297709453,2022,75%,WAS,-2.8135593220338984,0.34782608695652173,0.01477921134674907,7,0.4754671351584157
,,-0.6292598578396782,,,-0.7406546109453798,-0.0728291477090946,2023,preseason,ATL,,0.5,-0.4809145388313842,3,
,,0.8878321008954412,,,1.0232927173261275,-0.8255170210295122,2023,preseason,BKN,,0.5487804878048781,0.3618692657306855,3,
,,1.4863059588890604,,,1.9487525467771158,0.4525159064026518,2023,preseason,BOS,,0.6951219512195121,1.2958581373562759,3,
,,-0.4085122291905543,,,-1.835076897823476,1.014415661777421,2023,preseason,CHA,,0.32926829268292684,-0.40972448841220316,3,
,,1.2144243268591235,,,-0.756474161731634,2.6147668860973963,2023,preseason,CHI,,0.4878048780487805,1.0242390170749618,3,
,,-0.25252565944342537,,,1.429200755454466,-0.35264919802255645,2023,preseason,CLE,,0.6219512195121951,0.2746752993294947,3,
,,0.16493270508565927,,,-0.1289234620366177,0.6488699020495283,2023,preseason,DAL,,0.4634146341463415,0.22829304836618994,3,
,,-0.7623455009637125,,,-0.16792881909540938,-1.7453791781376884,2023,preseason,DEN,,0.6463414634146342,-0.8918844993989367,3,
,,-0.4399454354878916,,,-0.35817343197681484,-0.11949214523998249,2023,preseason,DET,,0.2073170731707317,-0.3058703375682296,3,
,,1.7905261550865401,,,1.6844663737561079,1.886009765028436,2023,preseason,GSW,,0.5365853658536586,1.7870007646236947,3,
,,-0.19465228468978754,,,-0.007835897802693045,-0.4495423331498471,2023,preseason,HOU,,0.2682926829268293,-0.2173435052141092,3,
,,-1.166976292279762,,,-0.31987300665448637,-0.12523309451654135,2023,preseason,IND,,0.4268292682926829,-0.5373607978169299,3,
,,0.38886546916316467,,,0.617182370846703,-1.244927393014033,2023,preseason,LAC,,0.5365853658536586,-0.07962651766805513,3,
,,3.072348234575136,,,1.7954180939376136,-0.13449073530321146,2023,preseason,LAL,,0.524390243902439,1.577758531069846,3,
,,-0.9741116443606539,,,-0.6040654534539123,0.4938529474743739,2023,preseason,MEM,,0.6219512195121951,-0.36144138344673077,3,
,,0.5182689781242658,,,0.45050328205239787,-1.6881760512670003,2023,preseason,MIA,,0.5365853658536586,-0.2398012636967789,3,
,,1.011117240605654,,,-0.5464749126131904,1.0863352802084973,2023,preseason,MIL,,0.7073170731707317,0.516992536066987,3,
,,-0.8901328075411901,,,-0.2730896295721553,-0.3731076070770141,2023,preseason,MIN,,0.5121951219512195,-0.5121100147301197,3,
,,-0.7410790672548693,,,0.30311435114914637,-0.10604421437652674,2023,preseason,NOP,,0.5121951219512195,-0.1813363101607499,3,
,,0.21230820752822224,,,-1.1468839276859133,0.10431312514087637,2023,preseason,NYK,,0.573170731707317,-0.2767541983389383,3,
,,-0.6610884686493244,,,0.8085729470642958,-0.34497097040613584,2023,preseason,OKC,,0.4878048780487805,-0.06582883066372146,3,
,,-1.1117698838890933,,,-1.0388244591726283,1.1192097601707105,2023,preseason,ORL,,0.4146341463414634,-0.34379486096367035,3,
,,,,,0.6502417606776361,,2023,preseason,PHI,,0.6585365853658537,0.6502417606776361,1,
,,0.18916566595653064,,,0.12578204551262662,0.10669233973909846,2023,preseason,PHX,,0.5487804878048781,0.14054668373608523,3,
,,-0.912951387503,,,-0.3397193322204727,-1.0226834697818596,2023,preseason,POR,,0.4024390243902439,-0.7584513965017775,3,
,,-0.9880660036607858,,,-2.2762496890390356,-0.864952310944172,2023,preseason,SAC,,0.5853658536585366,-1.3764226678813312,3,
,,-0.5679286961734165,,,-0.382033767818364,-1.033031327851012,2023,preseason,SAS,,0.2682926829268293,-0.6609979306142642,3,
,,0.15787740826884267,,,0.3276502127488109,0.766818983830673,2023,preseason,TOR,,0.5,0.41744886828277555,3,
,,0.21198269062677788,,,0.5145781640707525,-0.6039985744773785,2023,preseason,UTA,,0.45121951219512196,0.04085409340671731,3,
,,-0.6046099227374445,,,-0.756474161731634,0.8132242143839274,2023,preseason,WAS,,0.4268292682926829,-0.1826199566950503,3,
-0.837106760826702,0.3187456231119488,-0.6243793164544174,-0.3581256215485528,0.667694225539646,-0.826910229154166,-0.7865284793696172,2023,25%,ATL,0.4090909090909091,0.48333333333333334,-0.3495157941002658,7,0.46388222984780336
-0.582000986736664,-2.634479276926012,1.0129779381915784,0.595534741451525,0.2844845046559984,0.928523422227842,0.965264207962815,2023,25%,BKN,0.9565217391304348,0.559322033898305,0.08147207868958317,7,0.5272583511130796
1.2368335107802833,0.4619440488057471,1.4952923457274567,-0.3621495049367387,0.6611991455246691,0.8242174900482847,-0.24825975473536324,2023,25%,BOS,8.590909090909092,0.65,0.5812967544591913,7,0.5478796208532178
-0.4643756853380057,-0.09619204376858001,-0.41135641983854127,-0.3581256215485528,0.667694225539646,-2.642516231864645,0.40667442747972127,2023,25%,CHA,-6.190476190476191,0.3442622950819672,-0.4140281927627082,7,0.42854950905388556
-0.5402426010969256,0.5966424857948655,1.2377496054151313,0.004023883388185825,1.2392612668576313,-0.29846652874238644,0.011983997952527161,2023,25%,CHI,-0.6666666666666666,0.5081967213114754,0.3215645870812898,7,0.5014865510395123
-0.39643297354616874,-1.58772779845152,-0.2483891712189125,1.5532189878397908,-1.2613445389085545,0.8401336603261478,-0.0715510634666805,2023,25%,CLE,6.909090909090909,0.6166666666666667,-0.1674418424894139,7,0.5025145188874275
-0.7662291586766862,0.26164445264028857,0.16867510173968614,0.6116302750042691,0.2585041845960895,-0.32315052495445695,0.37854307964512535,2023,25%,DAL,1.8,0.45161290322580644,0.08423105857061651,7,0.48541367250569434
0.06992110436842819,0.5993253670888397,-0.75119120957727,-2.2734941143250813,-2.4239638615894545,0.10105050138412423,-2.132303010164931,2023,25%,DEN,2.3333333333333335,0.639344262295082,-0.9729507461164777,7,0.4886722656621825
0.7621277557377386,0.29347095191121747,-0.41978061581387943,-0.7202751264852914,0.08313702419170674,-0.06769633252502578,-0.2547038704931598,2023,25%,DET,-8.608695652173912,0.2033898305084746,-0.046245744782384794,7,0.503103072380676
1.2953845734259486,1.6790032491242264,1.7695251567899146,-0.7242990098734781,0.07664194417672857,1.4390656101945796,0.4200606064527485,2023,25%,GSW,0.3181818181818182,0.55,0.8507688757558097,7,0.5716353108780261
0.3733887674041068,0.3582049988021518,-0.29799606420134694,-0.5995586248397116,0.2779894246410202,-0.5109428239482386,-0.5761956129182157,2023,25%,HOU,-6.761904761904762,0.2786885245901639,-0.13930141929431916,7,0.4874881697982374
0.5767766692258914,0.10513578157188506,-1.1458855595431139,0.6035825082278977,0.2714943446260428,0.13599183322627628,-0.45275808858892014,2023,25%,IND,0.23809523809523808,0.3770491803278688,0.013476784106565618,7,0.4933526745408341
1.251437780410438,-0.02962617433094305,0.31973765418282957,-0.5794392078987814,0.31046482471590603,0.1404542914189794,0.10481164479202021,2023,25%,LAC,-0.6521739130434783,0.5254237288135594,0.21683440189863554,7,0.52125752345885
2.3693343277424934,-0.05740911803129625,3.0533184125174264,0.4828660065823192,0.4663467450753543,1.9198347725784148,1.8618390660995339,2023,25%,LAL,-1.15,0.5645161290322581,1.4423043160806066,7,0.6071543976354499
-0.10602557260438536,-1.1223629238501978,-0.9606301004036899,2.0360849944221084,-2.040754140705806,-0.6196757883642168,0.15314183906532206,2023,25%,MEM,0.9523809523809523,0.639344262295082,-0.38003167034869506,7,0.45872487465016604
-0.07286131155696597,-0.4420871243796508,0.5189884932447526,-0.708203476320733,0.10262226423663871,0.8105250275850707,0.8074572088629358,2023,25%,MIA,-1.0454545454545454,0.5666666666666667,0.1452058688102926,7,0.5312952304312103
-1.2069029459572196,0.6981629831948297,1.0195196870700247,-0.6035825082278975,0.2714943446260433,-0.043623355570637366,3.095591033013727,2023,25%,MIL,4.9,0.6935483870967742,0.46152274830698153,7,0.5166409224945469
0.42328190349314493,-1.4109692112792638,-0.8743924232788062,-0.7202751264852914,0.08313702419170674,-0.5156464963337759,0.9131395033344697,2023,25%,MIN,-0.9090909090909091,0.5166666666666667,-0.3002464037654022,7,0.4888129055667291
0.8786301425645721,-0.7826498955794307,-0.7882559074368946,-0.016095533552743884,1.2197760268127,0.7118334683165869,-0.8673455380961572,2023,25%,NOP,6.0476190476190474,0.47540983606557374,0.050841823289804654,7,0.5163423539472655
0.28460833406920094,1.211847437721301,0.19166454181638687,0.9737797799410086,-0.32605301675185094,-0.07828516474736005,0.5790088947700945,2023,25%,NYK,-1.0,0.6166666666666667,0.4052244009741116,7,0.5006233939094503
-0.2700859436265753,0.2489086186897006,-0.6595549543350616,-3.886644947794568e-17,1.2457563468726083,1.2900686783219506,-0.4884298807068175,2023,25%,OKC,-1.3636363636363635,0.5166666666666667,0.19523755217368643,7,0.5247306272653056
-0.9388007117375943,1.5083524398743067,-1.0900325692351645,1.4365263695823969,-1.072987218474218,-0.4891438801816838,-1.653027419282435,2023,25%,ORL,-6.090909090909091,0.48333333333333334,-0.3284447127791989,7,0.4513942379042656
0.6821392330845073,,,-0.4667704730295742,0.4923270651352644,0.3068425949409155,,2023,25%,PHI,2.227272727272727,0.7,0.25363460503277824,4,
-0.5902824817038725,0.7006282616613969,0.2092025686345171,-1.2755710340549569,-0.8131840178751328,0.3422672268827568,-0.3385183821413264,2023,25%,PHX,7.380952380952381,0.4918032786885246,-0.2522082655138026,7,0.5068171317446086
-1.6198420193529641,-1.31929618372381,-0.9360115252139206,0.10462096809283554,1.0768842664832037,-0.485277197998972,0.019708174307180904,2023,25%,POR,-1.6818181818181819,0.36666666666666664,-0.4513162167723495,7,0.46417227800914096
1.4032417940890163,0.618805942938443,-0.9706324481857491,0.9254931792827766,-0.24811205657212557,-2.209143101883941,-0.5724842455066826,2023,25%,SAC,2.7,0.5967741935483871,-0.1504044194054661,7,0.43942266793172313
-1.16684169256808,-1.210315166886366,-0.5651456795701963,-1.2111888998439815,-0.7092627376354997,-0.8793370003532703,-0.3631762581603477,2023,25%,SAS,-10.318181818181818,0.26666666666666666,-0.8721810621453917,7,0.4609151543235617
-1.4215901756579923,-0.5707612338717989,0.07191401390961201,-0.35007785477218073,0.6806843855696004,1.13479688216679,-0.8438602103661618,2023,25%,TOR,1.3333333333333333,0.4918032786885246,-0.18555631328887584,7,0.513943539735285
-1.5006854708109085,0.38886350178027773,0.25069632138028186,2.2493508139959655,-2.384993381499592,0.32918590498674066,-0.6790270924089049,2023,25%,UTA,1.6666666666666667,0.41379310344827586,-0.19237277179659135,7,0.4762861954388491
0.8732005954019413,1.2141900063674433,-0.5756278763124868,-0.2494807700675314,0.8430613859440275,-1.264976707982636,0.6109452226674656,2023,25%,WAS,-1.1363636363636365,0.4,0.20733026514546052,7,0.4773896562903821
-0.216557088970467,0.6492478255977334,-0.6266449752477347,-1.050481774481641,-1.0040965435647782,-0.5712541621037844,-2.239746512293453,2023,50%,ATL,-1.3414634146341464,0.5365853658536586,-0.7227904615805892,7,0.4702525792496498
1.6604181858494949,-0.2865557520010909,1.041511943477616,-0.8333822077554345,0.9513411454877749,0.6939037342166055,0.32647187560037394,2023,50%,BKN,3.6097560975609757,0.43902439024390244,0.50767270355362,7,0.5522858344769325
0.25405416215289695,0.9633873496017445,1.5172547759597543,0.10504817744816423,1.1475389069311752,0.4464121385379593,-0.1903629665536971,2023,50%,BOS,6.116279069767442,0.6666666666666666,0.6061903634397139,7,0.531904716188823
0.32378172446121933,0.1478801460420669,-0.39085534909703906,0.21359796081126692,1.356816519137468,-2.706189024296383,-0.18744523214945807,2023,50%,CHA,-6.441860465116279,0.41025641025641024,-0.17748760787012272,7,0.4334846799839098
0.5465748965214445,0.44303314985091224,1.251244820344534,0.10154657153322486,1.3437366683745757,-0.06535585576496306,1.0026035359755767,2023,50%,CHI,-0.6666666666666666,0.525,0.6604833981193293,7,0.5254485981963151
-1.5218000598797812,-0.3531780739430531,-0.23818974589981332,0.3186461382594309,-1.5796099771320853,0.7604257806864528,1.1015727906143171,2023,50%,CLE,4.790697674418604,0.6153846153846154,-0.21601902104207596,7,0.5050190717370686
-0.37977566099212334,1.4157342396368797,0.18120954040482024,1.3516198831663793,-1.9785454254003325,0.35016644140115916,1.7352195188513928,2023,50%,DAL,1.1627906976744187,0.358974358974359,0.3822326481525965,7,0.5084430833529049
1.6617358238100566,-0.7112633612522183,-0.7355365693653175,3.200467806254067,-0.7424995283069121,-0.030151591935285892,-0.7681636015366224,2023,50%,DEN,3.8048780487804876,0.6097560975609756,0.2677984253811096,7,0.4888070809840186
0.44453115668684257,-0.5850181072699812,-0.4361255693613541,-0.31514453234449236,-0.21930549779117828,-0.6142737756423264,0.4673151052595002,2023,50%,DET,-7.288888888888889,0.13513513513513514,-0.17971731720899853,7,0.48900640425965713
-1.4571132288391886,1.8379601750583163,1.767681943492106,-0.31514453234449236,-0.22584542317262601,1.1631292045095663,0.2380778148070236,2023,50%,GSW,-1.048780487804878,0.5853658536585366,0.42982085050152935,7,0.5381054651577478
-1.0591865647495933,1.1714438744142441,-0.323057006433062,0.5427489168155146,1.500694877529294,-0.1448846645835271,-0.3551591472097226,2023,50%,HOU,-7.121951219512195,0.2926829268292683,0.19037146939759256,7,0.48610765203287937
0.6083156466734726,0.3914348574245479,-1.1568820770452042,0.1015465715332252,0.3692877865390217,0.28696742970788924,-1.569798230252315,2023,50%,IND,-0.09523809523809523,0.3,-0.1384468593456232,7,0.496977929335457
-0.7434897022220209,0.3472758050260968,0.26630756163547414,-0.4061862861329012,-0.16044616935815756,0.08413926683804711,0.5000394969486239,2023,50%,LAC,-0.7906976744186046,0.5641025641025641,-0.016051432466405408,7,0.5039127737319318
0.7549499282845391,1.5258923599822947,3.039309442944343,0.10504817744816355,0.5589456226009741,2.099300296433132,1.743277615122966,2023,50%,LAL,-1.2380952380952381,0.6,1.4038176346880589,7,0.602217360356598
0.21826343801485232,-2.2444878219721773,-0.9356221847483867,-0.007003211829877475,-1.7561879624311452,-0.37299117326710496,0.1556585613764649,2023,50%,MEM,5.048780487804878,0.5609756097560976,-0.7060529078367676,7,0.47981870163730067
1.0066092940931688,-0.9811706324342951,0.5085906997661208,-0.5252408872408203,-0.5920812445336371,0.8890133497376417,1.412760203745269,2023,50%,MIA,-0.06976744186046512,0.5384615384615384,0.24549725473334966,7,0.5460670720182333
-1.6825234370924007,0.6084284361771746,1.0172719130596708,0.931427173373722,0.7813030855701604,0.05294355488370665,-1.0042498960012298,2023,50%,MIL,1.2857142857142858,0.775,0.10065726142440057,7,0.4898051056709519
-0.13643215203536554,-1.257490804834437,-0.8776493906660231,-0.3081413205146146,-0.20622564702828472,-0.1766119181447559,-0.0036649311945192633,2023,50%,MIN,-0.7380952380952381,0.55,-0.4237451663454287,7,0.4876444447907413
-0.7474083254148095,-0.9776740988460405,-0.7888353884280379,1.6597612036809928,-1.533830499461959,0.6406391459826776,-1.8149444889884019,2023,50%,NOP,4.023809523809524,0.425,-0.5088989216393683,7,0.4820558452851481
0.019205988972871763,-0.12811757425932618,0.17786949962322138,0.5182376754109435,-1.0106364689462262,0.019213179436058634,0.4124350596476618,2023,50%,NYK,2.7857142857142856,0.6,0.0011724799836006653,7,0.5012382408207572
1.416090461162506,-0.9216956638764998,-0.6799711868113729,-0.8368838136703741,-0.023107736347778553,1.2357076469625885,-0.5316384938890395,2023,50%,OKC,0.21428571428571427,0.525,-0.04878554092428148,7,0.5406190223674652
0.04493130153621668,0.6175984632487111,-1.0786820661748215,-0.30463971459967626,-0.22584542317262477,-0.24862329327399738,1.4188748648118075,2023,50%,ORL,-3.8095238095238093,0.45,0.03194487605365933,7,0.4951354353704425
-0.12827534561284154,,,0.1015465715332252,0.9709609216321149,-0.17773453512474002,,2023,50%,PHI,3.731707317073171,0.7073170731707317,0.19162440310693962,4,
-2.484794231219044,-1.325277268599734,0.252695310798612,0.7108260007325773,0.7943829363330559,0.3277355984438423,0.2352137157378918,2023,50%,PHX,1.255813953488372,0.6153846153846154,-0.21274541968182836,7,0.4881485482120809
-0.4781082241419393,-1.4152129821251276,-0.9458189301488844,-0.9349287792886606,-0.036187587110671805,-0.7857169017211499,-0.7234683596460416,2023,50%,POR,-0.07317073170731707,0.34146341463414637,-0.7599202520260677,7,0.4674188102532427
-0.21425122253948417,-0.1523085979870204,-0.96602810543013,-0.6197842469441686,1.1933183846013018,-2.4449655596992628,-0.4953672919858814,2023,50%,SAC,2.15,0.6190476190476191,-0.5284838057120923,7,0.43134252934375217
0.9067292724082746,0.14496379270378537,-0.5576397428352627,-0.31514453234449236,-1.0171763943276715,-1.3212212141516757,0.4814525930598301,2023,50%,SAS,-8.5,0.225,-0.23971946078388745,7,0.4727812559210556
0.2790316458626564,-0.6448565759452611,0.017413664610826718,-0.09804496561828634,0.7878430109516088,1.0670428132425926,-0.24047248109015082,2023,50%,TOR,0.5238095238095238,0.55,0.16685101600199803,7,0.5326086330189257
-0.19583423740890765,0.5712349213307613,0.2609532403571906,-2.678728524928185,0.1927098012399606,0.48922642152154855,-0.9512308627325631,2023,50%,UTA,0.6818181818181818,0.42105263157894735,-0.3302384629457421,7,0.5229837924620939
1.3003265546274534,1.1487919192509937,-0.5617760687818553,-0.41318949796277893,0.36274786115757446,-0.9459923328325586,-0.15526025603558122,2023,50%,WAS,-1.3571428571428572,0.425,0.10509259706046391,7,0.4877400999029245
0.6785353629703825,-1.2068374006775013,-0.6625637517978833,0.008392114180104175,-1.1960469956883721,-0.3308995197979824,-0.05365681949602298,2023,75%,ATL,-0.06666666666666667,0.5,-0.39472528718675365,7,0.49094188776185305
-2.366016259776761,0.2130049367495976,1.140960966062738,0.7468981620292636,0.7995894535907765,1.2914958104247354,-0.0469137419291018,2023,75%,BKN,0.9491525423728814,0.4782608695652174,0.254145618164464,7,0.5239227611084603
0.822030132148739,-0.21293487044030526,1.584125236123258,-0.1258817127015615,0.7862407147996108,0.3341755654008779,0.9462722902102152,2023,75%,BOS,6.1,0.6363636363636364,0.5905753365058334,7,0.5418285837511034
0.2786319078831593,-0.13296125390838318,-0.43138433906490464,-0.4951347366261418,0.4124760286469935,-2.4726280125161297,0.7491517757896152,2023,75%,CHA,-6.180327868852459,0.42857142857142855,-0.2988355185422559,7,0.446075164570067
0.7816722283173262,1.8223820591835511,1.305774796565937,0.39023330937484085,0.5659865247453907,-0.44389294759426406,-0.050205852355547406,2023,75%,CHI,0.45,0.5909090909090909,0.6245643026053191,7,0.5127921025835361
0.8813925515409761,0.5587634685640918,-0.1927585050493737,0.25176342540312263,-2.197202405025737,1.9994364837997338,0.9555411471215015,2023,75%,CLE,5.079365079365079,0.6842105263157895,0.32241945233633074,7,0.5605095512258067
0.8753996006033942,0.29737932320267385,0.2741724091900883,-0.1216856556115096,-2.0103200619494292,-0.17123728579742514,-0.22876874107793146,2023,75%,DAL,0.9016393442622951,0.2857142857142857,-0.15500863020573416,7,0.5044060437713865
0.7727038052436789,-0.2031210955783857,-0.651257419062018,-0.5958401067873903,0.005339495516465108,-0.16760896403030612,0.11271640801384923,2023,75%,DEN,4.383333333333334,0.5,-0.10386683952630098,7,0.503894389669589
0.06868259396236706,-0.9326406845191847,-0.44343199461074023,-0.23497919704291464,-0.7822360931622615,-0.7187479003902254,0.804925218346199,2023,75%,DET,-7.5,0.09090909090909091,-0.31977543677382286,7,0.4842999506228751
0.06419838242554338,0.7006864343772004,1.7775890089873374,-0.377645138104684,-1.0158390220076472,1.315706312220478,-1.2462111692914548,2023,75%,GSW,0.11666666666666667,0.6363636363636364,0.17406925837239617,7,0.5473699475806385
-1.0321533365351523,0.8929705104219927,-0.38529048432942226,-0.6378006776879112,0.4124760286469948,0.16159172226621885,-1.1870135580633296,2023,75%,HOU,-8.508474576271187,0.391304347826087,-0.2536028278972298,7,0.49333500431600047
-1.073247602972362,0.06577347660618499,-1.1860104452158529,-1.0028576445224389,0.9864717966670836,-0.4016093180425081,-1.3114926127434858,2023,75%,IND,-2.6557377049180326,0.42857142857142855,-0.5604246214604827,7,0.47286065873324534
-0.22467163173693452,-0.08364399471099768,0.19463203598838286,0.8559956463706168,1.013169274249413,-0.21591304631284833,0.23561310030215304,2023,75%,LAC,0.2903225806451613,0.55,0.25359734059282646,7,0.49787840648235204
0.20769315160389992,0.10894897186082274,2.893682905976474,1.3509821662650504e-16,0.3857785510646639,2.3881442081480166,1.473656365740254,2023,75%,LAL,-0.9166666666666666,0.6818181818181818,1.0654148791991616,7,0.6022822968789366
-0.9963949600252624,-3.0405913287867463,-0.9889640989442788,-1.7497558065517034,0.806263822986358,-0.641028057089595,1.050169600637951,2023,75%,MEM,3.7586206896551726,0.6666666666666666,-0.7943286896818966,7,0.4815290312528938
-1.0747913479276618,2.222704297971904,0.45752865428980977,-0.5161150220764018,-1.6098578982144818,0.1723969044811614,-1.4627668226319266,2023,75%,MIA,-0.45,0.5454545454545454,-0.2587001763010853,7,0.49488099243505795
2.554455857070063,0.16354345090696973,1.057874923227241,-0.7301139336690566,0.9998205354582486,-0.11290474470683691,0.35929835061244614,2023,75%,MIL,3.6610169491525424,0.6956521739130435,0.6131392055570107,7,0.5422695711706221
-0.5249691527190599,-0.4301022479295913,-0.9026237389248292,0.36086090974447615,0.1788730998016096,-0.08429648793831129,1.1026644293894277,2023,75%,MIN,-0.1935483870967742,0.55,-0.042799026939468306,7,0.49287401376242335
-0.9806229056543654,-1.2031182121791486,-0.8704332377004451,-2.2197142006375326,0.993146166062666,0.7475158053035138,-2.146397167808381,2023,75%,NOP,1.3,0.5454545454545454,-0.8113748218019562,7,0.5058397222727901
0.6081111883428899,0.5105642036459307,0.17557326177435167,-1.3679146113569678,0.9597743190847539,-0.5425051300357491,-0.26075619644225323,2023,75%,NYK,2.2950819672131146,0.6190476190476191,0.011835290716136584,7,0.5048769444215604
0.3582562542216566,0.7402918843332349,-0.6637367641631553,1.9805389465045655,-0.1681941087686768,0.8515998904277887,-1.663785352767895,2023,75%,OKC,1.423728813559322,0.5217391304347826,0.2049958213982169,7,0.5055731068180149
1.1673144204841595,-0.3350513942331004,-1.0578533306221287,0.3860372522847885,-1.0291877607988111,-0.6647188585216015,1.5847421363692331,2023,75%,ORL,-2.683333333333333,0.4090909090909091,0.007326066423219916,7,0.4917502108515339
0.011160983903801667,,,0.7301139336690564,0.8062638229863575,-0.03536903673966205,,2023,75%,PHI,3.913793103448276,0.625,0.3780424259548884,4,
0.23231955922416087,0.3676191911617761,0.3056301854998535,0.8224271896502015,0.8396356699642685,0.551427379041646,-1.289769065769915,2023,75%,PHX,1.4918032786885247,0.5714285714285714,0.26132715839599874,7,0.5148821596651056
-0.9696783893611007,-0.38154250260985145,-0.9411887141831355,2.3917525413296663,-0.808933570744591,-0.46890719765873723,0.27374072521566695,2023,75%,POR,-0.4406779661016949,0.21739130434782608,-0.12925101543029757,7,0.4624013957806029
-0.6331345133432179,-0.5580071541324587,-0.9417683511591547,-0.1049014272513011,1.200051617325722,-2.088620716546426,1.0181828263730515,2023,75%,SAC,2.5084745762711864,0.6086956521739131,-0.301171102676255,7,0.44414012414506826
-1.2407071747901366,-1.0399579554117513,-0.5396161446697725,-0.1216856556115096,-1.416301185742593,-0.8554919249355722,-0.1647095512014565,2023,75%,SAS,-10.433333333333334,0.36363636363636365,-0.7683527989089702,7,0.46022593810378304
0.8399669782960335,-0.6763988298017528,-0.06616093873595004,-0.10909748434135301,0.44584787562490724,0.414423185910892,-0.14871277257329926,2023,75%,TOR,0.9333333333333333,0.5454545454545454,0.09998114491135393,7,0.5218587217101671
-0.9656265260885945,0.9942863662872024,0.2904062541066992,1.8336769483527449,-0.15484536997751233,0.4618482118210318,-0.18093459024023978,2023,75%,UTA,0.3442622950819672,0.3333333333333333,0.3255444706087616,7,0.500691701487159
0.8794888426883776,0.7779903496460268,-0.5329083795591173,-0.2475673683130708,-0.20824032514217275,-0.27338233059189493,0.7754196402707101,2023,75%,WAS,0.1864406779661017,0.30434782608695654,0.16725720414269407,7,0.5056695465802542
,,-0.5503396572476777,,,-1.22171521683068,-0.6645835388016368,2024,preseason,ATL,,0.43902439024390244,-0.8122128042933315,3,
,,1.0395626555440087,,,0.8280259128763298,-0.29706843248332315,2024,preseason,BKN,,0.3902439024390244,0.523506711979005,3,
,,1.6646647501552172,,,0.7438271417677547,-0.30606975590795266,2024,preseason,BOS,,0.7804878048780488,0.700807378671673,3,
,,-0.4313147398274026,,,-3.4460794753248014,2.529131160408977,2024,preseason,CHA,,0.25609756097560976,-0.44942101824774233,3,
,,0.6068221056204098,,,-0.5184089438924914,-0.22805986269790393,2024,preseason,CHI,,0.47560975609756095,-0.046548900323328486,3,
,,-0.23918191569200864,,,1.0159451332723466,0.36099193923735856,2024,preseason,CLE,,0.5853658536585366,0.37925171893923215,3,
,,0.30879056821595785,,,0.0828214822041712,0.7704943274648233,2024,preseason,DAL,,0.6097560975609756,0.3873687926283174,3,
,,0.2504908519185707,,,-0.0367325251427767,-0.5804624419402138,2024,preseason,DEN,,0.6951219512195121,-0.1222347050548066,3,
,,-0.711044051140694,,,-0.6382691614449515,-0.11299131800058755,2024,preseason,DET,,0.17073170731707318,-0.48743484352874433,3,
,,1.9250172626770403,,,1.0159451332723466,-0.5216222131067924,2024,preseason,GSW,,0.5609756097560976,0.8064467276141981,3,
,,-0.5021576205595087,,,0.15756734829115562,2.186792061157216,2024,preseason,HOU,,0.5,0.6140672629629542,3,
,,-1.3206715145933448,,,-0.3851344464837802,1.0862696293163654,2024,preseason,IND,,0.5662650602409639,-0.20651211058691987,3,
,,0.3197831289638881,,,0.22159772144875073,-1.1400528404817518,2024,preseason,LAC,,0.6219512195121951,-0.19955733002303766,3,
,,2.907805924737888,,,1.4702031233484283,-0.19018405364585758,2024,preseason,LAL,,0.5783132530120482,1.395941664813486,3,
,,-0.7713778708165768,,,-0.8241027103515405,1.4730272874541104,2024,preseason,MEM,,0.32926829268292684,-0.04081776457133568,3,
,,0.6227438158737474,,,0.5168059795319402,1.0534478064378108,2024,preseason,MIA,,0.5609756097560976,0.7309992006144995,3,
,,1.0839818840946627,,,0.9046366287115224,0.027970138995070743,2024,preseason,MIL,,0.5975609756097561,0.6721962172670852,3,
,,-0.7602271401007518,,,-0.028445810807357634,0.3718554219742206,2024,preseason,MIN,,0.6829268292682927,-0.13893917631129626,3,
,,-1.0399254800963413,,,0.7482861744059884,-0.6418429635357132,2024,preseason,NOP,,0.5975609756097561,-0.31116075640868873,3,
,,0.26817005663484167,,,0.07259792158418027,-1.3501151825792421,2024,preseason,NYK,,0.6097560975609756,-0.3364490681200734,3,
,,-0.8135792216917838,,,0.7674027899596392,0.869080696427677,2024,preseason,OKC,,0.6951219512195121,0.2743014215651775,3,
,,-1.1892714537802485,,,-0.8650296013261165,-0.35420886573681815,2024,preseason,ORL,,0.573170731707317,-0.802836640281061,3,
,,,,,0.2843726753474618,,2024,preseason,PHI,,0.573170731707317,0.2843726753474618,1,
,,0.5451321048675645,,,0.8297492843270556,-1.3620009855130562,2024,preseason,PHX,,0.5975609756097561,0.004293467893854652,3,
,,-0.9509987895272054,,,0.8894085363339593,-1.5000806109082427,2024,preseason,POR,,0.25609756097560976,-0.5205569547004963,3,
,,-0.6408183586223726,,,-0.6461294883202738,-0.34235034697494837,2024,preseason,SAC,,0.5609756097560976,-0.5430993979725316,3,
,,-0.4024656780492683,,,-0.9413862828910103,-0.34062610095724394,2024,preseason,SAS,,0.2682926829268293,-0.5614926872991742,3,
,,-0.3105744988677051,,,0.6465735737872738,-1.0450940168171936,2024,preseason,TOR,,0.3048780487804878,-0.23636498063254163,3,
,,-0.27942517375606024,,,-0.1297825271048792,-0.25558937075459165,2024,preseason,UTA,,0.3780487804878049,-0.22159902387184371,3,
,,-0.629591944934964,,,-1.514550370549671,0.5039424319694286,2024,preseason,WAS,,0.18292682926829268,-0.5467332945050688,3,
-1.0223961291980275,0.020754147695736844,-0.5762856832912862,0.04807469500902236,1.070582312736477,-0.6757479270284932,0.6505401491549463,2024,25%,ATL,0.3,0.43548387096774194,-0.06921120498880347,7,0.47308634059206545
0.9700827761211412,-0.38172217962043986,1.0150838555306367,-0.5262913979935082,0.3367571539821458,0.6455354146689907,-1.7810570980595282,2024,25%,BKN,2.6,0.3387096774193548,0.03976978923277689,7,0.5272809957933007
-1.6865557643044176,0.8270931204996075,1.669886871890016,0.30362965268856196,0.6784323601746394,0.6708949663588647,0.4218674527005363,2024,25%,BOS,8.4,0.7903225806451613,0.41217838000111545,7,0.5192343277757039
-0.3669754366588278,0.507406911656699,-0.4846452016545339,-0.8349815448935466,-0.1369289273301736,-3.626658799969025,-0.1689732929713923,2024,25%,CHA,-8.473684210526315,0.23809523809523808,-0.7302508988315429,7,0.4010626538772391
-0.2978583454456026,0.6387305713710333,0.5846293658956655,-0.151814826344281,0.9113927280331569,0.13776463818035525,-0.7917697617713751,2024,25%,CHI,-4.681818181818182,0.5166666666666667,0.1472963385598503,7,0.5046563234742217
0.7233949116530538,-1.095077466429963,-0.2544842097644317,-0.678106224337789,0.10379678612362868,0.9351685975428501,0.3624156995188629,2024,25%,CLE,0.14285714285714285,0.5901639344262295,0.013872584900887401,7,0.5317681512350833
-1.188436037974625,1.7112243663062159,0.3536471054888843,1.7230982790075913,-1.4997470793025025,0.2668665100300622,-0.2745203883128746,2024,25%,DAL,2.7,0.6129032258064516,0.1560189650346788,7,0.4867243194183233
-1.3544759467512224,0.09967767628067516,0.2819847884492889,-0.8982377225369971,-0.23399574727122274,0.21918143622842495,1.0243708946331624,2024,25%,DEN,3.5,0.7166666666666667,-0.12307066013827009,7,0.503668959539729
-1.6565104474781762,-0.49581180142913867,-0.7253560395947738,0.47315620877300973,0.41829328273262717,-0.3720452018452086,0.6482672377265745,2024,25%,DET,-9.19047619047619,0.19672131147540983,-0.244286680159298,7,0.4694753622979038
-0.698222973967528,-0.3851328235374337,1.9327884694896484,-0.002530247105738456,1.1404704230940317,0.9402394643507749,2.1556474353544615,2024,25%,GSW,0.5238095238095238,0.5901639344262295,0.7261799639540308,7,0.5483768876369147
-0.5464150573717816,0.39857265692052385,-0.5247471822524356,0.5009889269361278,0.37558388195856574,-0.4190507559419622,-0.27640227789723815,2024,25%,HOU,3.1666666666666665,0.5,-0.07020997252117146,7,0.476177086075104
-0.2953161076078748,0.4606387636075408,-1.2908295745754939,1.1310204562648947,-0.591201644654283,0.2202338642753836,-1.082986505108496,2024,25%,IND,3.210526315789474,0.5625,-0.20692010682833267,7,0.4784385002350414
0.7542308947115647,0.24951430483079776,0.3589324023359057,0.430142007975463,0.4842987202925411,0.30085720679571154,0.20120673444842765,2024,25%,LAC,3.55,0.6612903225806451,0.39702603877005876,7,0.5178201573020361
0.9942340355795554,0.6379573685687745,2.895645346485227,-0.07337716606640232,1.031755584760058,1.7087522889132214,0.9285965843565963,2024,25%,LAL,-0.7727272727272727,0.5737704918032787,1.1605091489424328,7,0.5871579938442809
0.23950717750411268,-2.253558553777393,-0.7734288423883616,-0.44532349060989135,0.46100268350668894,-0.9201046007277123,2.5860983990280437,2024,25%,MEM,-5.0,0.3387096774193548,-0.157972461066359,7,0.4854461348156738
0.679117602645961,-0.4893206132295671,0.616672875722775,-0.8172698151533799,-0.10975021774667919,0.47804129511682136,-0.09913451430250572,2024,25%,MIA,1.4761904761904763,0.5573770491803278,0.03690808757906077,7,0.5256838395123254
1.800282320004128,0.4043757904250616,1.0936323131329262,-0.9564334059689712,-0.32329722161698743,-0.12313336150135948,-0.42750450129038065,2024,25%,MIL,4.0,0.5573770491803278,0.2097031333120596,7,0.5242242109053659
-0.5906923663788743,-1.3963621378679918,-0.7778281384408303,1.1942766339083453,-0.6882684645953321,-0.12313336150135948,0.43986583393263234,2024,25%,MIN,7.0,0.6451612903225806,-0.27744885727763,7,0.47718711513874584
2.056889451749779,-0.3788071490920772,-1.055715451204467,0.9792056299206136,-0.35824127679576534,0.6569458479843245,-1.5435452451954654,2024,25%,NOP,1.2272727272727273,0.6166666666666667,0.05096168676670598,7,0.5117213487006605
0.023655296094535927,0.37574218792764547,0.2564697497083728,0.0759074131721407,1.0278729119624153,0.25662459091754275,-1.989065371768708,2024,25%,NYK,3.95,0.6129032258064516,0.0038866825734206983,7,0.5003598936103472
1.9663222287807254,-2.2303525302260168,-0.7980070538353945,1.411877885001815,-1.0221783251925414,0.9675113828979353,-0.16780957249025796,2024,25%,OKC,7.5,0.7096774193548387,0.018194859276609292,7,0.522973427714041
0.7977175374863877,1.8846723820504523,-1.1627953610080686,1.3486217073583644,-0.9251115052514918,0.022209247061112842,0.029991809066908532,2024,25%,ORL,3.619047619047619,0.5409836065573771,0.28504368810909503,7,0.49027162747087794
-0.7899402569107914,,,0.07337716606640252,1.0317555847600575,0.2898333320690003,,2024,25%,PHI,6.9,0.5483870967741935,0.15125645649616723,4,
0.5320536834438319,0.1896612732946762,0.5620760081159413,-1.2474118231288434,-0.7698045933458131,0.01701850542141377,-0.05191523626016835,2024,25%,PHX,2.619047619047619,0.6065573770491803,-0.10976031177985165,7,0.5131144107487005
-0.02615667653844341,-1.3754577186772448,-0.9481857148492535,-3.051478009520051,-3.5381502980645325,-0.48182367693056244,0.05362608228226535,2024,25%,POR,-6.6,0.24193548387096775,-1.3382322874711172,7,0.4812523402769473
0.1521177518322193,0.1277343050176755,-0.6084283349666466,1.4928457923854312,-1.1464238547170833,-0.2091231200447529,0.47856192540730913,2024,25%,SAC,-0.7368421052631579,0.5555555555555556,0.041040637844878915,7,0.4826729380541499
-0.2586125488256795,0.306833216949981,-0.363586537939996,-0.3694160774377506,0.577482867435948,-0.9685208380882192,-0.32907242349887966,2024,25%,SAS,-12.2,0.3064516129032258,-0.20069890591494227,7,0.4702463932448474
0.328061795518298,0.7497226467794699,-0.3420599147590279,-0.6021988111656484,0.2202769700528874,0.9034876691448984,-1.1377948531516524,2024,25%,TOR,-1.6666666666666667,0.26229508196721313,0.017070786059889258,7,0.5203017323241587
-0.997094809765403,-0.5270864671303673,-0.28633911164208703,-0.23278273372789784,0.7871471985086137,0.3910447391594594,0.12852470130627486,2024,25%,UTA,-8.476190476190476,0.39344262295081966,-0.10522664047020104,7,0.500542104827425
-0.24200855794801956,1.4183777508350663,-0.6487268000780857,-0.2985691584770863,0.6861977057699227,-2.1088693535385152,0.01197010316190642,2024,25%,WAS,-8.15,0.1935483870967742,-0.16880404432497306,7,0.4414291245080409
-0.8163913473208676,0.45814601774564156,-0.6050899927082911,-0.5265084442265856,0.6463285758957209,-0.888116835798106,-0.5971386950740915,2024,50%,ATL,-2.025,0.4523809523809524,-0.3326815316409399,7,0.4672519921734689
-1.274613337520633,-1.1978925680417973,0.9236196151685756,0.7737105796256535,1.0711454802403264,0.2601036335266745,0.8382254489705492,2024,50%,BKN,-1.825,0.38095238095238093,0.19918555028133555,7,0.5075650796666197
0.1485184205036392,-0.20313862520469808,1.6835448919963927,0.19583545791354742,0.5097802852135266,0.712339473650227,-0.7719410149150878,2024,50%,BOS,10.0,0.7804878048780488,0.3249912698796496,7,0.5328783154057134
-0.7549395115906357,-0.3021655277238478,-0.5152430633299968,-0.18620420588501221,-0.275372386209093,-3.1490275547094413,-2.106322941144812,2024,50%,CHA,-11.973684210526315,0.29545454545454547,-1.0413250272275485,7,0.3977013499980463
0.2964773994500753,0.5404601691777153,0.580223689237,-0.1926250405707018,0.7411537777583566,-0.09753890894555212,0.6338916889504292,2024,50%,CHI,-2.13953488372093,0.48717948717948717,0.35743468215104607,7,0.5140982010747067
1.8743071587412188,-0.4071176730037797,-0.28972880121652056,-0.3884604984842492,-0.27916539428359755,1.0282983794714813,0.3761561334506441,2024,50%,CLE,3.3076923076923075,0.5581395348837209,0.2734699006678853,7,0.5457891839802802
0.008366273317996656,-0.031240968919401688,0.3600431042067209,-1.0947523139101571,-0.09330799863283284,0.3458398204272016,1.424648209907523,2024,50%,DAL,1.0952380952380953,0.65,0.13137087519957866,7,0.5263330740656524
0.015919383046564275,1.0210938495823172,0.31163141704580927,0.3756188291128688,0.2935788249667177,0.42879389269003015,-0.3006266330985748,2024,50%,DEN,4.9523809523809526,0.725,0.3065727947636761,7,0.5143629711614156
0.36559356595474785,-1.9229824012798662,-0.6373015244836024,2.5201776141333525,-2.4904891017202493,0.10553771469277211,0.9835001847683342,2024,50%,DET,-10.731707317073171,0.24390243902439024,-0.15370913541921594,7,0.4876924749176772
-1.1556518592956941,0.5909117400577324,1.957843123027556,-0.37882924645571375,0.7449467858328611,0.5953585090185656,0.543326530357295,2024,50%,GSW,-1.0,0.6666666666666666,0.4139865117918003,7,0.5312136148593014
-1.0410963617457525,-0.1387824355016581,-0.605424059769743,-1.3355336146235341,0.36943898645682643,-0.8778955061570121,-0.4332118135430835,2024,50%,HOU,0.55,0.5238095238095238,-0.5803578292691366,7,0.4685852923907871
0.33650692930354326,0.8765408293486675,-1.2315205585546092,-0.3852500811414039,-0.043998893664262795,0.5077145695857155,-0.7829129972761653,2024,50%,IND,1.8333333333333333,0.5609756097560976,-0.10327431462835926,7,0.5052538962892844
0.7785736570283173,0.4548565316096906,0.36212730355439365,-0.27930630882751817,0.8814950765150568,0.37200001650241227,0.39101939265367913,2024,50%,LAC,5.625,0.5952380952380952,0.42296652414800445,7,0.52807448212092
-0.6884129784122119,1.8590623496687855,2.9038536673362416,0.09310210294250568,1.1963147466990045,1.856512195970988,1.8311614999904606,2024,50%,LAL,-0.6511627906976745,0.65,1.2930847977422535,7,0.5838052962821119
0.6278031475887602,-2.093662882237103,-0.7587458595983986,1.0594377231388614,0.6121915032251721,-0.295531854175902,0.1911272554393945,2024,50%,MEM,-5.219512195121951,0.2926829268292683,-0.09391156665988794,7,0.48898265913477473
-0.6372506208520566,1.2514456350248144,0.5981776365871093,-0.11878544168526638,-0.16916816012294084,0.42917352147587545,1.293520741280416,2024,50%,MIA,0.6585365853658537,0.5365853658536586,0.3781590445297073,7,0.5206344377930885
-1.0898845380006057,1.2099465499941446,1.109075768473874,-0.006420834685689854,-0.24502832161304883,-0.05658028851689859,1.593500027387666,2024,50%,MIL,3.926829268292683,0.5121951219512195,0.35922976614849167,7,0.5093889331152157
0.12229746234023801,-0.2918305812524618,-0.7645719893193781,-0.5682438696835712,0.07737736471991033,-0.471401147418396,-0.32274621824346705,2024,50%,MIN,6.048780487804878,0.6341463414634146,-0.3170169969795894,7,0.48469189028261506
1.3586944459030208,0.21391306982731206,-1.0896956718403394,-0.7705001622828084,0.6387425597467101,0.4600048242988726,-1.5671599674239418,2024,50%,NOP,4.833333333333333,0.6,-0.10800012882445345,7,0.5134909922955972
1.5105958748886572,-0.11721041882251318,0.2720959412841962,1.229589842309648,-0.3701975880717278,0.6151116339106357,-0.7685110608959431,2024,50%,NYK,4.071428571428571,0.625,0.33878203208613616,7,0.5235155963596069
-0.19450329448642917,-1.240566157569154,-0.8101436211962361,-0.8026043357112591,0.0280682597513401,0.8811570808789687,-1.3661119792389476,2024,50%,OKC,8.146341463414634,0.7073170731707317,-0.5006720067959597,7,0.5104764346341084
-0.8169286620373307,1.5447027383582255,-1.1544121274319337,-0.39488133316993906,-0.3588185638482116,-0.1689181698073033,1.1034629387886936,2024,50%,ORL,0.8780487804878049,0.6097560975609756,-0.03511331130682845,7,0.48777501269847207
-1.3409289953725225,,,-0.6517147205975418,0.5363313417350644,-0.04129314641804265,,2024,50%,PHI,8.051282051282051,0.4883720930232558,-0.37440138016326063,4,
0.5538686426034322,-0.3308984147905415,0.5812574325105381,-0.8603918478824696,-1.6901643979996086,0.0306309296314236,0.25384343283523886,2024,50%,PHX,1.5,0.6428571428571429,-0.20883631758456958,7,0.5135206735257343
-1.7372413083953968,-1.4472251957162356,-0.9484894097821079,0.18941462322785707,-3.154265514758694,-0.2896110507671261,-0.6328205473328417,2024,50%,POR,-9.5,0.23809523809523808,-1.1457483433606492,7,0.45565161319978714
-0.2512437285449368,-0.4473157156326718,-0.5756703177120985,-1.7047316090507132,0.9725272703031859,0.00864873362060036,0.36484544745112957,2024,50%,SAC,0.2682926829268293,0.5609756097560976,-0.2332771313665007,7,0.5062151847651806
1.1486760337281279,-0.2661863402818292,-0.37631879181944133,-0.4687209320553748,0.08875638894342694,-0.9713906013608928,0.2843885657887103,2024,50%,SAS,-9.375,0.35714285714285715,-0.080113668151039,7,0.4877796278542747
0.044453353132263944,-0.29514816470601596,-0.3304634118710472,2.4688109366478312,-0.8177725408633653,0.8282968791802783,-0.2518874603567111,2024,50%,TOR,-1.3095238095238095,0.225,0.23518422730903343,7,0.5057174355071529
2.3101130325909063,-0.6248097007232715,-0.2785445865040902,1.7304149477934732,-0.49915986260491096,0.5691058796027478,-1.1984830921010468,2024,50%,UTA,-1.4651162790697674,0.23076923076923078,0.2869480882934012,7,0.5194195492069064
0.29832176345356287,1.337094291011801,-0.6721298032905683,0.4783521840839099,1.0787314963893373,-2.7273226240608324,-1.00674307737545,2024,50%,WAS,-9.65,0.19047619047619047,-0.1733851099697485,7,0.4250848704163612
0.08488288023599598,0.006950824697419597,-0.6177653170314017,1.1647215862328206,0.5587469901196256,-0.7268563015167119,0.39524264163249684,2024,75%,ATL,-2.135593220338983,0.43478260869565216,0.12370332919574932,7,0.4786649112740409
-1.3799118676219548,-0.3966193370357015,0.842995486482072,0.48926966261824834,0.47871812434728334,0.8077381972081203,-1.7177301868991095,2024,75%,BKN,-2.389830508474576,0.391304347826087,-0.1250771315572917,7,0.5087522220489146
1.6689170602002783,0.977714624489695,1.7056568914765982,-0.004329820023170164,0.3550371499718456,0.6193696073163981,-0.13327658017011487,2024,75%,BOS,10.728813559322035,0.7391304347826086,0.7412984190373615,7,0.5519411791364726
1.2064074047265334,-0.6275407161535477,-0.5078686260550638,1.6756403489669205,1.0061811033013566,-2.6542992536645893,0.09667662242042595,2024,75%,CHA,-10.483333333333333,0.2727272727272727,0.027885269077433685,7,0.4371880718483772
0.0541022030782792,0.1895680170436772,0.5753810949536029,0.25978920139021994,0.7915582360028033,-0.2827155819088472,1.01819745901036,2024,75%,CHI,-1.4833333333333334,0.5,0.37226866136715653,7,0.5087641934615937
-0.11796121116328051,-0.10420429184729196,-0.30400694091408886,0.7663781441011495,0.23863152703025692,1.5241128021054806,-0.44500350341720296,2024,75%,CLE,5.067796610169491,0.391304347826087,0.22256378941357471,7,0.5338370829299108
1.0514189857913883,0.398965168459004,0.3528574074088016,-0.45463110243288496,0.15496498554098978,0.5259429346564511,-0.7253045802984599,2024,75%,DAL,0.7833333333333333,0.7272727272727273,0.18631625701789853,7,0.5292935004802616
0.04399426271294357,0.452755386586062,0.3272433749933462,-0.7793676041706605,-0.5107296706562208,0.06816198559017254,-0.2780518836915041,2024,75%,DEN,4.166666666666667,0.7272727272727273,-0.09657059266226586,7,0.5100472185882411
1.003163564273261,-2.2704760718816464,-0.6271530668237423,-1.0045182453755188,-1.6820612515059568,-0.5485790191230071,0.20181623697517126,2024,75%,DET,-8.677966101694915,0.21739130434782608,-0.7039725504944913,7,0.49224523265274367
0.9932269449310666,0.962191414107393,1.9621341044313851,0.5152485827572705,1.0098187790182818,1.2599512427097839,-0.5899399939277689,2024,75%,GSW,2.2711864406779663,0.6086956521739131,0.8732330105753446,7,0.5613446155246751
-1.4474123507396195,-0.6441009472767458,-0.623424724499163,-1.130083026047458,-0.7326278893886238,-1.0290783737033165,0.13150327252992652,2024,75%,HOU,-0.3559322033898305,0.6956521739130435,-0.7821748627321429,7,0.46137790095957326
-0.3116313380975722,0.13949221121496486,-1.183080444516327,1.5500755682949803,-1.4819890870751007,0.5208205137175677,0.35556799738609274,2024,75%,IND,1.2258064516129032,0.6190476190476191,-0.058677797010770624,7,0.4948042706978416
-1.5591018425847591,0.6006439319471246,0.40855263096476196,1.1474023061401397,-0.25609237047149475,0.8896438286300923,-0.0458944282639495,2024,75%,LAC,4.896551724137931,0.5416666666666666,0.16930772233741645,7,0.5103533010400535
0.5922141681188855,0.8368832455112498,2.9035933650217967,4.1821473175198616e-17,1.0098187790182818,1.9241244206607633,2.598712184422893,2024,75%,LAL,-0.14516129032258066,0.6666666666666666,1.4093351661076956,7,0.6024244301699742
-0.5894366668480852,-2.3756411551477523,-0.7482139141782671,-1.5587352083413215,0.2604575813318047,-1.6342354646380557,0.6000900395494094,2024,75%,MEM,-6.7,0.3181818181818182,-0.8636735411817524,7,0.45794947809297315
1.5277485371318629,0.7121959041557153,0.5909646174849803,0.5282380428267802,0.14405195839021545,0.600632367590407,1.5172313096571757,2024,75%,MIA,0.6271186440677966,0.5652173913043478,0.8030089624624482,7,0.5456899153986597
0.9416677425896299,0.25264274497466477,1.1449559577231772,0.7577185040548078,0.26409525704872866,-0.3169966311103147,0.8222993121022577,2024,75%,MIL,4.426229508196721,0.42857142857142855,0.5523404124832788,7,0.5167165355711191
0.8155670439335584,0.06592870881281643,-0.7731630098226407,0.6538028234987212,-0.6125845907301105,-0.2795755818189547,-0.3919144818673087,2024,75%,MIN,7.05,0.6363636363636364,-0.07456272685627409,7,0.49066718061520515
0.10983396170463756,-0.8648880763538882,-1.1195190001274238,-0.3766943420158192,0.791558236002803,0.2743665259888005,-1.2223896651637831,2024,75%,NOP,4.540983606557377,0.6190476190476191,-0.34396176570923903,7,0.498095047297945
-2.173013990750657,-0.21986145055585082,0.26658449545726887,-0.9135920248889411,0.27500828419950296,0.26432331685110655,0.0012925306186583076,2024,75%,NYK,3.6333333333333333,0.6818181818181818,-0.35703697700984466,7,0.49730571080092095
-0.1477710691898634,0.12002130894922146,-0.7677623281304105,-0.5845257031279946,0.38050087999031734,0.687339165728386,-0.835211635240582,2024,75%,OKC,7.915254237288136,0.6956521739130435,-0.16391562586013222,7,0.5124262467119229
0.2865848314809972,1.9250956623545659,-1.1226113498206962,0.12123496064876917,-0.5834831849947132,-0.47185271768679565,0.6691525659184828,2024,75%,ORL,1.2666666666666666,0.5909090909090909,0.11773153827151571,7,0.4876755625536788
-2.015855505522389,,,0.8789534647035782,0.904326183227467,0.6223487797037125,,2024,75%,PHI,3.3559322033898304,0.5652173913043478,0.09744323052809217,4,
0.7951798421797461,-1.8175887429673283,0.5952625845688808,1.2902863669047604,-0.6744250779178298,-0.4894764931501926,1.3845095406935382,2024,75%,PHX,3.0508474576271185,0.6086956521739131,0.15482114575879638,7,0.5019898797284348
-0.2130030256562779,-1.267064300986388,-0.9656678989726647,-0.7750377841474904,-3.813739221623799,-0.2890127708468371,1.292115695992265,2024,75%,POR,-8.362068965517242,0.20833333333333334,-0.8616299008915986,7,0.4847666559051141
-0.20978927956700696,-0.03155755607068486,-0.58002439403642,-1.2816267268584198,0.14768963410714034,-0.16782548581745868,-0.6408875627605554,2024,75%,SAC,0.3220338983050847,0.5217391304347826,-0.3948601958576293,7,0.49495308970362195
0.1989826816480891,0.3494240894135038,-0.3648069769659828,0.12556478067193938,0.05311006546709995,-1.0495399224037492,-0.6562075916789583,2024,75%,SAS,-8.3,0.45454545454545453,-0.1919246962640083,7,0.4717838238745992
0.09116465108450965,0.7902310065164783,-0.36092528298122256,-2.541604353600988,0.8061089388705014,0.7026788297057225,-0.26673846404581875,2024,75%,TOR,-3.3666666666666667,0.13636363636363635,-0.11129781063583108,7,0.5323490725744513
-0.5894366668480853,0.4598151979216991,-0.32164966432642045,-0.7707079641243197,0.03128401116555203,0.4853373091864009,-1.257385173520442,2024,75%,UTA,-2.9,0.18181818181818182,-0.28039185007794504,7,0.5051486807361155
-0.7107319512321121,1.3790231991215713,-0.6885390717647314,0.25112956134388,0.6860656402119882,-1.8368482299605386,-1.8784716779636483,2024,75%,WAS,-10.0,0.2727272727272727,-0.399767504320513,7,0.43572717280097956
,,-0.9598533540050794,,,-1.8549280261578491,-0.48037543114637393,2025,preseason,ATL,,0.4878048780487805,-1.0983856037697677,3,
,,0.4258409354613128,,,0.12136646162788192,-0.36237401318576007,2025,preseason,BKN,,0.3170731707317073,0.06161112796781156,3,
,,2.056113855027791,,,0.8456688456858987,-0.0857726874526253,2025,preseason,BOS,,0.7439024390243902,0.9386700044203548,3,
,,-0.4866954089152643,,,-2.2692274667865457,-0.573212440327416,2025,preseason,CHA,,0.23170731707317074,-1.109711772009742,3,
,,0.5387889145785327,,,-0.2753363643973584,1.1151768476049078,2025,preseason,CHI,,0.47560975609756095,0.45954313259536067,3,
,,-0.21334398754010941,,,1.6924647889770192,-0.39074454412768717,2025,preseason,CLE,,0.7804878048780488,0.36279208576974087,3,
,,0.7205756284215515,,,0.12714089208401122,1.4148499092485591,2025,preseason,DAL,,0.47560975609756095,0.7541888099180406,3,
,,0.5322590528649868,,,-0.2966278498784048,-0.9589152483708937,2025,preseason,DEN,,0.6097560975609756,-0.24109468179477056,3,
,,-0.6688263485863012,,,-0.5353327450641873,-0.4211773940003741,2025,preseason,DET,,0.5365853658536586,-0.5417788292169542,3,
,,2.0315748338915913,,,0.9158745234809101,0.20824753814160962,2025,preseason,GSW,,0.5853658536585366,1.0518989651713704,3,
,,-0.6689932824521228,,,-0.7599905349585448,1.171865337848192,2025,preseason,HOU,,0.6341463414634146,-0.08570615985415857,3,
,,-0.9496973890537717,,,-0.6337985367490695,-1.5153919419631452,2025,preseason,IND,,0.6097560975609756,-1.0329626225886621,3,
,,0.48709697996276013,,,0.46500206228664004,1.6560676129275662,2025,preseason,LAC,,0.6097560975609756,0.8693888850589889,3,
,,2.908765162158073,,,2.4093401562895673,0.5968764061590079,2025,preseason,LAL,,0.6097560975609756,1.971660574868883,3,
,,-0.7216078204168811,,,-0.8438262849054351,0.5588571976247508,2025,preseason,MEM,,0.5853658536585366,-0.3355256358991885,3,
,,0.611519377365788,,,-0.22194395734264502,0.5312989044029053,2025,preseason,MIA,,0.45121951219512196,0.3069581081420161,3,
,,0.5339494415186117,,,0.28035934090355796,-0.05225558218289054,2025,preseason,MIL,,0.5903614457831325,0.254017733413093,3,
,,-0.31468494795271335,,,0.7674982643252378,-1.3531501132959474,2025,preseason,MIN,,0.5975609756097561,-0.30011226564114096,3,
,,-1.073290593233544,,,0.3857480714423621,-0.7046455138745124,2025,preseason,NOP,,0.25609756097560976,-0.46406267855523137,3,
,,0.4074435893412761,,,0.8843091551683911,0.03631567190018125,2025,preseason,NYK,,0.6219512195121951,0.44268947213661614,3,
,,-0.6087701729975616,,,1.1457143985977807,-0.8297739108939837,2025,preseason,OKC,,0.8192771084337349,-0.09760989509792155,3,
,,-1.049437001654318,,,-0.5570640457934031,1.776659782938737,2025,preseason,ORL,,0.5,0.0567195784970053,3,
,,,,,0.493217706664708,,2025,preseason,PHI,,0.2926829268292683,0.493217706664708,1,
,,0.09386560494668353,,,0.6618305233688376,-1.3660518042900927,2025,preseason,PHX,,0.43902439024390244,-0.20345189199152383,3,
,,-1.0841057964425167,,,-1.0346479746291806,0.06940561625951928,2025,preseason,POR,,0.43902439024390244,-0.6831160516040593,3,
,,-0.4547472363748463,,,-0.4582572166856666,-1.599427124133488,2025,preseason,SAC,,0.4878048780487805,-0.8374771923980003,3,
,,-0.3679251411394091,,,-0.2395297500071142,1.28640534971729,2025,preseason,SAS,,0.4146341463414634,0.22631681952358892,3,
,,-0.41538372311681865,,,0.3963695384895901,1.3410484275956236,2025,preseason,TOR,,0.36585365853658536,0.44067808098946504,3,
,,-0.503322889082281,,,-0.08029308285948569,-1.1551075616208841,2025,preseason,UTA,,0.2073170731707317,-0.5795745111875502,3,
,,-0.8071082825756116,,,-1.5311008931775003,0.0853007084971909,2025,preseason,WAS,,0.21951219512195122,-0.750969489085307,3,
0.8066076166416831,0.1856771863370053,-0.9596449860637897,-0.7605907319064317,0.035238560255255943,-0.7477530026536646,-1.871889360731589,2025,25%,ATL,-1.7826086956521738,0.4745762711864407,-0.47319353116021867,7,0.4724476566536445
-0.45233007377145706,-0.3503734414558114,0.3845870315315229,-0.08738702026159012,1.145787125875446,0.3882447396173177,-0.35169115576007076,2025,25%,BKN,-3.6956521739130435,0.2711864406779661,0.09669102939647958,7,0.5095130186321
0.24138130366459978,0.9312889400844627,2.0746016121368536,0.1909568220531046,0.9749335003954162,1.0808482406109334,0.7419044898160522,2025,25%,BOS,10.272727272727273,0.7166666666666667,0.8908449869659175,7,0.5545329023095547
0.08410406789829317,-0.007956175353001393,-0.5223541662639887,0.7703004008243861,0.019221032866503174,-2.1049786649960223,-0.6807269062526136,2025,25%,CHA,-4.666666666666667,0.21311475409836064,-0.3489129158966348,7,0.4340069967275039
0.23827714769552832,0.45141545969737806,0.4945289273556907,-0.5858166913832519,0.32355405325280484,-0.02540651194220193,0.21539522307564699,2025,25%,CHI,-4.318181818181818,0.5,0.1588496582502279,7,0.5102582699654117
-0.655719771397165,-0.7373729139574244,-0.1960240373968687,2.1717292813158107,-2.292642086910142,1.757342579340767,0.6673545986250845,2025,25%,CLE,10.5,0.75,0.10209537851715175,7,0.5235079287728764
1.3899190122211846,0.5225971820861455,0.7531726654530059,0.39162331302416276,0.6439046010278603,0.08420947260776654,0.6431014637215119,2025,25%,DAL,6.409090909090909,0.4166666666666667,0.6326468157345196,7,0.5249779515773463
-0.42927976228487075,0.5545489070217232,0.5469471690890546,-2.2720625268013404,-2.4581565365939206,-0.3767172337020279,1.4338470482362822,2025,25%,DEN,1.736842105263158,0.6190476190476191,-0.4286961335764428,7,0.502381722316061
-0.48499119309821287,-0.5635624145244982,-0.6848315005437692,-0.3819136441062081,0.659922128416613,-1.0432801040040431,-0.8974768575990838,2025,25%,DET,-3.0,0.603448275862069,-0.4851619407798861,7,0.45964762029061873
-2.1069126869382546,1.166959462631427,2.014321562618503,0.44017165761393473,0.563816964084097,1.0663313096274563,0.8013628706545265,2025,25%,GSW,5.85,0.5806451612903226,0.5637215914702415,7,0.5300559795258895
0.8963582131387604,0.7328743480829294,-0.6862609810350595,1.4467406687752122,-1.0966667085499375,-0.6571619856216281,-1.2031167480688763,2025,25%,HOU,7.454545454545454,0.6166666666666667,-0.0810333133255142,7,0.46935792743978827
-1.0031153133272057,0.3172304920572629,-0.9709651084860927,-0.8738702026158999,-0.15163259261352555,-0.28225856148187234,-0.12381845517097537,2025,25%,IND,-4.782608695652174,0.6949152542372882,-0.44120424880547265,7,0.47692548952905556
0.9036012437332614,1.0491553080110574,0.5374758451024895,0.09709668917954407,1.1297695984866942,0.3092565161257453,-0.21190022161594452,2025,25%,LAC,1.8333333333333333,0.6206896551724138,0.5449221398604068,7,0.5228354088765795
-2.0308608656959946,0.17641845038943962,2.8940629613054876,0.09386013287355936,1.1351087742829449,2.135580273108014,1.8496403186614427,2025,25%,LAL,-4.2727272727272725,0.6333333333333333,0.8934014349892705,7,0.5738494407810019
-0.05351351339722593,-2.456448202512896,-0.6978949307636413,0.48872000220370704,0.48372932714033307,-1.2303754508154066,1.8580510661223388,2025,25%,MEM,8.136363636363637,0.5666666666666667,-0.22967595743182725,7,0.46717808622181217
1.0857117272521433,-0.41325575089224287,0.6056288377530881,-0.5663973535473427,0.3555891080303109,-0.24159927601409245,-0.09960508554313667,2025,25%,MIA,2.3,0.43548387096774194,0.1037246010055325,7,0.511038915219139
1.6336691642687793,0.3302222112364867,0.5281822147700975,0.9677303354894592,-0.3064686907048015,0.6253392283881145,-0.09241179958243025,2025,25%,MIL,1.0952380952380953,0.6129032258064516,0.5266089519808151,7,0.5299370539484215
-0.10125838854056901,-0.8239468953321981,-0.275756270799216,-1.8351274254933903,-1.7373678041000475,0.022955036555672752,-1.5871571243804512,2025,25%,MIN,3.4761904761904763,0.6229508196721312,-0.9053798388700285,7,0.49064375491569356
-1.0561558914074334,-1.301199181971736,-1.082280977523937,0.37220397518825366,0.6759396558053661,0.4853206245834643,-0.043907012724318704,2025,25%,NOP,-12.727272727272727,0.2833333333333333,-0.2785826868643345,7,0.49050553443195144
1.1328653345918536,0.38191536635277545,0.40723574485969427,-1.3399343106777128,-0.9204739072736565,-0.28068014376218087,-0.3211583919722299,2025,25%,NYK,6.761904761904762,0.6229508196721312,-0.13431861541163667,7,0.5084476870428335
-0.5565345973377737,-1.2308053362970568,-0.5951183514413683,1.1425043760126394,-0.5947841837023514,1.4527302943808424,-0.3898542619794286,2025,25%,OKC,10.80952380952381,0.8387096774193549,-0.11026600862349954,7,0.5158923567337215
0.22068693053745445,1.1254821864670863,-1.038741523129219,0.27834384231469417,0.8307757538966423,-0.1219324028285742,1.3483747189307824,2025,25%,ORL,4.833333333333333,0.43103448275862066,0.37756992945555234,7,0.4979648610576672
0.5735259923552881,,,0.28158039862067885,0.8254365781003915,0.18587498259572574,,2025,25%,PHI,-6.2,0.3064516129032258,0.46660448791802106,4,
-0.8093754918662214,-0.22473964386809214,0.08443524851780992,-1.0098055674672624,-0.3758779760560644,0.31580460161153584,0.04390024065035994,2025,25%,PHX,-0.15,0.3870967741935484,-0.2822369412111335,7,0.504011721300436
0.3127768909532529,-2.4501073656235017,-1.091072324024804,-0.48224688959173745,0.4944076787328346,-0.8475723182798802,0.4485555205133423,2025,25%,POR,-8.136363636363637,0.4666666666666667,-0.5164655439029275,7,0.47374431152415797
-1.41934213978884,0.7000448552962265,-0.44654556961384356,1.4532137813871822,-1.1073450601424397,-0.38997027528850287,-1.9047671178984393,2025,25%,SAC,0.6363636363636364,0.5,-0.4449587894355224,7,0.45292910866696073
-0.07849457810070869,0.4373832873150837,-0.3292074159271522,1.1425043760126394,-0.5947841837023514,0.3229248281604748,-0.1608534332987945,2025,25%,SAS,-0.19047619047619047,0.3770491803278688,0.10563898292274157,7,0.4966360992493282
1.8772714993654653,-0.3790486325741685,-0.42183550722484625,-1.0551173557510494,-0.4506264372035764,0.41052278744173076,1.1075614719837417,2025,25%,TOR,-3.3181818181818183,0.38333333333333336,0.15553254657675675,7,0.5325000082961018
0.5507621819154283,-0.04894627903699917,-0.4933567285498915,-0.37544053149423834,0.6706004800091151,0.22222551403874877,-0.8635410712581723,2025,25%,UTA,-10.333333333333334,0.21311475409836064,-0.048242347768001306,7,0.50430189388266
-0.7096340592810442,1.9245485903331376,-0.8332894417057816,-0.10356980179151386,1.119091246894192,-2.515825097404191,-0.3551740271545248,2025,25%,WAS,-15.842105263157896,0.25396825396825395,-0.21055037001567506,7,0.4237418658097425
0.4226681569877181,-1.29393921863388,-0.9749689708110456,-0.6668375304187211,-0.598342879549967,-1.3650465831212124,-1.1898929743781688,2025,50%,ATL,-1.95,0.4523809523809524,-0.8094799999893253,7,0.45562322440011604
-1.3776027947295482,-0.027779189356366918,0.33982134794672203,0.8903584903356113,0.3323444536309362,0.13998866272380378,-1.5493632846914003,2025,50%,BKN,-7.097560975609756,0.2926829268292683,-0.17889033059146314,7,0.484215087578899
-0.2239469023237836,0.6184724792065108,2.074592514652854,-0.8903584903356113,0.47978007076850543,0.6741194771090613,0.1779024554664899,2025,50%,BOS,8.75,0.7857142857142857,0.41579451493486097,7,0.5426684860669112
0.17305144264989974,-2.1120720312163614,-0.4918798493813567,1.788167679335118,-1.9989812423568707,-3.0192144422662346,-1.3631617475463038,2025,50%,CHA,-5.891891891891892,0.2222222222222222,-1.0034414558260156,7,0.3986685482576128
0.6647545267543413,1.2061116318653866,0.4473926642586123,-0.2272463092488375,0.19412356256446556,-0.03893176485974987,1.4497526184015335,2025,50%,CHI,-3.073170731707317,0.5121951219512195,0.5279938471051073,7,0.5216163781388459
-1.0214388088079691,-0.6773021676528519,-0.21770735420869786,-1.322499012841598,-0.14682130206616184,1.5284306896999267,0.36126667940423074,2025,50%,CLE,10.05,0.7142857142857143,-0.21372446806758877,7,0.5364457904146979
-2.0158066012369975,-1.238128023438829,0.7616622175720329,-0.640760085095084,1.0741299023543296,0.49173651258530826,1.6774887793449238,2025,50%,DAL,3.4634146341463414,0.4146341463414634,0.01576038601224052,7,0.5159427526553593
0.7998602749194273,-0.13705366794622653,0.5646669006563809,1.553470671422384,-0.003993047964142353,0.141069627068127,0.19238208695241024,2025,50%,DEN,4.0,0.6190476190476191,0.44434326358690873,7,0.5119539582739608
0.9281318801812213,0.4625132801229496,-0.6817998249853626,-0.12293652795428925,0.6133935987994271,-0.6945319982759959,-1.22618986536379,2025,50%,DET,-1.1951219512195121,0.5609756097560976,-0.1030599224965485,7,0.4825685862317606
-0.7250735732901974,1.4106082523079353,1.996181261323218,0.16764071993766727,0.47517270773295656,0.7389261784754214,-0.1867550053487369,2025,50%,GSW,0.375,0.6666666666666666,0.553814363019752,7,0.533049785551179
-0.6442466908762596,-0.7656974447436371,-0.6626730779184272,-0.10803513062649704,-0.6167723316921627,-0.9504327308858781,-0.5945780767923404,2025,50%,HOU,6.0,0.5952380952380952,-0.6203479262193146,7,0.46031520330325815
1.853945458908177,0.7809543959813191,-0.987642275857948,0.6705628797506692,0.8944427439679177,-0.21726913527161457,-0.45109262415033624,2025,50%,IND,0.30952380952380953,0.675,0.36341449190402625,7,0.5023716840213088
0.6166526747811686,0.4254056412791164,0.555192114788758,-0.7748726610452175,0.4889947968396032,0.605353235398847,-0.3189111210467509,2025,50%,LAC,2.95,0.6428571428571429,0.22825924014221785,7,0.5316774778023651
0.11467519452618706,1.5434728847317765,2.909645859343519,5.997154474496153e-18,1.1754918891364086,1.8810513135427755,2.408202273395247,2025,50%,LAL,-2.4210526315789473,0.6590909090909091,1.4332199163822732,7,0.5951135401776926
-1.6851392253777016,-1.532996854305588,-0.7163397467180008,-1.3224990128415977,0.3692033579153286,-1.7883586100228044,0.2636328460378774,2025,50%,MEM,7.829268292682927,0.5365853658536586,-0.9160710350446409,7,0.4403939080457069
-0.6564052646410914,-0.6740960728101897,0.6297366989826858,2.544413593720595,-1.0314350048915752,0.7154301787211583,-0.09133796762540343,2025,50%,MIA,1.2564102564102564,0.3953488372093023,0.2051865944937399,7,0.5045146228183981
0.49810658057405993,-0.2584346002524212,0.5265591992496802,-0.8866331410036625,1.0280562719988398,0.5706725294590083,1.1400551799528709,2025,50%,MIL,2.6,0.6046511627906976,0.374054574282625,7,0.5384342607400714
-0.17006231404782507,0.024746186709247685,-0.2473211619337123,0.15646467194182315,-1.1097601764959084,0.6302260819420551,-0.36161323054456124,2025,50%,MIN,1.9,0.6666666666666666,-0.15390284891841158,7,0.5087258408648914
1.8744729211085425,-0.35027118178706096,-1.094966490391928,-0.11176047995844474,0.9174795591456628,-0.07547529299071558,-1.3372311811990387,2025,50%,NOP,-8.785714285714286,0.275,-0.025393163724711818,7,0.50291170027293
-0.8115455078092356,1.0809352734537423,0.3970896537380844,0.9946682716301596,0.631823050941624,0.10066317822533867,-1.1667854047937065,2025,50%,NYK,6.476190476190476,0.6,0.17526407362657245,7,0.4925042608292311
0.952314231992871,-0.14842252152553065,-0.5456255639006342,1.2107385328831521,-1.8146867209349087,1.0961885439505548,-0.6435376889135498,2025,50%,OKC,12.292682926829269,0.8095238095238095,0.015281259078850664,7,0.5202352713697299
-1.6644615622344068,0.5881541962630431,-1.0271591469604453,5.997154474496153e-18,0.9128721961101137,-0.04666164888931788,0.6586116901735203,2025,50%,ORL,0.8333333333333334,0.45,-0.08266346793392758,7,0.48234746693630115
0.16208781470962155,,,-0.5401756531324834,1.0418783611054865,-0.0013239836938351898,,2025,50%,PHI,-3.641025641025641,0.20930232558139536,0.16561663474719734,4,
0.19096442740109668,0.016259968773814873,0.07155262243275609,-0.3427321385392307,-0.5522692491944763,0.3719332201063792,0.3616512041985022,2025,50%,PHX,-1.275,0.38095238095238093,0.01676572216840602,7,0.5158915212795221
0.17479905091830925,-1.1280783862065382,-1.0999564271206572,5.997154474496153e-18,0.6226083248705249,-0.6369672661817078,-0.5619463540257786,2025,50%,POR,-9.0,0.5476190476190477,-0.37564872253512116,7,0.474633761559149
0.7367758788890371,-1.045627035994471,-0.4243787516806773,0.9611401276426257,-1.9483002489658312,0.17852517347859848,1.229223272074047,2025,50%,SAC,2.292682926829268,0.4634146341463415,-0.044663083508095926,7,0.5055859435245516
0.5047385299003319,1.0397962539942747,-0.31776473210878853,-0.6556614824228769,0.493602159875153,0.09790211178880576,0.03876111210253884,2025,50%,SAS,-0.23076923076923078,0.3488372093023256,0.1716248504470627,7,0.5117187302474155
-0.8613621538808531,-0.5355275134808839,-0.4334208854671054,-0.7636966130493733,-1.1374043547092023,0.5654809760578341,1.3125447704893554,2025,50%,TOR,-7.2926829268292686,0.4878048780487805,-0.26476939629146123,7,0.5113635959910041
1.3961830518400347,1.180760279363942,-0.5175993360340387,-2.000512591256163,-1.6995026450461839,-0.11457839576234827,-0.11798918210146271,2025,50%,UTA,-6.666666666666667,0.16279069767441862,-0.2676055455708886,7,0.5123801011333466
-0.20709069778617611,1.5472351852977808,-0.8328894594664825,0.43959122116988303,0.9128721961101137,-1.5789058381116454,-0.11108925947219565,2025,50%,WAS,-14.128205128205128,0.27906976744186046,0.02424619253446827,7,0.4531960698463996
0.26063740044501954,1.4000504256725872,-0.9603565995244351,0.2903208385978515,-0.2220377589390275,-0.8053764276291719,-0.45081077170623896,2025,75%,ATL,-2.8333333333333335,0.5909090909090909,-0.06965327044048789,7,0.4739778739299021
0.550797777490037,-0.4795268795381606,0.24549148964192394,-1.6561484201831975,-0.06752694730619871,0.3711436197154149,-0.2953278195498551,2025,75%,BKN,-6.254237288135593,0.21739130434782608,-0.1901567399614337,7,0.5258780530168442
-0.23857425865007648,0.20653936652485438,2.0565626933676193,-1.0621938075744016e-17,0.40458942157188815,0.20570822182327578,0.4664353083229661,2025,75%,BOS,8.583333333333334,0.8636363636363636,0.44303725042293246,7,0.5291890101031854
-2.0508891088988883,-0.38588483052727185,-0.4709616459078954,-0.5014632666690161,-1.2521098364912173,-3.2037872663611036,-0.5567067574564484,2025,75%,CHA,-7.517241379310345,0.20833333333333334,-1.2031146731874058,7,0.39359501488380044
-0.39755886345743174,-0.5874679993125498,0.43866111916710937,1.583568210533734,0.15565533616344315,-0.14549750406776008,-2.658962130897918,2025,75%,CHI,-3.783333333333333,0.6818181818181818,-0.23022883312448186,7,0.47877150207317987
0.6943689595940354,-0.5301187018788586,-0.2225448454571359,0.20454422719394091,-0.4452200424086685,1.3125081562291838,0.5114820705400323,2025,75%,CLE,11.59322033898305,0.6521739130434783,0.21785997483036135,7,0.5421284333044752
-0.2194961060731938,-0.22554822928134316,0.9260032360370527,1.6363538175515262,-0.732781830725322,1.1983877045561346,0.4030400799463712,2025,75%,DAL,1.7833333333333334,0.3181818181818182,0.42656552457303226,7,0.5335881263574305
1.074638577058679,0.09888927288537733,0.5491224721463469,-1.1876761579003012,-1.59117522868548,-0.19890123577335742,0.20833962780806214,2025,75%,DEN,5.3,0.5,-0.14953752463723902,7,0.5160520941096507
1.933155443018398,0.30937876373764567,-0.6610669563555015,0.4915659653531799,1.1685595457564286,-1.0292109045000903,-0.07818182247692987,2025,75%,DET,1.0,0.5,0.30488571921901864,7,0.49014772086815966
1.8733341171417321,2.2742449761435344,1.963417462588492,-0.19464692587810475,0.653523506980334,1.0568995790322069,0.9882662077179623,2025,75%,GSW,1.8135593220338984,0.6956521739130435,1.2307198462465938,7,0.5763932308907761
-0.8936447235427559,-0.2743633512423656,-0.6739619336555426,-1.5736709092178989,0.9239174273377837,-0.49508891014201933,-0.42477124866556953,2025,75%,HOU,4.016949152542373,0.6521739130434783,-0.4873690927326241,7,0.4835502219283232
-0.0957074034335357,-0.2450365981508823,-1.0174215446736974,-0.09897301315835848,0.6621074409599356,-0.11623235801214911,1.4002010094556043,2025,75%,IND,1.0344827586206897,0.7083333333333334,0.06984821899813101,7,0.5001322226029913
-0.9195134050029359,-0.11080702990597498,0.5495165695616416,-0.09567391271974615,0.288706312847267,0.06370833272256494,-0.12423684544182653,2025,75%,LAC,2.152542372881356,0.782608695652174,-0.04975713970557284,7,0.502210787590639
1.0456924145282362,0.6797809384290997,2.9231126370835954,-0.09567391271974615,1.1771434797360305,2.001354360976588,0.38332881384452056,2025,75%,LAL,1.5517241379310345,0.5416666666666666,1.159248390268332,7,0.5976760386371185
-1.0194311871428807,-3.1158422739300042,-0.715568494179153,0.40908845438788155,0.8337861205519672,-0.7968600247001807,0.7501294991731766,2025,75%,MEM,6.576271186440678,0.43478260869565216,-0.5220997008341703,7,0.4684770479668081
-0.4706917816688152,1.0733152064276519,0.6261097715351728,-0.49816416623040427,-0.35508873562285176,0.595932379466326,0.35842558210701636,2025,75%,MIA,-0.5,0.375,0.18997689371629942,7,0.5246998614378686
0.06381984900215104,-1.007382218746946,0.5143095792005518,0.2969190394750752,0.5290564642761115,0.6017782994067393,1.7225933013602899,2025,75%,MIL,1.8983050847457628,0.625,0.388727759139139,7,0.5327387055878423
-0.5285517525987051,-0.38470990062456273,-0.24711176650894306,-1.3691266820239583,-2.8573054906767132,0.5114669631462717,0.7759593551319452,2025,75%,MIN,2.80327868852459,0.8095238095238095,-0.5856256105935236,7,0.5122065695325102
0.3687469317140212,-0.7945943061572202,-1.1072257689836416,0.09567391271974643,0.6878592428987403,0.8342015947672781,-1.9202094343659435,2025,75%,NOP,-8.0,0.22727272727272727,-0.26222111820100275,7,0.5089697345300529
-1.7353469465533582,0.06170610282720328,0.36922968488300506,-1.6693448219376459,-1.625510964603886,-0.23995073003134595,0.7914146859538982,2025,75%,NYK,4.728813559322034,0.5217391304347826,-0.5782575699231612,7,0.49228804185829284
-0.22585549026548807,-0.4904844844024051,-0.511213043403168,-0.4915659653531799,-1.0933070578685875,0.878121743579309,-0.29808842813585357,2025,75%,OKC,12.216666666666667,0.8695652173913043,-0.3189132465499104,7,0.5168974272756727
0.05817962829034138,0.5116987795084519,-1.007682300287529,-0.5938380789501504,0.7736985826947562,-0.4922290379221862,0.7630710607715304,2025,75%,ORL,-1.6721311475409837,0.5714285714285714,0.0018426620150305986,7,0.4918672996079376
-0.8963319443323695,,,0.09567391271974643,1.0526764370318076,-0.154936602076713,,2025,75%,PHI,-4.568965517241379,0.16666666666666666,0.02427045083561788,4,
-0.46751208957266804,0.860539119411107,0.04903440185655437,1.2734527693042115,1.099888073919616,0.6036333469847404,1.4583029234631046,2025,75%,PHX,-1.9166666666666667,0.36363636363636365,0.6967626493380951,7,0.5212352859979753
1.631084693884423,-0.963684196571474,-1.1212547875676937,-0.2969190394750752,0.15136336917364127,-0.41223507252008074,0.22703024000579736,2025,75%,POR,-3.9166666666666665,0.4090909090909091,-0.11208782758149456,7,0.5002452369070509
0.09638985699576541,0.5636333230477921,-0.41861183912452743,-1.2503590662339281,-0.23062169291862883,-0.17126480698245727,-1.7133881956694186,2025,75%,SAC,1.3275862068965518,0.4166666666666667,-0.44631748869791465,7,0.49292483987816604
-0.4606506487336139,0.8709647581041567,-0.2794613283854162,1.362528481146735,-1.3551170442464369,0.22966544228213345,-0.9224584965423621,2025,75%,SAS,-2.0526315789473686,0.4,-0.07921840519640053,7,0.4891721412129876
-0.8013797596681145,-1.1043351519917495,-0.44459470221132147,1.2701536688655999,0.5505162992251156,0.17598862355042405,-0.7857182660542771,2025,75%,TOR,-5.966666666666667,0.5454545454545454,-0.16276704118347468,7,0.4872219692499314
-0.02866068721799186,0.48975368383361306,-0.5263132143683297,1.8705899486929742,0.8080343186131628,-0.36442714295867396,-0.6501204290105934,2025,75%,UTA,-7.016949152542373,0.08695652173913043,0.22840806822630874,7,0.480138868984569
1.798950507649982,1.2992914357086927,-0.8252203464752769,0.692811092108509,-0.09327874924500391,-2.014500344561267,-0.32903911962905463,2025,75%,WAS,-12.89655172413793,0.3333333333333333,0.07557349650808302,7,0.4575434100601487
,,-1.1479083777524648,,,-0.9777749388637488,-0.7991382963759415,2026,preseason,ATL,,0.5609756097560976,-0.9749405376640518,3,
,,-0.07238134268185584,,,0.25980119812940206,-0.001743089530732481,2026,preseason,BKN,,0.24390243902439024,0.06189225530560458,3,
,,1.8892950768262888,,,1.485934936820651,1.3350999930764462,2026,preseason,BOS,,0.6829268292682927,1.5701100022411287,3,
,,-0.593784881209599,,,-3.2228214622949705,0.219642171598722,2026,preseason,CHA,,0.5365853658536586,-1.1989880573019491,3,
,,0.41396213645437435,,,-0.5093571414825325,1.037938505328936,2026,preseason,CHI,,0.3780487804878049,0.3141811667669259,3,
,,-0.235742159187387,,,1.5576736105779334,-1.8014422414454414,2026,preseason,CLE,,0.6341463414634146,-0.15983693001829832,3,
,,0.9501256860970194,,,0.47423189968740553,-1.3079513245308731,2026,preseason,DAL,,0.3170731707317073,0.0388020870845173,3,
,,0.7285213568632152,,,0.003401395565593676,1.871381553724383,2026,preseason,DEN,,0.6585365853658537,0.8677681020510639,3,
,,-0.6420073094578443,,,-1.2949180782728975,-0.6080102779242847,2026,preseason,DET,,0.7317073170731707,-0.8483118885516755,3,
,,1.6086225985477853,,,0.8895527412474811,1.047481087513707,2026,preseason,GSW,,0.45121951219512196,1.1818854757696577,3,
,,-0.5765360314001313,,,-0.2481473035314705,-0.32827115665595574,2026,preseason,HOU,,0.6341463414634146,-0.3843181638625192,3,
,,-0.2099169926031171,,,-0.0026021533237646065,-0.6659230251126691,2026,preseason,IND,,0.23170731707317074,-0.2928140570131836,3,
,,0.7037133703182625,,,0.8767334845724072,-0.12077029133218137,2026,preseason,LAC,,0.5121951219512195,0.4865588545194961,3,
,,2.964786310463617,,,1.7519950345078037,1.363092927748592,2026,preseason,LAL,,0.6463414634146342,2.026624757573338,3,
,,-0.8544161303457386,,,-0.7126770484932476,1.2585231478744126,2026,preseason,MEM,,0.3048780487804878,-0.10285667698819119,3,
,,0.4492126787543175,,,0.33434235995916345,-0.8344128776335491,2026,preseason,MIA,,0.524390243902439,-0.01695261297335608,3,
,,0.37275623795252333,,,0.5136819022937887,-1.039983885563515,2026,preseason,MIL,,0.3902439024390244,-0.05118191510573433,3,
,,-0.10913839877203786,,,0.3646176072189251,-0.7537554227690129,2026,preseason,MIN,,0.5975609756097561,-0.16609207144070853,3,
,,-1.367524541354692,,,-0.06758647653579031,-1.3533349841890778,2026,preseason,NOP,,0.3170731707317073,-0.9294820006931866,3,
,,0.8455664658364128,,,-0.15611510915821888,1.275934387394539,2026,preseason,NYK,,0.6506024096385542,0.6551285813575777,3,
,,0.36205933357062453,,,0.9078994467393616,-0.5482677931447582,2026,preseason,OKC,,0.7804878048780488,0.24056366238840932,3,
,,-1.0529631219271922,,,-0.9649718682737437,1.2912590544992337,2026,preseason,ORL,,0.5487804878048781,-0.24222531190056737,3,
,,,,,-0.01952644447204966,,2026,preseason,PHI,,0.5487804878048781,-0.01952644447204966,1,
,,-0.19841632729718195,,,0.8645364658064831,-0.5275734459188183,2026,preseason,PHX,,0.5487804878048781,0.0461822308634943,3,
,,-1.1600478710424713,,,-0.33081120059217056,-0.0967977436244307,2026,preseason,POR,,0.5121951219512195,-0.5292189384196909,3,
,,-0.4022984097063058,,,0.44863924046709464,0.37157810080167647,2026,preseason,SAC,,0.2682926829268293,0.13930631052082176,3,
,,-0.3291526982716434,,,-0.28044569946252706,-0.30603788880360827,2026,preseason,SAS,,0.7469879518072289,-0.30521209551259293,3,
,,-0.5959945664799202,,,0.0818566427889456,0.6432568774579952,2026,preseason,TOR,,0.5609756097560976,0.043039651255673515,3,
,,-0.8528577535895187,,,-0.7856378995788437,-1.2111045553243993,2026,preseason,UTA,,0.2682926829268293,-0.9498667361642538,3,
,,-0.8875343386054572,,,-1.2415051420464942,0.5893304928605926,2026,preseason,WAS,,0.2073170731707317,-0.5132363292637862,3,
-1.2798625865407,0.5319670928199743,-1.157812046961121,0.47774901069894615,0.5485997574965219,-1.6891738350931043,-1.8034322479311236,2026,25%,ATL,1.0869565217391304,0.559322033898305,-0.6245664079300867,7,0.42347173362876656
2.273515267937843,0.678302445439951,-0.33263474783055225,-1.7673590853307426,-1.6597014105937673,-0.17657099104896146,-0.8542237880120125,2026,25%,BKN,-8.761904761904763,0.2459016393442623,-0.2626674727768917,7,0.5125314647663546
0.5201556567404595,0.009272613690065618,1.864275483607759,-0.46213629793100675,0.575334638466138,0.9827986752182978,1.081239644854732,2026,25%,BOS,4.095238095238095,0.7213114754098361,0.6529914878066351,7,0.5554706157384325
-1.2213467887931178,-0.9032604808690554,-0.5044934943043176,0.7462876703075041,0.0887598048191255,-2.5468313182927798,0.20226721932158517,2026,25%,CHA,-5.181818181818182,0.6333333333333333,-0.5912310554015795,7,0.4147108387591271
-1.345471801501578,-0.01085749852668113,0.39029273699838357,-0.7337975000931535,0.11014770959481669,-0.011212431802351035,0.38986486787118146,2026,25%,CHI,-3.5238095238095237,0.36065573770491804,-0.17300484535134025,7,0.4954601871314863
-0.4824306729735283,-0.4862385257743622,-0.2429207397200972,-0.5651802021994068,0.398884424066672,1.6868019327230612,1.2987915074284537,2026,25%,CLE,3.0869565217391304,0.6610169491525424,0.22967253193582748,7,0.5458424463310707
0.9013925721203536,0.3466700258653765,0.9665489291435679,0.8337188618079652,-0.06095552861072521,0.539605426558088,-0.35122955469434747,2026,25%,DAL,-4.304347826086956,0.3050847457627119,0.45367867602718265,7,0.5247294218792411
-1.751617248163119,-0.3406634441215894,0.7458018876994518,0.8462090320223169,-0.08234343338641846,0.3955880502255459,-0.7296762968225241,2026,25%,DEN,9.047619047619047,0.639344262295082,-0.13095735036376233,7,0.491420180753085
-0.3608767792917821,-0.2922104862292661,-0.6096371796381318,2.010917404510597,-2.0767655537197776,-0.3647605441218211,0.1894812537877894,2026,25%,DET,5.136363636363637,0.7166666666666667,-0.21483598352891317,7,0.4671353832445514
0.011047986719784152,1.6925131841371404,1.605008375621701,-0.1873525532152728,1.0458685435313813,0.9144492644583276,-0.1748553502105511,2026,25%,GSW,0.36363636363636365,0.43333333333333335,0.700954207291787,7,0.5416217345414408
0.441863605511951,0.620896358394896,-0.5745400138579045,-1.7579914576699784,-1.6436604820119967,-0.603165533170097,0.07560156583102676,2026,25%,HOU,11.421052631578947,0.6031746031746031,-0.4915708509960147,7,0.48718873905009025
1.8549122927940749,0.37897794613043123,-0.20517491652435024,-0.8493315745759042,-0.08769040958034074,-0.4354694503502446,-1.2542912168990665,2026,25%,IND,-9.454545454545455,0.25,-0.0854381898579143,7,0.5006590145536871
-0.17806630108270713,0.30911032653930043,0.7108196825836858,1.027316500130414,-0.39246805263396495,1.5050286761382032,-0.8142416187923294,2026,25%,LAC,-5.090909090909091,0.6,0.30964274469751457,7,0.5329192918241484
0.7612013283363331,0.05673928491001671,2.982023812741016,-1.0053484051258792e-17,1.3666871151667739,2.098133507128355,1.2089266048429264,2026,25%,LAL,3.2,0.6129032258064516,1.2105302361607746,7,0.5972264121910776
0.8368470434573295,-1.1269144056965668,-0.8613674948724854,0.836841404361553,-0.06630250480464826,-1.4028071521923546,-0.8520907173619588,2026,25%,MEM,-3.3181818181818183,0.26666666666666666,-0.3765419753013045,7,0.45344604210258316
0.3514537047642686,-2.2044071522421493,0.49293609737424315,0.8462090320223167,-0.08234343338641795,-0.2068257429178707,1.5906936008117403,2026,25%,MIA,5.181818181818182,0.48333333333333334,0.1125308723465901,7,0.503781064222462
-1.6461687396537867,-0.23775932383489717,0.35500362046499667,-1.1053800639701108,-0.5261424574820445,-0.24945378827975748,1.170599771648996,2026,25%,MIL,-1.9565217391304348,0.3728813559322034,-0.31990014015808627,7,0.4901544691190472
-0.22444432880569926,-0.5653097648339336,-0.11646414630469157,-0.6526113936998676,0.2491690906368218,0.07430191018905628,0.31863542229036385,2026,25%,MIN,5.142857142857143,0.5901639344262295,-0.13096045864685002,7,0.5025995474072966
0.8053279954902477,-1.1699161861279914,-1.303565710741204,2.4012352237090826,-2.7451375779601794,0.6082777462872808,0.037078271007003366,2026,25%,NOP,-10.727272727272727,0.38333333333333336,-0.1952428911908229,7,0.4915678588049304
0.0710842685618449,0.23527678165102509,0.8715347007584175,-0.45276867027024337,0.5913755670479072,0.051533876790033496,0.7689639415593125,2026,25%,NYK,7.190476190476191,0.6451612903225806,0.30528578087118535,7,0.5169233404755725
0.2695041800498551,0.1387355057760684,0.4328865229352139,0.17798492555450945,1.0619094721131506,1.078899399091197,0.34642471165912275,2026,25%,OKC,15.318181818181818,0.7166666666666667,0.5009063881684453,7,0.5372769033814915
1.2938732389800174,1.5476399826508698,-1.07219227754882,-0.18735255321527297,1.045868543531381,0.18184298345456223,0.20644776634139247,2026,25%,ORL,4.863636363636363,0.5333333333333333,0.4308753834563043,7,0.5124720664278695
-1.3537267902548613,,,-0.18110746810809722,1.0565624959192275,-0.5083241614720811,,2026,25%,PHI,0.3,0.5483870967741935,-0.24664898097895308,4,
0.28841560883010475,0.37610140761939637,-0.22884694407916334,-0.8305963192543768,-0.05560855241680112,0.4792051686451344,-1.0430676571887134,2026,25%,PHX,3.3636363636363638,0.5333333333333333,-0.14491389826348847,7,0.510469516588166
-0.928219642699256,-2.5584406787460297,-1.0493616732222701,0.7462876703075041,0.0887598048191255,-0.8826550182991939,2.1075159034856457,2026,25%,POR,-2.227272727272727,0.55,-0.35373051919349624,7,0.4638211664504308
-0.41130725603911283,0.7797329614476223,-0.4222679356561453,-1.486330255507833,-1.1784735531406778,-0.5973096793033175,-0.49556659455404384,2026,25%,SAC,-11.818181818181818,0.2833333333333333,-0.5445031875362154,7,0.4778531938671583
-0.726347645005327,0.8914047327672255,-0.3012894543895396,0.7462876703075043,0.08875980481912499,0.2629024520971972,-1.3507340256613949,2026,25%,SAS,5.190476190476191,0.7580645161290323,-0.055573780723601356,7,0.48696134944843184
0.24428894167619003,-1.0562383001773072,-0.5798747878687889,0.2747837447157339,0.8961532101015306,0.25112201788334687,0.8509574278681074,2026,25%,TOR,4.590909090909091,0.5166666666666667,0.12588460774268753,7,0.5072125090467858
0.24113703687948196,1.0078424355191267,-0.9373244941901948,-0.09679881916122451,1.2009308531551541,-0.1076235644335832,-1.554346351759616,2026,25%,UTA,-6.9,0.24193548387096775,-0.03516898628440801,7,0.486442883204747
0.7438658519544379,1.3510331618213443,-0.9173637922186695,-0.6557339362534558,0.24382211444289825,-1.3283078761101095,-0.5657340607216944,2026,25%,WAS,-14.45,0.22580645161290322,-0.16120264815503552,7,0.46556952848023486
0.2782964020071878,0.9095771631525453,-1.1397919096914655,2.1903883543171183,-2.5526507891653525,-0.4166381841308632,-0.6462691533841266,2026,50%,ATL,-0.9534883720930233,0.6666666666666666,-0.19672687384213658,7,0.4644138250897934
-0.2906732953649148,0.1268404463030852,-0.4011658388093542,-0.09720658377146961,-1.4543478828335903,0.05601660605198191,0.19300916495462683,2026,50%,BKN,-5.052631578947368,0.20454545454545456,-0.2667896262099479,7,0.4947517608577201
0.005419164712890987,0.13803380525778255,1.841605485624096,-0.5832395026288183,-0.19106385323310732,0.7469688203302217,-0.13309864867157717,2026,50%,BOS,6.45,0.7380952380952381,0.2606607530559269,7,0.5392911868699546
2.0883514516810324,0.21812198152222412,-0.5001711431275985,-0.19765338700198812,0.5159981036328339,-3.3903775042946864,-0.570215866132958,2026,50%,CHA,-0.07317073170731707,0.7073170731707317,-0.26227805196016296,7,0.4290486842688793
-0.3655098512087558,-0.45357800252283165,0.36935375752971933,-1.0725126409452155,-1.3129354914604021,0.28621089796828003,1.252746933623527,2026,50%,CHI,-3.45,0.2857142857142857,-0.18517491385938264,7,0.5167517231851136
0.18617346294772522,-1.3161921365936373,-0.28011233655430445,-0.5702786247926227,-0.3277624982271898,1.2442529268295768,0.23255589727674114,2026,50%,CLE,2.619047619047619,0.725,-0.11876618701624439,7,0.5346567279485099
0.45230031246611313,1.352511739606917,0.9417145507052195,-1.0465908852728245,1.0910751618837997,0.2489007958412954,0.9996361168367403,2026,50%,DAL,-3.357142857142857,0.25,0.5770782560096086,7,0.5352635702385193
-2.2427725537390417,0.024418655066978604,0.7485188736550494,0.372625237790634,-0.46446114322127224,0.8813357379062458,-0.9233218272152622,2026,50%,DEN,5.341463414634147,0.6341463414634146,-0.22909385996523832,7,0.5025365167859348
-0.2079442777787912,0.061301037489445064,-0.5842009093494956,-0.3693850183315851,-1.1432406218125752,-1.0369119598194554,1.0564146948444726,2026,50%,DET,6.512820512820513,0.7209302325581395,-0.3177095792511407,7,0.4723493940567416
0.6984087706490472,1.0776419151554022,1.6050103554893322,0.0,1.072220176367375,0.8774709816305405,0.024562101858797085,2026,50%,GSW,2.5476190476190474,0.35,0.7650449001643563,7,0.549473428654807
-1.3227670133504092,-0.18070372236389784,-0.5685313526088795,0.696647183695533,-0.28533878081523273,-0.5812214900495745,0.9018802023572202,2026,50%,HOU,6.421052631578948,0.6590909090909091,-0.19143356759074864,7,0.4701857432001697
0.8416680762175467,0.29866149304388534,-0.20163997703039074,-0.09396636431242072,-0.06379270099723779,-0.8855726868119087,-0.8290301966338985,2026,50%,IND,-7.7317073170731705,0.24390243902439024,-0.1333817652177749,7,0.4812403048248008
2.051710902547309,-0.24978310656770447,0.7251292016910686,-0.7711722312536597,0.9260940386150796,1.5020133991979505,-0.26885872656362475,2026,50%,LAC,-1.025,0.5952380952380952,0.5593047825237741,7,0.5703730866737652
0.0513890000194199,0.06770672901237926,2.9744091525239695,0.0,1.3550449591137514,1.8484548450003724,3.372074484192127,2026,50%,LAL,-0.4358974358974359,0.6744186046511628,1.3812970242660028,7,0.5983814910502937
-0.15531674218648928,-2.1387546510641346,-0.8699980276264844,0.18793272862484145,-0.18163636047489504,-1.1368164772545706,1.0574686937071196,2026,50%,MEM,-1.4,0.19047619047619047,-0.46244583375351617,7,0.46545341051861455
-0.34952673101050596,-1.5768965369383046,0.4812032299675037,-1.597428193311153,0.3085932629521576,-0.6978701655944471,-0.5734592048937752,2026,50%,MIA,1.5853658536585367,0.5365853658536586,-0.5721977626897893,7,0.4882767836042971
0.2753227982493738,0.9644557039207555,0.3372891500166823,-0.08424570593527404,-0.4361786649466341,-0.3040451328138893,0.269539717121318,2026,50%,MIL,-3.341463414634146,0.36585365853658536,0.146019695087476,7,0.5013171088286794
0.789195191038387,-0.6734753302172255,-0.08634796324331098,1.8242435554445817,-0.3136212590898705,0.428740896588284,0.25200309917338964,2026,50%,MIN,5.780487804878049,0.5365853658536586,0.31724831281346216,7,0.511117877086713
0.05631407619981455,-1.4532164075968799,-1.3366873964527792,-2.02189694244657,0.6715517341433411,0.2238583072705304,-1.3716132821610656,2026,50%,NOP,-7.255813953488372,0.41025641025641024,-0.74738427300623,7,0.498065298358639
-2.4315255922707535,0.163831654883935,0.9158801880098935,0.6610047696459942,1.0769339227464814,0.1539494855107825,-0.19762081081061786,2026,50%,NYK,3.9047619047619047,0.6829268292682927,0.04892194538795932,7,0.4903392924773461
-0.7193643568736919,-0.32883693344480397,0.5018230159950606,0.012960877836196198,1.0675064299882682,1.296103909728382,-0.6313854831717086,2026,50%,OKC,13.380952380952381,0.725,0.1712582085796718,7,0.5320183045754374
-0.31997303705902513,0.3426228142392647,-1.0693005417570702,0.6901667447774352,0.6338417631104907,-0.27322669877434164,-0.4553871595483238,2026,50%,ORL,1.3658536585365855,0.5365853658536586,-0.06446515928736717,7,0.4786558586306202
0.2327320744700028,,,-0.09396636431242072,0.9449490241315054,-0.3287392029398025,,2026,50%,PHI,1.2307692307692308,0.5348837209302325,0.18874388283732121,4,
0.8247802511024149,-0.19655890487917416,-0.2576600338148808,-0.7679320117946111,-1.015969469576706,0.44326763981728784,0.9221073985886014,2026,50%,PHX,2.5365853658536586,0.5121951219512195,-0.006852161508152567,7,0.5241465137877731
0.7278475814364793,-0.3703664085669732,-1.0399183930294886,-1.1761996636347836,0.7705404081045729,-0.3583290921892638,0.5649122462458563,2026,50%,POR,-2.5714285714285716,0.55,-0.1259304745190858,7,0.49997552978354004
-0.4490442718675334,-0.09054776474384783,-0.41907476193647575,0.7711722312536601,0.23317332088645715,-0.6772531256212883,-0.9065032522502583,2026,50%,SAC,-10.512195121951219,0.2682926829268293,-0.21972537489704091,7,0.46866364538537847
-0.9124829556392475,0.05376546801739043,-0.24559481825195487,1.6298303879016427,-2.1425548541831065,0.2847100334652613,-1.2876703802671579,2026,50%,SAS,4.761904761904762,0.8292682926829268,-0.3742853027081675,7,0.47868752743599463
0.5841861847938099,0.044320891641023104,-0.5839827863530537,-0.7582113534174638,0.6668379877642352,0.407489151781206,-0.46748183898492734,2026,50%,TOR,1.8095238095238095,0.525,-0.015263108967881514,7,0.5152027719755536
-1.1323980524191197,-0.12471106907714866,-0.9534447872085656,0.5929601610059653,0.6385555094895975,-0.04453729383946709,-0.8886338279552406,2026,50%,UTA,-8.048780487804878,0.1951219512195122,-0.27317276571485416,7,0.47564991410741075
0.7552030302297245,3.3098094762635486,-0.9043139843618604,1.6719532408692797,-0.0873614328927696,-0.7982054207845629,-0.9483610921360162,2026,50%,WAS,-11.282051282051283,0.16279069767441862,0.42838911674104907,7,0.4707969934938244
0.6560889267920661,0.5585154372453693,-1.1357548185093782,-2.1429846546490334,0.6954552933819955,-1.7907027967629379,-0.7432301206769827,2026,75%,ATL,-0.5409836065573771,0.7619047619047619,-0.557516104739843,7,0.4616367838793201
-0.7474763403391926,0.3918805635684169,-0.5878211771657905,0.6320600807251362,-0.7160950631554058,0.6950323330747576,-1.7144953743157922,2026,75%,BKN,-8.559322033898304,0.21739130434782608,-0.2924164253725529,7,0.4958984299899518
0.5284328306604694,0.5325229102940877,1.822518687250929,0.9902274598027133,1.3041535883944062,0.7672358197026657,1.6326200725517634,2026,75%,BOS,7.4576271186440675,0.7391304347826086,1.0825301955224336,7,0.5531589000429304
1.265785439396818,-1.4781397322468057,-0.4461968553061574,0.6681777996237157,-0.7895586504844897,-3.0089333113460657,1.313097564422197,2026,75%,CHA,2.8,0.6818181818181818,-0.35368110656296964,7,0.4346398640334401
-2.0787471982202845,0.05039192310062737,0.36464616468559785,1.7938467052961011,1.1519790146413043,0.07036200734507062,-0.8600491455244572,2026,75%,CHI,-4.716666666666667,0.3181818181818182,0.07034706733199421,7,0.4798956677478087
1.2986475220716154,-0.6033074893147098,-0.2899387382835948,2.2272593320790515,-0.7003528658706005,1.4612629802685528,-0.46012314796468956,2026,75%,CLE,4.245901639344262,0.7142857142857143,0.41906394185508933,7,0.5359710341105159
-1.0991646189178528,1.646968189654891,0.8900693613228932,-0.2648632719229138,0.5537755178187624,0.1749645455941034,0.4662432339641339,2026,75%,DAL,-3.610169491525424,0.21739130434782608,0.33828470821628814,7,0.5128833407489998
0.4554204645012821,-0.4022481148858071,0.7320148165364596,-2.2302691419872667,-0.5534256912124329,0.058037399512113855,-0.07393075522051676,2026,75%,DEN,4.6,0.7727272727272727,-0.2877715746794526,7,0.5238982902525177
0.23996044849003675,-0.816784537041375,-0.537456267014,0.43943224659938124,-2.2378408006864325,-0.4800534581716412,1.5110100506829076,2026,75%,DET,7.810344827586207,0.6666666666666666,-0.2688189024487319,7,0.4882525093172256
-0.8667539682230134,0.8450255063116441,1.6442637399191233,-0.632060080725137,-0.1073967681429953,0.6574176613858478,-0.11743826544847209,2026,75%,GSW,2.0,0.2608695652173913,0.20329397501099963,7,0.5302467281432119
-0.3520030767285714,-0.2661785800391939,-0.55992234585194,-0.9962470796191433,-2.253582997971235,0.05666328576760377,0.4643762575299057,2026,75%,HOU,5.586206896551724,0.625,-0.5581277909875108,7,0.49769326938745423
-0.2518717723592955,-0.5282129180676557,-0.1436833812331756,0.5869129321019122,0.7531766834262759,-0.36358569765112514,-0.18916362348963459,2026,75%,IND,-7.983333333333333,0.18181818181818182,-0.019489682467528347,7,0.488571058509342
-0.6814436472850143,1.077010090906833,0.7539657596272734,1.1647964344791795,-1.1988557798893864,1.8374058953985892,-0.9268243451137861,2026,75%,LAC,-0.5689655172413793,0.625,0.2894363440176697,7,0.539275053124754
-0.16007453004278657,1.4266389998188644,2.918999062963803,3.876209901420374e-17,1.3094009874893406,1.7205302224815104,-0.24289986240627467,2026,75%,LAL,-0.41379310344827586,0.7916666666666666,0.9960849829006367,7,0.576490913278413
-0.4770140075200788,-2.2186065255423455,-0.8417733332558024,0.2769025115557741,-0.8840118341933118,-1.0005892018763236,-0.14157428841891634,2026,75%,MEM,-2.3275862068965516,0.125,-0.7552380970358578,7,0.45941432205823984
1.5359070976953297,-0.6754857764371062,0.5136796805881828,-0.23175536293254992,-0.25957134189609743,-0.7011552415723007,0.45682604260040394,2026,75%,MIA,2.7333333333333334,0.5454545454545454,0.09120644257798032,7,0.5068487161521904
0.6473490111870668,0.2363018308968246,0.293059839415612,0.43341262678295067,0.07101480108478095,0.21302999083932975,-0.184944852597526,2026,75%,MIL,-3.5,0.25,0.2441747496584341,7,0.5154523135503095
-0.7139219773435923,-0.7475651322974808,-0.049757728960491174,-0.9811980300780685,1.1624738128311725,0.015461213484423898,0.6837778299480406,2026,75%,MIN,4.483333333333333,0.5454545454545454,-0.0901042874879994,7,0.507405339506175
1.3048819952031814,0.37617859785655017,-1.3384459969985132,-0.34913794935293246,1.157226413736238,0.12246247440399274,-1.9355396036634163,2026,75%,NOP,-5.283333333333333,0.36363636363636365,-0.09462486697355708,7,0.5016593164018777
-0.25950463198766144,-0.7661290661992807,0.9691253845952705,-0.6230306510004913,0.5327859214390238,-0.09958858421267648,2.180704806369355,2026,75%,NYK,5.852459016393443,0.6818181818181818,0.27633759700050564,7,0.5226253958414132
-1.5624512503809584,-0.633118515887019,0.5766642686550106,-0.35515756916936314,1.010299239078069,1.2979683278301668,0.17208227353499853,2026,75%,OKC,11.262295081967213,0.8571428571428571,0.07232668195155778,7,0.5322963349249885
0.609110373533194,0.9267426177759017,-1.104295011484566,-0.9932372697109287,0.38061134768592103,-0.6489170308544472,0.2419452571377303,2026,75%,ORL,0.3793103448275862,0.5833333333333334,-0.0840056737024564,7,0.4905115903158022
-0.42867977126788875,,,3.876209901420374e-17,0.8528772662300328,0.16500812806839632,,2026,75%,PHI,0.7457627118644068,0.5217391304347826,0.14730140575763512,4,
-1.7126612665788803,-0.08948894054625242,-0.30130239025909483,0.4514714862322403,-0.542930893022564,0.5129687903379048,1.685234783505473,2026,75%,PHX,0.7666666666666667,0.5,0.00047022423840378406,7,0.5037474116402925
0.5158424143838438,-1.2985183645664127,-1.0614949134780336,0.9811980300780688,0.24942637031255668,-0.2306592537953185,-0.28683379184025104,2026,75%,POR,-2.3833333333333333,0.5909090909090909,-0.16157707270079236,7,0.48647047854899
-0.5210029068892409,-0.8994378092158871,-0.4269539029461187,-0.6260404609087064,-1.03093900885148,-0.8085099066104792,-1.6444801875297264,2026,75%,SAC,-10.721311475409836,0.38095238095238093,-0.8510520261359484,7,0.46467067337930135
1.8806676352605356,0.9506335413230181,-0.19646569845678918,-0.9751784102616391,-0.8840118341933118,0.04194686376230883,-0.17291918573892123,2026,75%,SAS,6.416666666666667,0.8260869565217391,0.09209613024217164,7,0.522767923782109
0.4239745444228201,0.21609576074264097,-0.5824807842640121,0.5387559735704734,1.1362368173564994,0.412427131001913,-0.41091822489925184,2026,75%,TOR,1.847457627118644,0.5217391304347826,0.2477273168472976,7,0.5116707770766237
1.1696404423753137,-0.1447161406776424,-0.9802184404479017,0.5237069240293989,-0.40125111745933073,0.08306314842249003,-0.5577257250970656,2026,75%,UTA,-7.9491525423728815,0.17391304347826086,-0.043928701264962566,7,0.5014630159622923
-0.6189381818892605,2.333031673469309,-0.8950449816448115,-0.30700061063792333,0.23893157212268734,-1.2305537358284915,-0.14482767230124063,2026,75%,WAS,-10.862068965517242,0.041666666666666664,-0.08920027667281875,7,0.46189957840529183
