recency,narrative,prestige,bandwagon,anchoring,star_power,polarization,season,checkpoint,team,pdiff,ros
,,20.079095507459243,,-0.0,,2.3018675139135083,2018,preseason,ATL,,0.2926829268292683
,,20.024258639830535,,-0.0,,1.7210157082928867,2018,preseason,BKN,,0.34146341463414637
,,21.500974406555844,,-0.0,,2.7892548170653866,2018,preseason,BOS,,0.6707317073170732
,,20.36149533940565,,-0.0,,2.276047056010415,2018,preseason,CHA,,0.43902439024390244
,,21.463939245117658,,-0.0,,2.0259860020033997,2018,preseason,CHI,,0.32926829268292684
,,22.634844006844517,,-0.0,,2.1156262474260075,2018,preseason,CLE,,0.6097560975609756
,,20.564217410033663,,-0.0,,2.1169444894884655,2018,preseason,DAL,,0.2926829268292683
,,19.475547832578755,,-0.0,,1.990281293109787,2018,preseason,DEN,,0.5609756097560976
,,20.259679092034336,,-0.0,,2.2558169028371404,2018,preseason,DET,,0.47560975609756095
,,23.216423171984186,,-0.0,,2.150632588911657,2018,preseason,GSW,,0.7073170731707317
,,20.61836588054505,,-0.0,,1.6889304291169371,2018,preseason,HOU,,0.7926829268292683
,,19.894648539080222,,-0.0,,1.9660896382551034,2018,preseason,IND,,0.5853658536585366
,,20.708753056345696,,-0.0,,2.0005650585786467,2018,preseason,LAC,,0.5121951219512195
,,21.904629128861778,,-0.0,,1.8240559181316687,2018,preseason,LAL,,0.4268292682926829
,,19.75306405039268,,-0.0,,1.801616588961969,2018,preseason,MEM,,0.2682926829268293
,,21.051749019085,,-0.0,,2.0610985973373332,2018,preseason,MIA,,0.5365853658536586
,,20.260558147504625,,-0.0,,2.089963094362712,2018,preseason,MIL,,0.5365853658536586
,,20.093935238335305,,-0.0,,1.7603887441396207,2018,preseason,MIN,,0.573170731707317
,,19.921632908574054,,-0.0,,1.6156871107013515,2018,preseason,NOP,,0.5853658536585366
,,21.194139676512673,,-0.0,,1.9280647572970349,2018,preseason,NYK,,0.35365853658536583
,,21.183941865611406,,-0.0,,1.8234328660929702,2018,preseason,OKC,,0.5853658536585366
,,19.935773947355948,,-0.0,,2.0137446488693693,2018,preseason,ORL,,0.3048780487804878
,,,,-0.0,,,2018,preseason,PHI,,0.6341463414634146
,,19.691660781776903,,-0.0,,2.5035062360766553,2018,preseason,PHX,,0.25609756097560976
,,19.824829838111672,,-0.0,,1.8145902941131546,2018,preseason,POR,,0.5975609756097561
,,20.324134531549443,,-0.0,,1.897131193380432,2018,preseason,SAC,,0.32926829268292684
,,21.125602053753937,,-0.0,,2.0078080978027866,2018,preseason,SAS,,0.573170731707317
,,20.761206228201168,,-0.0,,1.6459049765103402,2018,preseason,TOR,,0.7195121951219512
,,20.191167203678095,,-0.0,,1.81261839155421,2018,preseason,UTA,,0.5853658536585366
,,19.96330475296267,,-0.0,,2.403060653517748,2018,preseason,WAS,,0.524390243902439
1.9000000000000004,0.4344336676927897,20.086216244087055,0.1724137931034483,-0.1724137931034483,,1.9846891973336804,2018,25%,ATL,-6.0,0.3225806451612903
1.2952380952380953,-0.3364633070828502,20.051090951538193,-0.015517241379310376,-0.015517241379310376,,1.981433013649176,2018,25%,BKN,-3.0952380952380953,0.32786885245901637
-2.7,0.4954306897056413,21.537798687756407,0.0494252873563219,-0.0494252873563219,,1.9738830297379375,2018,25%,BOS,7.0,0.6166666666666667
-0.34999999999999987,-0.16292014635100927,20.360847751635283,-0.053448275862068906,-0.053448275862068906,,1.8443468446510114,2018,25%,CHA,-1.35,0.45161290322580644
-5.342105263157896,0.02750795817583629,21.448090735522385,-0.0683908045977012,-0.0683908045977012,,2.098346617849212,2018,25%,CHI,-12.157894736842104,0.38095238095238093
6.8619047619047615,-0.2358331488211498,22.622943264476504,-0.03275862068965529,-0.03275862068965529,,2.3130168431265474,2018,25%,CLE,2.238095238095238,0.5901639344262295
3.1727272727272724,0.09369917928582383,20.572321540026742,0.08563218390804583,-0.08563218390804583,,1.7889014128217051,2018,25%,DAL,-5.2727272727272725,0.31666666666666665
0.15,-0.1966540038861465,19.489477719535667,-0.11781609195402301,-0.11781609195402301,,1.9007880685052858,2018,25%,DEN,-0.15,0.5645161290322581
-0.19999999999999973,0.3004779438231716,20.29235050084921,0.2718390804597701,-0.2718390804597701,,1.8579732600560717,2018,25%,DET,3.4,0.4032258064516129
-1.2818181818181813,0.4373465991782288,23.188060122826528,-0.017241379310344862,-0.017241379310344862,,2.1717521173684093,2018,25%,GSW,10.181818181818182,0.7
4.59047619047619,0.14144375552798089,20.63257413398896,-0.12011494252873567,-0.12011494252873567,,2.0057466708380467,2018,25%,HOU,10.80952380952381,0.7868852459016393
1.6545454545454548,-0.09298682042420847,19.8926499514093,-0.15517241379310348,-0.15517241379310348,,1.8615310348432388,2018,25%,IND,0.5454545454545454,0.6
-5.284210526315789,-0.20099299252407088,20.708574972711485,0.03735632183908044,-0.03735632183908044,,2.0520263946276405,2018,25%,LAC,-0.3157894736842105,0.5396825396825397
-0.40476190476190466,-0.9934170818726377,21.9154880681905,0.03390804597701158,-0.03390804597701158,,2.0854169153317215,2018,25%,LAL,-2.0952380952380953,0.4426229508196721
-6.1499999999999995,-0.7658528141695776,19.756515406720183,0.033333333333333326,-0.033333333333333326,,2.3066493869799176,2018,25%,MEM,-2.45,0.24193548387096775
-1.5952380952380953,-0.08949460986718505,21.027507784173647,-0.033333333333333215,-0.033333333333333215,,1.923143078449751,2018,25%,MIA,-2.9047619047619047,0.5573770491803278
1.2842105263157895,0.15304361789721221,20.299937212169326,0.3057471264367817,-0.3057471264367817,,1.96868799878611,2018,25%,MIL,-1.6842105263157894,0.5396825396825397
4.254545454545454,0.24865448213421576,20.114977504287026,-0.2879310344827586,-0.2879310344827586,,1.738408685334909,2018,25%,MIN,0.5454545454545454,0.5666666666666667
-1.1476190476190478,-0.4706880389543817,19.93150574263138,0.09999999999999998,-0.09999999999999998,,1.6360524079685281,2018,25%,NOP,-0.9523809523809523,0.6065573770491803
1.8380952380952382,0.16566983111589112,21.192712733803134,0.034482758620689724,-0.034482758620689724,,2.336939093006239,2018,25%,NYK,0.7619047619047619,0.29508196721311475
-2.65,-0.011450032335658333,21.178236377610165,-0.271264367816092,-0.271264367816092,,2.000913700455963,2018,25%,OKC,3.05,0.6451612903225806
-9.09090909090909,0.6767082950424842,19.94466738260305,0.06896551724137931,-0.06896551724137931,,1.996845631638548,2018,25%,ORL,-2.909090909090909,0.26666666666666666
1.1999999999999997,,,0.06666666666666671,-0.06666666666666671,,,2018,25%,PHI,1.1,0.6451612903225806
2.1130434782608694,0.01116538127386224,19.73272664494453,0.1522988505747126,-0.1522988505747126,,1.8978040736832484,2018,25%,PHX,-8.91304347826087,0.22033898305084745
-1.3285714285714287,-0.7490007932808834,19.81864721463922,0.0,-0.0,,1.8316311381573969,2018,25%,POR,4.428571428571429,0.5901639344262295
-1.9380952380952365,0.12489960022788427,20.31787308169134,0.03448275862068967,-0.03448275862068967,,2.016396400864928,2018,25%,SAC,-10.761904761904763,0.3442622950819672
2.5190476190476194,-0.1818430566935741,21.105104067947742,-0.016666666666666607,-0.016666666666666607,,1.9209653938395932,2018,25%,SAS,3.380952380952381,0.5409836065573771
2.3,0.10504266520994265,20.739194625584748,0.01781609195402295,-0.01781609195402295,,1.7080579891725571,2018,25%,TOR,7.3,0.7419354838709677
3.961904761904762,-0.07272598440122702,20.190670358111873,-0.06781609195402294,-0.06781609195402294,,2.0030001706158775,2018,25%,UTA,2.238095238095238,0.6229508196721312
0.2142857142857144,0.056505172715812735,19.962502515508753,-0.20689655172413796,-0.20689655172413796,,1.6725902126390482,2018,25%,WAS,3.2857142857142856,0.5245901639344263
3.0095238095238095,-0.7818879140255198,20.09259716641845,-0.1890804597701149,-0.016666666666666607,,2.0829952622786325,2018,50%,ATL,-4.309523809523809,0.325
-0.5666666666666664,0.30063671390903346,20.07238120019492,-0.0017241379310344307,-0.017241379310344807,,1.7305228855701318,2018,50%,BKN,-2.8333333333333335,0.3
0.4272727272727277,-0.033490050674696625,21.552261385428217,-0.033333333333333326,-0.016091954022988575,,2.172024904226584,2018,50%,BOS,5.2727272727272725,0.5526315789473685
2.225,0.042357113335283414,20.37534924565624,0.0850574712643678,-0.031609195402298895,,1.7470901128691625,2018,50%,CHA,-0.725,0.47619047619047616
2.795238095238095,0.3972667852605005,21.434744984582764,0.06781609195402294,-0.0005747126436782546,,1.994038952570555,2018,50%,CHI,-6.095238095238095,0.3
-8.823809523809523,0.01991810412379247,22.613936028584632,0.0,-0.03275862068965529,,2.39761183150576,2018,50%,CLE,1.0238095238095237,0.6
4.26046511627907,-0.43857691632291107,20.579874772934794,-0.01724137931034475,-0.06839080459770108,,2.053597371269786,2018,50%,DAL,-1.8604651162790697,0.23076923076923078
2.619047619047619,-0.08222217320973946,19.500351005835117,-0.051724137931034475,-0.1695402298850575,,1.9280304586826134,2018,50%,DEN,1.380952380952381,0.6
-0.275,-0.33097090191911605,20.311823485275255,-0.13620689655172413,-0.135632183908046,,2.110945345525133,2018,50%,DET,0.875,0.40476190476190477
-2.4558139534883727,0.37111631674780965,23.16634093238425,0.0,-0.017241379310344862,,2.252121175260236,2018,50%,GSW,9.255813953488373,0.6153846153846154
-6.224390243902438,-0.21022666633873782,20.649410263427264,0.1040229885057471,-0.016091954022988575,,1.9600235620431952,2018,50%,HOU,8.024390243902438,0.8536585365853658
-3.3476190476190473,-0.08702182989989315,19.89239224234703,-0.10344827586206895,-0.25862068965517243,,2.0125672700701016,2018,50%,IND,0.5476190476190477,0.65
5.5,-0.6854433438817742,20.70257776316693,-0.018965517241379404,-0.018390804597701038,,2.188337083051458,2018,50%,LAC,0.0,0.5365853658536586
-3.397560975609756,0.10083044175716455,21.93435661371393,0.033333333333333215,-0.0672413793103448,,2.2834574443633042,2018,50%,LAL,-3.902439024390244,0.5121951219512195
3.239024390243902,-1.1272571361360755,19.769007003886124,0.08735632183908046,-0.12068965517241378,,1.9753756240187685,2018,50%,MEM,-3.4390243902439024,0.21951219512195122
2.824390243902439,-0.19895408653874802,21.01176341064899,-0.10517241379310349,-0.1385057471264367,,2.2871199862407727,2018,50%,MIA,-1.024390243902439,0.4878048780487805
-0.9170731707317074,0.42371586895625857,20.30928662859834,-0.16896551724137931,-0.1367816091954024,,2.1599790351904082,2018,50%,MIL,-0.6829268292682927,0.5365853658536586
5.781818181818181,-0.45692411470220035,20.124930167868143,0.1040229885057471,-0.1839080459770115,,2.2214445619740224,2018,50%,MIN,3.8181818181818183,0.5
3.2975609756097564,0.13381989279678352,19.93145984063039,-0.09999999999999998,-0.0,,1.802801296863007,2018,50%,NOP,-0.0975609756097561,0.6585365853658537
-5.2,-0.2416415569452407,21.189374632491642,-0.03390804597701147,-0.0005747126436782546,,2.359808436744026,2018,50%,NYK,-1.0,0.25
0.8904761904761909,0.25335409745510307,21.16784257855466,0.06896551724137934,-0.20229885057471264,,2.0355978663057246,2018,50%,OKC,2.8095238095238093,0.65
-3.23953488372093,0.5995888683305272,19.94205339957118,-0.01839080459770115,-0.05057471264367816,,1.7965813459827096,2018,50%,ORL,-5.8604651162790695,0.3333333333333333
2.1923076923076925,,,-0.04999999999999999,-0.01666666666666672,,,2018,50%,PHI,0.3076923076923077,0.7674418604651163
1.974418604651163,0.06015280220918984,19.732614090540004,-0.29137931034482756,-0.13908045977011496,,1.9517553337921336,2018,50%,PHX,-6.674418604651163,0.1282051282051282
-1.2285714285714286,-0.5429724306956407,19.825383036421755,0.17356321839080463,-0.17356321839080463,,1.8168017006428954,2018,50%,POR,0.9285714285714286,0.675
-0.2146341463414636,-0.41953313842032325,20.313015344901984,-0.05057471264367813,-0.016091954022988464,,2.173944324434621,2018,50%,SAC,-8.585365853658537,0.34146341463414637
0.09302325581395365,0.4500925370425387,21.08965594314163,0.0011494252873562871,-0.01551724137931032,,2.1875956286899463,2018,50%,SAS,2.9069767441860463,0.48717948717948717
-1.0249999999999995,-0.4663691228673923,20.7452862348802,0.2867816091954023,-0.30459770114942525,,2.064938481692522,2018,50%,TOR,8.325,0.7142857142857143
-6.647619047619047,0.2912620869183853,20.19612550457819,0.18620689655172412,-0.11839080459770118,,2.0033910691839245,2018,50%,UTA,-0.9523809523809523,0.775
3.5190476190476194,0.9493082112534935,19.971774456138974,0.1718390804597701,-0.03505747126436787,,1.6582247452167107,2018,50%,WAS,2.380952380952381,0.475
0.25,-0.09320988133150537,20.07649455441645,-0.11896551724137933,-0.13563218390804593,,1.873081824566833,2018,75%,ATL,-4.45,0.2727272727272727
-4.366666666666667,-0.19360705078277834,20.075463803177243,-0.04885057471264376,-0.06609195402298856,,1.7646137674447027,2018,75%,BKN,-4.433333333333334,0.4090909090909091
-2.837704918032787,0.07797146427580604,21.568880214307356,-0.03390804597701147,-0.017816091954022895,,1.9157709222183206,2018,75%,BOS,3.737704918032787,0.6190476190476191
0.4833333333333333,0.04170288755228582,20.36765563020483,-0.16954022988505751,-0.13793103448275862,,1.9176782730641344,2018,75%,CHA,0.21666666666666667,0.4090909090909091
-3.483050847457627,0.3217062619752945,21.420063946281736,-0.06896551724137923,-0.06954022988505748,,1.9926451632733695,2018,75%,CHI,-6.016949152542373,0.30434782608695654
-0.1864406779661017,-0.19695359265206092,22.624945741170723,0.050000000000000044,-0.01724137931034475,,2.1486854957097767,2018,75%,CLE,0.1864406779661017,0.6521739130434783
-4.116666666666667,-1.4851399058310941,20.58893331784143,-0.033333333333333326,-0.03505747126436776,,1.8780780941504154,2018,75%,DAL,-2.783333333333333,0.2727272727272727
1.6333333333333333,0.08788922748385256,19.503604047974996,0.06781609195402297,-0.10172413793103452,,1.7555256136751811,2018,75%,DEN,0.9666666666666667,0.5909090909090909
-1.223728813559322,-0.11255162613474617,20.34450974384694,0.3919540229885058,-0.5275862068965518,,1.993992828476573,2018,75%,DET,-0.576271186440678,0.4782608695652174
-1.2833333333333323,0.168418279676257,23.143114748247562,-0.01666666666666672,-0.03390804597701158,,2.0256309986797394,2018,75%,GSW,8.483333333333333,0.5454545454545454
5.586440677966102,-0.05426285649950571,20.660288537733155,-0.1879310344827586,-0.20402298850574718,,1.9282983454910307,2018,75%,HOU,8.813559322033898,0.8260869565217391
3.222033898305085,-0.002881403605646954,19.88455808167184,-0.01781609195402299,-0.27643678160919544,,1.98617668986028,2018,75%,IND,1.6779661016949152,0.6086956521739131
3.0517241379310347,-0.17613836462225513,20.72628611513777,0.25459770114942537,-0.2729885057471264,,1.868605968556104,2018,75%,LAC,0.9482758620689655,0.4583333333333333
4.2898305084745765,0.29289639348651797,21.94694904579719,-0.016666666666666607,-0.05057471264367819,,1.7896531767914023,2018,75%,LAL,-2.389830508474576,0.43478260869565216
-6.968965517241379,-1.2825030686392132,19.76898352731188,-0.08563218390804597,-0.03505747126436781,,2.2363651414287338,2018,75%,MEM,-4.431034482758621,0.16666666666666666
0.8500000000000001,-0.33810293082350446,21.006594479212907,0.29022988505747127,-0.15172413793103456,,2.0197561524049052,2018,75%,MIA,-0.45,0.5909090909090909
0.8169491525423729,0.14857841106960126,20.320235377541856,-0.11954022988505753,-0.017241379310344862,,2.352731051255606,2018,75%,MIL,-0.01694915254237288,0.4782608695652174
-1.1412698412698414,-0.1853489324436174,20.134076442595386,-0.06896551724137923,-0.2528735632183907,,1.9617613402406837,2018,75%,MIN,2.8412698412698414,0.5263157894736842
-0.2033898305084746,-0.3589835404299621,19.951416348882248,0.18620689655172412,-0.18620689655172412,,1.668896069187358,2018,75%,NOP,0.2033898305084746,0.6521739130434783
-8.10655737704918,0.05625485625288294,21.172993197796156,-0.20402298850574718,-0.20344827586206893,,2.0227265503936187,2018,75%,NYK,-2.3934426229508197,0.23809523809523808
-6.61967213114754,0.31482725524330957,21.155093742635305,-0.08333333333333337,-0.285632183908046,,1.6554641166940631,2018,75%,OKC,2.819672131147541,0.6666666666666666
3.9728813559322034,0.578198411991629,19.94373940828883,0.12011494252873561,-0.17068965517241377,,2.0000665169565073,2018,75%,ORL,-4.372881355932203,0.30434782608695654
3.972413793103448,,,0.0,-0.01666666666666672,,,2018,75%,PHI,1.8275862068965518,0.8333333333333334
-8.031147540983605,-0.07525439230508091,19.741906231639277,0.18908045977011495,-0.04999999999999999,,1.7927275966957068,2018,75%,PHX,-8.868852459016393,0.14285714285714285
-1.1666666666666667,-0.5811896399840705,19.814644293702777,-0.20689655172413796,-0.033333333333333326,,1.6778506287755863,2018,75%,POR,1.3666666666666667,0.6818181818181818
3.898305084745763,0.47107871029195436,20.30613274588076,0.05114942528735633,-0.03505747126436787,,1.9713437260250255,2018,75%,SAC,-7.898305084745763,0.391304347826087
-0.09672131147540997,-0.9279684496534979,21.075653261832244,-0.03390804597701147,-0.04942528735632179,,1.7273773763422977,2018,75%,SAS,3.19672131147541,0.5238095238095238
4.806896551724138,0.028769434347946737,20.73399834390037,-0.22298850574712648,-0.08160919540229877,,1.8023615239342226,2018,75%,TOR,8.293103448275861,0.75
8.45,0.366465609434683,20.21157030262377,0.06609195402298851,-0.1844827586206897,,1.8195264433978897,2018,75%,UTA,1.55,0.7727272727272727
1.2166666666666668,0.24653874993730324,19.98571886760165,0.07068965517241388,-0.03563218390804601,,1.7245042901812546,2018,75%,WAS,1.8833333333333333,0.36363636363636365
,,20.05281600720725,,-0.0,,2.3469229491222814,2019,preseason,ATL,,0.35365853658536583
,,19.98985191400176,,-0.0,4.700480365792417,1.8179239553053654,2019,preseason,BKN,,0.5121951219512195
,,21.68424415858986,,-0.0,7.3987862754199485,2.0736587184153192,2019,preseason,BOS,,0.5975609756097561
,,20.305351969532225,,-0.0,,1.8759642135206267,2019,preseason,CHA,,0.47560975609756095
,,21.330126963497626,,-0.0,5.318119993844216,2.0380074081843684,2019,preseason,CHI,,0.2682926829268293
,,22.706591332758745,,-0.0,9.029657471850737,1.9815975085131634,2019,preseason,CLE,,0.23170731707317074
,,20.464657288203796,,-0.0,,1.957494271812561,2019,preseason,DAL,,0.4024390243902439
,,19.48943553644402,,-0.0,5.916202062607435,1.54312884571815,2019,preseason,DEN,,0.6585365853658537
,,20.29263329320554,,-0.0,5.598421958998375,1.8536668943945103,2019,preseason,DET,,0.5
,,23.212559165864516,,-0.0,8.01862546504575,1.8156535646701717,2019,preseason,GSW,,0.6951219512195121
,,20.80773357133451,,-0.0,7.086737934510577,1.971796895262904,2019,preseason,HOU,,0.6463414634146342
,,19.880813806841687,,-0.0,7.132497551660044,1.8120932292733685,2019,preseason,IND,,0.5853658536585366
,,20.54630674008473,,-0.0,5.5134287461649825,1.5486890628147274,2019,preseason,LAC,,0.5853658536585366
,,22.017266337947426,,-0.0,7.354362330421477,2.36270446816415,2019,preseason,LAL,,0.45121951219512196
,,19.683599997269425,,-0.0,4.9344739331306915,1.8197764507773935,2019,preseason,MEM,,0.4024390243902439
,,20.97313571808462,,-0.0,7.149916836132109,1.2717461551414424,2019,preseason,MIA,,0.47560975609756095
,,20.290379570118205,,-0.0,5.707110264748875,1.6480133050785557,2019,preseason,MIL,,0.7317073170731707
,,20.094194949417776,,-0.0,7.803435056952168,1.548113670706806,2019,preseason,MIN,,0.43902439024390244
,,19.979254532352098,,-0.0,6.939253946041508,1.7418458432017327,2019,preseason,NOP,,0.4024390243902439
,,21.043986053986522,,-0.0,5.720311776607412,1.8859005613279927,2019,preseason,NYK,,0.2073170731707317
,,21.09613273480617,,-0.0,7.136483208590247,1.691434144858854,2019,preseason,OKC,,0.5975609756097561
,,19.86172863020908,,-0.0,5.231108616854587,2.2408656164225995,2019,preseason,ORL,,0.5121951219512195
,,,,-0.0,7.611347717403621,,2019,preseason,PHI,,0.6219512195121951
,,19.740490942856304,,-0.0,,1.5341676210387178,2019,preseason,PHX,,0.23170731707317074
,,19.737281725432055,,-0.0,6.222576268071369,2.0276057200269424,2019,preseason,POR,,0.6463414634146342
,,20.335362413591284,,-0.0,,1.6579492971878744,2019,preseason,SAC,,0.47560975609756095
,,21.00908254147786,,-0.0,7.244941546337007,1.4149993484743133,2019,preseason,SAS,,0.5853658536585366
,,20.84625895544353,,-0.0,7.336936913707618,1.4296398839743458,2019,preseason,TOR,,0.7073170731707317
,,20.2597486150838,,-0.0,7.1569563646156364,1.8633247959228862,2019,preseason,UTA,,0.6097560975609756
,,19.936631312620158,,-0.0,3.1780538303479458,1.6894050227187336,2019,preseason,WAS,,0.3902439024390244
-0.9454545454545453,-0.4124887145484031,20.054156811435796,0.10689655172413787,-0.10689655172413787,0.6931471805599453,2.0110023808942774,2019,25%,ATL,-10.454545454545455,0.4
-3.127272727272728,-0.3824096487752664,19.989807550741602,-0.0683908045977012,-0.0683908045977012,6.208590026096629,2.0808847503828916,2019,25%,BKN,-1.7727272727272727,0.5666666666666667
-0.5095238095238095,0.15251588865160853,21.699028328731053,-0.05114942528735633,-0.05114942528735633,8.08886878916199,1.9154055772900345,2019,25%,BOS,2.8095238095238093,0.6229508196721312
-3.304761904761905,1.3336943919346913,20.373739511234696,0.2574712643678161,-0.2574712643678161,,1.9177442794076744,2019,25%,CHA,4.904761904761905,0.45901639344262296
-2.036363636363637,1.0655267716251982,21.34949524026888,0.08850574712643677,-0.08850574712643677,5.986452005284438,2.1161031953243388,2019,25%,CHI,-8.863636363636363,0.2833333333333333
3.85,0.0872834959325618,22.71212471189607,-0.03390804597701158,-0.03390804597701158,8.760296220470051,1.9249201719823412,2019,25%,CLE,-6.95,0.24193548387096775
7.673684210526315,0.08208815128500879,20.444186100774637,-0.39137931034482754,-0.39137931034482754,,1.996508029018965,2019,25%,DAL,2.526315789473684,0.36507936507936506
-0.40000000000000036,-0.15467330679001656,19.50337609677588,0.08390804597701151,-0.08390804597701151,7.463363045520021,1.7725534975848587,2019,25%,DEN,8.0,0.6557377049180327
2.9888888888888885,-0.09841364175638179,20.259389775503827,0.03390804597701147,-0.03390804597701147,6.648984550024776,1.8654142457086547,2019,25%,DET,1.1111111111111112,0.46875
-6.418181818181818,-0.12816101406524993,23.205094121116595,-0.017816091954023006,-0.017816091954023006,9.012377119192271,2.16853355420442,2019,25%,GSW,5.318181818181818,0.7
4.05,0.31192089465839845,20.807539580779306,-0.10344827586206895,-0.10344827586206895,7.9391588179567965,1.862886387727001,2019,25%,HOU,-2.05,0.7096774193548387
-0.08571428571428541,-0.11552114653640744,19.863285338960075,-0.051724137931034475,-0.051724137931034475,7.924072324923417,1.8238654494961135,2019,25%,IND,4.285714285714286,0.5737704918032787
-1.4500000000000002,-0.2705747421635999,20.5283721573631,0.13678160919540228,-0.13678160919540228,6.9167150203536085,1.7345359674787586,2019,25%,LAC,4.95,0.5483870967741935
0.8999999999999999,0.32498663693413515,22.043552637598857,-0.05114942528735633,-0.05114942528735633,8.336869637284956,1.9970694819848676,2019,25%,LAL,-0.2,0.41935483870967744
-0.050000000000000044,-0.7540578909310726,19.663022150978342,-0.0005747126436781713,-0.0005747126436781713,5.973809611869261,2.0621598588007144,2019,25%,MEM,1.55,0.3387096774193548
-3.3000000000000003,0.2857510311416648,20.95626942791248,-0.12011494252873556,-0.12011494252873556,8.232440158470336,1.8585224557061728,2019,25%,MIA,-1.9,0.5161290322580645
-3.2666666666666657,-0.13540615988045168,20.296640835855982,0.2954022988505746,-0.2954022988505746,7.067319848653476,2.2152714594888026,2019,25%,MIL,10.666666666666666,0.7377049180327869
7.818181818181818,-0.06885678223250447,20.074129505822246,-0.1028735632183908,-0.1028735632183908,8.14902386805177,2.27556115593684,2019,25%,MIN,-0.3181818181818182,0.4166666666666667
1.0545454545454547,-0.07349013111114289,19.961458541226424,0.23505747126436782,-0.23505747126436782,8.150467911624004,1.5248529052596103,2019,25%,NOP,1.5454545454545454,0.36666666666666664
-2.986956521739131,0.049927852359295755,21.02751509052333,-0.03275862068965518,-0.03275862068965518,5.1647859739235145,1.9455321983786522,2019,25%,NYK,-5.913043478260869,0.1694915254237288
3.4000000000000004,-0.1987006611206733,21.087530603606133,-0.14770114942528734,-0.14770114942528734,8.16961956172385,1.7694081981416259,2019,25%,OKC,6.0,0.5806451612903226
4.845454545454546,0.8037208144788319,19.865466362320753,0.22298850574712645,-0.22298850574712645,6.51471269087253,2.038830097268902,2019,25%,ORL,-3.0454545454545454,0.5333333333333333
2.1695652173913045,,,0.15000000000000002,-0.15000000000000002,8.9001399880938,,2019,25%,PHI,1.1304347826086956,0.6101694915254238
2.9523809523809526,0.04793604936354645,19.7519557493818,-0.15977011494252874,-0.15977011494252874,,1.7099995947213111,2019,25%,PHX,-9.952380952380953,0.2459016393442623
-8.647619047619047,-0.16020241072487584,19.787006181401686,-0.11896551724137933,-0.11896551724137933,7.537430036586509,1.993346721259941,2019,25%,POR,2.0476190476190474,0.6557377049180327
-1.9500000000000002,0.25446583278791324,20.304044632380194,-0.08908045977011492,-0.08908045977011492,,1.6783979800785727,2019,25%,SAC,-2.55,0.46774193548387094
-4.314285714285714,-0.11397633273687069,20.998478688146804,-0.32471264367816083,-0.32471264367816083,7.275172319452771,1.640447242886644,2019,25%,SAS,-2.2857142857142856,0.6229508196721312
-0.5090909090909079,-0.06739002227720392,20.862513390010214,-0.03505747126436776,-0.03505747126436776,8.027802848370312,1.6465436017225723,2019,25%,TOR,8.909090909090908,0.6666666666666666
-5.327272727272726,0.06325115872089626,20.27002441010118,0.15459770114942528,-0.15459770114942528,8.343077871169383,1.8700244548953715,2019,25%,UTA,-2.772727272727273,0.6666666666666666
5.280952380952382,0.586323165427624,19.917061978771102,0.13505747126436782,-0.13505747126436782,4.532599493153256,1.7590157687216024,2019,25%,WAS,-5.380952380952381,0.39344262295081966
3.1380952380952376,0.5112086419674569,20.06629123045924,-0.2919540229885057,-0.18505747126436783,,1.7080488838750738,2019,50%,ATL,-8.238095238095237,0.4
-0.00454545454545463,-0.12833607245789547,19.9850017503488,0.0482758620689655,-0.02011494252873569,6.289715570908998,1.8717854163616567,2019,50%,BKN,-0.7954545454545454,0.5526315789473685
0.9390243902439028,0.0665532614655141,21.70694389736694,0.0683908045977012,-0.017241379310344862,8.054840221101024,1.8199312487159354,2019,50%,BOS,6.560975609756097,0.5853658536585366
-7.924390243902439,0.5347564673016804,20.377465554089802,-0.4316091954022989,-0.17413793103448283,,1.8923911083447529,2019,50%,CHA,0.024390243902439025,0.4878048780487805
1.2666666666666657,0.20130634546565812,21.347471773427195,-0.1396551724137931,-0.05114942528735633,6.129050210060545,2.080544682670748,2019,50%,CHI,-10.166666666666666,0.3
-8.32325581395349,0.15413696908332097,22.71338975982542,-0.11896551724137927,-0.15287356321839085,8.903271585724212,2.3294621848347448,2019,50%,CLE,-10.976744186046512,0.28205128205128205
-0.7,0.28354951603620104,20.437272017853466,0.10057471264367812,-0.2908045977011494,,1.9213161163911272,2019,50%,DAL,0.5,0.325
-3.825,0.020245925625978822,19.52566955473992,-0.0034482758620689724,-0.08045977011494254,7.5766097669730375,1.732457796591306,2019,50%,DEN,5.325,0.6190476190476191
-5.749999999999999,-0.10628580555893363,20.25682481396109,-0.08620689655172414,-0.052298850574712674,6.48768401848461,1.8435915975165917,2019,50%,DET,-2.95,0.5714285714285714
2.185714285714286,0.5432174553745931,23.18482237703284,0.034482758620689724,-0.01666666666666672,8.724207360800564,2.0713192906991895,2019,50%,GSW,5.714285714285714,0.725
4.624390243902439,0.26518653667104053,20.822991190551857,0.1879310344827586,-0.08448275862068966,8.348064228408266,1.952088357795236,2019,50%,HOU,1.975609756097561,0.7073170731707317
0.7142857142857144,0.10390372998177644,19.852993208016997,0.15517241379310343,-0.10344827586206896,8.100161446936607,1.9519787584164883,2019,50%,IND,5.285714285714286,0.5
2.7073170731707314,0.308581242834819,20.531840428937656,-0.08160919540229883,-0.05517241379310345,6.8885724595653635,1.8815676487823323,2019,50%,LAC,1.2926829268292683,0.5853658536585366
-1.9302325581395348,0.11132900634216991,22.050780521583647,0.034482758620689724,-0.016666666666666607,8.470730317005897,2.2962783309848467,2019,50%,LAL,0.9302325581395349,0.358974358974359
-3.714634146341463,-0.654358849308896,19.67420993011467,0.24195402298850574,-0.24137931034482757,5.298317366548036,1.920469873898225,2019,50%,MEM,-1.5853658536585367,0.34146341463414637
5.35,-0.0503633632159326,20.94330730246069,-0.1885057471264368,-0.30862068965517236,7.7142311448490855,1.968799946966844,2019,50%,MIA,0.95,0.4523809523809524
0.6024390243902431,0.042996930176717296,20.302844977114717,0.13793103448275867,-0.4333333333333333,7.29505641646263,2.157745324446289,2019,50%,MIL,9.097560975609756,0.7560975609756098
4.3,-0.21781213607680305,20.082705613256323,-0.3373563218390805,-0.4402298850574713,7.457609289715606,1.6972535558557442,2019,50%,MIN,0.5,0.4
3.2428571428571424,-0.29858327938337126,19.963869848002453,-0.06551724137931036,-0.16954022988505746,8.209308411646937,1.5716005115552107,2019,50%,NOP,2.357142857142857,0.325
-5.680952380952382,0.12857457099400788,21.01662274133156,0.0672413793103448,-0.03448275862068961,5.209486152841421,2.168147963354953,2019,50%,NYK,-8.619047619047619,0.175
-4.2926829268292686,-0.38800096670967466,21.087511012512454,0.2057471264367816,-0.058045977011494276,8.385944904806284,1.8977866078149401,2019,50%,OKC,5.2926829268292686,0.5853658536585366
-0.5317073170731703,0.50267672853333,19.872279927734457,-0.033333333333333326,-0.18965517241379312,6.066108090103747,1.5019791869221193,2019,50%,ORL,-4.2682926829268295,0.6097560975609756
-0.4232558139534883,,,-0.08333333333333331,-0.06666666666666671,8.446556111816797,,2019,50%,PHI,2.0232558139534884,0.6153846153846154
0.9348837209302321,0.4263949626916771,19.76703338816538,0.18620689655172412,-0.02643678160919538,,1.7160885390226237,2019,50%,PHX,-8.534883720930232,0.23076923076923078
4.7372093023255815,-0.7861144213513916,19.802722486193815,-0.10402298850574715,-0.22298850574712648,7.453561871643373,1.8897557937530018,2019,50%,POR,2.1627906976744184,0.6923076923076923
1.0428571428571427,0.38738988180016526,20.290062116093164,0.15459770114942528,-0.06551724137931036,,2.0606578371635518,2019,50%,SAC,-1.1428571428571428,0.45
3.4069767441860463,0.833343785271021,20.995227014827307,0.393103448275862,-0.0683908045977012,7.575584651557793,1.4879630828900308,2019,50%,SAS,3.0930232558139537,0.5897435897435898
-7.068181818181818,-0.13365579860818783,20.887920098522606,0.0,-0.03505747126436776,8.122371243406553,1.6216741641700276,2019,50%,TOR,5.568181818181818,0.6842105263157895
5.272093023255815,0.2092233305165731,20.277202291738966,-0.25804597701149423,-0.10344827586206895,8.06054004653864,1.8222002553698204,2019,50%,UTA,2.627906976744186,0.717948717948718
3.6488372093023256,0.2466831562771581,19.9372106848516,0.20747126436781604,-0.3425287356321839,5.707110264748875,1.7775425844283077,2019,50%,WAS,-3.3488372093023258,0.358974358974359
2.116666666666667,0.31333657274448745,20.074529716686477,0.2574712643678161,-0.07241379310344825,,2.294999816547481,2019,75%,ATL,-7.216666666666667,0.4090909090909091
-4.2934426229508205,0.1647430310390981,20.0063897039888,0.0005747126436781436,-0.019540229885057547,5.652489180268651,1.9671087284256545,2019,75%,BKN,-0.6065573770491803,0.5238095238095238
-1.416666666666667,-0.0037220047050935193,21.72469014922698,-0.03218390804597704,-0.014942528735632177,8.177234885510194,2.1077857277490604,2019,75%,BOS,6.016666666666667,0.5454545454545454
-4.894915254237288,1.1267353271528022,20.375093071019926,0.1028735632183908,-0.07126436781609202,,2.008046685433903,2019,75%,CHA,-0.3050847457627119,0.4782608695652174
9.883333333333333,0.7947179828630045,21.319907888474233,-0.18678160919540232,-0.23793103448275865,5.278114659230517,2.0072375422384217,2019,75%,CHI,-7.983333333333333,0.2727272727272727
6.883333333333333,-0.5525472354976478,22.698757545228673,-0.11839080459770113,-0.271264367816092,9.069467813094768,2.0535481516492102,2019,75%,CLE,-9.883333333333333,0.22727272727272727
-2.325423728813559,0.6899926302055422,20.46478830001245,0.25459770114942537,-0.036206896551724044,,1.884795564448049,2019,75%,DAL,-0.4745762711864407,0.30434782608695654
-1.5559322033898306,0.23322384460983217,19.540085894840523,0.054022988505747105,-0.13448275862068965,7.387090235656757,1.7989323024698711,2019,75%,DEN,5.3559322033898304,0.5652173913043478
7.7172413793103445,0.06700934153478978,20.210378449560583,0.05287356321839082,-0.0005747126436781436,6.317164686747284,1.6987464029837325,2019,75%,DET,-1.0172413793103448,0.5416666666666666
0.10338983050847528,0.9350212550808793,23.172831604211872,-0.03390804597701158,-0.017241379310344862,8.955706153570603,2.187906394667811,2019,75%,GSW,6.796610169491525,0.6521739130434783
2.3661016949152547,0.10047695312658707,20.836130396149215,-0.18505747126436778,-0.10057471264367812,8.043663352393944,1.9059346090873381,2019,75%,HOU,2.0338983050847457,0.8260869565217391
5.083333333333333,-0.07238007870039109,19.85760531616807,0.06896551724137931,-0.1724137931034483,8.085178748074537,1.6195566822726335,2019,75%,IND,5.416666666666667,0.36363636363636365
-2.698360655737705,-0.06383640699906273,20.520982187369547,0.014942528735632177,-0.07011494252873562,6.755768921984255,1.9034097150519627,2019,75%,LAC,0.09836065573770492,0.7142857142857143
-7.611864406779661,0.45432164309734074,22.077000716653178,0.016666666666666607,-0.0,8.684739462628038,2.088236177041155,2019,75%,LAL,-1.2881355932203389,0.34782608695652173
-0.03770491803278686,-0.5190081186230963,19.691970614598084,0.06494252873563222,-0.3063218390804598,5.765191102784844,2.0323575284715534,2019,75%,MEM,-3.262295081967213,0.47619047619047616
-5.848275862068966,0.4682514361316034,20.917534850796265,0.22183908045977013,-0.08678160919540223,7.992268643270745,2.275340776769151,2019,75%,MIA,-1.0517241379310345,0.5416666666666666
0.03898305084745779,0.6738146421610323,20.34629983339937,-0.05114942528735633,-0.38218390804597696,7.788211557847076,1.9581685461395981,2019,75%,MIL,9.661016949152541,0.6521739130434783
-1.252542372881356,-0.11846351218936801,20.055198970058655,-0.3074712643678161,-0.7477011494252874,7.284134806195205,1.945700887096911,2019,75%,MIN,0.15254237288135594,0.34782608695652173
-4.221311475409836,0.1839537527110756,20.02049457679842,0.4925287356321839,-0.6620689655172414,9.018937706446035,1.6081348664726907,2019,75%,NOP,0.7213114754098361,0.2857142857142857
2.083333333333333,0.4581800822973703,21.028457642454,0.15402298850574714,-0.18850574712643675,7.556427969440253,1.9051786805213582,2019,75%,NYK,-8.383333333333333,0.22727272727272727
0.4661016949152543,0.2543433873271494,21.090930160549064,0.08160919540229883,-0.1396551724137931,8.48879371689454,1.9080110916762494,2019,75%,OKC,5.033898305084746,0.4782608695652174
14.586885245901641,-0.09127839775850549,19.845847575169664,-0.13908045977011496,-0.05057471264367816,6.226536669287466,1.9304818871439098,2019,75%,ORL,-0.7868852459016393,0.6666666666666666
0.28333333333333366,,,0.033333333333333326,-0.10000000000000003,8.471149252914831,,2019,75%,PHI,3.4166666666666665,0.5909090909090909
-2.6868852459016406,0.042781462217195504,19.758470371982344,-0.27356321839080455,-0.2471264367816092,,1.7492895988516695,2019,75%,PHX,-10.21311475409836,0.38095238095238093
5.593220338983051,-1.5201282636894078,19.830175001138347,0.1885057471264368,-0.03448275862068967,7.351799869057777,2.04273093935022,2019,75%,POR,3.406779661016949,0.7391304347826086
3.369491525423729,-0.05377259531940107,20.283220640818953,-0.01609195402298852,-0.049425287356321845,,1.8716054381744387,2019,75%,SAC,-1.1694915254237288,0.34782608695652173
-9.404918032786885,0.021358369051673848,20.95672660416352,-0.460919540229885,-0.3925287356321838,7.164720378771857,1.6411130048448002,2019,75%,SAS,0.7049180327868853,0.7142857142857143
-1.0459016393442617,0.1867512730348725,20.897229589273174,0.001149425287356176,-0.03390804597701158,7.840312983320164,1.708019027465579,2019,75%,TOR,5.245901639344262,0.6666666666666666
0.21016949152542397,-0.28001668659665796,20.271336915862697,-0.03275862068965518,-0.13620689655172413,7.91862865334224,1.9465825064470592,2019,75%,UTA,3.389830508474576,0.7391304347826086
-0.8999999999999995,0.5329325691444179,19.934050519221437,-0.22356321839080454,-0.11896551724137933,5.214935757608986,1.8813899658211923,2019,75%,WAS,-3.2,0.36363636363636365
,,19.95742686484626,,-0.0,6.169610732491456,1.8057040178993236,2020,preseason,ATL,,0.29850746268656714
,,20.393373407296764,,-0.0,6.192362489474872,1.6626771684401325,2020,preseason,BKN,,0.4861111111111111
,,21.814044319225104,,-0.0,7.412160334945205,2.0022373332644174,2020,preseason,BOS,,0.6666666666666666
,,20.264275652176963,,-0.0,,1.5631152236763832,2020,preseason,CHA,,0.35384615384615387
,,21.08718823669445,,-0.0,5.820082930352362,2.0396099652238195,2020,preseason,CHI,,0.3384615384615385
,,22.25259271608146,,-0.0,8.93958096672031,1.6631603808980744,2020,preseason,CLE,,0.2923076923076923
,,20.389772413015287,,-0.0,5.8289456176102075,2.000127130787391,2020,preseason,DAL,,0.5733333333333334
,,19.74245608125085,,-0.0,6.226536669287466,1.9535814121926536,2020,preseason,DEN,,0.6301369863013698
,,20.2006427813888,,-0.0,5.293304824724492,1.9189690802394428,2020,preseason,DET,,0.30303030303030304
,,23.04986541875464,,-0.0,8.167919362957816,1.9864131674248362,2020,preseason,GSW,,0.23076923076923078
,,21.071280244260183,,-0.0,8.049746290952191,2.1450023874557353,2020,preseason,HOU,,0.6111111111111112
,,19.812087472940863,,-0.0,7.334981878871814,1.7695408714535656,2020,preseason,IND,,0.6164383561643836
,,20.711490975911826,,-0.0,6.913737350659685,1.8011038328005207,2020,preseason,LAC,,0.6805555555555556
,,22.25214949095172,,-0.0,9.094929520464856,1.6696358663868234,2020,preseason,LAL,,0.7323943661971831
,,19.708125590179737,,-0.0,2.8903717578961645,2.213195657560448,2020,preseason,MEM,,0.4657534246575342
,,20.616103582007423,,-0.0,6.86171134048073,1.8954083057340094,2020,preseason,MIA,,0.6027397260273972
,,20.722539170903005,,-0.0,6.434546518787453,1.8469500721954335,2020,preseason,MIL,,0.7671232876712328
,,20.002938046506003,,-0.0,6.679599185844383,1.6517386412461519,2020,preseason,MIN,,0.296875
,,20.266946076011344,,-0.0,7.642524134232902,1.9048841664347194,2020,preseason,NOP,,0.4166666666666667
,,20.996717085701697,,-0.0,6.003887067106539,2.0315248869786346,2020,preseason,NYK,,0.3181818181818182
,,20.724327924995414,,-0.0,8.07837810362652,1.6008823776106318,2020,preseason,OKC,,0.6111111111111112
,,19.713283912844606,,-0.0,5.6131281063880705,2.1018342320505132,2020,preseason,ORL,,0.4520547945205479
,,,,-0.0,7.491087593534876,,2020,preseason,PHI,,0.589041095890411
,,19.80839179009498,,-0.0,5.111987788356544,1.7763973579840135,2020,preseason,PHX,,0.4657534246575342
,,19.944943195787488,,-0.0,6.516193076042964,2.1267376150227197,2020,preseason,POR,,0.47297297297297297
,,20.26680669307678,,-0.0,4.787491742782046,2.1587387068220574,2020,preseason,SAC,,0.4305555555555556
,,20.75978082861994,,-0.0,7.155396301896734,1.771671490172146,2020,preseason,SAS,,0.4507042253521127
,,21.70024220506101,,-0.0,7.947678571301568,1.903392669552245,2020,preseason,TOR,,0.7361111111111112
,,20.321822050588953,,-0.0,7.10002716662926,2.0866387031266442,2020,preseason,UTA,,0.6111111111111112
,,19.96835381412727,,-0.0,5.655991810819852,1.970105317847106,2020,preseason,WAS,,0.3472222222222222
0.13333333333333464,0.24671410574715263,19.928020699243785,0.051724137931034475,-0.051724137931034475,6.974478911025045,1.7414070268397408,2020,25%,ATL,-9.833333333333334,0.3870967741935484
-2.7529411764705887,-0.06291042432649774,20.430672644956836,-0.5287356321839081,-0.5287356321839081,7.077498053569231,2.1383382587974333,2020,25%,BKN,-1.6470588235294117,0.5
0.9030303030303024,0.33941155433538844,21.85641178989213,0.10229885057471255,-0.10229885057471255,8.142936010432265,1.7974850839361824,2020,25%,BOS,7.696969696969697,0.5897435897435898
-1.0526315789473681,0.026958229082988727,20.248139879974403,-0.17241379310344823,-0.17241379310344823,,1.717067388021271,2020,25%,CHA,-6.447368421052632,0.2962962962962963
1.1055555555555556,0.6368327214206989,20.993431771742824,-0.01724137931034475,-0.01724137931034475,6.885509670034818,2.113836522648338,2020,25%,CHI,-1.3055555555555556,0.3103448275862069
2.0999999999999996,0.2623044147505768,22.17376012773449,0.13735632183908053,-0.13735632183908053,8.735364401103888,1.81639028680598,2020,25%,CLE,-9.0,0.3
-4.4714285714285715,0.4787535456803362,20.401077733579694,0.10114942528735638,-0.10114942528735638,7.564238475170491,2.1228388251449157,2020,25%,DAL,7.371428571428571,0.525
-2.428571428571429,0.0290559199114096,19.7592251825306,0.23850574712643677,-0.23850574712643677,7.679713639966372,1.9161289210083123,2020,25%,DEN,3.8285714285714287,0.5789473684210527
-7.577777777777778,0.15388119187493937,20.168737617184647,0.15517241379310348,-0.15517241379310348,6.6039438246004725,2.115013705732978,2020,25%,DET,-2.7222222222222223,0.23333333333333334
3.402702702702703,0.8465733110117194,23.041390021618668,-0.017241379310344973,-0.017241379310344973,8.23323750070527,1.9291472660781386,2020,25%,GSW,-7.702702702702703,0.21428571428571427
-1.4142857142857146,-0.5206856302557806,21.131605556157773,-0.2195402298850575,-0.2195402298850575,7.8383433155571165,2.10680271151554,2020,25%,HOU,5.514285714285714,0.5405405405405406
-3.2833333333333337,0.23301791177871906,19.816432844222433,0.10287356321839075,-0.10287356321839075,8.043984431221553,1.7739875177124946,2020,25%,IND,3.0833333333333335,0.6216216216216216
-3.108108108108108,0.23635363872067067,20.80191433865165,0.11896551724137927,-0.11896551724137927,8.060855752934316,2.0410236678611615,2020,25%,LAC,6.108108108108108,0.6857142857142857
-6.314285714285714,0.3538296426509359,22.32685415147762,0.01724137931034475,-0.01724137931034475,9.168163293076997,2.0479658995715906,2020,25%,LAL,7.314285714285714,0.6666666666666666
5.105555555555555,-0.48272193124655316,19.670765593510005,-0.07011494252873565,-0.07011494252873565,3.1354942159291497,1.9234413053299997,2020,25%,MEM,-4.305555555555555,0.5405405405405406
-4.5285714285714285,0.7541624655843833,20.61114184363452,0.15057471264367817,-0.15057471264367817,7.787796878181171,2.1873577534076567,2020,25%,MIA,3.6285714285714286,0.5
-1.9378378378378383,0.2736242415502893,20.759519579272798,0.23390804597701154,-0.23390804597701154,7.660585461703256,2.066931265547364,2020,25%,MIL,12.837837837837839,0.6666666666666666
0.5,-0.08586652459694799,19.98427214317015,0.15632183908045974,-0.15632183908045974,7.651595573857601,1.9497083936241162,2020,25%,MIN,-3.0,0.2
7.666666666666667,-0.4722579513657026,20.300369392588756,-0.1839080459770115,-0.1839080459770115,8.12533508671429,1.7302180292201605,2020,25%,NOP,-4.166666666666667,0.5
8.4,0.22009541615632094,20.97311250461599,0.18793103448275872,-0.18793103448275872,7.197435354096591,1.8171128062606499,2020,25%,NYK,-7.2,0.3548387096774194
3.185714285714286,-1.1132005178846909,20.652702564619844,0.05344827586206896,-0.05344827586206896,8.475746001502063,1.9007609411598987,2020,25%,OKC,1.5142857142857142,0.6486486486486487
-0.3555555555555556,1.3297422812750874,19.680243629162632,-0.01321839080459769,-0.01321839080459769,6.92461239604856,2.3029467252210276,2020,25%,ORL,-0.9444444444444444,0.4594594594594595
-6.556756756756757,,,0.0,-0.0,8.226038429485484,,2020,25%,PHI,3.7567567567567566,0.5555555555555556
-5.1000000000000005,0.12425821025348721,19.805810343440136,0.0022988505747126575,-0.0022988505747126575,5.749392985908253,1.8409402568285176,2020,25%,PHX,-0.8,0.5263157894736842
1.4444444444444444,-0.36244190987355007,19.963042470808702,0.016666666666666663,-0.016666666666666663,7.130098510125578,1.9207376135222567,2020,25%,POR,-1.4444444444444444,0.5263157894736842
-2.6888888888888887,-0.1712320831523697,20.2161463212798,-0.2902298850574712,-0.2902298850574712,5.049856007249537,1.844131626412654,2020,25%,SAC,-3.111111111111111,0.5
4.911764705882353,0.10530429009187503,20.67848557175303,-0.10574712643678155,-0.10574712643678155,7.655864017616056,1.9088967426586771,2020,25%,SAS,-1.911764705882353,0.4864864864864865
-1.0555555555555554,0.3366959931816331,21.772893759994496,0.03390804597701147,-0.03390804597701147,8.716207971151853,1.9916476223135091,2020,25%,TOR,5.555555555555555,0.8055555555555556
5.7285714285714295,0.0028603624930286786,20.31280114026506,-0.0011494252873563426,-0.0011494252873563426,7.886081401775745,2.0790378759947155,2020,25%,UTA,2.5714285714285716,0.5675675675675675
-1.3571428571428568,-0.006624437677150596,19.974937569273322,-0.24080459770114948,-0.24080459770114948,5.883322388488279,2.0216438091185536,2020,25%,WAS,-4.742857142857143,0.3783783783783784
2.9701492537313436,-0.10802556438944477,19.890888906887056,0.051724137931034475,-0.10344827586206895,7.663407664893479,1.9309531169123508,2020,50%,ATL,-7.970149253731344,
-0.259375,-0.36858098706398734,20.471141223743412,0.36091954022988504,-0.16781609195402303,7.171656822768514,1.949043455059409,2020,50%,BKN,-0.640625,0.625
-3.771875,-0.2879483849317652,21.853230016394722,-0.018390804597701038,-0.08390804597701151,8.416930769477844,1.9458675739703433,2020,50%,BOS,6.171875,0.625
1.2538461538461538,-0.21310607661823056,20.25448322342364,0.11781609195402304,-0.05459770114942519,,1.7230585389620803,2020,50%,CHA,-6.753846153846154,
0.0769230769230771,0.07785507937825886,20.888635063082592,-0.0005747126436782546,-0.017816091954023006,6.703188113240863,1.8422199048869918,2020,50%,CHI,-3.076923076923077,
3.992307692307693,-0.35144764265803774,22.058273905460833,-0.017816091954023006,-0.11954022988505753,8.857515151192198,1.9221700664766908,2020,50%,CLE,-7.892307692307693,
0.3552238805970154,-0.2162094855553886,20.357271574721324,-0.2373563218390805,-0.13620689655172413,7.56164174558878,1.772391542986753,2020,50%,DAL,6.044776119402985,0.375
-4.453846153846154,-0.5605987513694151,19.68938655197481,-0.11896551724137927,-0.1195402298850575,7.869783902530146,1.84579190864279,2020,50%,DEN,2.953846153846154,0.375
-5.539393939393939,-0.7921121008998845,20.166442465582335,0.18850574712643675,-0.34367816091954023,6.62273632394984,1.623651297722338,2020,50%,DET,-3.5606060606060606,
-1.4923076923076923,-0.16627028930770582,23.01208373418697,0.034482758620689724,-0.01724137931034475,8.463159302923751,1.7847455181089102,2020,50%,GSW,-8.707692307692307,
0.25,-0.27282184240712326,21.1343926517075,-0.2063218390804597,-0.4258620689655172,7.9561263512135,1.9550307274316285,2020,50%,HOU,3.75,0.5
-1.1384615384615384,-0.42950460532043144,19.786873680696694,-0.2747126436781609,-0.17183908045977014,8.06117135969092,1.779283485313372,2020,50%,IND,1.9384615384615385,0.75
3.484375,0.13373764842280506,20.857697865069383,-0.2057471264367816,-0.08678160919540234,7.933796874815411,1.9522509214253108,2020,50%,LAC,6.515625,0.625
-0.012698412698412653,0.2635745057154532,22.60372006704126,-0.01724137931034475,-0.0,9.217713126305595,2.231566381226143,2020,50%,LAL,7.412698412698413,0.375
2.276923076923077,-0.6441178211253915,19.707976712113442,0.15517241379310345,-0.0850574712643678,1.0986122886681098,1.8380824526460393,2020,50%,MEM,-1.0769230769230769,0.25
0.16923076923076907,0.13674837277953195,20.64019082926337,-0.03505747126436787,-0.1155172413793103,8.058960017769417,1.5909150071233817,2020,50%,MIA,3.230769230769231,0.375
-5.292307692307693,0.03466511011492168,20.77162110357539,-0.015517241379310431,-0.2183908045977011,7.805474625270857,1.6382704348208417,2020,50%,MIL,11.292307692307693,0.375
-3.403125,0.1998119604941404,19.97146516403398,-0.10344827586206895,-0.05287356321839079,7.451241684987676,1.4551233643742818,2020,50%,MIN,-4.296875,
3.528125,-0.025545982837759884,20.23109134061934,0.03275862068965529,-0.1511494252873562,8.049427057110695,1.681718304743139,2020,50%,NOP,-0.828125,0.25
2.954545454545454,-0.3864155502811486,20.88949319063793,0.10229885057471266,-0.2902298850574714,7.326465613840322,1.6917287810796056,2020,50%,NYK,-6.454545454545454,
-0.453125,-0.5299650174068393,20.58940656340109,0.1902298850574713,-0.24367816091954025,8.346642090221199,1.6468944417237963,2020,50%,OKC,2.453125,0.5
2.8692307692307693,0.10824489188671099,19.624411309598447,-0.06954022988505745,-0.08275862068965514,7.48324441607385,1.699340742892726,2020,50%,ORL,-0.9692307692307692,0.375
-1.1153846153846154,,,-0.11666666666666664,-0.11666666666666664,8.287025025165063,,2020,50%,PHI,2.2153846153846155,0.5
-0.9307692307692306,0.108100417849407,19.761374379972516,0.10057471264367815,-0.1028735632183908,6.6240652277998935,1.6086246669723097,2020,50%,PHX,-1.3692307692307693,1.0
1.406060606060606,-0.6904446104317996,19.963845841494912,-0.16954022988505746,-0.1528735632183908,7.214504414151143,1.763187830444921,2020,50%,POR,-1.606060606060606,0.75
5.221875,-0.6540846576561559,20.116812560463586,-0.10229885057471266,-0.3925287356321839,4.584967478670572,1.9025980700369314,2020,50%,SAC,-1.921875,0.375
-1.4380952380952383,-0.32799274027573233,20.61785036931148,0.08333333333333329,-0.022413793103448265,7.651595573857601,1.6281512216740903,2020,50%,SAS,-1.7619047619047619,0.625
-0.953125,-0.570371489069605,21.812880120576022,-0.18735632183908035,-0.15344827586206888,8.388222810119277,1.7554669852291203,2020,50%,TOR,6.453125,0.875
-4.871875,-1.509277105839722,20.465529106299797,0.42701149425287355,-0.4258620689655172,9.756378687497916,1.8870035798001603,2020,50%,UTA,3.171875,0.375
1.046875,0.38329344265189047,19.94316687056177,0.051724137931034475,-0.189080459770115,5.733341276897746,1.7118062566706225,2020,50%,WAS,-4.046875,0.125
2.9701492537313436,0.4391321285975827,19.8123651707199,-0.13620689655172413,-0.03275862068965518,5.82600010738045,1.6169613671809666,2020,75%,ATL,-7.970149253731344,
-0.259375,0.5046782606864693,20.52539230388865,-0.3247126436781609,-0.4925287356321839,5.389071729816501,1.6552549120951947,2020,75%,BKN,-0.640625,0.625
-3.771875,-0.08010164435678131,21.734250200125267,-0.11839080459770113,-0.03448275862068961,6.021023349349527,2.063113968257351,2020,75%,BOS,6.171875,0.625
1.2538461538461538,0.5586526619484731,20.328235342304172,0.10114942528735626,-0.04655172413793107,,1.3357136632288964,2020,75%,CHA,-6.753846153846154,
0.0769230769230771,1.1410363071983647,21.364529198893656,0.3919540229885058,-0.3741379310344828,4.574710978503383,1.8143815079611445,2020,75%,CHI,-3.076923076923077,
3.992307692307693,-0.57605195893044,21.88876049604611,0.06954022988505748,-0.189080459770115,8.999001866111735,1.8553801186850187,2020,75%,CLE,-7.892307692307693,
0.3552238805970154,0.9495281238389919,20.37979647787359,-0.014942528735632177,-0.1511494252873563,5.159055299214529,1.566204940469353,2020,75%,DAL,6.044776119402985,0.375
-4.453846153846154,-0.0900750259143766,19.67193989580266,-0.1195402298850575,-0.0,5.081404364984463,1.6483768778255135,2020,75%,DEN,2.953846153846154,0.375
-5.539393939393939,0.2603336403442469,20.32539811276898,0.09827586206896555,-0.4419540229885058,5.0106352940962555,1.7382666911054285,2020,75%,DET,-3.5606060606060606,
-1.4923076923076923,0.5089720798405326,22.933744958946036,-0.0850574712643678,-0.06781609195402305,7.711996507047669,2.2199163593331255,2020,75%,GSW,-8.707692307692307,
0.25,0.18582930175614665,21.113351492875132,0.18563218390804587,-0.24022988505747134,6.156978985585555,1.6440624249592612,2020,75%,HOU,3.75,0.5
-1.1384615384615384,-0.3893882494312035,19.725237294277804,0.37126436781609196,-0.1994252873563218,5.908082938168931,1.9081322048759148,2020,75%,IND,1.9384615384615385,0.75
3.484375,0.021172739326222347,20.820004500038472,-0.18045977011494252,-0.26724137931034486,6.393590753950631,1.576106760036674,2020,75%,LAC,6.515625,0.625
-0.012698412698412653,-0.4488893344054871,22.704197672351782,-0.01666666666666672,-0.01666666666666672,9.034199674257309,2.5975198463941505,2020,75%,LAL,7.412698412698413,0.375
2.276923076923077,0.28745180570641093,19.633901578840607,-0.03965517241379313,-0.045402298850574674,2.3978952727983707,0.9022813248776936,2020,75%,MEM,-1.0769230769230769,0.25
0.16923076923076907,0.49200447745696196,20.66022313893548,-0.0850574712643678,-0.030459770114942497,6.86484777797086,1.6582179965660593,2020,75%,MIA,3.230769230769231,0.375
-5.292307692307693,-0.3971989170607577,20.73727003182043,-0.25172413793103443,-0.033333333333333326,6.464588303689961,1.8215396793324452,2020,75%,MIL,11.292307692307693,0.375
-3.403125,-1.0357676562964993,19.97168687108116,-0.03505747126436781,-0.017816091954022978,5.541263545158426,1.5430359115817298,2020,75%,MIN,-4.296875,
3.528125,0.5703247257468521,20.227498933837715,-0.456896551724138,-0.6080459770114942,6.561030665896573,1.5338369984502722,2020,75%,NOP,-0.828125,0.25
2.954545454545454,0.4938095717408519,20.94374131593143,-0.014367816091954033,-0.27586206896551735,4.804021044733257,1.7824667959870166,2020,75%,NYK,-6.454545454545454,
-0.453125,0.37836040772389046,20.50750020761891,-0.27471264367816095,-0.031034482758620696,6.532334292222349,1.1992598394618887,2020,75%,OKC,2.453125,0.5
2.8692307692307693,1.0681896763829788,19.642455354675928,0.32068965517241377,-0.23793103448275865,4.605170185988092,1.416768568755203,2020,75%,ORL,-0.9692307692307692,0.375
-1.1153846153846154,,,0.0,-0.11666666666666664,6.343880434126331,,2020,75%,PHI,2.2153846153846155,0.5
-0.9307692307692306,-0.05129831742539656,19.762452412313042,-0.0017241379310344862,-0.10114942528735632,3.6109179126442243,1.5101616510181326,2020,75%,PHX,-1.3692307692307693,1.0
1.406060606060606,0.05518237516327243,19.927937050980503,0.3660919540229885,-0.2132183908045977,6.448889394146858,1.0795278784416729,2020,75%,POR,-1.606060606060606,0.75
5.221875,0.34336741512922475,20.10646190110449,-0.1695402298850575,-0.5620689655172414,1.6094379124341003,1.887164218322632,2020,75%,SAC,-1.921875,0.375
-1.4380952380952383,0.045787887320018,20.461784137495286,0.15459770114942528,-0.13218390804597702,5.82600010738045,1.697690581119532,2020,75%,SAS,-1.7619047619047619,0.625
-0.953125,0.3498638654036376,21.789072051163775,-0.031609195402299006,-0.1850574712643679,6.553933404025811,1.4394274297444938,2020,75%,TOR,6.453125,0.875
-4.871875,0.5583742569848413,20.50875038935404,0.09885057471264369,-0.5247126436781608,7.423568444259167,1.6926931699252543,2020,75%,UTA,3.171875,0.375
1.046875,0.6075490816153213,19.879678426353266,0.19827586206896564,-0.00919540229885063,3.332204510175204,1.5562262215918807,2020,75%,WAS,-4.046875,0.125
,,19.761392341174705,,-0.0,5.720311776607412,1.9578828390909895,2021,preseason,ATL,,0.5694444444444444
,,20.592023656833916,,-0.0,5.739792912179234,1.5369565914097971,2021,preseason,BKN,,0.6666666666666666
,,21.645676862343933,,-0.0,6.814542897259958,1.735418095500906,2021,preseason,BOS,,0.5
,,20.35561632457646,,-0.0,,1.7793407770129237,2021,preseason,CHA,,0.4583333333333333
,,21.422672521797388,,-0.0,5.945420608606575,1.7205927736566486,2021,preseason,CHI,,0.4305555555555556
,,21.47182098170711,,-0.0,8.269500767180615,2.0965722187309095,2021,preseason,CLE,,0.3055555555555556
,,20.418020897048763,,-0.0,5.961005339623274,1.9048314987756332,2021,preseason,DAL,,0.5833333333333334
,,19.900624868029077,,-0.0,6.525029657843462,1.563705141546573,2021,preseason,DEN,,0.6527777777777778
,,20.25917825772797,,-0.0,5.986452005284438,1.6639642305949414,2021,preseason,DET,,0.2777777777777778
,,22.62522084942539,,-0.0,7.857867559331803,1.79589419992292,2021,preseason,GSW,,0.5416666666666666
,,21.11897305188492,,-0.0,7.409136443920128,1.8178587108390376,2021,preseason,HOU,,0.2361111111111111
,,19.702598737768252,,-0.0,6.481577129276431,2.2515155889942218,2021,preseason,IND,,0.4722222222222222
,,20.960920632688534,,-0.0,7.66105638236183,1.4357982891076826,2021,preseason,LAC,,0.6527777777777778
,,22.910801902411855,,-0.0,8.814776088545281,1.775608152454945,2021,preseason,LAL,,0.5833333333333334
,,19.65413094566681,,-0.0,5.209486152841421,1.9046578653056878,2021,preseason,MEM,,0.5277777777777778
,,20.877305019738994,,-0.0,7.1785454837637,1.525218707968136,2021,preseason,MIA,,0.5555555555555556
,,20.93615554891045,,-0.0,7.286191714702382,1.9502008488697387,2021,preseason,MIL,,0.6388888888888888
,,19.7812587217106,,-0.0,6.324358962381311,1.6665604935165084,2021,preseason,MIN,,0.3194444444444444
,,20.340570832958868,,-0.0,7.81035268372429,1.6376091642030464,2021,preseason,NOP,,0.4305555555555556
,,20.82416837694695,,-0.0,5.111987788356544,1.5884424461184847,2021,preseason,NYK,,0.5694444444444444
,,20.402254415494944,,-0.0,7.923348211930154,1.5977243687396123,2021,preseason,OKC,,0.3055555555555556
,,19.762742111985762,,-0.0,5.313205979041787,1.983751237060276,2021,preseason,ORL,,0.2916666666666667
,,,,-0.0,6.977281341630747,,2021,preseason,PHI,,0.6805555555555556
,,19.75558232063443,,-0.0,4.653960350157523,1.3602466403472713,2021,preseason,PHX,,0.7083333333333334
,,20.052695982378232,,-0.0,6.202535517187923,1.6072255880046704,2021,preseason,POR,,0.5833333333333334
,,20.09800827439077,,-0.0,2.70805020110221,1.484737324767027,2021,preseason,SAC,,0.4305555555555556
,,20.397613757972778,,-0.0,5.966146739123692,2.109183398260588,2021,preseason,SAS,,0.4583333333333333
,,21.927883293984884,,-0.0,7.25063551189868,1.7035780667630893,2021,preseason,TOR,,0.375
,,20.543820113489172,,-0.0,6.9985096422506015,1.776836738651557,2021,preseason,UTA,,0.7222222222222222
,,19.9794488354149,,-0.0,5.916202062607435,1.8006210887230973,2021,preseason,WAS,,0.4722222222222222
-1.5333333333333334,-0.23150213271781417,19.780936689396874,0.0022988505747126853,-0.0022988505747126853,7.385851078125209,1.8633840047352634,2021,25%,ATL,2.3333333333333335,0.5925925925925926
-3.4,0.3227039971858749,20.709974715628753,0.27068965517241383,-0.27068965517241383,7.421177528595393,1.771517980027194,2021,25%,BKN,4.0,0.6923076923076923
2.3529411764705883,-0.22135525450472193,21.627677337610237,0.01839080459770115,-0.01839080459770115,8.608312784783722,1.7352874496704216,2021,25%,BOS,2.6470588235294117,0.4727272727272727
1.1,0.34322546116145247,20.360313671587914,-0.1028735632183908,-0.1028735632183908,,1.69413483152621,2021,25%,CHA,-2.0,0.48148148148148145
2.8411764705882354,0.16466200698817507,21.420427634402266,0.08563218390804594,-0.08563218390804594,7.493317248862145,1.5901258523066997,2021,25%,CHI,-2.9411764705882355,0.43636363636363634
-1.344444444444445,-0.5455869429891377,21.41370807015121,0.30459770114942525,-0.30459770114942525,8.801770448914539,1.9122515613847813,2021,25%,CLE,-3.5555555555555554,0.24074074074074073
-3.211111111111111,-0.008209929435220142,20.425322935673876,0.27356321839080455,-0.27356321839080455,7.329093736246592,1.45186588258588,2021,25%,DAL,-0.8888888888888888,0.6296296296296297
4.355555555555556,-0.12270095183380963,19.91433074548297,-0.1879310344827586,-0.1879310344827586,8.189244525735901,1.5339975423669443,2021,25%,DEN,5.444444444444445,0.6666666666666666
2.811111111111111,-0.0950091351991299,20.255690787345582,-0.3402298850574712,-0.3402298850574712,7.744136627627991,1.9045832364113842,2021,25%,DET,-4.111111111111111,0.2962962962962963
2.9333333333333336,0.8363504387563929,22.596052641008846,-0.1028735632183908,-0.1028735632183908,8.681520484837913,1.8743121106279228,2021,25%,GSW,-1.3333333333333333,0.5370370370370371
2.7375,0.10981591943230473,21.12486246285211,0.051724137931034475,-0.051724137931034475,8.405814603432848,1.6195875254657892,2021,25%,HOU,0.5625,0.17857142857142858
-3.1333333333333333,0.06381054966957189,19.715403177820306,0.2724137931034482,-0.2724137931034482,8.292798858200374,1.820501787459311,2021,25%,IND,2.8333333333333335,0.42592592592592593
4.18888888888889,0.03418873550262491,20.96090311021741,-0.18678160919540227,-0.18678160919540227,8.451053388911692,1.5804130036267796,2021,25%,LAC,6.611111111111111,0.6296296296296297
1.2368421052631575,0.07962441045953028,22.9223720201123,-0.016666666666666607,-0.016666666666666607,9.3982297330736,2.0209722606244447,2021,25%,LAL,9.263157894736842,0.5283018867924528
1.4923076923076923,-1.2831341491946913,19.646249486385216,0.06724137931034482,-0.06724137931034482,7.034387929915503,2.0425870712381315,2021,25%,MEM,-0.6923076923076923,0.5254237288135594
-2.735294117647059,0.01201837197707989,20.89726538737343,0.016091954022988464,-0.016091954022988464,8.706986763048892,1.8015434179699956,2021,25%,MIA,-5.764705882352941,0.6181818181818182
-3.1411764705882357,-0.11185798617635129,20.92939458838522,-0.39137931034482765,-0.39137931034482765,7.627544390488503,1.9457187203917954,2021,25%,MIL,8.941176470588236,0.6363636363636364
1.905882352941176,-0.11663370854786304,19.75527749765451,-0.1362068965517241,-0.1362068965517241,7.510977752014095,1.682956966496668,2021,25%,MIN,-9.705882352941176,0.34545454545454546
-2.7625,-0.4210322028322885,20.357796146153838,0.016091954022988464,-0.016091954022988464,8.470730317005897,1.4797760850984056,2021,25%,NOP,-1.9375,0.44642857142857145
-0.736842105263158,-0.025695536644854577,20.831910894635826,0.18850574712643664,-0.18850574712643664,6.9411900550683745,1.7146369855593653,2021,25%,NYK,-2.263157894736842,0.6226415094339622
1.776470588235294,-0.05963641009062981,20.392844660012997,-0.08505747126436775,-0.08505747126436775,8.84937050375457,1.675661353360718,2021,25%,OKC,-6.176470588235294,0.2545454545454545
-3.5473684210526315,0.5179914662358447,19.766096478665755,0.052298850574712646,-0.052298850574712646,7.869019376499023,1.7669293844599234,2021,25%,ORL,-5.052631578947368,0.24528301886792453
-3.0947368421052635,,,0.04999999999999999,-0.04999999999999999,8.019612794400267,,2021,25%,PHI,2.8947368421052633,0.6792452830188679
-4.625,0.05659874104812773,19.778285266449103,0.10344827586206898,-0.10344827586206898,6.53813982376767,1.658935117262691,2021,25%,PHX,1.625,0.7678571428571429
1.775,-0.3819671478187152,20.046811553675415,0.0005747126436781713,-0.0005747126436781713,7.714677473800927,1.5689271775217806,2021,25%,POR,-0.875,0.5892857142857143
-0.8882352941176475,0.10653219819857729,20.09327340416145,-0.12126436781609196,-0.12126436781609196,4.356708826689592,1.4144588479126148,2021,25%,SAC,-7.411764705882353,0.43636363636363634
2.2111111111111112,-0.00634648374011515,20.388569910530812,0.4591954022988506,-0.4591954022988506,8.026823576217629,1.865551558458286,2021,25%,SAS,0.8888888888888888,0.42592592592592593
1.6,-0.07889624537092543,21.919021473668984,-0.24080459770114948,-0.24080459770114948,8.57922858233569,1.63727489251193,2021,25%,TOR,0.5,0.37037037037037035
7.577777777777778,-0.27223595642942977,20.542561023964865,0.052298850574712674,-0.052298850574712674,8.183118079394745,1.6732339667461045,2021,25%,UTA,7.722222222222222,0.7037037037037037
1.2142857142857144,0.4217010571334153,19.998882911261965,-0.3729885057471265,-0.3729885057471265,6.851184927493743,1.7859016644592975,2021,25%,WAS,-4.714285714285714,0.5344827586206896
0.08333333333333331,0.02899214508577075,19.808914886134303,0.0011494252873562871,-0.0034482758620689724,7.547501682814967,1.9169328395086414,2021,50%,ATL,0.4166666666666667,0.6944444444444444
5.5,0.7451707033793056,20.77480468208954,-0.03333333333333344,-0.2373563218390804,6.80903930604298,1.9382094147000979,2021,50%,BKN,5.0,0.6857142857142857
0.4111111111111112,0.9075720371905298,21.612456522852924,-0.05229885057471262,-0.03390804597701147,8.507142855562735,1.8515221037124876,2021,50%,BOS,0.8888888888888888,0.4722222222222222
-2.142857142857143,0.6049615312084347,20.39254589723649,0.12126436781609196,-0.01839080459770115,,1.8857445326761606,2021,50%,CHA,-0.45714285714285713,0.43243243243243246
1.1058823529411765,0.5185155842116279,21.427671049332062,-0.08620689655172409,-0.0005747126436781436,7.60489448081162,1.7355776200622046,2021,50%,CHI,-0.20588235294117646,0.39473684210526316
0.27222222222222214,-0.22405036530887312,21.302902893935894,-0.39137931034482754,-0.08678160919540229,8.687610843707368,2.0211387318949288,2021,50%,CLE,-7.472222222222222,0.2222222222222222
5.229411764705882,0.2858451820992637,20.43709653418869,0.10172413793103452,-0.37528735632183907,7.326465613840322,1.7974051821822072,2021,50%,DAL,-0.5294117647058824,0.631578947368421
2.094444444444445,-0.04453257059933291,19.93114308875299,0.13678160919540228,-0.05114942528735633,8.368461137615839,1.6045503093737479,2021,50%,DEN,5.305555555555555,0.7222222222222222
1.8166666666666664,-0.0916759706512037,20.234629729863762,0.3068965517241379,-0.033333333333333326,7.475339236566737,1.692749283709685,2021,50%,DET,-3.9166666666666665,0.2777777777777778
-0.08648648648648649,-0.3819595206040787,22.574161804368238,0.05114942528735633,-0.051724137931034475,8.631771096123673,2.2432785883012416,2021,50%,GSW,0.4864864864864865,0.5714285714285714
-11.83529411764706,-0.1450756500196545,21.118243610874984,-0.33908045977011503,-0.28735632183908055,8.11312710422178,1.890820446306339,2021,50%,HOU,-5.264705882352941,0.15789473684210525
-1.2285714285714286,-0.14713013768360916,19.73231041047682,-0.23793103448275857,-0.03448275862068964,8.205218426395412,1.7334782740162347,2021,50%,IND,0.22857142857142856,0.4864864864864865
-6.594736842105263,0.30530994847695825,20.94119926638998,-0.017241379310344807,-0.20402298850574707,8.629449873761905,1.7782548696815124,2021,50%,LAC,5.394736842105263,0.6764705882352942
-7.854054054054054,0.14986905849938786,22.93333243194526,0.016666666666666607,-0.0,9.431081038674082,2.22315715379914,2021,50%,LAL,5.054054054054054,0.5142857142857142
1.2875,-0.5073501779297037,19.65490944559501,-0.04942528735632183,-0.01781609195402299,7.153833801578843,1.9510037948195154,2021,50%,MEM,0.8125,0.55
4.683333333333334,0.4696419460564968,20.88107240131566,-0.018965517241379404,-0.00287356321839094,8.769196271411001,1.52947597585693,2021,50%,MIA,-1.5833333333333333,0.6111111111111112
-6.0777777777777775,0.5591940082888858,20.939858395748672,0.07011494252873562,-0.321264367816092,7.718240951959316,1.9337619641804422,2021,50%,MIL,6.277777777777778,0.6666666666666666
-3.0166666666666657,0.36763621136442326,19.78331536176286,0.4591954022988506,-0.32298850574712645,7.7284157798410416,2.1247394473204415,2021,50%,MIN,-9.083333333333334,0.4444444444444444
1.4166666666666667,-0.022131510022222023,20.36547834399225,-0.13735632183908042,-0.12126436781609196,8.607033895416027,1.6022450612146069,2021,50%,NOP,-0.4166666666666667,0.4444444444444444
3.1405405405405404,-0.2534859199222774,20.84811762872752,0.01666666666666672,-0.20517241379310336,6.903747257584598,1.8937328640264415,2021,50%,NYK,0.4594594594594595,0.6285714285714286
0.22777777777777786,-0.31617132132456593,20.366126333389225,-0.3063218390804598,-0.39137931034482754,8.847934753328465,1.5914043531331736,2021,50%,OKC,-5.527777777777778,0.19444444444444445
1.583333333333333,1.1142162955833932,19.76053436392862,-0.07011494252873562,-0.017816091954022978,7.533158807455563,1.706476947452187,2021,50%,ORL,-6.583333333333333,0.2222222222222222
-0.7999999999999998,,,0.0,-0.04999999999999999,8.133880887949207,,2021,50%,PHI,3.5,0.6944444444444444
8.814285714285715,0.24837448473794177,19.78936049933403,0.06839080459770114,-0.17183908045977012,6.652863029353347,1.7987781962003708,2021,50%,PHX,6.485714285714286,0.7297297297297297
-1.4714285714285713,-0.16373958351568663,20.067261842923017,0.10344827586206895,-0.10402298850574712,7.786551806428712,1.6579539044937484,2021,50%,POR,-0.42857142857142855,0.5675675675675675
-1.061111111111111,0.4495979161949753,20.099453332103245,0.10402298850574715,-0.017241379310344807,4.736198448394496,1.7182057909392672,2021,50%,SAC,-5.638888888888889,0.4722222222222222
1.96875,0.3095097877227247,20.370863229066856,-0.44310344827586207,-0.01609195402298852,7.697575346802343,1.7292624738733806,2021,50%,SAS,0.03125,0.375
-1.6166666666666667,-0.1418870519644757,21.944735554549766,0.29137931034482767,-0.05057471264367819,8.603554357064281,1.6623756596349928,2021,50%,TOR,1.4166666666666667,0.2777777777777778
-0.405555555555555,0.6841962546397993,20.56645443355736,0.4195402298850575,-0.4718390804597702,8.422662707570003,1.935813683715801,2021,50%,UTA,8.805555555555555,0.6944444444444444
5.382352941176471,0.8665848403543341,19.989345565361198,-0.08563218390804594,-0.45862068965517244,6.324358962381311,1.7487187178984074,2021,50%,WAS,-4.382352941176471,0.5263157894736842
0.6811320754716981,-0.43242991447900603,19.801219908763436,0.06954022988505748,-0.07298850574712645,7.458186157340487,2.0656559821725393,2021,75%,ATL,2.018867924528302,0.6842105263157895
-0.44615384615384546,-0.3819528355731051,20.859713580757386,-0.017816091954022895,-0.2195402298850575,6.688354713946762,1.652152917951672,2021,75%,BKN,4.846153846153846,0.6
4.2018867924528305,0.4762731541211354,21.603109610443575,0.05057471264367808,-0.016666666666666607,8.418697944667139,1.9425498597359878,2021,75%,BOS,1.6981132075471699,0.47368421052631576
3.0254901960784313,-0.39534886460670304,20.400588733458658,-0.15517241379310343,-0.13678160919540228,,1.8228675163690298,2021,75%,CHA,-0.7254901960784313,0.2857142857142857
-4.5588235294117645,-0.05693911666237922,21.44172317754418,0.05114942528735633,-0.05057471264367819,7.288927694521257,1.8612508463470174,2021,75%,CHI,-0.9411764705882353,0.42857142857142855
3.996078431372549,-0.6419573480780054,21.245425895278167,0.01551724137931032,-0.07126436781609197,8.925454386826402,1.8646277227160348,2021,75%,CLE,-7.196078431372549,0.14285714285714285
4.962745098039216,-0.4185464501779613,20.442740873624906,-0.1522988505747126,-0.22298850574712648,7.303843225277705,1.8395276508220977,2021,75%,DAL,2.1372549019607843,0.6190476190476191
1.3807692307692312,-0.21454569632127068,19.94674388836616,0.06264367816091954,-0.011494252873563204,8.060224240440958,1.8143148672142333,2021,75%,DEN,5.519230769230769,0.65
1.0615384615384618,-0.5785904843733501,20.239850605657026,-0.10229885057471266,-0.135632183908046,7.664815785285735,1.5120930274732867,2021,75%,DET,-3.4615384615384617,0.2
-8.884615384615385,-0.23684000958100537,22.55435271381709,-0.016091954022988464,-0.06781609195402294,8.351374706721296,2.3135280159195015,2021,75%,GSW,-2.1153846153846154,0.75
-0.17307692307692335,-0.5989600578237514,21.105491570359654,0.15172413793103456,-0.135632183908046,7.895063498091573,1.8295572674426939,2021,75%,HOU,-6.326923076923077,0.15
-3.4470588235294115,0.011430790006810645,19.71129201814707,-0.017816091954022978,-0.016666666666666663,8.355379895253634,1.8221474391861283,2021,75%,IND,-0.35294117647058826,0.47619047619047616
5.966666666666668,-0.03149995316929809,20.96417946822413,0.3235632183908045,-0.11954022988505741,8.491054533806542,1.968168433476552,2021,75%,LAC,6.833333333333333,0.6111111111111112
-7.457692307692307,0.4725320667972655,22.961459943042478,0.0,-0.0,9.469391461628812,2.384866884989278,2021,75%,LAL,4.0576923076923075,0.5
3.6799999999999997,-1.3371270353641935,19.6568507176036,-0.05114942528735632,-0.033333333333333326,7.242797922793756,1.6482244712703238,2021,75%,MEM,1.32,0.5454545454545454
1.6692307692307693,-0.3887798859673074,20.884133000410664,0.014942528735632288,-0.012068965517241348,8.424858580213442,1.9081770449562312,2021,75%,MIA,-0.7692307692307693,0.65
-8.138461538461538,-0.493235606359305,20.94748589474335,0.08390804597701151,-0.2373563218390805,7.67693714581808,2.2302011258059795,2021,75%,MIL,5.538461538461538,0.7
1.071698113207547,-0.14161388736108865,19.773855719607795,-0.4068965517241379,-0.08390804597701146,7.32052696227274,1.9198415561987132,2021,75%,MIN,-7.471698113207547,0.5263157894736842
-2.6,-0.08847881109299213,20.358855391180555,-0.06379310344827582,-0.18505747126436778,8.459564078579602,1.8474141501080503,2021,75%,NOP,-0.5,0.4
3.932075471698113,-0.1828252041163918,20.86972156036785,-0.10229885057471255,-0.1028735632183908,7.048386408721883,1.9912358079683259,2021,75%,NYK,0.8679245283018868,0.7894736842105263
-9.346153846153847,-0.8030024005950822,20.356235199623313,0.1275862068965517,-0.26379310344827583,8.70167907103957,1.818078446775733,2021,75%,OKC,-8.153846153846153,0.1
-1.2846153846153854,0.6751664229144978,19.795752412854377,0.42471264367816086,-0.40689655172413786,7.963807953231451,1.798242967270528,2021,75%,ORL,-7.115384615384615,0.2
-3.169230769230769,,,0.0,-0.04999999999999999,7.772331575169614,,2021,75%,PHI,4.769230769230769,0.7
-0.22941176470588243,-0.16463477522717948,19.80843999023228,-0.11781609195402298,-0.05402298850574713,6.455198563340122,1.817256673046482,2021,75%,PHX,6.529411764705882,0.7142857142857143
-0.8862745098039215,-0.36100437258573853,20.083780754983927,0.06896551724137934,-0.17298850574712646,7.59890045687141,1.708478852205706,2021,75%,POR,-0.3137254901960784,0.5714285714285714
4.0538461538461545,-0.41311383196513163,19.893874723583252,-0.13620689655172416,-0.15344827586206897,4.330733340286331,1.794683320314888,2021,75%,SAC,-4.153846153846154,0.45
-6.3,-0.2250558575732891,20.353437254635597,0.1517241379310345,-0.16781609195402303,7.9391588179567965,1.8735685301596832,2021,75%,SAS,-1.7,0.4090909090909091
0.8269230769230769,-0.6383169704916457,21.943844627845095,-0.06896551724137945,-0.01839080459770126,8.542080906924017,2.028201473149252,2021,75%,TOR,0.17307692307692307,0.35
5.603846153846153,-0.628889285343941,20.588536425009362,-0.1482758620689656,-0.3235632183908046,8.329175442077402,1.7808810137664557,2021,75%,UTA,9.596153846153847,0.65
0.4411764705882355,0.5975360132561058,20.00170951543982,-0.03965517241379313,-0.49827586206896557,6.3080984415095305,1.5182736351648503,2021,75%,WAS,-4.9411764705882355,0.7142857142857143
,,20.07410490260498,,-0.0,6.22455842927536,1.8669492908788134,2022,preseason,ATL,,0.524390243902439
,,21.197164465639904,,-0.0,7.316548177182976,1.9380518000850437,2022,preseason,BKN,,0.5365853658536586
,,21.46071143243065,,-0.0,7.029087564149662,2.183918715351572,2022,preseason,BOS,,0.6219512195121951
,,20.41707302509134,,-0.0,4.174387269895637,1.8519712080858048,2022,preseason,CHA,,0.524390243902439
,,21.47247624541264,,-0.0,6.270988431858299,2.158137394834556,2022,preseason,CHI,,0.5609756097560976
,,20.52351953671907,,-0.0,7.950502434808851,2.3919406641956864,2022,preseason,CLE,,0.5365853658536586
,,20.57126029390741,,-0.0,6.07993319509559,2.114742252446133,2022,preseason,DAL,,0.6341463414634146
,,20.067684841424523,,-0.0,6.218600119691729,1.7906524138634257,2022,preseason,DEN,,0.5853658536585366
,,20.28477099676861,,-0.0,5.817111159963204,1.8956614596132924,2022,preseason,DET,,0.2804878048780488
,,22.231308889613246,,-0.0,8.09040229659332,1.8467888307730984,2022,preseason,GSW,,0.6463414634146342
,,20.88932114531255,,-0.0,6.880384082186005,2.171437482853607,2022,preseason,HOU,,0.24390243902439024
,,19.712372826286966,,-0.0,6.400257445308821,1.8291910125875348,2022,preseason,IND,,0.3048780487804878
,,21.147377361580254,,-0.0,6.8308742346461795,2.143142936055198,2022,preseason,LAC,,0.5121951219512195
,,22.962007680112833,,-0.0,8.492080490601163,2.26365722679703,2022,preseason,LAL,,0.4024390243902439
,,19.74833531396908,,-0.0,5.556828061699537,2.0774067898003628,2022,preseason,MEM,,0.6829268292682927
,,20.8527761548005,,-0.0,6.970730078143525,2.124285973878733,2022,preseason,MIA,,0.6463414634146342
,,21.443056369585683,,-0.0,6.733401891837359,1.9204186356881818,2022,preseason,MIL,,0.6219512195121951
,,19.72245621029024,,-0.0,6.163314804034641,2.2067197741365545,2022,preseason,MIN,,0.5609756097560976
,,20.30367038061184,,-0.0,7.45298232946546,1.998519718805842,2022,preseason,NOP,,0.43902439024390244
,,20.936565222285367,,-0.0,5.998936561946683,1.6556748599989735,2022,preseason,NYK,,0.45121951219512196
,,20.298135591834566,,-0.0,7.368970402194793,2.447230522128495,2022,preseason,OKC,,0.2926829268292683
,,19.797270459511882,,-0.0,5.733341276897746,2.294375111222986,2022,preseason,ORL,,0.2682926829268293
,,,,-0.0,7.622174594817622,,2022,preseason,PHI,,0.6219512195121951
,,20.46865298249,,-0.0,6.311734809152915,1.7340389685384714,2022,preseason,PHX,,0.7804878048780488
,,20.135573991763145,,-0.0,6.97166860472579,1.97825724428284,2022,preseason,POR,,0.32926829268292684
,,19.862900271251704,,-0.0,4.709530201312334,1.8304802962798017,2022,preseason,SAC,,0.36585365853658536
,,20.244561381652026,,-0.0,6.361302477572996,2.019229123653029,2022,preseason,SAS,,0.4146341463414634
,,21.86201946751479,,-0.0,6.873163834212518,2.046881670289593,2022,preseason,TOR,,0.5853658536585366
,,20.651912845318634,,-0.0,6.444131256700441,2.1352971511713505,2022,preseason,UTA,,0.5975609756097561
,,20.13780144759832,,-0.0,6.678342114654332,2.1710025369654464,2022,preseason,WAS,,0.4268292682926829
7.963636363636363,0.15061182112014843,20.057729329330414,-0.13678160919540228,-0.13678160919540228,8.019283792916793,1.81387773820072,2022,25%,ATL,2.6363636363636362,0.5166666666666667
3.9000000000000004,0.5220473925899733,21.24514055563785,-0.06896551724137923,-0.06896551724137923,8.101071503119543,1.6080944515922484,2022,25%,BKN,4.0,0.47540983606557374
0.8636363636363635,-0.10815945120351889,21.468225245423554,0.026436781609195492,-0.026436781609195492,8.399984990510696,1.7695329706160219,2022,25%,BOS,1.6363636363636365,0.65
2.4,0.6073491351985897,20.323492925993158,-0.0011494252873562871,-0.0011494252873562871,6.293419278846481,2.0993041509293815,2022,25%,CHA,-0.5,0.5172413793103449
-0.054545454545453786,0.002900012428510068,21.416272929213633,-0.025862068965517238,-0.025862068965517238,7.768533300926033,2.0901480947472253,2022,25%,CHI,4.454545454545454,0.5333333333333333
1.6636363636363636,-0.13642667563677335,20.46844747766088,0.03505747126436776,-0.03505747126436776,8.555451903533328,2.0030223063520687,2022,25%,CLE,2.1363636363636362,0.5333333333333333
1.6,-0.016554394178325826,20.575735077210403,-0.3229885057471264,-0.3229885057471264,7.4067107301776405,1.6707737533026872,2022,25%,DAL,-0.7,0.6612903225806451
-4.223809523809524,-0.7847681662305478,20.0605845216408,0.06666666666666665,-0.06666666666666665,8.051022208190679,1.8071264427099698,2022,25%,DEN,-0.47619047619047616,0.6229508196721312
1.7714285714285714,-1.3956087793039837,20.305697038844244,0.28965517241379307,-0.28965517241379307,7.730174795246222,2.123721586785921,2022,25%,DET,-9.571428571428571,0.3114754098360656
-1.1190476190476186,0.6241765111403897,22.226573316548496,0.03390804597701158,-0.03390804597701158,8.690810307580046,1.8942746086934592,2022,25%,GSW,12.619047619047619,0.5737704918032787
-0.49523809523809526,-0.28930425509141644,20.87505087230737,-0.12011494252873567,-0.12011494252873567,7.919356190660617,1.9137563120184056,2022,25%,HOU,-7.904761904761905,0.2459016393442623
0.5583333333333333,-0.6737328546254874,19.73843791158398,0.10402298850574712,-0.10402298850574712,8.02059914989697,1.8993878704221137,2022,25%,IND,1.0416666666666667,0.27586206896551724
-6.545454545454545,-0.23029930442239988,21.133836583672707,0.10517241379310338,-0.10517241379310338,7.9105906122564775,1.6761394132188547,2022,25%,LAC,1.0454545454545454,0.5166666666666667
0.9086956521739131,-0.21201906757488698,22.97063266809439,0.0005747126436781436,-0.0005747126436781436,9.310638093291546,2.054001962808838,2022,25%,LAL,-1.608695652173913,0.3559322033898305
0.08095238095238155,-0.9038971705493632,19.76375517904947,-0.03505747126436781,-0.03505747126436781,7.236339342754344,1.5406524814639517,2022,25%,MEM,-4.380952380952381,0.7377049180327869
-3.090909090909091,-0.6037336554760853,20.867581261424558,0.01666666666666672,-0.01666666666666672,8.216358332386156,1.9724083423349124,2022,25%,MIA,4.090909090909091,0.6666666666666666
4.109090909090909,0.43836689171176085,21.46904198418182,0.0005747126436781436,-0.0005747126436781436,8.111928063310739,2.0429850879619176,2022,25%,MIL,3.590909090909091,0.6166666666666667
6.663636363636363,0.20377492911944106,19.697036225289764,0.2252873563218391,-0.2252873563218391,7.974532844130228,1.7699453154969318,2022,25%,MIN,1.1363636363636365,0.5833333333333334
2.841666666666667,0.05179660356188831,20.303227762632297,0.0850574712643678,-0.0850574712643678,8.400209835930418,1.7147560628676668,2022,25%,NOP,-7.541666666666667,0.5172413793103449
-2.5476190476190474,-0.1461959651232151,20.947278318984317,-0.12068965517241381,-0.12068965517241381,7.835974581721566,2.0906161357880886,2022,25%,NYK,0.047619047619047616,0.4262295081967213
-0.4047619047619051,-0.3369097693380456,20.290596159622034,-0.0517241379310345,-0.0517241379310345,8.931948346431495,2.0828874322374666,2022,25%,OKC,-7.095238095238095,0.29508196721311475
-0.7260869565217387,0.38457828674902855,19.793091848854715,-0.18965517241379315,-0.18965517241379315,7.402451520818244,2.085224267700817,2022,25%,ORL,-10.173913043478262,0.288135593220339
-5.754545454545454,,,-0.08333333333333331,-0.08333333333333331,8.177515823846075,,2022,25%,PHI,0.9545454545454546,0.6666666666666666
4.080952380952381,-0.6997260019486682,20.49425027410529,0.16781609195402303,-0.16781609195402303,7.668561108015897,2.128646086761322,2022,25%,PHX,7.619047619047619,0.7540983606557377
-0.7181818181818183,-0.8360039196321045,20.13529361762947,-0.01609195402298852,-0.01609195402298852,8.113726085970747,1.7618755281212193,2022,25%,POR,0.3181818181818182,0.26666666666666666
-3.452173913043478,0.025916282292109072,19.882852192843032,0.2557471264367816,-0.2557471264367816,6.747586526829315,1.6820444939177004,2022,25%,SAC,-3.347826086956522,0.3559322033898305
-2.5578947368421057,0.47341708823251594,20.235529060794075,-0.2385057471264368,-0.2385057471264368,7.671826797878781,1.694765020575772,2022,25%,SAS,-1.8421052631578947,0.4444444444444444
-2.909090909090909,0.4888047764979015,21.857388575871262,-0.033333333333333326,-0.033333333333333326,8.31090675716845,2.020277290434155,2022,25%,TOR,-1.0909090909090908,0.65
0.3333333333333339,-0.4219719932768155,20.644972855975634,-0.017241379310344807,-0.017241379310344807,8.310169021981912,1.7532505134569,2022,25%,UTA,9.666666666666666,0.5737704918032787
-5.3545454545454545,0.7709372195817972,20.149993619580457,0.048850574712643646,-0.048850574712643646,7.9391588179567965,1.7263669374220993,2022,25%,WAS,0.45454545454545453,0.35
-7.475,0.5025447876138351,20.07272206014111,0.17011494252873566,-0.03333333333333338,8.069342366811636,1.7081676983199354,2022,50%,ATL,-1.225,0.6190476190476191
-3.6414634146341465,0.36446612340132767,21.284136756702694,0.03505747126436787,-0.03390804597701136,8.36240897761537,1.7353451717953854,2022,50%,BKN,2.341463414634146,0.43902439024390244
2.3238095238095235,0.7872141675608058,21.47713514220004,0.05057471264367808,-0.07701149425287357,8.420902531097951,1.8804427149200342,2022,50%,BOS,1.9761904761904763,0.75
4.928571428571429,0.5697642262827202,20.29343575945478,-0.18735632183908046,-0.18850574712643675,6.342121418721152,1.6959367057951218,2022,50%,CHA,-0.42857142857142855,0.5
1.8076923076923075,0.6684693128794152,21.42533562475034,0.051724137931034475,-0.025862068965517238,7.780303087908373,1.8165717687194032,2022,50%,CHI,3.6923076923076925,0.4418604651162791
-0.9714285714285715,-0.4502237975966366,20.4746313055928,0.06609195402298851,-0.10114942528735626,8.458504195067558,1.9772792208877883,2022,50%,CLE,5.071428571428571,0.5
6.270731707317073,1.0020731591370886,20.586955804707358,0.3902298850574712,-0.0672413793103448,7.8009820712577405,1.8306676072147605,2022,50%,DAL,1.829268292682927,0.7317073170731707
2.775,0.08691546017578866,20.05167123238421,0.019540229885057464,-0.08620689655172412,8.160803920954665,1.5140150415518716,2022,50%,DEN,0.725,0.6428571428571429
-2.625,0.2848755262326104,20.30475245626531,-0.307471264367816,-0.01781609195402295,7.9672801789422,1.6611380193619465,2022,50%,DET,-10.075,0.3333333333333333
-8.38048780487805,0.850180443369993,22.219050422751383,-0.05114942528735633,-0.01724137931034475,8.98619632032839,1.9076338037548783,2022,50%,GSW,7.780487804878049,0.5609756097560976
-4.472093023255814,0.11452485407711671,20.85435261558633,-0.03390804597701147,-0.15402298850574714,8.237743803890933,1.823576305178681,2022,50%,HOU,-8.627906976744185,0.20512820512820512
-3.3238095238095235,0.18458120236563452,19.75234722740164,-0.06954022988505748,-0.03448275862068964,8.07215530818825,1.7205436887321075,2022,50%,IND,-0.47619047619047616,0.25
-5.883720930232558,0.13708696457621927,21.118784916260545,-0.08505747126436769,-0.02011494252873569,7.993957547573565,1.558176812144356,2022,50%,LAC,-1.1162790697674418,0.5384615384615384
2.1142857142857143,0.2063425946792607,22.964528070456463,0.016666666666666607,-0.01724137931034475,9.243678431586693,1.9163084433136293,2022,50%,LAL,-0.7142857142857143,0.3
6.213636363636363,-0.6019023361343723,19.784820785485792,0.37011494252873556,-0.33505747126436775,7.555381944240273,1.5173304599097477,2022,50%,MEM,4.386363636363637,0.6842105263157895
5.56829268292683,0.026393059943846386,20.868490665105096,-0.05114942528735633,-0.03448275862068961,8.164794804244766,1.8624225646751236,2022,50%,MIA,4.7317073170731705,0.6585365853658537
2.4863636363636363,0.4474739098587795,21.477513842609277,-0.05229885057471262,-0.051724137931034475,8.150756470275551,1.8940929837640028,2022,50%,MIL,4.113636363636363,0.631578947368421
3.7047619047619045,0.1348278852944621,19.69218275846316,-0.15229885057471265,-0.07298850574712645,7.865187954187467,1.7801240192745102,2022,50%,MIN,0.5952380952380952,0.65
2.7190476190476187,0.20555365963915578,20.28957833032936,-0.11839080459770113,-0.033333333333333326,8.222285073872717,1.4529751417344332,2022,50%,NOP,-4.119047619047619,0.5
3.0619047619047617,0.6213057406728387,20.969083827559224,0.10344827586206895,-0.017241379310344862,8.0040315078527,1.621857844628846,2022,50%,NYK,-0.2619047619047619,0.4
3.151219512195122,0.22093971209344554,20.27659262954262,0.05287356321839082,-0.0011494252873563149,8.647519453091812,1.5110987947512786,2022,50%,OKC,-6.951219512195122,0.24390243902439024
0.8666666666666654,0.8246417713847234,19.78614884198459,0.015517241379310348,-0.1741379310344828,7.509335266016592,1.634648418059197,2022,50%,ORL,-9.166666666666666,0.375
7.925,,,-0.033333333333333326,-0.11666666666666664,7.774015077250727,,2022,50%,PHI,1.575,0.6666666666666666
-2.0250000000000004,0.621200530183043,20.501984827389244,-0.16896551724137931,-0.0011494252873562871,7.928406026180535,1.7671744308235606,2022,50%,PHX,7.025,0.7857142857142857
-5.7853658536585355,-0.16026961158500452,20.13870536968382,-0.04942528735632182,-0.06551724137931034,7.789454566086673,1.5852843313969645,2022,50%,POR,-4.414634146341464,0.2682926829268293
0.5181818181818185,0.23405826753312997,19.89670128967497,0.0011494252873562871,-0.2568965517241379,7.228388451573604,1.5392484523670082,2022,50%,SAC,-4.318181818181818,0.34210526315789475
-4.31219512195122,0.3214617337663467,20.22134238037284,0.29022988505747127,-0.051724137931034475,8.045588280803528,1.8072096997389484,2022,50%,SAS,-0.4878048780487805,0.4634146341463415
2.3315789473684214,0.15233589825742794,21.840807254520975,-0.17183908045977014,-0.20517241379310347,8.635331719433278,1.5692571812944962,2022,50%,TOR,1.368421052631579,0.6363636363636364
-8.823809523809524,0.31884984184402015,20.649933720067068,0.03390804597701147,-0.016666666666666663,8.693328989123106,1.8290014646202977,2022,50%,UTA,7.523809523809524,0.525
1.1047619047619046,1.1627273446881068,20.123361137571948,-0.1350574712643678,-0.08620689655172414,7.605890001053122,1.7141710759874398,2022,50%,WAS,-1.9047619047619047,0.325
-0.006779661016949157,-0.04145858208928058,20.070424569518167,-0.2735632183908046,-0.24022988505747123,7.658227526161352,1.7423026726592434,2022,75%,ATL,0.4067796610169492,0.6521739130434783
-9.816666666666666,-0.16507086658749287,21.330080190169213,0.033333333333333215,-0.0005747126436781436,8.518392471991719,1.885832651441839,2022,75%,BKN,-0.38333333333333336,0.5909090909090909
14.211475409836064,0.4065629147732916,21.458206895713868,-0.10229885057471255,-0.025287356321838983,8.09712193091871,1.96914578884939,2022,75%,BOS,5.688524590163935,0.7619047619047619
-1.139344262295082,0.021095568392799524,20.283026439607298,0.05057471264367819,-0.13793103448275856,6.238324625039508,2.2287387362634203,2022,75%,CHA,-0.36065573770491804,0.6190476190476191
1.416666666666667,0.8760617994185886,21.47110415482215,0.0011494252873562871,-0.027011494252873525,7.891704659330107,1.877912025428147,2022,75%,CHI,2.283333333333333,0.3181818181818182
-4.516949152542373,-0.03801326272570893,20.486586136629043,-0.08678160919540234,-0.014367816091953922,8.702344075220351,1.9254276920090925,2022,75%,CLE,4.016949152542373,0.391304347826087
2.283333333333333,0.2685826393511814,20.577302314288005,-0.2706896551724137,-0.20344827586206893,7.582738488914411,1.791493127714852,2022,75%,DAL,3.216666666666667,0.7727272727272727
1.0440677966101695,-0.0801195689377428,20.059636708387025,0.1339080459770115,-0.22011494252873562,8.001355025826703,1.6012724092428934,2022,75%,DEN,2.3559322033898304,0.6086956521739131
-2.6694915254237284,-0.03934968294739499,20.304027898880953,-0.11781609195402298,-0.13563218390804593,7.918264686095274,1.7248177923075863,2022,75%,DET,-9.830508474576272,0.391304347826087
-3.716666666666667,0.6911877462141234,22.212152386175326,0.0,-0.01724137931034475,8.718663567048953,1.8722620416448572,2022,75%,GSW,7.416666666666667,0.45454545454545453
-5.2728813559322045,-0.0017706562391040515,20.83466341695246,0.01839080459770115,-0.135632183908046,8.168486417126681,1.747013102647387,2022,75%,HOU,-9.627118644067796,0.21739130434782608
-3.3278688524590163,0.15161909173255905,19.772629123984952,0.1706896551724138,-0.20517241379310344,7.993282328101591,1.6282830730077427,2022,75%,IND,-2.6721311475409837,0.23809523809523808
-1.0258064516129033,-0.19821082538060358,21.116946553150296,0.14942528735632177,-0.16954022988505746,7.80994708647679,1.7504481148456124,2022,75%,LAC,-0.7741935483870968,0.55
-0.20847457627118637,0.36621228917032655,22.955869714914712,0.0,-0.01724137931034475,9.256269303864583,2.3955925129730407,2022,75%,LAL,-1.4915254237288136,0.2608695652173913
6.311475409836065,-0.37058577518601693,19.784208124820033,-0.389655172413793,-0.054597701149425276,7.426549072397305,1.8980466197401686,2022,75%,MEM,4.688524590163935,0.7142857142857143
0.5499999999999998,0.29623183305034106,20.886055170593448,0.1218390804597701,-0.08735632183908049,8.306965865368573,2.0587749298030777,2022,75%,MIA,4.65,0.6363636363636364
-0.5500000000000003,0.2516110475541878,21.47599836212583,-0.11724137931034495,-0.16896551724137943,8.014004994779459,1.960731774796205,2022,75%,MIL,3.35,0.6818181818181818
-1.3836065573770493,0.30398832487233707,19.714009802307366,-0.04999999999999999,-0.022988505747126464,7.9229859587111955,1.7291289233138312,2022,75%,MIN,0.9836065573770492,0.6666666666666666
7.4,-0.23983434775009688,20.223330259124452,0.10172413793103446,-0.06839080459770114,8.161660452056282,1.5059607394986478,2022,75%,NOP,-2.9,0.5454545454545454
-3.8666666666666663,-0.028503867195801336,20.92750168286463,-0.016091954022988575,-0.03333333333333344,7.704811922932594,1.8985225055761898,2022,75%,NYK,-1.7333333333333334,0.5454545454545454
-0.9166666666666661,-0.4867904187841242,20.25330947400414,0.13735632183908048,-0.1385057471264368,8.61122983334262,1.1785440239725555,2022,75%,OKC,-6.683333333333334,0.22727272727272727
-2.639344262295081,0.6984147622979509,19.7817242885723,-0.15229885057471265,-0.3264367816091954,7.366445148327599,1.6807129228991926,2022,75%,ORL,-8.360655737704919,0.38095238095238093
-1.4508474576271184,,,0.25,-0.13333333333333336,8.541690663016626,,2022,75%,PHI,2.0508474576271185,0.6521739130434783
0.04999999999999982,0.39593283552749403,20.546604287234437,0.08333333333333326,-0.08218390804597697,7.843064016692054,1.8502796091775506,2022,75%,PHX,7.95,0.6818181818181818
-3.4833333333333334,-0.931737977125383,20.131193074324184,0.16781609195402294,-0.10229885057471261,7.7284157798410416,1.767782443211004,2022,75%,POR,-4.416666666666667,0.09090909090909091
-0.18688524590163968,0.020836736321546895,19.8993874809496,-0.0367816091954023,-0.2201149425287356,7.078341579557671,1.5085760691404833,2022,75%,SAC,-5.213114754098361,0.38095238095238093
1.0,0.36688024503144967,20.22336845373708,-0.15402298850574714,-0.10229885057471266,7.9617188159813645,1.5553500427140818,2022,75%,SAS,0.2,0.45454545454545453
1.2103448275862068,1.2617938874857866,21.8313545341069,0.19080459770114944,-0.014367816091954033,8.491875383431948,1.9809419751606898,2022,75%,TOR,1.1896551724137931,0.6666666666666666
1.269491525423729,-0.3917555608067902,20.667850818590814,0.0017241379310344862,-0.01839080459770115,8.25712628599743,1.7545928938308006,2022,75%,UTA,6.830508474576271,0.5217391304347826
-1.6864406779661016,0.2736746187044228,20.141380586015693,0.15517241379310348,-0.06896551724137934,7.638679823876112,1.7764152967202007,2022,75%,WAS,-2.8135593220338984,0.34782608695652173
,,20.188770192939046,,-0.0,6.391917113392602,1.669184046637698,2023,preseason,ATL,,0.5
,,21.359228905010177,,-0.0,7.707062655370473,1.4048855716537163,2023,preseason,BKN,,0.5487804878048781
,,21.82096027007488,,-0.0,8.397057390176256,1.8536534682448196,2023,preseason,BOS,,0.6951219512195121
,,20.359080228289066,,-0.0,5.575949103146316,2.0509586909054267,2023,preseason,CHA,,0.32926829268292684
,,21.61119960063802,,-0.0,6.380122536899765,2.6129052865913915,2023,preseason,CHI,,0.4878048780487805
,,20.479426156217418,,-0.0,8.009695357742922,1.5709281623738285,2023,preseason,CLE,,0.6219512195121951
,,20.80150141136373,,-0.0,6.848005274576363,1.922601120314124,2023,preseason,DAL,,0.4634146341463415
,,20.086092666010494,,-0.0,6.818924065275521,1.081885595253576,2023,preseason,DEN,,0.6463414634146342
,,20.33482904829486,,-0.0,6.677083461247136,1.6527988230639619,2023,preseason,DET,,0.2073170731707317
,,22.05567061639048,,-0.0,8.200013648175434,2.357009844988801,2023,preseason,GSW,,0.5365853658536586
,,20.52407631423014,,-0.0,6.93828448401696,1.5369051512980831,2023,preseason,HOU,,0.2682926829268293
,,19.77391407186451,,-0.0,6.705639094860003,1.6507829487652816,2023,preseason,IND,,0.4268292682926829
,,20.97426882544403,,-0.0,7.404279118037268,1.2576140057933947,2023,preseason,LAC,,0.5365853658536586
,,23.044615163636948,,-0.0,8.282735880201754,1.647532225020959,2023,preseason,LAL,,0.524390243902439
,,19.922711978351117,,-0.0,6.493753839851686,1.8681685379076405,2023,preseason,MEM,,0.6219512195121951
,,21.074105531824294,,-0.0,7.280008252884188,1.101971875014592,2023,preseason,MIA,,0.5365853658536586
,,21.454345199715895,,-0.0,6.536691597591305,2.076212512770405,2023,preseason,MIL,,0.7073170731707317
,,19.987502883489718,,-0.0,6.740519359606223,1.5637444059917327,2023,preseason,MIN,,0.5121951219512195
,,20.102500031737982,,-0.0,7.170119543449628,1.657520923346011,2023,preseason,NOP,,0.5121951219512195
,,20.838052306814312,,-0.0,6.089044875446846,1.7313857031661979,2023,preseason,NYK,,0.573170731707317
,,20.16421395256036,,-0.0,7.546974117516527,1.5736242917011785,2023,preseason,OKC,,0.4878048780487805
,,19.81650662618593,,-0.0,6.169610732491456,2.0877560426024657,2023,preseason,ORL,,0.4146341463414634
,,,,-0.0,7.428927194802272,,2023,preseason,PHI,,0.6585365853658537
,,20.82019749633556,,-0.0,7.037905963447182,1.7322211394901494,2023,preseason,PHX,,0.5487804878048781
,,19.969898014147677,,-0.0,6.690842277418564,1.3356526351731928,2023,preseason,POR,,0.4024390243902439
,,19.91194598534709,,-0.0,5.247024072160486,1.3910382820208742,2023,preseason,SAC,,0.5853658536585366
,,20.236088084303766,,-0.0,6.659293919683638,1.3320190930317966,2023,preseason,SAS,,0.2682926829268293
,,20.796058146321066,,-0.0,7.188412736496954,1.9640177068508475,2023,preseason,TOR,,0.5
,,20.837801165747333,,-0.0,7.3277805384216315,1.4826694574844719,2023,preseason,UTA,,0.45121951219512196
,,20.207787979650178,,-0.0,6.380122536899765,1.9803124182461567,2023,preseason,WAS,,0.4268292682926829
-2.709090909090909,-0.0144970025633131,20.192989522093768,-0.05114942528735633,-0.05114942528735633,7.636752112435779,1.7093671158052304,2023,25%,ATL,0.4090909090909091,0.48333333333333334
-1.9565217391304348,-1.5175058041433016,21.45511728724364,0.08505747126436769,-0.08505747126436769,8.55371796609861,1.9969418274117916,2023,25%,BKN,0.9565217391304348,0.559322033898305
3.4090909090909083,0.05838213853678065,21.826900783823596,-0.051724137931034475,-0.051724137931034475,8.499232866039245,1.7977294399391663,2023,25%,BOS,8.590909090909092,0.65
-1.6095238095238091,-0.2256746089218683,20.357194439297178,-0.05114942528735633,-0.05114942528735633,6.688354713946762,1.9052435938306198,2023,25%,CHA,-6.190476190476191,0.3442622950819672
-1.8333333333333335,0.12693531115533402,21.628378535646764,0.0005747126436781436,-0.0005747126436781436,7.912789220690681,1.840451117377261,2023,25%,CHI,-0.6666666666666666,0.5081967213114754
-1.4090909090909092,-0.9847740487006988,20.482814849082082,0.2218390804597702,-0.2218390804597702,8.507546814364431,1.8267379814734654,2023,25%,CLE,6.909090909090909,0.6166666666666667
-2.5,-0.043557966324766384,20.804301438071423,0.08735632183908038,-0.08735632183908038,7.89989532313973,1.9006255449603755,2023,25%,DAL,1.8,0.45161290322580644
-0.03333333333333366,0.1283007317836058,20.095238826081996,-0.3247126436781609,-0.3247126436781609,8.121480374750751,1.4884444430600645,2023,25%,DEN,2.3333333333333335,0.639344262295082
2.0086956521739125,-0.027360246832739077,20.35070079741825,-0.1028735632183908,-0.1028735632183908,8.033334015880062,1.7966715723364481,2023,25%,DET,-8.608695652173912,0.2033898305084746
3.5818181818181816,0.6777899899669455,22.038288276672162,-0.10344827586206906,-0.10344827586206906,8.820404065485645,1.907441072211206,2023,25%,GSW,0.3181818181818182,0.55
0.8619047619047615,0.005585378892452142,20.44457625649742,-0.08563218390804594,-0.08563218390804594,7.801800401908973,1.7438954100768829,2023,25%,HOU,-6.761904761904762,0.2786885245901639
1.4619047619047618,-0.12321119901164168,19.790995695008334,0.08620689655172413,-0.08620689655172413,8.13973227971767,1.7641589439511334,2023,25%,IND,0.23809523809523808,0.3770491803278688
3.4521739130434783,-0.19179669882829342,20.920745324200674,-0.08275862068965512,-0.08275862068965512,8.142063283104147,1.8556897263530943,2023,25%,LAC,-0.6521739130434783,0.5254237288135594
6.75,-0.20593649865014085,23.027877511500552,0.06896551724137945,-0.06896551724137945,9.071537969095724,2.1441237731561698,2023,25%,LAL,-1.15,0.5645161290322581
-0.5523809523809523,-0.7479321128010781,19.933796576100107,0.2908045977011494,-0.2908045977011494,7.745002803515839,1.8636236227442238,2023,25%,MEM,0.9523809523809523,0.639344262295082
-0.4545454545454546,-0.4017138095174533,21.07433429538939,-0.10114942528735626,-0.10114942528735626,8.492080490601163,1.9710361922394302,2023,25%,MIA,-1.0454545454545454,0.5666666666666667
-3.8000000000000003,0.1786029647535965,21.460159878204593,-0.08620689655172409,-0.08620689655172409,8.045908742270779,2.3466567946974615,2023,25%,MIL,4.9,0.6935483870967742
1.009090909090909,-0.8948148612810988,20.00027135818722,-0.1028735632183908,-0.1028735632183908,7.79934339821592,1.9883850232822462,2023,25%,MIN,-0.9090909090909091,0.5166666666666667
2.352380952380953,-0.575039194454158,20.066668161895677,-0.0022988505747126298,-0.0022988505747126298,8.440528106480752,1.6961001678814063,2023,25%,NOP,6.0476190476190474,0.47540983606557374
0.6,0.4400365780141977,20.822022439730482,0.13908045977011496,-0.13908045977011496,8.027802848370312,1.9335340616977772,2023,25%,NYK,-1.0,0.6166666666666667
-1.0363636363636364,-0.050039718027099944,20.16587500624816,0.0,-0.0,8.74257423767064,1.7583030539220372,2023,25%,OKC,-1.3636363636363635,0.5166666666666667
-3.009090909090909,0.5909392837115296,19.834048980804262,0.20517241379310347,-0.20517241379310347,7.813187267521416,1.5671224400769244,2023,25%,ORL,-6.090909090909091,0.48333333333333334
1.772727272727273,,,-0.06666666666666665,-0.06666666666666665,8.228977643358313,,2023,25%,PHI,2.227272727272727,0.7
-1.980952380952381,0.17985763900260082,20.835541316280054,-0.18218390804597695,-0.18218390804597695,8.247482004285693,1.7829125618154205,2023,25%,PHX,7.380952380952381,0.4918032786885246
-5.0181818181818185,-0.8481589607157335,19.95277336763248,0.014942528735632177,-0.014942528735632177,7.815207062189088,1.8417191200374219,2023,25%,POR,-1.6818181818181819,0.36666666666666664
3.8999999999999995,0.13821513991467094,19.926086443924248,0.13218390804597702,-0.13218390804597702,6.914730892718563,1.7445046690495658,2023,25%,SAC,2.7,0.5967741935483871
-3.6818181818181817,-0.7926943641962779,20.23864871927279,-0.17298850574712643,-0.17298850574712643,7.6093665379542115,1.7788647189192395,2023,25%,SAS,-10.318181818181818,0.26666666666666666
-4.433333333333334,-0.4672009720764848,20.729714871706683,-0.04999999999999999,-0.04999999999999999,8.661466680572662,1.6999555249666236,2023,25%,TOR,1.3333333333333333,0.4918032786885246
-4.666666666666667,0.02118866051817503,20.867526038778514,0.3212643678160919,-0.3212643678160919,8.240648863374913,1.7270145695114152,2023,25%,UTA,1.6666666666666667,0.41379310344827586
2.3363636363636364,0.4412288005548554,20.230568704046625,-0.03563218390804601,-0.03563218390804601,7.407924322559599,1.938776737016193,2023,25%,WAS,-1.1363636363636365,0.4
-0.8585365853658538,0.12261895135881556,20.190670443769317,-0.17241379310344826,-0.2235632183908046,7.957177323459475,1.6260001200826018,2023,50%,ATL,-1.3414634146341464,0.5365853658536586
6.090243902439024,-0.17549458422652436,21.47726250685887,-0.13678160919540217,-0.051724137931034475,8.602636673233706,1.9531063992800446,2023,50%,BKN,3.6097560975609757,0.43902439024390244
0.8837209302325579,0.22269256339631796,21.8441865926403,0.017241379310344862,-0.03448275862068961,8.476371196895983,1.8872273910965796,2023,50%,BOS,6.116279069767442,0.6666666666666666
1.1418604651162791,-0.03709885177682537,20.372526873556595,0.03505747126436781,-0.01609195402298852,6.8679744089702925,1.8875993038103063,2023,50%,CHA,-6.441860465116279,0.41025641025641024
1.9666666666666668,0.05692633428824523,21.639022262021534,0.016666666666666607,-0.01724137931034475,8.215276958936633,2.0392903782883316,2023,50%,CHI,-0.6666666666666666,0.525
-5.690697674418605,-0.19671807216614567,20.490272603095285,0.05229885057471262,-0.2741379310344828,8.636574948436317,2.051905619762925,2023,50%,CLE,4.790697674418604,0.6153846153846154
-1.4627906976744187,0.3667940970166747,20.8137408493783,0.2218390804597703,-0.3091954022988507,8.42726848388825,2.1326742030514954,2023,50%,DAL,1.1627906976744187,0.358974358974359
6.095121951219513,-0.31079123195758096,20.106686102034907,0.5252873563218391,-0.2005747126436782,8.23323750070527,1.813577300863104,2023,50%,DEN,3.8048780487804876,0.6097560975609756
1.5888888888888886,-0.2705740112539772,20.337611509520645,-0.051724137931034475,-0.15459770114942528,7.935229539816907,1.9710591600510246,2023,50%,DET,-7.288888888888889,0.13513513513513514
-5.451219512195122,0.5013001722630256,22.03733245470663,-0.051724137931034475,-0.15517241379310354,8.842026529498812,1.941839138291787,2023,50%,GSW,-1.048780487804878,0.5853658536585366
-3.9780487804878044,0.28897192767552027,20.42481740365178,0.08908045977011497,-0.003448275862069028,8.174702882469461,1.866221437069189,2023,50%,HOU,-7.121951219512195,0.2926829268292683
2.1952380952380954,0.04048896457348228,19.781716802136188,0.016666666666666663,-0.10287356321839079,8.39502555744203,1.7113959269348213,2023,50%,IND,-0.09523809523809523,0.3
-2.8093023255813954,0.026421470546178938,20.879374026611796,-0.06666666666666665,-0.14942528735632177,8.29154650988391,1.9752304161120546,2023,50%,LAC,-0.7906976744186046,0.5641025641025641
2.738095238095238,0.4018865325616105,23.018095013454275,0.01724137931034475,-0.0862068965517242,9.319643106866632,2.133701338505455,2023,50%,LAL,-1.2380952380952381,0.6
0.7512195121951217,-0.7992216844291995,19.95236694788306,-0.0011494252873562871,-0.2896551724137931,8.058327306580958,1.931333463696404,2023,50%,MEM,5.048780487804878,0.5609756097560976
3.6697674418604653,-0.3967740309320622,21.06623867887575,-0.08620689655172409,-0.18735632183908035,8.702177865629675,2.0915715177716625,2023,50%,MIA,-0.06976744186046512,0.5384615384615384
-6.285714285714286,0.10961535445889609,21.458567005018068,0.15287356321839085,-0.06666666666666676,8.27563105457801,1.783484262127141,2023,50%,MIL,1.2857142857142858,0.775
-0.5619047619047619,-0.4847997507728884,19.99707937026026,-0.05057471264367813,-0.15344827586206894,8.158516244806831,1.9110250927917714,2023,50%,MIN,-0.7380952380952381,0.55
-2.8238095238095235,-0.395660160441246,20.065578555851218,0.27241379310344827,-0.2701149425287357,8.575462099540212,1.6801480483705389,2023,50%,NOP,4.023809523809524,0.425
0.014285714285714235,-0.12502184991673482,20.81116479078827,0.08505747126436791,-0.22413793103448287,8.258422462458876,1.9640638054830106,2023,50%,NYK,2.7857142857142856,0.6
5.185714285714286,-0.3778274340392769,20.149541770691705,-0.13735632183908048,-0.13735632183908048,8.87905466204227,1.84372627347758,2023,50%,OKC,0.21428571428571427,0.525
0.10952380952380913,0.11253659696870083,19.842029781203067,-0.050000000000000044,-0.15517241379310343,8.121777419161074,2.0923509307941335,2023,50%,ORL,-3.8095238095238093,0.45
-0.5317073170731708,,,0.016666666666666663,-0.04999999999999999,8.157943507105037,,2023,50%,PHI,3.731707317073171,0.7073170731707317
-9.255813953488373,-0.5063940926429548,20.86887536566995,0.1166666666666667,-0.06551724137931025,8.415824697027949,1.9414740622740263,2023,50%,PHX,1.255813953488372,0.6153846153846154
-1.8268292682926828,-0.535044392958369,19.944502548824218,-0.15344827586206897,-0.1385057471264368,7.847762537473608,1.8192744365167288,2023,50%,POR,-0.07317073170731707,0.34146341463414637
-0.8499999999999999,-0.13272824449089982,19.92891590692826,-0.10172413793103452,-0.030459770114942497,7.001245622069476,1.848349628197713,2023,50%,SAC,2.15,0.6190476190476191
3.3,-0.03802789759958447,20.243891806422283,-0.051724137931034475,-0.2247126436781609,7.5745584842024805,1.9728612128511218,2023,50%,SAS,-8.5,0.225
0.9761904761904762,-0.2896364062776984,20.68741072335851,-0.016091954022988464,-0.06609195402298845,8.79300509129753,1.880840118318185,2023,50%,TOR,0.5238095238095238,0.55
-0.7818181818181817,0.09776683145991322,20.87524442274627,-0.43965517241379315,-0.11839080459770124,8.498214224818435,1.790242400398215,2023,50%,UTA,0.6818181818181818,0.42105263157894735
4.757142857142857,0.2817558252761639,20.240701600468935,-0.067816091954023,-0.103448275862069,7.765993079407675,1.8917018025813908,2023,50%,WAS,-1.3571428571428572,0.425
2.466666666666667,-0.5529207383066216,20.17630051532786,0.0011494252873563149,-0.22241379310344828,8.126813720726114,1.9897361488095868,2023,75%,ATL,-0.06666666666666667,0.5
-8.849152542372881,0.04030822574417464,21.548505006462683,0.10229885057471255,-0.05057471264367808,9.30228124567454,1.9912903621596894,2023,75%,BKN,0.9491525423728814,0.4782608695652174
3.0,-0.13765507617084216,21.8856847499202,-0.017241379310344862,-0.051724137931034475,8.608677881538416,2.2202100171639083,2023,75%,BOS,6.1,0.6363636363636364
0.9803278688524593,-0.10424103826252146,20.352192437001328,-0.06781609195402305,-0.08390804597701157,6.57507584059962,2.174775668819098,2023,75%,CHA,-6.180327868852459,0.42857142857142855
2.8499999999999996,0.7127273373186425,21.67390294316848,0.05344827586206902,-0.07068965517241377,8.044947049617722,1.9905315629431575,2023,75%,CHI,0.45,0.5909090909090909
3.2206349206349216,0.1847707271312824,20.533749938206704,0.03448275862068961,-0.3086206896551724,9.815202637668557,2.2223463979201346,2023,75%,CLE,5.079365079365079,0.6842105263157895
3.1983606557377047,0.07556096370568785,20.88901243681505,-0.01666666666666672,-0.29252873563218396,8.242493153187626,1.9493745656031556,2023,75%,DAL,0.9016393442622951,0.2857142857142857
2.8166666666666664,-0.13355475084506407,20.18490289288597,-0.08160919540229883,-0.11896551724137938,8.245121966478605,2.028083548602817,2023,75%,DEN,4.383333333333334,0.5
0.20000000000000018,-0.4383577128319145,20.343026026979928,-0.03218390804597704,-0.18678160919540232,7.845807502637805,2.18763090118775,2023,75%,DET,-7.5,0.09090909090909091
0.18333333333333332,0.24406802498260094,22.03288087945863,-0.051724137931034475,-0.206896551724138,9.31982238259318,1.7148640488255462,2023,75%,GSW,0.11666666666666667,0.6363636363636364
-3.8915254237288135,0.32440686277371833,20.38726276005006,-0.08735632183908049,-0.08390804597701146,8.483636407887394,1.728508518543094,2023,75%,HOU,-8.508474576271187,0.391304347826087
-4.0442622950819676,-0.021207031460252324,19.778038214587205,-0.13735632183908045,-0.034482758620689655,8.07558263667172,1.6998173153540468,2023,75%,IND,-2.6557377049180326,0.42857142857142855
-0.8903225806451613,-0.08363563313246647,20.828494465393295,0.11724137931034473,-0.03218390804597704,8.210124405164267,2.056410032755236,2023,75%,LAC,0.2903225806451613,0.55
0.7166666666666666,-0.00316773678144866,22.88205640935842,0.0,-0.0862068965517242,10.096831472611818,2.3417668823616666,2023,75%,LAL,-0.9166666666666666,0.6818181818181818
-3.7586206896551726,-1.3190874558504841,19.92796013062077,-0.23965517241379314,-0.04999999999999999,7.902117546276448,2.244157329841829,2023,75%,MEM,3.7586206896551726,0.6666666666666666
-4.05,0.8799872793156204,21.028518294711976,-0.07068965517241382,-0.2580459770114942,8.491465042843506,1.6649500912710564,2023,75%,MIA,-0.45,0.5454545454545454
9.438983050847458,0.019642560808442427,21.485289326632838,-0.10000000000000009,-0.033333333333333326,8.284756593190435,2.084918271810063,2023,75%,MIL,3.6610169491525424,0.6956521739130435
-2.006451612903226,-0.2283904874046349,19.99365184452499,0.049425287356321845,-0.1040229885057471,8.305484017727691,2.2562568738330073,2023,75%,MIN,-0.1935483870967742,0.55
-3.7,-0.5513668120136604,20.018143857256803,-0.30402298850574716,-0.0339080459770115,8.90815361332152,1.5073799909031358,2023,75%,NOP,1.3,0.5454545454545454
2.2049180327868854,0.1646324348422777,20.81399367407448,-0.18735632183908058,-0.0367816091954023,7.97349996402463,1.942001770366909,2023,75%,NYK,2.2950819672131146,0.6190476190476191
1.2762711864406782,0.2606157073758162,20.17540803361145,0.2712643678160919,-0.13390804597701145,8.983565234427923,1.6186172884737189,2023,75%,OKC,1.423728813559322,0.5217391304347826
4.283333333333333,-0.1886769797959718,19.87554603717197,0.05287356321839082,-0.20804597701149424,7.884952945759814,2.3673710647256576,2023,75%,ORL,-2.683333333333333,0.4090909090909091
-0.01379310344827589,,,0.10000000000000003,-0.050000000000000044,8.340933226000878,,2023,75%,PHI,3.913793103448276,0.625
0.8081967213114751,0.10490811233343637,20.912946958757495,0.11264367816091958,-0.04712643678160933,8.766082459148864,1.7048243802117211,2023,75%,PHX,1.4918032786885247,0.5714285714285714
-3.6593220338983046,-0.20810158162175685,19.96430983899222,0.3275862068965517,-0.18908045977011495,8.026823576217629,2.0651980769472504,2023,75%,POR,-0.4406779661016949,0.21739130434782608
-2.4084745762711863,-0.2818308539887432,19.963868824542104,-0.014367816091954033,-0.016091954022988464,6.853299093186078,2.2367846915923297,2023,75%,SAC,2.5084745762711864,0.6086956521739131
-4.666666666666666,-0.4831962922700521,20.26984470521598,-0.01666666666666672,-0.24137931034482762,7.746732907753622,1.9641395815939517,2023,75%,SAS,-10.433333333333334,0.36363636363636365
3.0666666666666664,-0.33129646665444473,20.630071184786615,-0.014942528735632177,-0.08103448275862063,8.66681936537205,1.967826682425252,2023,75%,TOR,0.9333333333333333,0.5454545454545454
-3.644262295081967,0.3667379713993083,20.90136389209723,0.2511494252873564,-0.13275862068965516,8.701180027529253,1.9603998689731572,2023,75%,UTA,0.3442622950819672,0.3333333333333333
3.2135593220338983,0.2763666262872342,20.274948281185395,-0.033908045977011525,-0.13735632183908053,8.168486417126681,2.1808301543637216,2023,75%,WAS,0.1864406779661017,0.30434782608695654
,,20.27426276220682,,-0.0,6.208590026096629,1.7840896787329146,2024,preseason,ATL,,0.43902439024390244
,,21.477007929404976,,-0.0,8.069029328774958,1.870975072180357,2024,preseason,BKN,,0.3902439024390244
,,21.949891399823315,,-0.0,7.99260665240021,1.8688470412127831,2024,preseason,BOS,,0.7804878048780488
,,20.364303919485238,,-0.0,4.189654742026425,2.539125739643718,2024,preseason,CHA,,0.25609756097560976
,,21.149644039885636,,-0.0,6.846943139585379,1.88728960356688,2024,preseason,CHI,,0.47560975609756095
,,20.509650475578496,,-0.0,8.239593454305968,2.0265491787304164,2024,preseason,CLE,,0.5853658536585366
,,20.92418616841652,,-0.0,7.392647520721623,2.123360916553226,2024,preseason,DAL,,0.6097560975609756
,,20.88008301725965,,-0.0,7.284134806195205,1.8039770098177619,2024,preseason,DEN,,0.6951219512195121
,,20.152691498647272,,-0.0,6.738152494595957,1.9144933173940653,2024,preseason,DET,,0.17073170731707318
,,22.14684546655065,,-0.0,8.239593454305968,1.8178876119803338,2024,preseason,GSW,,0.5609756097560976
,,20.310711990128695,,-0.0,7.460490305825338,2.4581922846113415,2024,preseason,HOU,,0.5
,,19.69151443162893,,-0.0,6.967909201801884,2.198014341325902,2024,preseason,IND,,0.5662650602409639
,,20.932501930465754,,-0.0,7.518607216815252,1.6716824969914468,2024,preseason,LAC,,0.6219512195121951
,,22.890315240863572,,-0.0,8.651898894268529,1.8962439418105357,2024,preseason,LAL,,0.5783132530120482
,,20.107049568668344,,-0.0,6.569481420414296,2.289448926512734,2024,preseason,MEM,,0.32926829268292684
,,21.16168865414065,,-0.0,7.786551806428712,2.1902548317290487,2024,preseason,MIA,,0.5609756097560976
,,21.510610630677963,,-0.0,8.138564737261632,1.9478184554399138,2024,preseason,MIL,,0.5975609756097561
,,20.11548498471327,,-0.0,7.291656209174461,2.029117448593545,2024,preseason,MIN,,0.6829268292682927
,,19.90389599336678,,-0.0,7.9966538754626075,1.7894658491140298,2024,preseason,NOP,,0.5975609756097561
,,20.893457158464003,,-0.0,7.3833681469923835,1.6220210030069688,2024,preseason,NYK,,0.6097560975609756
,,20.075124669631457,,-0.0,8.014004994779459,2.1466680277675154,2024,preseason,OKC,,0.6951219512195121
,,19.79091726087257,,-0.0,6.532334292222349,1.8574663239965825,2024,preseason,ORL,,0.573170731707317
,,,,-0.0,7.575584651557793,,2024,preseason,PHI,,0.573170731707317
,,21.102976172512292,,-0.0,8.070593539949519,1.6192110432350058,2024,preseason,PHX,,0.5975609756097561
,,19.971168143646977,,-0.0,8.124743020385568,1.5865672079931823,2024,preseason,POR,,0.25609756097560976
,,20.205816531304936,,-0.0,6.731018100482083,1.8602698334322914,2024,preseason,SAC,,0.5609756097560976
,,20.386127945623628,,-0.0,6.46302945692067,1.8606774678154034,2024,preseason,SAS,,0.2682926829268293
,,20.45564270183195,,-0.0,7.904334842085095,1.6941320088987355,2024,preseason,TOR,,0.3048780487804878
,,20.479206854131178,,-0.0,7.199678345691172,1.8807812666365114,2024,preseason,UTA,,0.3780487804878049
,,20.214309200759445,,-0.0,5.942799375126701,2.060344550923292,2024,preseason,WAS,,0.18292682926829268
-3.3,0.056632194034929695,20.26361389275494,0.01091954022988506,-0.01091954022988506,7.81156848934518,2.0573221815208576,2024,25%,ATL,0.3,0.43548387096774194
2.6999999999999997,-0.16192547484686592,21.453753550594357,-0.11954022988505753,-0.11954022988505753,8.666302614004078,1.5871853515769925,2024,25%,BKN,2.6,0.3387096774193548
-5.300000000000001,0.49450034742351856,21.943461955104276,0.06896551724137923,-0.06896551724137923,8.68270762989381,2.0131094909821807,2024,25%,BOS,8.4,0.7903225806451613
-1.3263157894736857,0.320900391758358,20.332149181887182,-0.18965517241379315,-0.18965517241379315,5.902633333401366,1.8988734695809897,2024,25%,CHA,-8.473684210526315,0.23809523809523808
-1.1181818181818182,0.3922133882955271,21.13182897775827,-0.03448275862068961,-0.03448275862068961,8.337827262447915,1.778458973357458,2024,25%,CHI,-4.681818181818182,0.5166666666666667
1.9571428571428573,-0.5493004780159719,20.504279989630838,-0.15402298850574708,-0.15402298850574708,8.85366542803745,2.0016148000717284,2024,25%,CLE,0.14285714285714285,0.5901639344262295
-3.8000000000000003,0.9746122222201944,20.95908396683453,0.39137931034482765,-0.39137931034482765,8.421342865759403,1.878466481182532,2024,25%,DAL,2.7,0.6129032258064516
-4.3,0.09949022382881412,20.905489774284746,-0.20402298850574718,-0.20402298850574718,8.39049553837028,2.1296004347620197,2024,25%,DEN,3.5,0.7166666666666667
-5.2095238095238106,-0.22387983114997922,20.15212844671808,0.10747126436781612,-0.10747126436781612,8.008032846969307,2.0568827257783813,2024,25%,DET,-9.19047619047619,0.19672131147540983
-2.323809523809524,-0.16377756485388506,22.140078523273786,-0.0005747126436782546,-0.0005747126436782546,8.856945756159021,2.3483269394304394,2024,25%,GSW,0.5238095238095238,0.5901639344262295
-1.8666666666666665,0.26179986982644377,20.302158060212953,0.11379310344827587,-0.11379310344827587,7.977625098784593,1.8781026275038397,2024,25%,HOU,3.1666666666666665,0.5
-1.1105263157894738,0.2955037740648336,19.72922700049748,0.25689655172413794,-0.25689655172413794,8.391176350832751,1.7221537128148539,2024,25%,IND,3.210526315789474,0.5625
2.05,0.1808563614781875,20.963036688831302,0.09770114942528729,-0.09770114942528729,8.443331342817782,1.9704458752493437,2024,25%,LAC,3.55,0.6612903225806451
2.7727272727272725,0.3917935141549499,22.86017157908543,-0.016666666666666607,-0.016666666666666607,9.354094335620879,2.111082964126179,2024,25%,LAL,-0.7727272727272727,0.5737704918032787
0.5,-1.178393194058865,20.116176175625537,-0.10114942528735632,-0.10114942528735632,7.653494909661253,2.431552420845837,2024,25%,MEM,-5.0,0.3387096774193548
1.8238095238095235,-0.22035490591864537,21.15579340015751,-0.18563218390804592,-0.18563218390804592,8.557951183888406,1.9123764384826671,2024,25%,MIA,1.4761904761904763,0.5573770491803278
5.199999999999999,0.264951159094608,21.51249769026402,-0.21724137931034482,-0.21724137931034482,8.169053149927343,1.848887789238621,2024,25%,MIL,4.0,0.5573770491803278
-2.0,-0.7129078034415601,20.112886068223773,0.271264367816092,-0.271264367816092,8.169053149927343,2.0165893854862036,2024,25%,MIN,7.0,0.6451612903225806
5.972727272727273,-0.16034251894671003,19.905062113282884,0.2224137931034483,-0.2224137931034483,8.67368398817567,1.6331070475764102,2024,25%,NOP,1.2272727272727273,0.6166666666666667
-0.15000000000000036,0.24940218642519923,20.886407808257324,0.017241379310344862,-0.017241379310344862,8.414717399827001,1.5469680209661127,2024,25%,NYK,3.95,0.6129032258064516
5.699999999999999,-1.1657915723803298,20.097794835874915,0.3206896551724139,-0.3206896551724139,8.87458787627932,1.8990984689547832,2024,25%,OKC,7.5,0.7096774193548387
2.1809523809523808,1.0688001071226854,19.824980118431156,0.3063218390804598,-0.3063218390804598,8.263074835802596,1.937342349428958,2024,25%,ORL,3.619047619047619,0.5409836065573771
-2.6000000000000005,,,0.016666666666666663,-0.016666666666666663,8.436200032206706,,2024,25%,PHI,6.9,0.5483870967741935
1.380952380952381,0.1483542286564305,21.11496196801837,-0.2833333333333333,-0.2833333333333333,8.259716961021523,1.9215060431968085,2024,25%,PHX,2.619047619047619,0.6065573770491803
-0.3000000000000007,-0.7015560274051317,19.985480520517257,-0.693103448275862,-0.693103448275862,7.937017489515454,1.9419119146808614,2024,25%,POR,-6.6,0.24193548387096775
0.23684210526315785,0.114725881076858,20.239575325009522,0.3390804597701149,-0.3390804597701149,8.113426639943654,2.024071075884547,2024,25%,SAC,-0.7368421052631579,0.5555555555555556
-1.0,0.21198238545864356,20.422685486055965,-0.08390804597701146,-0.08390804597701146,7.622174594817622,1.8679191255632104,2024,25%,SAS,-12.2,0.3064516129032258
0.7666666666666667,0.4524856766742761,20.43878463042315,-0.13678160919540228,-0.13678160919540228,8.833171133022866,1.7115568004219863,2024,25%,TOR,-1.6666666666666667,0.26229508196721313
-3.223809523809523,-0.2408629865974009,20.48045662171012,-0.05287356321839082,-0.05287356321839082,8.5016733797582,1.956393177708881,2024,25%,UTA,-8.476190476190476,0.39344262295081966
-0.9499999999999993,0.8155870342194652,20.209437258200296,-0.067816091954023,-0.067816091954023,6.884486652042782,1.9338579452193119,2024,25%,WAS,-8.15,0.1935483870967742
-4.775,0.2058161060678158,20.24742409736195,-0.09425287356321839,-0.08333333333333333,7.549609165154532,1.867467420950849,2024,50%,ATL,-2.025,0.4523809523809524
-7.374999999999999,-0.5196696130769638,21.38268188705287,0.13850574712643682,-0.018965517241379293,8.256866848974312,2.080689146825767,2024,50%,BKN,-1.825,0.38095238095238093
0.6999999999999993,-0.08388279881736582,21.94702130485765,0.03505747126436787,-0.1040229885057471,8.535425959677298,1.8415007333489066,2024,50%,BOS,10.0,0.7804878048780488
-4.4263157894736835,-0.12726500271367447,20.314146662544346,-0.03333333333333338,-0.22298850574712653,6.156978985585555,1.6432798021186845,2024,50%,CHA,-11.973684210526315,0.29545454545454547
1.53953488372093,0.2418767038461549,21.127667528633694,-0.03448275862068961,-0.06896551724137923,8.036573409707312,2.050335597068538,2024,50%,CHI,-2.13953488372093,0.48717948717948717
10.492307692307694,-0.1732429667826662,20.481619164471176,-0.06954022988505748,-0.22356321839080456,8.730043953245016,2.0120492707791406,2024,50%,CLE,3.3076923076923075,0.5581395348837209
-0.09523809523809534,-0.00857700832448205,20.964155948012777,-0.19597701149425295,-0.1954022988505747,8.309676895987726,2.1678015870369163,2024,50%,DAL,1.0952380952380953,0.65
-0.052380952380952195,0.452435125773101,20.928204224625734,0.0672413793103448,-0.1367816091954024,8.360773272144936,1.9115139535742696,2024,50%,DEN,4.9523809523809526,0.725
1.9317073170731707,-0.8373206168796065,20.223503012430335,0.4511494252873564,-0.5586206896551725,8.161660452056282,2.1022695450970668,2024,50%,DET,-10.731707317073171,0.24390243902439024
-6.7,0.2639787819595516,22.15072199586662,-0.06781609195402294,-0.0683908045977012,8.463370384718731,2.036882244830722,2024,50%,GSW,-1.0,0.6666666666666666
-6.05,-0.0556893153026522,20.2471760108504,-0.23908045977011494,-0.12528735632183907,7.555905093611346,1.8918185744489733,2024,50%,HOU,0.55,0.5238095238095238
1.7666666666666668,0.3891086110778571,19.782221173331656,-0.06896551724137928,-0.18793103448275864,8.409385238781931,1.8398708577351088,2024,50%,IND,1.8333333333333333,0.5609756097560976
4.275,0.2043750314241218,20.96570372630404,-0.050000000000000044,-0.04770114942528725,8.32579052588609,2.014257191182159,2024,50%,LAC,5.625,0.5952380952380952
-4.0488372093023255,0.8195365841106999,22.853252963175542,0.016666666666666607,-0.0,9.240190393945069,2.2281886781191353,2024,50%,LAL,-0.6511627906976745,0.65
3.4195121951219516,-0.9120931810782595,20.133315427592436,0.18965517241379312,-0.0885057471264368,7.914617709040679,1.9845634394868192,2024,50%,MEM,-5.219512195121951,0.2926829268292683
-3.758536585365854,0.5533487953894226,21.141000576636984,-0.021264367816091978,-0.2068965517241379,8.361007108226909,2.148322749359185,2024,50%,MIA,0.6585365853658537,0.5365853658536586
-6.326829268292682,0.5351686673382334,21.52040624071763,-0.0011494252873562871,-0.2183908045977011,8.061802274538348,2.19288433421965,2024,50%,MIL,3.926829268292683,0.5121951219512195
0.5512195121951216,-0.12273741734370491,20.128988798705294,-0.10172413793103452,-0.16954022988505746,7.806289289267033,1.9082281141308088,2024,50%,MIN,6.048780487804878,0.6341463414634146
7.566666666666667,0.09882130692481944,19.887543862863268,-0.13793103448275865,-0.08448275862068966,8.379997952238393,1.7233718542028849,2024,50%,NOP,4.833333333333333,0.6
8.428571428571429,-0.04623893765554499,20.898844196667355,0.22011494252873565,-0.2373563218390805,8.475537516147405,1.842010249152731,2024,50%,NYK,4.071428571428571,0.625
-1.246341463414634,-0.5383642739697971,20.095146171033853,-0.14367816091954033,-0.17701149425287355,8.639410824140487,1.7532373062572253,2024,50%,OKC,8.146341463414634,0.7073170731707317
-4.778048780487805,0.6818203432942023,19.839483812770705,-0.07068965517241377,-0.23563218390804602,7.99260665240021,2.120089877003124,2024,50%,ORL,0.8780487804878049,0.6097560975609756
-7.751282051282051,,,-0.11666666666666664,-0.09999999999999998,8.071218539969863,,2024,50%,PHI,8.051282051282051,0.4883720930232558
3.0,-0.13985245050359063,21.128435212108553,-0.1540229885057472,-0.4373563218390805,8.11552088154677,1.9938798569548897,2024,50%,PHX,1.5,0.6428571428571429
-10.0,-0.6288985055961779,19.992407146333687,0.0339080459770115,-0.6591954022988505,7.918264686095274,1.8621669220129378,2024,50%,POR,-9.5,0.23809523809523808
-1.5682926829268293,-0.19085312762983475,20.269271879986924,-0.30517241379310345,-0.03390804597701147,8.101980731853192,2.010369081121588,2024,50%,SAC,0.2682926829268293,0.5609756097560976
6.375,-0.11150305918190218,20.41731528305726,-0.08390804597701146,-0.16781609195402292,7.498315870766981,1.998417302029326,2024,50%,SAS,-9.375,0.35714285714285715
0.10952380952380958,-0.1241908010017192,20.451368629106383,0.4419540229885057,-0.30517241379310345,8.606851063346772,1.918754102753733,2024,50%,TOR,-1.3095238095238095,0.225
12.965116279069768,-0.26861058601423415,20.48992484058418,0.3097701149425287,-0.2568965517241379,8.447199819595703,1.778138388515919,2024,50%,UTA,-1.4651162790697674,0.23076923076923078
1.5500000000000007,0.5908701897070296,20.197638666047343,0.08563218390804594,-0.01781609195402295,6.416732282512326,1.8066211516033899,2024,50%,WAS,-9.65,0.19047619047619047
0.535593220338983,0.03522103016467659,20.240295451455296,0.15459770114942528,-0.07126436781609197,7.660585461703256,2.06084722959942,2024,75%,ATL,-2.135593220338983,0.43478260869565216
-6.7101694915254235,-0.14619114204349348,21.321958799445415,0.06494252873563222,-0.08390804597701151,8.549660381553739,1.6858340136114691,2024,75%,BKN,-2.389830508474576,0.391304347826087
8.371186440677967,0.4715971211647673,21.960741837204843,-0.0005747126436781436,-0.10344827586206895,8.440528106480752,1.9670449381533035,2024,75%,BOS,10.728813559322035,0.7391304347826086
6.083333333333332,-0.24999452734623984,20.321671692116045,0.22241379310344828,-0.0005747126436782546,6.543911845564792,2.0078573370946264,2024,75%,CHA,-10.483333333333333,0.2727272727272727
0.3833333333333333,0.11731079964570137,21.12379584352903,0.03448275862068961,-0.03448275862068961,7.917900586327916,2.1714100756168997,2024,75%,CHI,-1.4833333333333334,0.5
-0.4677966101694917,-0.014745228633622195,20.47262707943621,0.10172413793103446,-0.1218390804597701,8.96469555531546,1.9117192309703297,2024,75%,CLE,5.067796610169491,0.391304347826087
5.316666666666666,0.2114386507467901,20.959021627040002,-0.06034482758620685,-0.13505747126436785,8.386400901166214,1.861971024620144,2024,75%,DAL,0.7833333333333333,0.7272727272727273
0.33333333333333304,0.2356183380459565,20.940054962551613,-0.10344827586206895,-0.24022988505747134,8.121183242078828,1.9413500255467282,2024,75%,DEN,4.166666666666667,0.7272727272727273
5.077966101694916,-0.9885240321051545,20.233344015706162,-0.13333333333333341,-0.4252873563218391,7.763871287820222,2.0265176551306654,2024,75%,DET,-8.677966101694915,0.21739130434782608
5.0288135593220336,0.4646191540548993,22.150657941320304,0.0683908045977012,-0.0,8.811652248147043,1.8859957106834424,2024,75%,GSW,2.2711864406779663,0.6086956521739131
-7.04406779661017,-0.2574386542545007,20.236104776558697,-0.15,-0.2752873563218391,7.485491608030754,2.0140384170797994,2024,75%,HOU,-0.3559322033898305,0.6956521739130435
-1.4258064516129032,0.09480080864079479,19.82169122002052,0.20574712643678156,-0.3936781609195402,8.383433201236713,2.05380572119424,2024,75%,IND,1.2258064516129032,0.6190476190476191
-7.596551724137931,0.30209694524387565,21.00026279522695,0.1522988505747127,-0.19999999999999996,8.59711281459211,1.982553638200834,2024,75%,LAC,4.896551724137931,0.5416666666666666
3.0451612903225804,0.40829083938755584,22.847789171400667,0.0,-0.0,9.196444266784072,2.4519219222861106,2024,75%,LAL,-0.14516129032258066,0.6666666666666666
-2.8,-1.0357976613393536,20.143700946734803,-0.20689655172413796,-0.11839080459770115,7.134890851565884,2.0972038170776273,2024,75%,MEM,-6.7,0.3181818181818182
7.672881355932204,0.35224159792473564,21.13533512163276,0.07011494252873551,-0.1367816091954024,8.429672593886743,2.2599792643404326,2024,75%,MIA,0.6271186440677966,0.5652173913043478
4.773770491803278,0.1456640439892876,21.545554321380102,0.10057471264367801,-0.1178160919540231,7.898039690764619,2.13664181305995,2024,75%,MIL,4.426229508196721,0.42857142857142855
4.1499999999999995,0.061732668249286186,20.125226654257137,0.08678160919540234,-0.2563218390804598,7.919719760924575,1.9211415408250736,2024,75%,MIN,7.05,0.6363636363636364
0.6590163934426227,-0.3566865087278876,19.86875716303831,-0.04999999999999999,-0.03448275862068967,8.240648863374913,1.7737477054284179,2024,75%,NOP,4.540983606557377,0.6190476190476191
-10.633333333333333,-0.06673523776274054,20.895138309142986,-0.12126436781609196,-0.11609195402298855,8.234830280442056,1.9909284421568108,2024,75%,NYK,3.6333333333333333,0.6818181818181818
-0.615254237288136,0.08604828179462683,20.129225748035253,-0.0775862068965516,-0.09942528735632195,8.479906606630221,1.842464574950248,2024,75%,OKC,7.915254237288136,0.6956521739130435
1.5333333333333332,0.8974622328217368,19.866467341655962,0.016091954022988464,-0.2517241379310345,7.8083230503910555,2.1094611257226785,2024,75%,ORL,1.2666666666666666,0.5909090909090909
-9.85593220338983,,,0.11666666666666664,-0.016666666666666663,8.442254104751743,,2024,75%,PHI,3.3559322033898304,0.5652173913043478
4.049152542372881,-0.7849428908456726,21.138517677910517,0.17126436781609194,-0.2660919540229886,7.798112628829788,2.236423629010634,2024,75%,PHX,3.0508474576271185,0.6086956521739131
-0.9379310344827587,-0.5374720807031284,19.982680740920983,-0.1028735632183908,-0.7620689655172413,7.914252278742441,2.2200254470884393,2024,75%,POR,-8.362068965517242,0.20833333333333334
-0.9220338983050846,0.01791080838475005,20.268241829140678,-0.17011494252873566,-0.1362068965517242,7.984462732262196,1.8769534686930291,2024,75%,SAC,0.3220338983050847,0.5217391304347826
1.1000000000000005,0.18916902921534462,20.427605902529198,0.016666666666666607,-0.1511494252873563,7.473637108496206,1.8742344496710424,2024,75%,SAS,-8.3,0.45454545454545453
0.5666666666666669,0.38731980431878155,20.43048021713384,-0.3373563218390805,-0.03218390804597704,8.48879371689454,1.9433579462487176,2024,75%,TOR,-3.3666666666666667,0.13636363636363635
-2.8000000000000003,0.2387918524214438,20.459563005408523,-0.10229885057471261,-0.15459770114942528,8.36287583103188,1.7675366562579067,2024,75%,UTA,-2.9,0.18181818181818182
-3.4000000000000004,0.6519926685885062,20.187888940881795,0.03333333333333338,-0.05114942528735633,7.017506142941256,1.657305400894427,2024,75%,WAS,-10.0,0.2727272727272727
,,19.97869083682145,,-0.0,5.834810737062605,1.8278352636829567,2025,preseason,ATL,,0.4878048780487805
,,21.009817784209865,,-0.0,7.160845906664299,1.8503834967541972,2025,preseason,BKN,,0.3170731707317073
,,22.22294130773244,,-0.0,7.646831391430482,1.9032377019682953,2025,preseason,BOS,,0.7439024390243902
,,20.33077853124423,,-0.0,5.556828061699537,1.8100955571876522,2025,preseason,CHA,,0.23170731707317074
,,21.09386496965773,,-0.0,6.894670039433482,2.1327204530341652,2025,preseason,CHI,,0.47560975609756095
,,20.53418560221902,,-0.0,8.215006432761575,1.8449623301691742,2025,preseason,CLE,,0.7804878048780488
,,21.229136638701632,,-0.0,7.164720378771857,2.1899833076328163,2025,preseason,DAL,,0.47560975609756095
,,21.089005949578958,,-0.0,6.880384082186005,1.7363937579863993,2025,preseason,DEN,,0.6097560975609756
,,20.19525071585553,,-0.0,6.720220155135295,1.8391470865576063,2025,preseason,DET,,0.5365853658536586
,,22.204681258493288,,-0.0,7.693937325509272,1.9594203876422112,2025,preseason,GSW,,0.5853658536585366
,,20.195126496531838,,-0.0,6.569481420414296,2.1435527405825145,2025,preseason,HOU,,0.6341463414634146
,,19.9862481236037,,-0.0,6.654152520183219,1.6300597291019372,2025,preseason,IND,,0.6097560975609756
,,21.055399813850897,,-0.0,7.3914152346753585,2.2360762537809644,2025,preseason,LAC,,0.6097560975609756
,,22.857418729044866,,-0.0,8.696008608880904,2.0336813113303784,2025,preseason,LAL,,0.6097560975609756
,,20.15597481038269,,-0.0,6.513230110912307,2.0264164327379817,2025,preseason,MEM,,0.5853658536585366
,,21.147985377489423,,-0.0,6.930494765951626,2.0211504721304645,2025,preseason,MIA,,0.45121951219512196
,,21.09026380660093,,-0.0,7.267525427828172,1.9096422987482047,2025,preseason,MIL,,0.5903614457831325
,,20.458775465979013,,-0.0,7.594381242551817,1.6610616156039562,2025,preseason,MIN,,0.5975609756097561
,,19.894279581687492,,-0.0,7.338238150065589,1.7849807439351657,2025,preseason,NOP,,0.25609756097560976
,,20.996127896412098,,-0.0,7.67275789664251,1.9265668858844691,2025,preseason,NYK,,0.6219512195121951
,,20.239939895480052,,-0.0,7.848153086199526,1.7610706561702247,2025,preseason,OKC,,0.8192771084337349
,,19.91202958705037,,-0.0,6.705639094860003,2.2591195392174677,2025,preseason,ORL,,0.5
,,,,-0.0,7.410347097821024,,2025,preseason,PHI,,0.2926829268292683
,,20.762787315971718,,-0.0,7.523481312573497,1.6585963034019773,2025,preseason,PHX,,0.43902439024390244
,,19.886231740576342,,-0.0,6.385194398997726,1.9328898588675376,2025,preseason,POR,,0.43902439024390244
,,20.354551900216492,,-0.0,6.771935555839602,1.6140019146577624,2025,preseason,SAC,,0.4878048780487805
,,20.419158215409187,,-0.0,6.918695219020472,2.1654395528619155,2025,preseason,SAS,,0.4146341463414634
,,20.383843194532112,,-0.0,7.3453648404168685,2.175880993965122,2025,preseason,TOR,,0.36585365853658536
,,20.31840564135235,,-0.0,7.025538314638521,1.6989044626677348,2025,preseason,UTA,,0.2073170731707317
,,20.092351952717614,,-0.0,6.052089168924417,1.9359271634241957,2025,preseason,WAS,,0.21951219512195122
2.482608695652174,0.18606233831761637,19.98179448008895,-0.13505747126436785,-0.13505747126436785,7.668093709082406,1.6536305102225872,2025,25%,ATL,-1.7826086956521738,0.4745762711864407
-1.204347826086957,-0.0690405531474394,20.979251525804017,-0.015517241379310376,-0.015517241379310376,8.207401833376355,1.9138872435294,2025,25%,BKN,-3.6956521739130435,0.2711864406779661
0.8272727272727263,0.5408939613575631,22.233288722300458,0.03390804597701158,-0.03390804597701158,8.536211197252,2.101109955242528,2025,25%,BOS,10.272727272727273,0.7166666666666667
0.36666666666666714,0.09391352272046094,20.30627626859456,0.13678160919540233,-0.13678160919540233,7.023758954738443,1.8575565826430132,2025,25%,CHA,-4.666666666666667,0.21311475409836064
0.8181818181818183,0.31252539682813363,21.060831429551037,-0.1040229885057472,-0.1040229885057472,8.01102337918644,2.010971984174347,2025,25%,CHI,-4.318181818181818,0.5
-1.8000000000000007,-0.253211001444666,20.54842217942467,0.385632183908046,-0.385632183908046,8.857372832825773,2.0883470726879447,2025,25%,CLE,10.5,0.75
4.1909090909090905,0.3464003001662858,21.252752180967715,0.06954022988505748,-0.06954022988505748,8.063062911326792,2.0841949551273458,2025,25%,DAL,6.409090909090909,0.4166666666666667
-1.1368421052631579,0.36160591134507236,21.09972720338811,-0.403448275862069,-0.403448275862069,7.844240718141811,2.2195699753250944,2025,25%,DEN,1.736842105263158,0.6190476190476191
-1.2999999999999998,-0.17049575278449258,20.185713627826424,-0.067816091954023,-0.067816091954023,7.527793987721444,1.8204491619807845,2025,25%,DET,-3.0,0.603448275862069
-6.05,0.6530479793135828,22.188559271341767,0.07816091954022986,-0.07816091954022986,8.529319371214077,2.111289183131449,2025,25%,GSW,5.85,0.5806451612903226
2.745454545454545,0.4464697903853884,20.184652914073823,0.25689655172413794,-0.25689655172413794,7.711101251840158,1.7681238538717603,2025,25%,HOU,7.454545454545454,0.6166666666666667
-2.817391304347826,0.24866767246153038,19.973394638602745,-0.15517241379310343,-0.15517241379310343,7.889084407035514,1.952898870086498,2025,25%,IND,-4.782608695652174,0.6949152542372882
2.7666666666666666,0.5969857737827501,21.092699221076284,0.01724137931034475,-0.01724137931034475,8.169902647359145,1.9378193411646158,2025,25%,LAC,1.8333333333333333,0.6206896551724138
-5.827272727272727,0.18165616809958923,22.841351531190867,0.016666666666666607,-0.016666666666666607,9.036938912556787,2.290753455175234,2025,25%,LAL,-4.2727272727272725,0.6333333333333333
-0.03636363636363704,-1.0713073789497436,20.176020204114252,0.08678160919540229,-0.08678160919540229,7.438971592395862,2.2921933685047478,2025,25%,MEM,8.136363636363637,0.5666666666666667
3.3,-0.09896582163426981,21.14327061188984,-0.10057471264367818,-0.10057471264367818,7.908387159290043,1.9570441798632647,2025,25%,MIA,2.3,0.43548387096774194
4.904761904761905,0.2548503443135685,21.085803092332156,0.17183908045977003,-0.17183908045977003,8.31996102188653,1.9582756647444814,2025,25%,MIL,1.0952380952380953,0.6129032258064516
-0.17619047619047645,-0.29441097739709154,20.489258674213687,-0.3258620689655173,-0.3258620689655173,8.03398273468322,1.7023764444419207,2025,25%,MIN,3.4761904761904763,0.6229508196721312
-2.9727272727272727,-0.5215321334366875,19.890795209026354,0.06609195402298848,-0.06609195402298848,8.253488028345904,1.9665796459859748,2025,25%,NOP,-12.727272727272727,0.2833333333333333
3.4380952380952374,0.27945076945142266,20.996057492623628,-0.23793103448275854,-0.23793103448275854,7.8898337513942955,1.9191144286005737,2025,25%,NYK,6.761904761904762,0.6229508196721312
-1.5095238095238095,-0.4880321753321777,20.25228324638495,0.20287356321839078,-0.20287356321839078,8.712759974960212,1.9073537498540296,2025,25%,OKC,10.80952380952381,0.8387096774193549
0.7666666666666666,0.6333092223174666,19.923102679004856,0.049425287356321845,-0.049425287356321845,7.965198290612176,2.204937179982733,2025,25%,ORL,4.833333333333333,0.43103448275862066
1.7999999999999998,,,0.04999999999999999,-0.04999999999999999,8.111328003286733,,2025,25%,PHI,-6.2,0.3064516129032258
-2.25,-0.009252273144249368,20.75653066598806,-0.17931034482758623,-0.17931034482758623,8.173011311724972,1.9816121784868046,2025,25%,PHX,-0.15,0.3870967741935484
1.036363636363637,-1.0682898172849935,19.884271788668983,-0.085632183908046,-0.085632183908046,7.620705086838262,2.0508888431401924,2025,25%,POR,-8.136363636363637,0.4666666666666667
-4.036363636363636,0.43084645538491906,20.362528327662254,0.2580459770114943,-0.2580459770114943,7.837948916025283,1.6480018641350467,2025,25%,SAC,0.6363636363636364,0.5
-0.10952380952380952,0.30584758028868,20.44959645771272,0.20287356321839078,-0.20287356321839078,8.176391596633795,1.9465585110503445,2025,25%,SAS,-0.19047619047619047,0.3770491803278688
5.618181818181818,-0.08268688390117052,20.380863872052913,-0.1873563218390804,-0.1873563218390804,8.217978203150732,2.1637101420988025,2025,25%,TOR,-3.3181818181818183,0.38333333333333336
1.7333333333333343,0.0744066078339033,20.327793163131375,-0.06666666666666665,-0.06666666666666665,8.128585200374497,1.8262589418281756,2025,25%,UTA,-10.333333333333334,0.21311475409836064
-1.9578947368421051,1.0135795541294823,20.075553761474406,-0.01839080459770112,-0.01839080459770112,6.828712071641684,1.9132909786945358,2025,25%,WAS,-15.842105263157896,0.25396825396825395
2.05,-1.0157515996913027,19.973864663384216,-0.1028735632183908,-0.23793103448275865,7.392031567514591,1.7786246557645484,2025,50%,ATL,-1.95,0.4523809523809524
-6.302439024390244,-0.27384302198340815,20.946123915156292,0.13735632183908053,-0.12183908045977015,8.175547596021026,1.7050520166375362,2025,50%,BKN,-7.097560975609756,0.2926829268292683
-0.9500000000000002,0.10482921942230419,22.22894999964636,-0.13735632183908053,-0.10344827586206895,8.453614209773367,2.058570778357676,2025,50%,BOS,8.75,0.7857142857142857
0.8918918918918921,-1.4951378836712026,20.33109871130771,0.27586206896551724,-0.41264367816091957,6.530877627725885,1.7431618079171942,2025,50%,CHA,-5.891891891891892,0.2222222222222222
3.1731707317073172,0.44915735952588304,21.025670597252606,-0.03505747126436776,-0.13908045977011496,8.082402253926244,2.318879823017622,2025,50%,CHI,-3.073170731707317,0.5121951219512195
-4.65,-0.6544320927752822,20.533843393261947,-0.20402298850574718,-0.1816091954022988,8.898365606955357,2.0960998579214953,2025,50%,CLE,10.05,0.7142857142857143
-9.263414634146342,-0.9830489369236547,21.25806619402574,-0.09885057471264369,-0.02931034482758621,8.358666283188,2.36549048850112,2025,50%,DAL,3.4634146341463414,0.4146341463414634
3.8,-0.33787258468934434,21.112392380722966,0.23965517241379314,-0.16379310344827586,8.176110342237342,2.0615343185206383,2025,50%,DEN,4.0,0.6190476190476191
4.3951219512195125,0.013444666998412458,20.190656961210415,-0.018965517241379293,-0.08678160919540229,7.741099090035366,1.7711957861602947,2025,50%,DET,-1.1951219512195121,0.5609756097560976
-3.275,0.5689824948250715,22.170966558937113,0.025862068965517238,-0.1040229885057471,8.487352349405215,1.9839364872915977,2025,50%,GSW,0.375,0.6666666666666666
-2.9,-0.7062274525924305,20.204800780591214,-0.01666666666666672,-0.24022988505747125,7.607878073278507,1.9004675086245004,2025,50%,HOU,6.0,0.5952380952380952
8.69047619047619,0.20003576913974874,19.964493026016196,0.10344827586206896,-0.051724137931034475,7.989560449333865,1.9298346166285174,2025,50%,IND,0.30952380952380953,0.675
2.95,-0.008298615777964369,21.10538597971215,-0.11954022988505741,-0.10229885057471266,8.417814747435958,1.956888149974935,2025,50%,LAC,2.95,0.6428571428571429
0.6210526315789473,0.6468347474550186,22.84645404459993,0.0,-0.016666666666666607,9.081938657171658,2.515045315869637,2025,50%,LAL,-2.4210526315789473,0.6590909090909091
-7.729268292682927,-1.1558278194189244,20.165115429620975,-0.20402298850574713,-0.11724137931034484,7.171656822768514,2.0761171817928594,2025,50%,MEM,7.829268292682927,0.5365853658536586
-2.9564102564102566,-0.652553476163073,21.16051010149647,0.39252873563218393,-0.29195402298850576,8.475120414994329,2.003465452776592,2025,50%,MIA,1.2564102564102564,0.3953488372093023
2.4,-0.4089959441114016,21.084212552557332,-0.13678160919540228,-0.03505747126436776,8.399760094524142,2.2554941769049037,2025,50%,MIL,2.6,0.6046511627906976
-0.7,-0.24306569040657056,20.51194461736584,0.024137931034482807,-0.3017241379310345,8.43076346341785,1.9481483269578215,2025,50%,MIN,1.9,0.6666666666666666
8.785714285714286,-0.46280774199827535,19.885129070386814,-0.017241379310344807,-0.048850574712643674,8.063377822367027,1.7484690061627572,2025,50%,NOP,-8.785714285714286,0.275
-3.6761904761904765,0.37581006385676513,20.988472599463286,0.153448275862069,-0.08448275862068955,8.15507488781144,1.7833540724350339,2025,50%,NYK,6.476190476190476,0.6
4.507317073170732,-0.34453418337683706,20.291354907722482,0.1867816091954022,-0.389655172413793,8.67334187390617,1.8904469651441405,2025,50%,OKC,12.292682926829269,0.8095238095238095
-7.633333333333333,0.08706417104214914,19.935271147072953,0.0,-0.049425287356321845,8.07837810362652,2.156957337790929,2025,50%,ORL,0.8333333333333334,0.45
0.8410256410256411,,,-0.08333333333333331,-0.033333333333333326,8.101980731853192,,2025,50%,PHI,-3.641025641025641,0.20930232558139536
0.9749999999999999,-0.24803820393804632,20.747744944288534,-0.05287356321839076,-0.232183908045977,8.296297112642508,2.096178558451449,2025,50%,PHX,-1.275,0.38095238095238093
0.9000000000000004,-0.9185651687203041,19.881439119159573,0.0,-0.085632183908046,7.771067086065406,1.9071462297714707,2025,50%,POR,-9.0,0.5476190476190477
3.5073170731707317,-0.8702526627562392,20.381014325841793,0.14827586206896548,-0.40632183908045977,8.195609567288775,2.2737441732886357,2025,50%,SAC,2.292682926829268,0.4634146341463415
2.430769230769231,0.35170458689514683,20.459853107523205,-0.10114942528735638,-0.10172413793103441,8.153637486385282,2.0300927773955286,2025,50%,SAS,-0.23076923076923078,0.3488372093023256
-3.9073170731707307,-0.5713589980640453,20.37432786176901,-0.11781609195402298,-0.3051724137931034,8.397057390176256,2.2907975497666255,2025,50%,TOR,-7.2926829268292686,0.4878048780487805
6.566666666666667,0.43430269230972507,20.31207970235081,-0.3086206896551724,-0.37528735632183907,8.043020885298283,1.9980107597777874,2025,50%,UTA,-6.666666666666667,0.16279069767441862
-0.8717948717948723,0.6490392737370768,20.078929415855562,0.06781609195402297,-0.049425287356321845,7.280697195384741,1.9994229640768435,2025,50%,WAS,-14.128205128205128,0.27906976744186046
1.4333333333333336,0.662762576983073,19.97700291186073,0.05057471264367819,-0.18735632183908046,7.601901959875166,1.8140460304445074,2025,75%,ATL,-2.8333333333333335,0.5909090909090909
2.9542372881355936,-0.4052486958149283,20.876097270139688,-0.2885057471264368,-0.16666666666666663,8.427487278331744,1.848381694875582,2025,75%,BKN,-6.254237288135593,0.21739130434782608
-1.1833333333333336,-0.015412915903045235,22.226453020868593,0.0,-0.10344827586206895,8.311398278436641,2.016603630283007,2025,75%,BOS,8.583333333333334,0.8636363636363636
-10.682758620689654,-0.3520395175202806,20.34190148052788,-0.08735632183908049,-0.3252873563218391,5.918893854273146,1.790660771926519,2025,75%,CHA,-7.517241379310345,0.20833333333333334
-2.0166666666666666,-0.46658287579139957,21.02012679231358,0.2758620689655171,-0.13678160919540217,8.064950891749143,1.3264147947964402,2025,75%,CHI,-3.783333333333333,0.6818181818181818
3.7067796610169506,-0.43399592340778376,20.527123935821894,0.03563218390804601,-0.21724137931034482,9.08805973726735,2.0265514122728674,2025,75%,CLE,11.59322033898305,0.6521739130434783
-1.0833333333333335,-0.26093323681661496,21.383494742029708,0.28505747126436787,-0.25574712643678166,9.007979359844501,2.0026039135431244,2025,75%,DAL,1.7833333333333334,0.3181818181818182
5.7,-0.07658172934103827,21.102488061667295,-0.20689655172413796,-0.3706896551724138,8.027476530860483,1.959607756752407,2025,75%,DEN,5.3,0.5
10.2,0.04302236909774773,20.20015675029368,0.08563218390804594,-0.0011494252873563426,7.444833273892193,1.8963345539166685,2025,75%,DET,1.0,0.5
9.886440677966101,1.1594964074742147,22.15700285359918,-0.03390804597701147,-0.07011494252873562,8.908694592507015,2.131840769807932,2025,75%,GSW,1.8135593220338984,0.6956521739130435
-4.6169491525423725,-0.2886709097459737,20.190542105261056,-0.27413793103448275,-0.0339080459770115,7.819636302367592,1.819796399296331,2025,75%,HOU,4.016949152542373,0.6521739130434783
-0.43448275862068975,-0.27200689555010327,19.934454625140244,-0.017241379310344834,-0.06896551724137931,8.085486772102845,2.2228092967350443,2025,75%,IND,1.0344827586206897,0.7083333333333334
-4.752542372881356,-0.19573512336444393,21.10278190528316,-0.016666666666666607,-0.11896551724137927,8.211754397375197,1.886164115344743,2025,75%,LAC,2.152542372881356,0.782608695652174
5.548275862068965,0.25349187037479753,22.872562736148407,-0.016666666666666607,-0.0,9.571435532348406,1.9982510284904658,2025,75%,LAL,1.5517241379310345,0.5416666666666666
-5.276271186440678,-1.9032528226234806,20.159519769885435,0.07126436781609197,-0.04597701149425287,7.607878073278507,2.079252482796952,2025,75%,MEM,6.576271186440678,0.43478260869565216
-2.4,0.47710546332975057,21.15989068738898,-0.08678160919540234,-0.20517241379310341,8.585225601808064,1.9927515895080607,2025,75%,MIA,-0.5,0.375
0.40169491525423706,-0.7051860546661431,21.07653116384232,0.051724137931034475,-0.08678160919540223,8.589327789175437,2.294003941527167,2025,75%,MIL,1.8983050847457628,0.625
-2.70327868852459,-0.35137190019091513,20.50880655379309,-0.2385057471264368,-0.5402298850574713,8.52595469708481,2.084956550376086,2025,75%,MIN,2.80327868852459,0.8095238095238095
2.0,-0.5842759496489403,19.867495551147343,0.016666666666666663,-0.06551724137931034,8.752423403865594,1.4895552827655703,2025,75%,NOP,-8.0,0.22727272727272727
-9.028813559322034,-0.09770990782585046,20.968357907482314,-0.2908045977011495,-0.37528735632183907,7.998671361015776,2.088369587274434,2025,75%,NYK,4.728813559322034,0.5217391304347826
-1.1166666666666671,-0.4114750135542602,20.311889570465592,-0.08563218390804594,-0.30402298850574705,8.783242963740905,1.8477720632168066,2025,75%,OKC,12.216666666666667,0.8695652173913043
0.37213114754098364,0.15798441772264452,19.94171631901377,-0.10344827586206895,-0.054022988505747105,7.821643126239982,2.082110398150966,2025,75%,ORL,-1.6721311475409837,0.5714285714285714
-4.63103448275862,,,0.016666666666666663,-0.016666666666666663,8.058327306580958,,2025,75%,PHI,-4.568965517241379,0.16666666666666666
-2.383333333333333,0.3562020778262539,20.729616580856636,0.22183908045977008,-0.010344827586206917,8.59062950948942,2.2356400784670387,2025,75%,PHX,-1.9166666666666667,0.36363636363636365
8.616666666666667,-0.6803560143411201,19.857035351745417,-0.051724137931034475,-0.13735632183908048,7.87777633327726,1.9637352484132762,2025,75%,POR,-3.9166666666666665,0.4090909090909091
0.5724137931034481,0.18749460482368252,20.380934105249672,-0.21781609195402302,-0.18850574712643675,8.046869510959576,1.535228101236116,2025,75%,SAC,1.3275862068965518,0.4166666666666667
-2.3473684210526318,0.36212612235447167,20.484686344259863,0.23735632183908062,-0.33908045977011503,8.328209491748732,1.7098909588752156,2025,75%,SAS,-2.0526315789473686,0.4
-4.133333333333333,-0.7602765398242793,20.36156098037337,0.221264367816092,-0.0839080459770114,8.29054350077274,1.7400876241890078,2025,75%,TOR,-5.966666666666667,0.5454545454545454
-0.08305084745762681,0.1455148004856293,20.30063070739171,0.3258620689655173,-0.04942528735632179,7.911324018963353,1.7700320120832422,2025,75%,UTA,-7.016949152542373,0.08695652173913043
9.49655172413793,0.6055094186166423,20.07776207365486,0.12068965517241381,-0.17011494252873566,6.75343791859778,1.8409371495347497,2025,75%,WAS,-12.89655172413793,0.3333333333333333
,,19.92542549518032,,-0.0,6.670766320845874,1.8187071856751507,2026,preseason,ATL,,0.5609756097560976
,,20.672594957335644,,-0.0,7.403061091090091,1.9628742450925167,2026,preseason,BKN,,0.24390243902439024
,,22.03537308144896,,-0.0,8.128585200374497,2.2045721314949573,2026,preseason,BOS,,0.6829268292682927
,,20.310375516313336,,-0.0,5.342334251964811,2.0029001467049086,2026,preseason,CHA,,0.5365853658536586
,,21.010458148013235,,-0.0,6.947937068614969,2.150846077597364,2026,preseason,CHI,,0.3780487804878049
,,20.55910807190586,,-0.0,8.17103418920548,1.6374931387851681,2026,preseason,CLE,,0.6341463414634146
,,21.38293138015982,,-0.0,7.529943370601589,1.7267150625313987,2026,preseason,DAL,,0.3170731707317073
,,21.22898268144204,,-0.0,7.251344983372214,2.301530496625157,2026,preseason,DEN,,0.6585365853658537
,,20.27687535815534,,-0.0,6.483107351457199,1.853262653473181,2026,preseason,DET,,0.7317073170731707
,,21.840389693957093,,-0.0,7.775695749915245,2.1525713525940247,2026,preseason,GSW,,0.45121951219512196
,,20.322358305601465,,-0.0,7.102499355774649,1.9038387870780094,2026,preseason,HOU,,0.6341463414634146
,,20.577048835083026,,-0.0,7.247792581767846,1.8427921735991386,2026,preseason,IND,,0.23170731707317074
,,21.211748554024005,,-0.0,7.768110378525988,1.9413544246482946,2026,preseason,LAC,,0.5121951219512195
,,22.782517672320925,,-0.0,8.286017468404763,2.2096331840840646,2026,preseason,LAL,,0.6463414634146342
,,20.129314786189397,,-0.0,6.827629234502852,2.1907272293718134,2026,preseason,MEM,,0.3048780487804878
,,21.034946726981595,,-0.0,7.44716835960004,1.8123296295920033,2026,preseason,MIA,,0.524390243902439
,,20.981832378490637,,-0.0,7.553286605600419,1.7751629054126838,2026,preseason,MIL,,0.3902439024390244
,,20.647059802073358,,-0.0,7.465082736399547,1.8269122957380846,2026,preseason,MIN,,0.5975609756097561
,,19.772857976662742,,-0.0,7.20934025660291,1.7185098103523597,2026,preseason,NOP,,0.3170731707317073
,,21.310294009068198,,-0.0,7.1569563646156364,2.1938751379382055,2026,preseason,NYK,,0.6506024096385542
,,20.974401230752704,,-0.0,7.786551806428712,1.8640639453282286,2026,preseason,OKC,,0.7804878048780488
,,19.99138403775151,,-0.0,6.678342114654332,2.1966457994296067,2026,preseason,ORL,,0.5487804878048781
,,,,-0.0,7.237778191923443,,2026,preseason,PHI,,0.5487804878048781
,,20.585038356155827,,-0.0,7.760893195851024,1.867805431558036,2026,preseason,PHX,,0.5487804878048781
,,19.916992179813462,,-0.0,7.053585727193677,1.9456886013276884,2026,preseason,POR,,0.5121951219512195
,,20.443401315998365,,-0.0,7.51479976048867,2.03036978277119,2026,preseason,SAC,,0.2682926829268293
,,20.494215698240293,,-0.0,7.083387847625295,1.9078585063088196,2026,preseason,SAS,,0.7469879518072289
,,20.308840446248965,,-0.0,7.29776828253138,2.079488626226004,2026,preseason,TOR,,0.5609756097560976
,,20.130397391725857,,-0.0,6.784457062637643,1.7442247162272229,2026,preseason,UTA,,0.2682926829268293
,,20.106307541326103,,-0.0,6.51471269087253,2.0697388707400437,2026,preseason,WAS,,0.2073170731707317
-3.38695652173913,0.033943549714194055,19.929614855195148,0.0879310344827586,-0.0879310344827586,7.642044402873258,1.7096490203890493,2026,25%,ATL,1.0869565217391304,0.559322033898305
6.861904761904762,0.13625342355874093,20.497053423963617,-0.32528735632183914,-0.32528735632183914,8.272059622210412,1.9473738764302837,2026,25%,BKN,-8.761904761904763,0.2459016393442623
1.8047619047619055,-0.33149655250018933,22.007773118693017,-0.0850574712643678,-0.0850574712643678,8.754949455098293,2.432101715866659,2026,25%,BOS,4.095238095238095,0.7213114754098361
-3.2181818181818187,-0.9694910228163981,20.37887363250284,0.13735632183908042,-0.13735632183908042,7.284820912568604,2.2119671488592303,2026,25%,CHA,-5.181818181818182,0.6333333333333333
-3.576190476190476,-0.3455704533348041,20.994179238921127,-0.13505747126436796,-0.13505747126436796,8.340933226000878,2.2589501097979974,2026,25%,CHI,-3.5238095238095237,0.36065573770491804
-1.0869565217391304,-0.6779315134274142,20.55874584862716,-0.1040229885057471,-0.1040229885057471,9.048174321385792,2.4865865707701307,2026,25%,CLE,3.0869565217391304,0.6610169491525424
2.904347826086956,-0.09560627679369993,21.390445579814603,0.153448275862069,-0.153448275862069,8.57035473953047,2.0733464491096325,2026,25%,DAL,-4.304347826086956,0.3050847457627119
-4.747619047619048,-0.576153180494545,21.23864743244809,0.15574712643678168,-0.15574712643678168,8.510369966068112,1.978566217905876,2026,25%,DEN,9.047619047619047,0.639344262295082
-0.7363636363636363,-0.5422774565453753,20.306570889342403,0.3701149425287356,-0.3701149425287356,8.193676665955241,2.208764963096865,2026,25%,DET,5.136363636363637,0.7166666666666667
0.3363636363636363,0.845335479740762,21.82948639553745,-0.03448275862068961,-0.03448275862068961,8.726481196440007,2.117518550540198,2026,25%,GSW,0.36363636363636365,0.43333333333333335
1.578947368421053,0.09611814921569822,20.330705685027095,-0.32356321839080454,-0.32356321839080454,8.09437844497296,2.1802443234600783,2026,25%,HOU,11.421052631578947,0.6031746031746031
5.654545454545455,-0.07301830206771975,20.584702010913436,-0.15632183908045974,-0.15632183908045974,8.164225652265827,1.8471788445117245,2026,25%,IND,-9.454545454545455,0.25
-0.209090909090909,-0.12186601533869301,21.214591690216487,0.189080459770115,-0.189080459770115,8.972463821059907,1.9573872252607138,2026,25%,LAC,-5.090909090909091,0.6
2.5,-0.29831038758934036,22.77640007049476,0.0,-0.0,9.219498309760949,2.4640803227409838,2026,25%,LAL,3.2,0.6129032258064516
2.7181818181818183,-1.1258579186092659,20.133466891034743,0.15402298850574714,-0.15402298850574714,7.761319180947987,1.9479080940806963,2026,25%,MEM,-3.3181818181818183,0.26666666666666666
1.3181818181818183,-1.8791833795713488,21.064762617264947,0.15574712643678162,-0.15574712643678162,8.259458195332408,2.559692096118683,2026,25%,MIA,5.181818181818182,0.48333333333333334
-4.443478260869566,-0.504208107918977,20.969912447045118,-0.20344827586206893,-0.20344827586206893,8.241703159729818,2.4544815451402027,2026,25%,MIL,-1.9565217391304348,0.3728813559322034
-0.3428571428571434,-0.7332139065612548,20.645704552477326,-0.12011494252873561,-0.12011494252873561,8.37655086161377,2.2411110255382134,2026,25%,MIN,5.142857142857143,0.5901639344262295
2.627272727272727,-1.1559224700130213,19.82938639465064,0.4419540229885057,-0.4419540229885057,8.598957493218878,2.170596342955295,2026,25%,NOP,-10.727272727272727,0.38333333333333336
0.5095238095238095,-0.17348649205720768,21.325108424000554,-0.08333333333333337,-0.08333333333333337,8.3670677328386,2.353893714415213,2026,25%,NYK,7.190476190476191,0.6451612903225806
1.0818181818181802,-0.2409830031785405,21.02346913450586,0.03275862068965518,-0.03275862068965518,8.79497643168877,2.248070724164624,2026,25%,OKC,15.318181818181818,0.7166666666666667
4.036363636363637,0.7440478639859578,19.988491849829867,-0.03448275862068964,-0.03448275862068964,8.421342865759403,2.2130141474695693,2026,25%,ORL,4.863636363636363,0.5333333333333333
-3.5999999999999996,,,-0.033333333333333326,-0.033333333333333326,8.133880887949207,,2026,25%,PHI,0.3,0.5483870967741935
1.1363636363636362,-0.07502942437619725,20.568423786282555,-0.15287356321839074,-0.15287356321839074,8.545197387825835,1.9000788053158453,2026,25%,PHX,3.3636363636363638,0.5333333333333333
-2.3727272727272726,-2.1267047391392992,20.004191464272516,0.13735632183908042,-0.13735632183908042,7.977968093128549,2.689127844629103,2026,25%,POR,-2.227272727272727,0.55
-0.881818181818181,0.2071682306162086,20.435416575897754,-0.27356321839080466,-0.27356321839080466,8.096817470572319,2.0371979069601154,2026,25%,SAC,-11.818181818181818,0.2833333333333333
-1.7904761904761908,0.28524317717663406,20.518608220086264,0.13735632183908048,-0.13735632183908048,8.455104999102815,1.8230251903911212,2026,25%,SAS,5.190476190476191,0.7580645161290323
1.0090909090909088,-1.076444955097452,20.32703719277382,0.05057471264367819,-0.05057471264367819,8.450198322591959,2.374428602748107,2026,25%,TOR,4.590909090909091,0.5166666666666667
1.0,0.3666502088064579,20.081234563477743,-0.017816091954023006,-0.017816091954023006,8.300776960851454,1.7720314277417182,2026,25%,UTA,-6.9,0.24193548387096775
2.4499999999999993,0.6065908607675826,20.094960670788584,-0.12068965517241381,-0.12068965517241381,7.792348924113037,2.0196247905185443,2026,25%,WAS,-14.45,0.22580645161290322
1.1534883720930234,0.36115829300622304,19.946734895328465,0.3885057471264368,-0.4764367816091954,8.128585200374497,1.9574725890400133,2026,50%,ATL,-0.9534883720930233,0.6666666666666666
-1.147368421052632,0.04573334680869745,20.45263149960796,-0.017241379310344807,-0.34252873563218394,8.333991247194975,2.0839141634705936,2026,50%,BKN,-5.052631578947368,0.20454545454545456
0.04999999999999982,0.05024401376739851,21.988740827364683,-0.10344827586206895,-0.18850574712643675,8.634264863002075,2.034784352193414,2026,50%,BOS,6.45,0.7380952380952381
8.473170731707317,0.08251771212020992,20.384821210701638,-0.03505747126436776,-0.10229885057471266,6.836259277277067,1.9689304060365171,2026,50%,CHA,-0.07317073170731707,0.7073170731707317
-1.4500000000000002,-0.18816197718972516,20.980372480715246,-0.19022988505747118,-0.32528735632183914,8.434028950155469,2.2435690824958723,2026,50%,CHI,-3.45,0.2857142857142857
0.7809523809523808,-0.5357756906790831,20.535542945793217,-0.10114942528735638,-0.20517241379310347,8.850374303939237,2.089872081111419,2026,50%,CLE,2.619047619047619,0.725
1.8571428571428572,0.5396507693902256,21.372391383249244,-0.18563218390804603,-0.03218390804597704,8.417814747435958,2.2054366424213105,2026,50%,DAL,-3.357142857142857,0.25
-9.041463414634148,0.004459713804566334,21.240068627752088,0.06609195402298851,-0.2218390804597702,8.69265796074698,1.915733185657414,2026,50%,DEN,5.341463414634147,0.6341463414634146
-0.8128205128205126,0.019322468088112332,20.327267903194784,-0.06551724137931036,-0.30459770114942525,7.859026979751538,2.213990625814373,2026,50%,DET,6.512820512820513,0.7209302325581395
2.852380952380953,0.42888453379326036,21.82669310437909,0.0,-0.03448275862068961,8.690978417187905,2.058536751233611,2026,50%,GSW,2.5476190476190474,0.35
-5.321052631578947,-0.07819990017836415,20.33800022887099,0.12356321839080459,-0.19999999999999996,8.057060681965766,2.1907092135498516,2026,50%,HOU,6.421052631578948,0.6590909090909091
3.4317073170731707,0.11497328823109887,20.58928989811178,-0.016666666666666663,-0.1729885057471264,7.9247959139564355,1.9299387024279808,2026,50%,IND,-7.7317073170731705,0.24390243902439024
8.325,-0.10603730779806386,21.22404867382918,-0.13678160919540228,-0.05229885057471273,8.962391701743002,2.0143314015828633,2026,50%,LAC,-1.025,0.5952380952380952
0.2358974358974359,0.021903814868562466,22.76461586209721,0.0,-0.0,9.112948025967533,2.5628566255821923,2026,50%,LAL,-0.4358974358974359,0.6744186046511628
-0.6000000000000001,-0.8672495199831172,20.13152096526647,0.033333333333333326,-0.18735632183908046,7.8156105320351905,2.214149416137832,2026,50%,MEM,-1.4,0.19047619047619047
-1.3853658536585367,-0.6408335852201287,21.056979942227066,-0.2833333333333334,-0.12758620689655176,8.006367567650246,1.9684417804514536,2026,50%,MIA,1.5853658536585367,0.5365853658536586
1.141463414634146,0.38327308639279745,20.958410927098505,-0.014942528735632232,-0.21839080459770116,8.177515823846075,2.0954438828694597,2026,50%,MIL,-3.341463414634146,0.36585365853658536
3.2195121951219514,-0.2767755572913006,20.668255210297108,0.32356321839080454,-0.20344827586206893,8.49596955496461,2.0928019016159554,2026,50%,MIN,5.780487804878049,0.5365853658536586
0.25581395348837166,-0.5909933294822279,19.81187808201351,-0.35862068965517235,-0.08333333333333334,8.4069317971587,1.8481957834291292,2026,50%,NOP,-7.255813953488372,0.41025641025641024
-9.804761904761905,0.06063995553833501,21.354697022223398,0.11724137931034484,-0.03390804597701147,8.37655086161377,2.02506375821611,2026,50%,NYK,3.9047619047619047,0.6829268292682927
-2.8809523809523814,-0.13789418706876422,21.07110275774027,0.0022988505747126853,-0.03505747126436787,8.872907674259846,1.9597148901382815,2026,50%,OKC,13.380952380952381,0.725
-1.2658536585365854,0.13268869249709236,19.995015541077183,0.1224137931034483,-0.08793103448275866,8.190908881182514,1.9862299384242084,2026,50%,ORL,1.3658536585365855,0.5365853658536586
0.9692307692307693,,,-0.016666666666666663,-0.04999999999999999,8.166784289056151,,2026,50%,PHI,1.2307692307692308,0.5348837209302325
3.363414634146342,-0.0845891751212372,20.550920880802423,-0.1362068965517242,-0.28908045977011493,8.502282578680484,2.1937565441932483,2026,50%,PHX,2.5365853658536586,0.5121951219512195
2.9714285714285715,-0.15462961313737555,20.015139836513935,-0.2086206896551724,-0.07126436781609197,8.153925132007862,2.139943266220591,2026,50%,POR,-2.5714285714285716,0.55
-1.7878048780487816,-0.04186911682613781,20.440365396699498,0.13678160919540233,-0.13678160919540233,8.01532730902172,1.9182669900603004,2026,50%,SAC,-10.512195121951219,0.2682926829268293
-3.6619047619047618,0.016285806405934355,20.559184536559787,0.289080459770115,-0.42643678160919546,8.433376705323127,1.8608422112538658,2026,50%,SAS,4.761904761904762,0.8292682926829268
2.390476190476191,0.012479858721041182,20.327417299063093,-0.13448275862068965,-0.08390804597701146,8.48673398393153,1.9844078130615226,2026,50%,TOR,1.8095238095238095,0.525
-4.5512195121951216,-0.05563614499703373,20.074366968169826,0.10517241379310344,-0.08735632183908043,8.290292591224315,1.920959110293434,2026,50%,UTA,-8.048780487804878,0.1951219512195122
3.0820512820512835,1.3283968700745432,20.108017427184887,0.29655172413793107,-0.17586206896551726,7.962763930168115,1.9119608922358096,2026,50%,WAS,-11.282051282051283,0.16279069767441862
2.840983606557377,0.04108557369428609,19.962359772035462,-0.40919540229885054,-0.06724137931034482,7.452402451223638,1.8164887946995418,2026,75%,ATL,-0.5409836065573771,0.7619047619047619
-3.7406779661016962,-0.02932154449557378,20.333384204451253,0.12068965517241376,-0.2218390804597702,8.698681067461614,1.6252821724559625,2026,75%,BKN,-8.559322033898304,0.21739130434782608
2.242372881355932,0.030103125202382466,21.96550698839178,0.1890804597701149,-0.0005747126436781436,8.734881892047483,2.284206844637071,2026,75%,BOS,7.4576271186440675,0.7391304347826086
5.7,-0.8194487074335538,20.429282830980906,0.12758620689655176,-0.22988505747126442,6.841615476477592,2.221304543456872,2026,75%,CHA,2.8,0.6818181818181818
-9.983333333333333,-0.17360845478856418,20.978332110986877,0.3425287356321839,-0.01724137931034475,8.38548870041881,1.7934913992185533,2026,75%,CHI,-4.716666666666667,0.3181818181818182
5.854098360655738,-0.4498116934923387,20.535090496004894,0.425287356321839,-0.22011494252873554,9.082847851460906,1.8722222081858366,2026,75%,CLE,4.245901639344262,0.7142857142857143
-5.389830508474576,0.5009822321305266,21.3341139586435,-0.05057471264367808,-0.08275862068965512,8.437933510430605,2.0545898839417793,2026,75%,DAL,-3.610169491525424,0.21739130434782608
1.9000000000000004,-0.36485942134048005,21.227089871518046,-0.42586206896551726,-0.20402298850574707,8.37930948405285,1.9482493724194285,2026,75%,DEN,4.6,0.7727272727272727
0.889655172413792,-0.5400107220537445,20.367487991466263,0.08390804597701162,-0.3885057471264369,8.109525659752872,2.260266276985344,2026,75%,DET,7.810344827586207,0.6666666666666666
-4.3,0.1621427560848183,21.844804524318,-0.12068965517241392,-0.15517241379310354,8.679822114864455,1.9396843341440977,2026,75%,GSW,2.0,0.2608695652173913
-1.886206896551724,-0.3073668712482492,20.35227544833966,-0.19022988505747124,-0.3902298850574712,8.378620541552298,2.0542223445322723,2026,75%,HOU,5.586206896551724,0.625
-1.416666666666667,-0.4180824867750327,20.634124953360605,0.11206896551724135,-0.06091954022988505,8.167919362957816,1.9255642331841574,2026,75%,IND,-7.983333333333333,0.18181818181818182
-3.4310344827586206,0.2601616503619177,21.24195359877759,0.22241379310344822,-0.27471264367816095,9.271435471335993,1.7803458034965998,2026,75%,LAC,-0.5689655172413793,0.625
-0.9862068965517241,0.40788801381260686,22.70797099928251,0.0,-0.0,9.21283725217477,1.9149855321580156,2026,75%,LAL,-0.41379310344827586,0.7916666666666666
-2.472413793103448,-1.132313187003993,20.16142459572378,0.05287356321839082,-0.24022988505747128,7.848543482456679,1.9349328335532114,2026,75%,MEM,-2.3275862068965516,0.125
6.966666666666666,-0.4803087021918513,21.079247753824752,-0.04425287356321839,-0.17183908045977014,7.998671361015776,2.052735983223171,2026,75%,MIA,2.7333333333333334,0.5454545454545454
2.8,-0.09505718540513003,20.929858584818817,0.08275862068965517,-0.135632183908046,8.457018468380168,1.9263947549487088,2026,75%,MIL,-3.5,0.25
-3.5833333333333335,-0.5107639101271892,20.6977251946933,-0.1873563218390804,-0.01609195402298852,8.357962965845681,2.0974144935562733,2026,75%,MIN,4.483333333333333,0.5454545454545454
5.883333333333333,-0.035955991003042365,19.82511070795133,-0.06666666666666668,-0.016666666666666663,8.411610428841172,1.5817666443325693,2026,75%,NOP,-5.283333333333333,0.36363636363636365
-1.4524590163934423,-0.51860760490399,21.387645470400578,-0.11896551724137927,-0.0850574712643678,8.300280189852664,2.3921046925873743,2026,75%,NYK,5.852459016393443,0.6818181818181818
-7.562295081967213,-0.46240754707882553,21.121896752307734,-0.06781609195402316,-0.03275862068965529,9.000976444070345,1.9966803443707297,2026,75%,OKC,11.262295081967213,0.8571428571428571
2.6206896551724137,0.19667014040745373,19.983662273222777,-0.18965517241379315,-0.10172413793103448,8.024862150286411,2.010433811885902,2026,75%,ORL,0.3793103448275862,0.5833333333333334
-2.2457627118644066,,,0.0,-0.04999999999999999,8.432941638968646,,2026,75%,PHI,0.7457627118644068,0.5217391304347826
-8.266666666666667,-0.23271138013646342,20.527395782254445,0.08620689655172414,-0.20287356321839078,8.607399459302387,2.29456475780661,2026,75%,PHX,0.7666666666666667,0.5
2.183333333333333,-0.7435544928274614,20.012643669640187,0.18735632183908046,-0.1160919540229885,8.234564993267135,1.9063365475294742,2026,75%,POR,-2.3833333333333333,0.5909090909090909
-2.6786885245901644,-0.5749336560972587,20.44231288597056,-0.11954022988505747,-0.2563218390804598,7.944846711001996,1.6390656032138957,2026,75%,SAC,-10.721311475409836,0.38095238095238093
8.583333333333332,0.2067646124752138,20.598384258116084,-0.18620689655172418,-0.24022988505747128,8.371242135931933,1.9287621691351484,2026,75%,SAS,6.416666666666667,0.8260869565217391
1.752542372881356,-0.10359472102481213,20.337000365416294,0.1028735632183908,-0.018965517241379348,8.556990661290303,1.8819088587705761,2026,75%,TOR,1.847457627118644,0.5217391304347826
5.249152542372881,-0.25604615947253484,20.067678723156554,0.10000000000000003,-0.18735632183908046,8.39185670010494,1.853007828771117,2026,75%,UTA,-7.9491525423728815,0.17391304347826086
-3.137931034482758,0.790860045368547,20.125352557768746,-0.05862068965517242,-0.11724137931034484,7.733245646529795,1.9342923611995775,2026,75%,WAS,-10.862068965517242,0.041666666666666664
