espn_id,n_books,books,spread_home,spread_sd,total,ml_home,ml_away,spread_consensus
401070213,10,Caesar's|Caesars|Caesars Sportsbook|Unibet|Westgate|Wynn|accuscore|consensus|numberfire|teamrankings,-5.0,0.15811388300841897,211.0,-212.5,180.0,-5.0
401070214,10,Caesar's|Caesars|Caesars Sportsbook|Unibet|Westgate|Wynn|accuscore|consensus|numberfire|teamrankings,-13.0,0.23570226039551584,220.0,-1200.0,789.0,-13.0
401070215,10,Caesar's|Caesars|Caesars Sportsbook|Unibet|Westgate|Wynn|accuscore|consensus|numberfire|teamrankings,-8.0,0.15811388300841897,232.0,-360.0,290.0,-8.0
401070693,10,Caesar's|Caesars|Caesars Sportsbook|Unibet|Westgate|Wynn|accuscore|consensus|numberfire|teamrankings,3.5,0.3374742788552764,222.0,140.0,-160.0,3.5
401070694,10,Caesar's|Caesars|Caesars Sportsbook|Unibet|Westgate|Wynn|accuscore|consensus|numberfire|teamrankings,-6.0,0.21081851067789195,212.0,-250.0,207.5,-6.0
401070695,10,Caesar's|Caesars|Caesars Sportsbook|Unibet|Westgate|Wynn|accuscore|consensus|numberfire|teamrankings,-7.5,0.24152294576982394,205.0,-301.5,250.0,-7.5
401070696,10,Caesar's|Caesars|Caesars Sportsbook|Unibet|Westgate|Wynn|accuscore|consensus|numberfire|teamrankings,2.5,0.21081851067789195,208.5,116.0,-136.5,2.5
401070697,10,Caesar's|Caesars|Caesars Sportsbook|Unibet|Westgate|Wynn|accuscore|consensus|numberfire|teamrankings,-3.5,0.15811388300841897,217.0,-160.0,140.0,-3.5
401070698,10,Caesar's|Caesars|Caesars Sportsbook|Unibet|Westgate|Wynn|accuscore|consensus|numberfire|teamrankings,-13.0,0.2581988897471611,215.0,-1200.0,750.0,-13.0
401358773,13,Caesars Sportsbook|Caesars Sportsbook (Colorado)|Caesars Sportsbook (New Jersey)|Caesars Sportsbook (Pennsylvania)|DraftKings|Holland Casino|MGM|SugarHouse|Titanbets|Unibet|accuscore|consensus|teamrankings,-1.5,0.1386750490563073,234.0,-125.0,105.0,-1.5
401358774,14,Caesars Sportsbook|Caesars Sportsbook (Colorado)|Caesars Sportsbook (New Jersey)|Caesars Sportsbook (Pennsylvania)|DraftKings|Holland Casino|MGM|PointsBet|SugarHouse|Titanbets|Unibet|accuscore|consensus|teamrankings,-3.0,0.2567762955065477,226.5,-155.0,135.0,-3.5
401358775,15,Caesars Sportsbook|Caesars Sportsbook (Colorado)|Caesars Sportsbook (New Jersey)|Caesars Sportsbook (Pennsylvania)|DraftKings|Holland Casino|MGM|PointsBet|SugarHouse|Titanbets|Unibet|Westgate|accuscore|consensus|teamrankings,-2.5,0.2968084198523318,219.5,-140.0,120.0,-2.5
401358776,14,Caesars Sportsbook|Caesars Sportsbook (Colorado)|Caesars Sportsbook (New Jersey)|Caesars Sportsbook (Pennsylvania)|DraftKings|Holland Casino|MGM|SugarHouse|Titanbets|Unibet|Westgate|accuscore|consensus|teamrankings,-6.0,0.1815682598006407,224.0,-250.0,202.5,-6.0
401358777,15,Caesars Sportsbook|Caesars Sportsbook (Colorado)|Caesars Sportsbook (New Jersey)|Caesars Sportsbook (Pennsylvania)|DraftKings|Holland Casino|MGM|PointsBet|SugarHouse|Titanbets|Unibet|Westgate|accuscore|consensus|teamrankings,-2.5,0.1759328876372492,225.5,-139.0,118.0,-2.5
401358778,14,Caesars Sportsbook|Caesars Sportsbook (Colorado)|Caesars Sportsbook (New Jersey)|Caesars Sportsbook (Pennsylvania)|DraftKings|Holland Casino|MGM|SugarHouse|Titanbets|Unibet|Westgate|accuscore|consensus|teamrankings,-4.0,0.23440361546924776,229.0,-180.0,155.0,-4.0
401358779,15,Caesars Sportsbook|Caesars Sportsbook (Colorado)|Caesars Sportsbook (New Jersey)|Caesars Sportsbook (Pennsylvania)|DraftKings|Holland Casino|MGM|PointsBet|SugarHouse|Titanbets|Unibet|Westgate|accuscore|consensus|teamrankings,1.0,0.6229729031789729,224.5,-105.0,-115.0,1.0
401358780,15,Caesars Sportsbook|Caesars Sportsbook (Colorado)|Caesars Sportsbook (New Jersey)|Caesars Sportsbook (Pennsylvania)|DraftKings|Holland Casino|MGM|PointsBet|SugarHouse|Titanbets|Unibet|Westgate|accuscore|consensus|teamrankings,1.0,1.1474609652039005,221.5,-105.0,-115.0,1.0
401358781,15,Caesars Sportsbook|Caesars Sportsbook (Colorado)|Caesars Sportsbook (New Jersey)|Caesars Sportsbook (Pennsylvania)|DraftKings|Holland Casino|MGM|PointsBet|SugarHouse|Titanbets|Unibet|Westgate|accuscore|consensus|teamrankings,-6.0,0.280305955290694,206.5,-250.0,200.0,-6.0
401358782,15,Caesars Sportsbook|Caesars Sportsbook (Colorado)|Caesars Sportsbook (New Jersey)|Caesars Sportsbook (Pennsylvania)|DraftKings|Holland Casino|MGM|PointsBet|SugarHouse|Titanbets|Unibet|Westgate|accuscore|consensus|teamrankings,-7.5,0.49280538030458115,221.5,-320.0,254.0,-7.5
401358783,15,Caesars Sportsbook|Caesars Sportsbook (Colorado)|Caesars Sportsbook (New Jersey)|Caesars Sportsbook (Pennsylvania)|DraftKings|Holland Casino|MGM|PointsBet|SugarHouse|Titanbets|Unibet|Westgate|accuscore|consensus|teamrankings,-6.0,1.3074875944053195,215.5,-240.0,196.0,-6.0
401358784,15,Caesars Sportsbook|Caesars Sportsbook (Colorado)|Caesars Sportsbook (New Jersey)|Caesars Sportsbook (Pennsylvania)|DraftKings|Holland Casino|MGM|PointsBet|SugarHouse|Titanbets|Unibet|Westgate|accuscore|consensus|teamrankings,-2.5,0.5163977794943223,222.5,-138.0,120.0,-2.5
401358785,14,Caesars Sportsbook|Caesars Sportsbook (Colorado)|Caesars Sportsbook (New Jersey)|Caesars Sportsbook (Pennsylvania)|DraftKings|Holland Casino|MGM|SugarHouse|Titanbets|Unibet|Westgate|accuscore|consensus|teamrankings,-13.5,1.0824524454696827,213.5,-1000.0,650.0,-13.5
401359833,15,Caesars Sportsbook|Caesars Sportsbook (Colorado)|Caesars Sportsbook (New Jersey)|Caesars Sportsbook (Pennsylvania)|DraftKings|Holland Casino|MGM|PointsBet|SugarHouse|Titanbets|Unibet|Westgate|accuscore|consensus|teamrankings,1.5,1.6604646509766046,223.0,102.0,-120.0,1.5
401359834,14,Caesars Sportsbook|Caesars Sportsbook (Colorado)|Caesars Sportsbook (New Jersey)|Caesars Sportsbook (Pennsylvania)|DraftKings|Holland Casino|MGM|SugarHouse|Titanbets|Unibet|Westgate|accuscore|consensus|teamrankings,5.0,0.8017837257372732,218.0,180.0,-220.0,5.0
401359835,15,Caesars Sportsbook|Caesars Sportsbook (Colorado)|Caesars Sportsbook (New Jersey)|Caesars Sportsbook (Pennsylvania)|DraftKings|Holland Casino|MGM|PointsBet|SugarHouse|Titanbets|Unibet|Westgate|accuscore|consensus|teamrankings,-2.5,0.0,223.0,-140.0,120.0,-2.5
401359836,15,Caesars Sportsbook|Caesars Sportsbook (Colorado)|Caesars Sportsbook (New Jersey)|Caesars Sportsbook (Pennsylvania)|DraftKings|Holland Casino|MGM|PointsBet|SugarHouse|Titanbets|Unibet|Westgate|accuscore|consensus|teamrankings,-7.0,0.1759328876372492,218.5,-288.0,240.0,-7.0
401359837,15,Caesars Sportsbook|Caesars Sportsbook (Colorado)|Caesars Sportsbook (New Jersey)|Caesars Sportsbook (Pennsylvania)|DraftKings|Holland Casino|MGM|PointsBet|SugarHouse|Titanbets|Unibet|Westgate|accuscore|consensus|teamrankings,-6.5,0.45773770821706344,232.0,-260.0,210.0,-6.5
401359838,15,Caesars Sportsbook|Caesars Sportsbook (Colorado)|Caesars Sportsbook (New Jersey)|Caesars Sportsbook (Pennsylvania)|DraftKings|Holland Casino|MGM|PointsBet|SugarHouse|Titanbets|Unibet|Westgate|accuscore|consensus|teamrankings,3.5,0.5498917642417938,224.0,145.0,-170.0,3.5
401359839,15,Caesars Sportsbook|Caesars Sportsbook (Colorado)|Caesars Sportsbook (New Jersey)|Caesars Sportsbook (Pennsylvania)|DraftKings|Holland Casino|MGM|PointsBet|SugarHouse|Titanbets|Unibet|Westgate|accuscore|consensus|teamrankings,-7.0,0.6113996432854077,212.5,-270.0,225.0,-7.0
401359840,15,Caesars Sportsbook|Caesars Sportsbook (Colorado)|Caesars Sportsbook (New Jersey)|Caesars Sportsbook (Pennsylvania)|DraftKings|Holland Casino|MGM|PointsBet|SugarHouse|Titanbets|Unibet|Westgate|accuscore|consensus|teamrankings,-13.5,1.0141851056742197,221.5,-1192.0,736.0,-14.0
401359841,14,Caesars Sportsbook|Caesars Sportsbook (Colorado)|Caesars Sportsbook (New Jersey)|Caesars Sportsbook (Pennsylvania)|DraftKings|Holland Casino|MGM|SugarHouse|Titanbets|Unibet|Westgate|accuscore|consensus|teamrankings,-6.5,0.5095246653650681,234.0,-260.0,217.5,-6.5
401359842,15,Caesars Sportsbook|Caesars Sportsbook (Colorado)|Caesars Sportsbook (New Jersey)|Caesars Sportsbook (Pennsylvania)|DraftKings|Holland Casino|MGM|PointsBet|SugarHouse|Titanbets|Unibet|Westgate|accuscore|consensus|teamrankings,-2.5,1.4474937289114915,222.5,-140.0,120.0,-2.5
401359843,14,Caesars Sportsbook|Caesars Sportsbook (Colorado)|Caesars Sportsbook (New Jersey)|Caesars Sportsbook (Pennsylvania)|DraftKings|Holland Casino|MGM|SugarHouse|Titanbets|Unibet|Westgate|accuscore|consensus|teamrankings,2.5,0.3078639631074409,226.0,114.5,-135.0,2.5
401359844,14,Caesars Sportsbook|Caesars Sportsbook (Colorado)|Caesars Sportsbook (New Jersey)|Caesars Sportsbook (Pennsylvania)|DraftKings|Holland Casino|MGM|SugarHouse|Titanbets|Unibet|Westgate|accuscore|consensus|teamrankings,7.5,0.4127101529277786,212.75,275.0,-350.0,7.5
401359845,15,Caesars Sportsbook|Caesars Sportsbook (Colorado)|Caesars Sportsbook (New Jersey)|Caesars Sportsbook (Pennsylvania)|DraftKings|Holland Casino|MGM|PointsBet|SugarHouse|Titanbets|Unibet|Westgate|accuscore|consensus|teamrankings,2.0,1.5998511835554614,225.5,107.0,-125.0,2.0
401359846,15,Caesars Sportsbook|Caesars Sportsbook (Colorado)|Caesars Sportsbook (New Jersey)|Caesars Sportsbook (Pennsylvania)|DraftKings|Holland Casino|MGM|PointsBet|SugarHouse|Titanbets|Unibet|Westgate|accuscore|consensus|teamrankings,-7.0,0.20701966780270625,217.5,-281.0,230.0,-7.0
401359847,15,Caesars Sportsbook|Caesars Sportsbook (Colorado)|Caesars Sportsbook (New Jersey)|Caesars Sportsbook (Pennsylvania)|DraftKings|Holland Casino|MGM|PointsBet|SugarHouse|Titanbets|Unibet|Westgate|accuscore|consensus|teamrankings,-6.5,0.1889822365046136,223.0,-260.0,215.0,-6.5
401359848,15,Caesars Sportsbook|Caesars Sportsbook (Colorado)|Caesars Sportsbook (New Jersey)|Caesars Sportsbook (Pennsylvania)|DraftKings|Holland Casino|MGM|PointsBet|SugarHouse|Titanbets|Unibet|Westgate|accuscore|consensus|teamrankings,-3.0,0.8121107126025425,221.0,-150.0,130.0,-3.0
401359849,14,Caesars Sportsbook|Caesars Sportsbook (Colorado)|Caesars Sportsbook (New Jersey)|Caesars Sportsbook (Pennsylvania)|DraftKings|Holland Casino|MGM|SugarHouse|Titanbets|Unibet|Westgate|accuscore|consensus|teamrankings,-7.5,0.1815682598006407,222.0,-316.5,257.5,-7.5
401359850,15,Caesars Sportsbook|Caesars Sportsbook (Colorado)|Caesars Sportsbook (New Jersey)|Caesars Sportsbook (Pennsylvania)|DraftKings|Holland Casino|MGM|PointsBet|SugarHouse|Titanbets|Unibet|Westgate|accuscore|consensus|teamrankings,6.5,0.40824829046386296,226.5,200.0,-250.0,6.5
401359851,15,Caesars Sportsbook|Caesars Sportsbook (Colorado)|Caesars Sportsbook (New Jersey)|Caesars Sportsbook (Pennsylvania)|DraftKings|Holland Casino|MGM|PointsBet|SugarHouse|Titanbets|Unibet|Westgate|accuscore|consensus|teamrankings,8.0,0.4577377082170634,223.0,290.0,-360.0,7.5
401359852,15,Caesars Sportsbook|Caesars Sportsbook (Colorado)|Caesars Sportsbook (New Jersey)|Caesars Sportsbook (Pennsylvania)|DraftKings|Holland Casino|MGM|PointsBet|SugarHouse|Titanbets|Unibet|Westgate|accuscore|consensus|teamrankings,3.5,0.6035608621222174,222.0,140.0,-161.0,3.0
401359853,15,Caesars Sportsbook|Caesars Sportsbook (Colorado)|Caesars Sportsbook (New Jersey)|Caesars Sportsbook (Pennsylvania)|DraftKings|Holland Casino|MGM|PointsBet|SugarHouse|Titanbets|Unibet|Westgate|accuscore|consensus|teamrankings,4.0,0.4418575508442685,216.5,155.0,-182.0,4.5
401359854,15,Caesars Sportsbook|Caesars Sportsbook (Colorado)|Caesars Sportsbook (New Jersey)|Caesars Sportsbook (Pennsylvania)|DraftKings|Holland Casino|MGM|PointsBet|SugarHouse|Titanbets|Unibet|Westgate|accuscore|consensus|teamrankings,-8.0,0.1889822365046136,213.5,-350.0,280.0,-8.0
401359855,15,Caesars Sportsbook|Caesars Sportsbook (Colorado)|Caesars Sportsbook (New Jersey)|Caesars Sportsbook (Pennsylvania)|DraftKings|Holland Casino|MGM|PointsBet|SugarHouse|Titanbets|Unibet|Westgate|accuscore|consensus|teamrankings,-7.5,0.4140393356054125,228.5,-300.0,245.0,-7.5
401359856,15,Caesars Sportsbook|Caesars Sportsbook (Colorado)|Caesars Sportsbook (New Jersey)|Caesars Sportsbook (Pennsylvania)|DraftKings|Holland Casino|MGM|PointsBet|SugarHouse|Titanbets|Unibet|Westgate|accuscore|consensus|teamrankings,6.0,0.560611910581388,225.5,210.0,-253.0,6.0
401359857,14,Caesars Sportsbook|Caesars Sportsbook (Colorado)|Caesars Sportsbook (New Jersey)|Caesars Sportsbook (Pennsylvania)|DraftKings|Holland Casino|MGM|SugarHouse|Titanbets|Unibet|Westgate|accuscore|consensus|teamrankings,-3.0,0.21290765681316007,229.0,-150.0,129.0,-3.0
401359858,15,Caesars Sportsbook|Caesars Sportsbook (Colorado)|Caesars Sportsbook (New Jersey)|Caesars Sportsbook (Pennsylvania)|DraftKings|Holland Casino|MGM|PointsBet|SugarHouse|Titanbets|Unibet|Westgate|accuscore|consensus|teamrankings,-4.0,0.3380617018914066,226.5,-170.0,146.0,-4.0
401359859,15,Caesars Sportsbook|Caesars Sportsbook (Colorado)|Caesars Sportsbook (New Jersey)|Caesars Sportsbook (Pennsylvania)|DraftKings|Holland Casino|MGM|PointsBet|SugarHouse|Titanbets|Unibet|Westgate|accuscore|consensus|teamrankings,-9.0,0.33806170189140666,233.5,-430.0,350.0,-9.0
401359860,14,Caesars Sportsbook|Caesars Sportsbook (Colorado)|Caesars Sportsbook (New Jersey)|Caesars Sportsbook (Pennsylvania)|DraftKings|Holland Casino|MGM|SugarHouse|Titanbets|Unibet|Westgate|accuscore|consensus|teamrankings,-12.0,0.23440361546924768,212.0,-800.0,550.0,-12.0
401359861,14,Caesars Sportsbook|Caesars Sportsbook (Colorado)|Caesars Sportsbook (New Jersey)|Caesars Sportsbook (Pennsylvania)|DraftKings|Holland Casino|MGM|SugarHouse|Titanbets|Unibet|Westgate|accuscore|consensus|teamrankings,5.5,0.1815682598006407,221.0,180.0,-220.0,5.5
401359862,15,Caesars Sportsbook|Caesars Sportsbook (Colorado)|Caesars Sportsbook (New Jersey)|Caesars Sportsbook (Pennsylvania)|DraftKings|Holland Casino|MGM|PointsBet|SugarHouse|Titanbets|Unibet|Westgate|accuscore|consensus|teamrankings,9.5,0.7527726527090809,216.0,370.0,-475.0,9.5
401359863,15,Caesars Sportsbook|Caesars Sportsbook (Colorado)|Caesars Sportsbook (New Jersey)|Caesars Sportsbook (Pennsylvania)|DraftKings|Holland Casino|MGM|PointsBet|SugarHouse|Titanbets|Unibet|Westgate|accuscore|consensus|teamrankings,3.0,0.20701966780270625,234.5,130.0,-150.0,3.0
401359864,15,Caesars Sportsbook|Caesars Sportsbook (Colorado)|Caesars Sportsbook (New Jersey)|Caesars Sportsbook (Pennsylvania)|DraftKings|Holland Casino|MGM|PointsBet|SugarHouse|Titanbets|Unibet|Westgate|accuscore|consensus|teamrankings,-5.0,0.4498677054212186,225.5,-208.0,175.0,-5.0
401359865,15,Caesars Sportsbook|Caesars Sportsbook (Colorado)|Caesars Sportsbook (New Jersey)|Caesars Sportsbook (Pennsylvania)|DraftKings|Holland Casino|MGM|PointsBet|SugarHouse|Titanbets|Unibet|Westgate|accuscore|consensus|teamrankings,2.0,0.8423323628614833,224.5,110.0,-128.0,2.0
401359866,15,Caesars Sportsbook|Caesars Sportsbook (Colorado)|Caesars Sportsbook (New Jersey)|Caesars Sportsbook (Pennsylvania)|DraftKings|Holland Casino|MGM|PointsBet|SugarHouse|Titanbets|Unibet|Westgate|accuscore|consensus|teamrankings,2.0,0.4309458036856674,229.5,105.0,-125.0,2.0
401359867,14,Caesars Sportsbook|Caesars Sportsbook (Colorado)|Caesars Sportsbook (New Jersey)|Caesars Sportsbook (Pennsylvania)|DraftKings|Holland Casino|MGM|SugarHouse|Titanbets|Unibet|Westgate|accuscore|consensus|teamrankings,-11.5,0.3631365196012814,212.5,-700.0,478.0,-11.5
401359868,15,Caesars Sportsbook|Caesars Sportsbook (Colorado)|Caesars Sportsbook (New Jersey)|Caesars Sportsbook (Pennsylvania)|DraftKings|Holland Casino|MGM|PointsBet|SugarHouse|Titanbets|Unibet|Westgate|accuscore|consensus|teamrankings,-6.0,0.8208590157935307,229.5,-245.0,200.0,-6.0
401359869,15,Caesars Sportsbook|Caesars Sportsbook (Colorado)|Caesars Sportsbook (New Jersey)|Caesars Sportsbook (Pennsylvania)|DraftKings|Holland Casino|MGM|PointsBet|SugarHouse|Titanbets|Unibet|Westgate|accuscore|consensus|teamrankings,-13.5,0.0,211.5,-1100.0,700.0,-13.5
401359870,15,Caesars Sportsbook|Caesars Sportsbook (Colorado)|Caesars Sportsbook (New Jersey)|Caesars Sportsbook (Pennsylvania)|DraftKings|Holland Casino|MGM|PointsBet|SugarHouse|Titanbets|Unibet|Westgate|accuscore|consensus|teamrankings,2.5,0.3683941988065036,213.5,110.0,-132.0,2.5
401359871,15,Caesars Sportsbook|Caesars Sportsbook (Colorado)|Caesars Sportsbook (New Jersey)|Caesars Sportsbook (Pennsylvania)|DraftKings|Holland Casino|MGM|PointsBet|SugarHouse|Titanbets|Unibet|Westgate|accuscore|consensus|teamrankings,-5.5,0.0,224.5,-225.0,185.0,-5.5
401359872,15,Caesars Sportsbook|Caesars Sportsbook (Colorado)|Caesars Sportsbook (New Jersey)|Caesars Sportsbook (Pennsylvania)|DraftKings|Holland Casino|MGM|PointsBet|SugarHouse|Titanbets|Unibet|Westgate|accuscore|consensus|teamrankings,-9.5,0.36187343222787294,221.5,-525.0,400.0,-9.5
401359873,15,Caesars Sportsbook|Caesars Sportsbook (Colorado)|Caesars Sportsbook (New Jersey)|Caesars Sportsbook (Pennsylvania)|DraftKings|Holland Casino|MGM|PointsBet|SugarHouse|Titanbets|Unibet|Westgate|accuscore|consensus|teamrankings,-2.5,0.36187343222787294,230.0,-135.0,115.0,-2.5
401359874,15,Caesars Sportsbook|Caesars Sportsbook (Colorado)|Caesars Sportsbook (New Jersey)|Caesars Sportsbook (Pennsylvania)|DraftKings|Holland Casino|MGM|PointsBet|SugarHouse|Titanbets|Unibet|Westgate|accuscore|consensus|teamrankings,-1.0,0.12909944487358055,217.0,-120.0,100.0,-1.0
401359875,14,Caesars Sportsbook|Caesars Sportsbook (Colorado)|Caesars Sportsbook (New Jersey)|Caesars Sportsbook (Pennsylvania)|DraftKings|Holland Casino|MGM|SugarHouse|Titanbets|Unibet|Westgate|accuscore|consensus|teamrankings,9.5,0.19611613513818404,223.5,358.0,-452.5,9.5
401359876,15,Caesars Sportsbook|Caesars Sportsbook (Colorado)|Caesars Sportsbook (New Jersey)|Caesars Sportsbook (Pennsylvania)|DraftKings|Holland Casino|MGM|PointsBet|SugarHouse|Titanbets|Unibet|Westgate|accuscore|consensus|teamrankings,-10.5,0.253546276418555,222.5,-667.0,475.0,-10.5
401359877,15,Caesars Sportsbook|Caesars Sportsbook (Colorado)|Caesars Sportsbook (New Jersey)|Caesars Sportsbook (Pennsylvania)|DraftKings|Holland Casino|MGM|PointsBet|SugarHouse|Titanbets|Unibet|Westgate|accuscore|consensus|teamrankings,-2.5,2.3969226302152715,219.5,-135.0,115.0,-2.5
401359878,14,Caesars Sportsbook|Caesars Sportsbook (Colorado)|Caesars Sportsbook (New Jersey)|Caesars Sportsbook (Pennsylvania)|DraftKings|Holland Casino|MGM|SugarHouse|Titanbets|Unibet|Westgate|accuscore|consensus|teamrankings,-7.5,0.0,218.5,-320.0,260.0,-7.5
401359879,15,Caesars Sportsbook|Caesars Sportsbook (Colorado)|Caesars Sportsbook (New Jersey)|Caesars Sportsbook (Pennsylvania)|DraftKings|Holland Casino|MGM|PointsBet|SugarHouse|Titanbets|Unibet|Westgate|accuscore|consensus|teamrankings,5.5,0.2968084198523318,221.0,190.0,-227.0,5.5
401359880,15,Caesars Sportsbook|Caesars Sportsbook (Colorado)|Caesars Sportsbook (New Jersey)|Caesars Sportsbook (Pennsylvania)|DraftKings|Holland Casino|MGM|PointsBet|SugarHouse|Titanbets|Unibet|Westgate|accuscore|consensus|teamrankings,-4.0,0.1759328876372492,224.0,-175.0,155.0,-4.0
401359881,15,Caesars Sportsbook|Caesars Sportsbook (Colorado)|Caesars Sportsbook (New Jersey)|Caesars Sportsbook (Pennsylvania)|DraftKings|Holland Casino|MGM|PointsBet|SugarHouse|Titanbets|Unibet|Westgate|accuscore|consensus|teamrankings,-3.5,0.4805750523616275,218.0,-155.0,135.0,-3.5
401359882,14,Caesars Sportsbook|Caesars Sportsbook (Colorado)|Caesars Sportsbook (New Jersey)|Caesars Sportsbook (Pennsylvania)|DraftKings|Holland Casino|MGM|SugarHouse|Titanbets|Unibet|Westgate|accuscore|consensus|teamrankings,-1.0,1.112491511265305,214.5,-118.5,100.0,-1.0
401359883,15,Caesars Sportsbook|Caesars Sportsbook (Colorado)|Caesars Sportsbook (New Jersey)|Caesars Sportsbook (Pennsylvania)|DraftKings|Holland Casino|MGM|PointsBet|SugarHouse|Titanbets|Unibet|Westgate|accuscore|consensus|teamrankings,5.0,0.3683941988065036,220.5,175.0,-208.0,5.0
401359884,14,Caesars Sportsbook|Caesars Sportsbook (Colorado)|Caesars Sportsbook (New Jersey)|Caesars Sportsbook (Pennsylvania)|DraftKings|MGM|PointsBet|SugarHouse|Titanbets|Unibet|Westgate|accuscore|consensus|teamrankings,-6.0,0.646206172658864,231.5,-240.0,200.0,-5.5
401359885,13,Caesars Sportsbook|Caesars Sportsbook (Colorado)|Caesars Sportsbook (New Jersey)|Caesars Sportsbook (Pennsylvania)|DraftKings|MGM|SugarHouse|Titanbets|Unibet|Westgate|accuscore|consensus|teamrankings,5.5,1.216868616888952,217.0,196.0,-240.0,5.5
401359886,15,Caesars Sportsbook|Caesars Sportsbook (Colorado)|Caesars Sportsbook (New Jersey)|Caesars Sportsbook (Pennsylvania)|DraftKings|Holland Casino|MGM|PointsBet|SugarHouse|Titanbets|Unibet|Westgate|accuscore|consensus|teamrankings,-8.0,0.1759328876372492,224.5,-357.0,285.0,-8.0
401359887,15,Caesars Sportsbook|Caesars Sportsbook (Colorado)|Caesars Sportsbook (New Jersey)|Caesars Sportsbook (Pennsylvania)|DraftKings|Holland Casino|MGM|PointsBet|SugarHouse|Titanbets|Unibet|Westgate|accuscore|consensus|teamrankings,-2.5,0.12909944487358055,233.0,-137.0,115.0,-2.5
401359888,15,Caesars Sportsbook|Caesars Sportsbook (Colorado)|Caesars Sportsbook (New Jersey)|Caesars Sportsbook (Pennsylvania)|DraftKings|Holland Casino|MGM|PointsBet|SugarHouse|Titanbets|Unibet|Westgate|accuscore|consensus|teamrankings,-8.0,0.41690469391639595,219.0,-360.0,285.0,-8.5
401359889,13,Caesars Sportsbook|Caesars Sportsbook (Colorado)|Caesars Sportsbook (New Jersey)|Caesars Sportsbook (Pennsylvania)|DraftKings|MGM|SugarHouse|Titanbets|Unibet|Westgate|accuscore|consensus|teamrankings,-11.0,0.1877669040497027,211.5,-600.0,450.0,-11.0
401359890,14,Caesars Sportsbook|Caesars Sportsbook (Colorado)|Caesars Sportsbook (New Jersey)|Caesars Sportsbook (Pennsylvania)|DraftKings|MGM|PointsBet|SugarHouse|Titanbets|Unibet|Westgate|accuscore|consensus|teamrankings,4.0,0.6021937915964949,222.25,150.0,-171.0,4.0
401359891,14,Caesars Sportsbook|Caesars Sportsbook (Colorado)|Caesars Sportsbook (New Jersey)|Caesars Sportsbook (Pennsylvania)|DraftKings|MGM|PointsBet|SugarHouse|Titanbets|Unibet|Westgate|accuscore|consensus|teamrankings,-1.5,0.23440361546924776,216.25,-120.0,102.5,-1.5
401359892,14,Caesars Sportsbook|Caesars Sportsbook (Colorado)|Caesars Sportsbook (New Jersey)|Caesars Sportsbook (Pennsylvania)|DraftKings|MGM|PointsBet|SugarHouse|Titanbets|Unibet|Westgate|accuscore|consensus|teamrankings,9.5,0.42742520713255516,222.5,360.0,-450.0,9.5
401359893,14,Caesars Sportsbook|Caesars Sportsbook (Colorado)|Caesars Sportsbook (New Jersey)|Caesars Sportsbook (Pennsylvania)|DraftKings|MGM|PointsBet|SugarHouse|Titanbets|Unibet|Westgate|accuscore|consensus|teamrankings,-6.5,0.13363062095621217,219.5,-262.5,215.0,-6.5
401359894,14,Caesars Sportsbook|Caesars Sportsbook (Colorado)|Caesars Sportsbook (New Jersey)|Caesars Sportsbook (Pennsylvania)|DraftKings|MGM|PointsBet|SugarHouse|Titanbets|Unibet|Westgate|accuscore|consensus|teamrankings,-6.0,0.30562492275106323,228.5,-245.5,200.0,-6.0
401359895,15,Caesars Sportsbook|Caesars Sportsbook (Colorado)|Caesars Sportsbook (New Jersey)|Caesars Sportsbook (Pennsylvania)|DraftKings|Holland Casino|MGM|PointsBet|SugarHouse|Titanbets|Unibet|Westgate|accuscore|consensus|teamrankings,-9.5,0.416904693916396,206.0,-450.0,350.0,-9.5
401359896,14,Caesars Sportsbook|Caesars Sportsbook (Colorado)|Caesars Sportsbook (New Jersey)|Caesars Sportsbook (Pennsylvania)|DraftKings|Holland Casino|MGM|SugarHouse|Titanbets|Unibet|Westgate|accuscore|consensus|teamrankings,-8.5,0.0,223.0,-400.0,314.0,-8.5
401359897,15,Caesars Sportsbook|Caesars Sportsbook (Colorado)|Caesars Sportsbook (New Jersey)|Caesars Sportsbook (Pennsylvania)|DraftKings|Holland Casino|MGM|PointsBet|SugarHouse|Titanbets|Unibet|Westgate|accuscore|consensus|teamrankings,-7.0,0.5300494136893097,222.0,-280.0,230.0,-7.0
401359898,15,Caesars Sportsbook|Caesars Sportsbook (Colorado)|Caesars Sportsbook (New Jersey)|Caesars Sportsbook (Pennsylvania)|DraftKings|Holland Casino|MGM|PointsBet|SugarHouse|Titanbets|Unibet|Westgate|accuscore|consensus|teamrankings,1.5,0.29680841985233186,221.5,100.0,-120.0,1.5
401359899,15,Caesars Sportsbook|Caesars Sportsbook (Colorado)|Caesars Sportsbook (New Jersey)|Caesars Sportsbook (Pennsylvania)|DraftKings|Holland Casino|MGM|PointsBet|SugarHouse|Titanbets|Unibet|Westgate|accuscore|consensus|teamrankings,-4.0,1.1159023681479017,216.5,-167.0,142.0,-4.0
401359900,15,Caesars Sportsbook|Caesars Sportsbook (Colorado)|Caesars Sportsbook (New Jersey)|Caesars Sportsbook (Pennsylvania)|DraftKings|Holland Casino|MGM|PointsBet|SugarHouse|Titanbets|Unibet|Westgate|accuscore|consensus|teamrankings,-3.5,0.35186577527449836,223.5,-160.0,138.0,-3.5
401359901,14,Caesars Sportsbook|Caesars Sportsbook (Colorado)|Caesars Sportsbook (New Jersey)|Caesars Sportsbook (Pennsylvania)|DraftKings|Holland Casino|MGM|SugarHouse|Titanbets|Unibet|Westgate|accuscore|consensus|teamrankings,-8.5,0.2894671117609197,222.0,-360.0,289.0,-8.5
401359902,15,Caesars Sportsbook|Caesars Sportsbook (Colorado)|Caesars Sportsbook (New Jersey)|Caesars Sportsbook (Pennsylvania)|DraftKings|Holland Casino|MGM|PointsBet|SugarHouse|Titanbets|Unibet|Westgate|accuscore|consensus|teamrankings,-2.0,0.1759328876372492,223.5,-130.0,110.0,-2.0
401359903,15,Caesars Sportsbook|Caesars Sportsbook (Colorado)|Caesars Sportsbook (New Jersey)|Caesars Sportsbook (Pennsylvania)|DraftKings|Holland Casino|MGM|PointsBet|SugarHouse|Titanbets|Unibet|Westgate|accuscore|consensus|teamrankings,-6.0,0.29680841985233186,207.5,-238.0,195.0,-6.0
401359904,14,Caesars Sportsbook|Caesars Sportsbook (Colorado)|Caesars Sportsbook (New Jersey)|Caesars Sportsbook (Pennsylvania)|DraftKings|Holland Casino|MGM|SugarHouse|Titanbets|Unibet|Westgate|accuscore|consensus|teamrankings,8.0,1.2469743601794925,214.0,295.0,-365.0,5.5
401359905,14,Caesars Sportsbook|Caesars Sportsbook (Colorado)|Caesars Sportsbook (New Jersey)|Caesars Sportsbook (Pennsylvania)|DraftKings|Holland Casino|MGM|SugarHouse|Titanbets|Unibet|Westgate|accuscore|consensus|teamrankings,-3.0,0.2672612419124244,212.5,-145.0,125.0,-3.0
401359906,14,Caesars Sportsbook|Caesars Sportsbook (Colorado)|Caesars Sportsbook (New Jersey)|Caesars Sportsbook (Pennsylvania)|DraftKings|Holland Casino|MGM|SugarHouse|Titanbets|Unibet|Westgate|accuscore|consensus|teamrankings,-3.5,0.0,217.0,-164.5,140.0,-3.5
401359907,15,Caesars Sportsbook|Caesars Sportsbook (Colorado)|Caesars Sportsbook (New Jersey)|Caesars Sportsbook (Pennsylvania)|DraftKings|Holland Casino|MGM|PointsBet|SugarHouse|Titanbets|Unibet|Westgate|accuscore|consensus|teamrankings,3.5,0.12909944487358055,218.5,140.0,-160.0,3.5
401359908,15,Caesars Sportsbook|Caesars Sportsbook (Colorado)|Caesars Sportsbook (New Jersey)|Caesars Sportsbook (Pennsylvania)|DraftKings|Holland Casino|MGM|PointsBet|SugarHouse|Titanbets|Unibet|Westgate|accuscore|consensus|teamrankings,-3.5,0.9063269671749657,215.5,-155.0,135.0,-3.5
401359909,15,Caesars Sportsbook|Caesars Sportsbook (Colorado)|Caesars Sportsbook (New Jersey)|Caesars Sportsbook (Pennsylvania)|DraftKings|Holland Casino|MGM|PointsBet|SugarHouse|Titanbets|Unibet|Westgate|accuscore|consensus|teamrankings,-7.0,0.1759328876372492,223.5,-286.0,235.0,-7.0
401359910,14,Caesars Sportsbook|Caesars Sportsbook (Colorado)|Caesars Sportsbook (New Jersey)|Caesars Sportsbook (Pennsylvania)|DraftKings|Holland Casino|MGM|SugarHouse|Titanbets|Unibet|Westgate|accuscore|consensus|teamrankings,-12.5,0.0,217.0,-900.0,600.0,-12.5
401359911,15,Caesars Sportsbook|Caesars Sportsbook (Colorado)|Caesars Sportsbook (New Jersey)|Caesars Sportsbook (Pennsylvania)|DraftKings|Holland Casino|MGM|PointsBet|SugarHouse|Titanbets|Unibet|Westgate|accuscore|consensus|teamrankings,-1.5,0.36187343222787294,219.5,-120.0,102.0,-1.5
401359912,15,Caesars Sportsbook|Caesars Sportsbook (Colorado)|Caesars Sportsbook (New Jersey)|Caesars Sportsbook (Pennsylvania)|DraftKings|Holland Casino|MGM|PointsBet|SugarHouse|Titanbets|Unibet|Westgate|accuscore|consensus|teamrankings,-10.0,0.3086066999241839,216.0,-500.0,375.0,-10.0
401359913,14,Caesars Sportsbook|Caesars Sportsbook (Colorado)|Caesars Sportsbook (New Jersey)|Caesars Sportsbook (Pennsylvania)|DraftKings|MGM|PointsBet|SugarHouse|Titanbets|Unibet|Westgate|accuscore|consensus|teamrankings,-4.5,0.1815682598006407,218.5,-180.5,155.0,-4.5
401359914,14,Caesars Sportsbook|Caesars Sportsbook (Colorado)|Caesars Sportsbook (New Jersey)|Caesars Sportsbook (Pennsylvania)|DraftKings|Holland Casino|MGM|SugarHouse|Titanbets|Unibet|Westgate|accuscore|consensus|teamrankings,2.0,0.3166618468883255,231.0,110.0,-129.0,2.0
401359915,14,Caesars Sportsbook|Caesars Sportsbook (Colorado)|Caesars Sportsbook (New Jersey)|Caesars Sportsbook (Pennsylvania)|DraftKings|Holland Casino|MGM|SugarHouse|Titanbets|Unibet|Westgate|accuscore|consensus|teamrankings,5.0,0.8254203058555569,222.0,166.0,-198.5,5.0
401359916,14,Caesars Sportsbook|Caesars Sportsbook (Colorado)|Caesars Sportsbook (New Jersey)|Caesars Sportsbook (Pennsylvania)|DraftKings|Holland Casino|MGM|SugarHouse|Titanbets|Unibet|Westgate|accuscore|consensus|teamrankings,-12.0,0.24862257904942345,211.0,-834.0,575.0,-12.0
401359917,14,Caesars Sportsbook|Caesars Sportsbook (Colorado)|Caesars Sportsbook (New Jersey)|Caesars Sportsbook (Pennsylvania)|DraftKings|Holland Casino|MGM|SugarHouse|Titanbets|Unibet|Westgate|accuscore|consensus|teamrankings,-11.0,0.6629935441317959,223.5,-650.0,475.0,-12.5
401359918,13,Caesars Sportsbook|Caesars Sportsbook (Colorado)|Caesars Sportsbook (New Jersey)|Caesars Sportsbook (Pennsylvania)|DraftKings|MGM|SugarHouse|Titanbets|Unibet|Westgate|accuscore|consensus|teamrankings,-5.0,0.1877669040497027,220.0,-200.0,170.0,-5.0
401359919,13,Caesars Sportsbook|Caesars Sportsbook (Colorado)|Caesars Sportsbook (New Jersey)|Caesars Sportsbook (Pennsylvania)|DraftKings|MGM|SugarHouse|Titanbets|Unibet|Westgate|accuscore|consensus|teamrankings,-2.5,0.38397382389415224,215.5,-140.0,120.0,-2.5
401359920,13,Caesars Sportsbook|Caesars Sportsbook (Colorado)|Caesars Sportsbook (New Jersey)|Caesars Sportsbook (Pennsylvania)|DraftKings|MGM|SugarHouse|Titanbets|Unibet|Westgate|accuscore|consensus|teamrankings,2.0,2.4929387456862213,220.0,110.0,-130.0,2.0
401359921,14,Caesars Sportsbook|Caesars Sportsbook (Colorado)|Caesars Sportsbook (New Jersey)|Caesars Sportsbook (Pennsylvania)|DraftKings|MGM|PointsBet|SugarHouse|Titanbets|Unibet|Westgate|accuscore|consensus|teamrankings,-5.5,0.1815682598006407,222.5,-210.0,175.0,-5.5
401359922,14,Caesars Sportsbook|Caesars Sportsbook (Colorado)|Caesars Sportsbook (New Jersey)|Caesars Sportsbook (Pennsylvania)|DraftKings|MGM|PointsBet|SugarHouse|Titanbets|Unibet|Westgate|accuscore|consensus|teamrankings,-2.75,0.2594372608313854,215.5,-146.5,125.0,-3.0
401359923,14,Caesars Sportsbook|Caesars Sportsbook (Colorado)|Caesars Sportsbook (New Jersey)|Caesars Sportsbook (Pennsylvania)|DraftKings|MGM|PointsBet|SugarHouse|Titanbets|Unibet|Westgate|accuscore|consensus|teamrankings,-7.5,0.42742520713255516,209.0,-300.0,240.0,-7.5
401359924,13,Caesars Sportsbook|Caesars Sportsbook (Colorado)|Caesars Sportsbook (New Jersey)|Caesars Sportsbook (Pennsylvania)|DraftKings|MGM|SugarHouse|Titanbets|Unibet|Westgate|accuscore|consensus|teamrankings,-2.0,0.864931246172816,215.5,-128.0,108.0,-2.0
401359925,14,Caesars Sportsbook|Caesars Sportsbook (Colorado)|Caesars Sportsbook (New Jersey)|Caesars Sportsbook (Pennsylvania)|DraftKings|MGM|PointsBet|SugarHouse|Titanbets|Unibet|Westgate|accuscore|consensus|teamrankings,-8.75,0.2594372608313854,216.5,-409.0,320.0,-8.5
401359926,14,Caesars Sportsbook|Caesars Sportsbook (Colorado)|Caesars Sportsbook (New Jersey)|Caesars Sportsbook (Pennsylvania)|DraftKings|MGM|PointsBet|SugarHouse|Titanbets|Unibet|Westgate|accuscore|consensus|teamrankings,-12.5,0.42581531362632014,210.0,-837.5,555.0,-12.5
401359927,13,Caesars Sportsbook|Caesars Sportsbook (New Jersey)|Caesars Sportsbook (Pennsylvania)|DraftKings|Holland Casino|MGM|SugarHouse|Titanbets|Unibet|Westgate|accuscore|consensus|teamrankings,4.5,0.4493585171364585,212.0,160.0,-180.0,4.5
401359928,14,Caesars Sportsbook|Caesars Sportsbook (New Jersey)|Caesars Sportsbook (Pennsylvania)|DraftKings|Holland Casino|MGM|PointsBet|SugarHouse|Titanbets|Unibet|Westgate|accuscore|consensus|teamrankings,2.5,0.19611613513818404,209.5,120.0,-140.0,2.5
401359929,14,Caesars Sportsbook|Caesars Sportsbook (New Jersey)|Caesars Sportsbook (Pennsylvania)|DraftKings|Holland Casino|MGM|PointsBet|SugarHouse|Titanbets|Unibet|Westgate|accuscore|consensus|teamrankings,-9.0,0.3779644730092273,223.25,-420.0,330.0,-9.5
401359930,13,Caesars Sportsbook|Caesars Sportsbook (New Jersey)|Caesars Sportsbook (Pennsylvania)|DraftKings|Holland Casino|MGM|SugarHouse|Titanbets|Unibet|Westgate|accuscore|consensus|teamrankings,-10.0,0.563300712149108,215.0,-530.0,400.0,-10.0
401359931,14,Caesars Sportsbook|Caesars Sportsbook (New Jersey)|Caesars Sportsbook (Pennsylvania)|DraftKings|Holland Casino|MGM|PointsBet|SugarHouse|Titanbets|Unibet|Westgate|accuscore|consensus|teamrankings,-11.0,0.37977726265637496,219.0,-655.0,475.0,-11.0
401359932,13,Caesars Sportsbook|Caesars Sportsbook (New Jersey)|Caesars Sportsbook (Pennsylvania)|DraftKings|Holland Casino|MGM|SugarHouse|Titanbets|Unibet|Westgate|accuscore|consensus|teamrankings,5.5,0.9887184141928897,216.5,188.0,-222.0,5.5
401359933,14,Caesars Sportsbook|Caesars Sportsbook (New Jersey)|Caesars Sportsbook (Pennsylvania)|DraftKings|Holland Casino|MGM|PointsBet|SugarHouse|Titanbets|Unibet|Westgate|accuscore|consensus|teamrankings,-1.0,0.6640098575390962,216.0,-110.0,-110.0,-1.0
401359934,13,Caesars Sportsbook|Caesars Sportsbook (New Jersey)|Caesars Sportsbook (Pennsylvania)|DraftKings|Holland Casino|MGM|SugarHouse|Titanbets|Unibet|Westgate|accuscore|consensus|teamrankings,7.0,0.1877669040497027,212.5,235.0,-290.0,7.0
401359935,14,Caesars Sportsbook|Caesars Sportsbook (New Jersey)|Caesars Sportsbook (Pennsylvania)|DraftKings|Holland Casino|MGM|PointsBet|SugarHouse|Titanbets|Unibet|Westgate|accuscore|consensus|teamrankings,-2.5,0.3631365196012815,215.5,-138.0,115.0,-2.5
401359936,14,Caesars Sportsbook|Caesars Sportsbook (New Jersey)|Caesars Sportsbook (Pennsylvania)|DraftKings|Holland Casino|MGM|PointsBet|SugarHouse|Titanbets|Unibet|Westgate|accuscore|consensus|teamrankings,-3.5,0.0,212.0,-160.5,140.0,-3.5
401359937,14,Caesars Sportsbook|Caesars Sportsbook (New Jersey)|Caesars Sportsbook (Pennsylvania)|DraftKings|Holland Casino|MGM|PointsBet|SugarHouse|Titanbets|Unibet|Westgate|accuscore|consensus|teamrankings,-4.5,0.42581531362632014,221.0,-190.0,160.0,-4.5
401359938,14,Caesars Sportsbook|Caesars Sportsbook (New Jersey)|Caesars Sportsbook (Pennsylvania)|DraftKings|Holland Casino|MGM|PointsBet|SugarHouse|Titanbets|Unibet|Westgate|accuscore|consensus|teamrankings,1.0,1.0773645092141684,215.5,100.0,-120.0,1.0
401359939,13,Caesars Sportsbook|Caesars Sportsbook (New Jersey)|Caesars Sportsbook (Pennsylvania)|DraftKings|Holland Casino|MGM|SugarHouse|Titanbets|Unibet|Westgate|accuscore|consensus|teamrankings,2.5,0.9707253433941508,212.5,120.0,-140.0,2.5
401359940,14,Caesars Sportsbook|Caesars Sportsbook (New Jersey)|Caesars Sportsbook (Pennsylvania)|DraftKings|Holland Casino|MGM|PointsBet|SugarHouse|Titanbets|Unibet|Westgate|accuscore|consensus|teamrankings,2.0,0.30562492275106334,217.0,110.0,-130.0,2.0
401359941,14,Caesars Sportsbook|Caesars Sportsbook (New Jersey)|Caesars Sportsbook (Pennsylvania)|DraftKings|Holland Casino|MGM|PointsBet|SugarHouse|Titanbets|Unibet|Westgate|accuscore|consensus|teamrankings,-6.0,0.30562492275106323,226.5,-243.5,200.0,-6.0
401359942,14,Caesars Sportsbook|Caesars Sportsbook (New Jersey)|Caesars Sportsbook (Pennsylvania)|DraftKings|Holland Casino|MGM|PointsBet|SugarHouse|Titanbets|Unibet|Westgate|accuscore|consensus|teamrankings,-6.0,0.4258153136263201,219.0,-224.0,188.0,-6.0
401359943,13,Caesars Sportsbook|Caesars Sportsbook (New Jersey)|Caesars Sportsbook (Pennsylvania)|DraftKings|Holland Casino|MGM|SugarHouse|Titanbets|Unibet|Westgate|accuscore|consensus|teamrankings,4.5,0.5063696835418333,208.0,165.0,-192.0,4.5
401359944,14,Caesars Sportsbook|Caesars Sportsbook (New Jersey)|Caesars Sportsbook (Pennsylvania)|DraftKings|Holland Casino|MGM|PointsBet|SugarHouse|Titanbets|Unibet|Westgate|accuscore|consensus|teamrankings,1.0,0.6602252917735247,218.5,-0.5,-116.5,1.0
401359945,14,Caesars Sportsbook|Caesars Sportsbook (New Jersey)|Caesars Sportsbook (Pennsylvania)|DraftKings|Holland Casino|MGM|PointsBet|SugarHouse|Titanbets|Unibet|Westgate|accuscore|consensus|teamrankings,-6.5,0.42581531362632014,213.5,-265.0,220.0,-6.5
401359946,14,Caesars Sportsbook|Caesars Sportsbook (New Jersey)|Caesars Sportsbook (Pennsylvania)|DraftKings|Holland Casino|MGM|PointsBet|SugarHouse|Titanbets|Unibet|Westgate|accuscore|consensus|teamrankings,-11.5,0.5095246653650681,220.0,-700.0,500.0,-11.5
401359947,13,Caesars Sportsbook|Caesars Sportsbook (New Jersey)|Caesars Sportsbook (Pennsylvania)|DraftKings|Holland Casino|MGM|SugarHouse|Titanbets|Unibet|Westgate|accuscore|consensus|teamrankings,-10.5,0.5910659644734879,215.0,-600.0,450.0,-10.5
401359948,14,Caesars Sportsbook|Caesars Sportsbook (New Jersey)|Caesars Sportsbook (Pennsylvania)|DraftKings|Holland Casino|MGM|PointsBet|SugarHouse|Titanbets|Unibet|Westgate|accuscore|consensus|teamrankings,9.5,0.3779644730092273,210.0,375.0,-500.0,9.5
401359949,14,Caesars Sportsbook|Caesars Sportsbook (New Jersey)|Caesars Sportsbook (Pennsylvania)|DraftKings|Holland Casino|MGM|PointsBet|SugarHouse|Titanbets|Unibet|Westgate|accuscore|consensus|teamrankings,4.0,0.2567762955065477,213.0,150.0,-170.0,3.5
401359950,14,Caesars Sportsbook|Caesars Sportsbook (New Jersey)|Caesars Sportsbook (Pennsylvania)|DraftKings|Holland Casino|MGM|PointsBet|SugarHouse|Titanbets|Unibet|Westgate|accuscore|consensus|teamrankings,-2.5,0.3779644730092272,220.5,-138.0,120.0,-2.5
401359951,14,Caesars Sportsbook|Caesars Sportsbook (New Jersey)|Caesars Sportsbook (Pennsylvania)|DraftKings|Holland Casino|MGM|PointsBet|SugarHouse|Titanbets|Unibet|Westgate|accuscore|consensus|teamrankings,-6.0,0.1336306209562122,204.0,-230.0,190.0,-6.0
401359952,13,Caesars Sportsbook|Caesars Sportsbook (New Jersey)|Caesars Sportsbook (Pennsylvania)|DraftKings|Holland Casino|MGM|SugarHouse|Titanbets|Unibet|Westgate|accuscore|consensus|teamrankings,-3.5,0.37553380809940534,217.0,-155.0,135.0,-3.5
401359953,14,Caesars Sportsbook|Caesars Sportsbook (New Jersey)|Caesars Sportsbook (Pennsylvania)|DraftKings|Holland Casino|MGM|PointsBet|SugarHouse|Titanbets|Unibet|Westgate|accuscore|consensus|teamrankings,2.5,0.13363062095621217,215.5,120.0,-140.0,2.5
401359954,14,Caesars Sportsbook|Caesars Sportsbook (New Jersey)|Caesars Sportsbook (Pennsylvania)|DraftKings|Holland Casino|MGM|PointsBet|SugarHouse|Titanbets|Unibet|Westgate|accuscore|consensus|teamrankings,-9.5,0.2894671117609197,213.5,-465.5,360.0,-9.5
401359955,14,Caesars Sportsbook|Caesars Sportsbook (New Jersey)|Caesars Sportsbook (Pennsylvania)|DraftKings|Holland Casino|MGM|PointsBet|SugarHouse|Titanbets|Unibet|Westgate|accuscore|consensus|teamrankings,-5.5,0.7234304723687331,222.5,-225.0,185.0,-5.5
401359956,14,Caesars Sportsbook|Caesars Sportsbook (New Jersey)|Caesars Sportsbook (Pennsylvania)|DraftKings|Holland Casino|MGM|PointsBet|SugarHouse|Titanbets|Unibet|Westgate|accuscore|consensus|teamrankings,-2.0,0.18156825980064076,232.0,-130.0,110.0,-2.0
401359957,14,Caesars Sportsbook|Caesars Sportsbook (New Jersey)|Caesars Sportsbook (Pennsylvania)|DraftKings|Holland Casino|MGM|PointsBet|SugarHouse|Titanbets|Unibet|Westgate|accuscore|consensus|teamrankings,-11.5,0.42581531362632014,215.0,-700.0,478.0,-11.5
401359958,14,Caesars Sportsbook|Caesars Sportsbook (Colorado)|Caesars Sportsbook (New Jersey)|Caesars Sportsbook (Pennsylvania)|DraftKings|Holland Casino|MGM|SugarHouse|Titanbets|Unibet|Westgate|accuscore|consensus|teamrankings,1.0,1.7286107827082526,211.5,-110.0,-110.0,1.0
401359959,14,Caesars Sportsbook|Caesars Sportsbook (Colorado)|Caesars Sportsbook (New Jersey)|Caesars Sportsbook (Pennsylvania)|DraftKings|Holland Casino|MGM|SugarHouse|Titanbets|Unibet|Westgate|accuscore|consensus|teamrankings,-4.0,0.1815682598006407,215.0,-174.5,150.0,-4.0
401359960,15,Caesars Sportsbook|Caesars Sportsbook (Colorado)|Caesars Sportsbook (New Jersey)|Caesars Sportsbook (Pennsylvania)|DraftKings|Holland Casino|MGM|PointsBet|SugarHouse|Titanbets|Unibet|Westgate|accuscore|consensus|teamrankings,-3.5,0.4140393356054125,211.0,-160.0,140.0,-3.5
401359961,14,Caesars Sportsbook|Caesars Sportsbook (Colorado)|Caesars Sportsbook (New Jersey)|Caesars Sportsbook (Pennsylvania)|DraftKings|Holland Casino|MGM|SugarHouse|Titanbets|Unibet|Westgate|accuscore|consensus|teamrankings,-3.5,0.37247317183424594,222.0,-160.0,140.0,-3.5
401359962,15,Caesars Sportsbook|Caesars Sportsbook (Colorado)|Caesars Sportsbook (New Jersey)|Caesars Sportsbook (Pennsylvania)|DraftKings|Holland Casino|MGM|PointsBet|SugarHouse|Titanbets|Unibet|Westgate|accuscore|consensus|teamrankings,-5.0,0.3199702367110922,223.5,-200.0,165.0,-5.0
401359963,15,Caesars Sportsbook|Caesars Sportsbook (Colorado)|Caesars Sportsbook (New Jersey)|Caesars Sportsbook (Pennsylvania)|DraftKings|Holland Casino|MGM|PointsBet|SugarHouse|Titanbets|Unibet|Westgate|accuscore|consensus|teamrankings,3.5,0.0,210.5,135.0,-156.5,3.5
401359964,15,Caesars Sportsbook|Caesars Sportsbook (Colorado)|Caesars Sportsbook (New Jersey)|Caesars Sportsbook (Pennsylvania)|DraftKings|Holland Casino|MGM|PointsBet|SugarHouse|Titanbets|Unibet|Westgate|accuscore|consensus|teamrankings,-7.5,0.0,207.5,-320.0,260.0,-7.5
401359965,14,Caesars Sportsbook|Caesars Sportsbook (Colorado)|Caesars Sportsbook (New Jersey)|Caesars Sportsbook (Pennsylvania)|DraftKings|Holland Casino|MGM|SugarHouse|Titanbets|Unibet|Westgate|accuscore|consensus|teamrankings,11.0,0.6462061726588639,211.0,467.5,-652.0,11.0
401359966,14,Caesars Sportsbook|Caesars Sportsbook (Colorado)|Caesars Sportsbook (New Jersey)|Caesars Sportsbook (Pennsylvania)|DraftKings|Holland Casino|MGM|SugarHouse|Titanbets|Unibet|Westgate|accuscore|consensus|teamrankings,1.0,0.5633007121491082,219.0,-105.0,-115.0,1.0
401359967,15,Caesars Sportsbook|Caesars Sportsbook (Colorado)|Caesars Sportsbook (New Jersey)|Caesars Sportsbook (Pennsylvania)|DraftKings|Holland Casino|MGM|PointsBet|SugarHouse|Titanbets|Unibet|Westgate|accuscore|consensus|teamrankings,-2.5,0.45773770821706344,225.0,-138.0,120.0,-2.5
401359968,15,Caesars Sportsbook|Caesars Sportsbook (Colorado)|Caesars Sportsbook (New Jersey)|Caesars Sportsbook (Pennsylvania)|DraftKings|Holland Casino|MGM|PointsBet|SugarHouse|Titanbets|Unibet|Westgate|accuscore|consensus|teamrankings,3.5,0.4140393356054125,213.5,140.0,-160.0,3.5
401359969,15,Caesars Sportsbook|Caesars Sportsbook (Colorado)|Caesars Sportsbook (New Jersey)|Caesars Sportsbook (Pennsylvania)|DraftKings|Holland Casino|MGM|PointsBet|SugarHouse|Titanbets|Unibet|Westgate|accuscore|consensus|teamrankings,-13.0,0.36839419880650365,218.5,-1000.0,650.0,-13.0
401359970,15,Caesars Sportsbook|Caesars Sportsbook (Colorado)|Caesars Sportsbook (New Jersey)|Caesars Sportsbook (Pennsylvania)|DraftKings|Holland Casino|MGM|PointsBet|SugarHouse|Titanbets|Unibet|Westgate|accuscore|consensus|teamrankings,-6.0,0.1759328876372492,224.5,-250.0,201.0,-6.0
401359971,14,Caesars Sportsbook|Caesars Sportsbook (Colorado)|Caesars Sportsbook (New Jersey)|Caesars Sportsbook (Pennsylvania)|DraftKings|Holland Casino|MGM|PointsBet|SugarHouse|Titanbets|Unibet|accuscore|consensus|teamrankings,2.0,0.3396831102433787,213.5,110.0,-130.0,2.0
401359972,14,Caesars Sportsbook|Caesars Sportsbook (Colorado)|Caesars Sportsbook (New Jersey)|Caesars Sportsbook (Pennsylvania)|DraftKings|Holland Casino|MGM|PointsBet|SugarHouse|Titanbets|Unibet|accuscore|consensus|teamrankings,1.0,1.0963225241337864,216.5,-105.0,-114.0,1.0
401359973,13,Caesars Sportsbook|Caesars Sportsbook (Colorado)|Caesars Sportsbook (New Jersey)|Caesars Sportsbook (Pennsylvania)|DraftKings|Holland Casino|MGM|SugarHouse|Titanbets|Unibet|accuscore|consensus|teamrankings,-4.5,0.4274252071325552,220.5,-185.0,160.0,-4.5
401359974,14,Caesars Sportsbook|Caesars Sportsbook (Colorado)|Caesars Sportsbook (New Jersey)|Caesars Sportsbook (Pennsylvania)|DraftKings|Holland Casino|MGM|PointsBet|SugarHouse|Titanbets|Unibet|accuscore|consensus|teamrankings,-9.0,0.307863963107441,210.5,-426.0,331.5,-9.0
401359975,13,Caesars Sportsbook|Caesars Sportsbook (Colorado)|Caesars Sportsbook (New Jersey)|Caesars Sportsbook (Pennsylvania)|DraftKings|Holland Casino|MGM|SugarHouse|Titanbets|Unibet|accuscore|consensus|teamrankings,1.5,0.0,203.0,105.0,-125.0,1.5
401359976,13,Caesars Sportsbook|Caesars Sportsbook (Colorado)|Caesars Sportsbook (New Jersey)|Caesars Sportsbook (Pennsylvania)|DraftKings|Holland Casino|PointsBet|SugarHouse|Titanbets|Unibet|accuscore|consensus|teamrankings,-3.5,0.2192645048267573,222.5,-160.0,138.0,-3.5
401359977,12,Caesars Sportsbook|Caesars Sportsbook (Colorado)|Caesars Sportsbook (New Jersey)|Caesars Sportsbook (Pennsylvania)|DraftKings|Holland Casino|SugarHouse|Titanbets|Unibet|accuscore|consensus|teamrankings,3.5,0.3988620176087328,224.0,138.0,-160.0,3.5
401359978,14,Caesars Sportsbook|Caesars Sportsbook (Colorado)|Caesars Sportsbook (New Jersey)|Caesars Sportsbook (Pennsylvania)|DraftKings|Holland Casino|MGM|PointsBet|SugarHouse|Titanbets|Unibet|accuscore|consensus|teamrankings,-2.5,0.1336306209562122,225.5,-138.0,118.0,-2.5
401359979,12,Caesars Sportsbook|Caesars Sportsbook (Colorado)|Caesars Sportsbook (New Jersey)|Caesars Sportsbook (Pennsylvania)|DraftKings|Holland Casino|MGM|Titanbets|Unibet|accuscore|consensus|teamrankings,6.5,0.45016831868926,215.0,240.0,-298.5,6.5
401359980,13,Caesars Sportsbook|Caesars Sportsbook (Colorado)|Caesars Sportsbook (New Jersey)|Caesars Sportsbook (Pennsylvania)|DraftKings|Holland Casino|MGM|SugarHouse|Titanbets|Unibet|accuscore|consensus|teamrankings,-8.5,0.38812501290309237,223.0,-400.0,300.0,-8.5
401359981,13,Caesars Sportsbook|Caesars Sportsbook (Colorado)|Caesars Sportsbook (New Jersey)|Caesars Sportsbook (Pennsylvania)|DraftKings|Holland Casino|MGM|SugarHouse|Titanbets|Unibet|accuscore|consensus|teamrankings,-3.0,0.28867513459481287,220.5,-150.0,130.0,-3.0
401359982,14,Caesars Sportsbook|Caesars Sportsbook (Colorado)|Caesars Sportsbook (New Jersey)|Caesars Sportsbook (Pennsylvania)|DraftKings|Holland Casino|MGM|PointsBet|SugarHouse|Titanbets|Unibet|accuscore|consensus|teamrankings,3.5,0.2567762955065477,209.0,138.0,-160.0,3.5
401359983,14,Caesars Sportsbook|Caesars Sportsbook (Colorado)|Caesars Sportsbook (New Jersey)|Caesars Sportsbook (Pennsylvania)|DraftKings|Holland Casino|MGM|PointsBet|SugarHouse|Titanbets|Unibet|accuscore|consensus|teamrankings,10.0,0.30562492275106323,210.5,360.0,-475.0,10.0
401359984,13,Caesars Sportsbook|Caesars Sportsbook (Colorado)|Caesars Sportsbook (New Jersey)|Caesars Sportsbook (Pennsylvania)|DraftKings|Holland Casino|MGM|SugarHouse|Titanbets|Unibet|accuscore|consensus|teamrankings,-3.0,0.1877669040497027,206.0,-154.0,131.0,-3.0
401359985,14,Caesars Sportsbook|Caesars Sportsbook (Colorado)|Caesars Sportsbook (New Jersey)|Caesars Sportsbook (Pennsylvania)|DraftKings|Holland Casino|MGM|SugarHouse|Titanbets|Unibet|Westgate|accuscore|consensus|teamrankings,-3.5,0.3851644432598216,216.0,-160.5,140.0,-3.5
401359986,15,Caesars Sportsbook|Caesars Sportsbook (Colorado)|Caesars Sportsbook (New Jersey)|Caesars Sportsbook (Pennsylvania)|DraftKings|Holland Casino|MGM|PointsBet|SugarHouse|Titanbets|Unibet|Westgate|accuscore|consensus|teamrankings,-3.0,0.6935073041809876,210.5,-150.0,128.0,-3.0
401359987,13,Caesars Sportsbook|Caesars Sportsbook (Colorado)|Caesars Sportsbook (New Jersey)|Caesars Sportsbook (Pennsylvania)|DraftKings|Holland Casino|MGM|SugarHouse|Titanbets|Unibet|accuscore|consensus|teamrankings,-3.5,0.0,215.0,-160.0,140.0,-3.5
401359988,14,Caesars Sportsbook|Caesars Sportsbook (Colorado)|Caesars Sportsbook (New Jersey)|Caesars Sportsbook (Pennsylvania)|DraftKings|Holland Casino|MGM|PointsBet|SugarHouse|Titanbets|Unibet|accuscore|consensus|teamrankings,-4.5,0.0,228.25,-190.0,161.5,-4.5
401359989,15,Caesars Sportsbook|Caesars Sportsbook (Colorado)|Caesars Sportsbook (New Jersey)|Caesars Sportsbook (Pennsylvania)|DraftKings|Holland Casino|MGM|PointsBet|SugarHouse|Titanbets|Unibet|Westgate|accuscore|consensus|teamrankings,-4.0,0.1759328876372492,208.5,-180.0,155.0,-4.0
401359990,13,Caesars Sportsbook|Caesars Sportsbook (Colorado)|Caesars Sportsbook (New Jersey)|Caesars Sportsbook (Pennsylvania)|DraftKings|Holland Casino|MGM|SugarHouse|Titanbets|Unibet|accuscore|consensus|teamrankings,-1.0,0.20225995873897262,222.5,-110.0,-108.0,-1.0
401359991,14,Caesars Sportsbook|Caesars Sportsbook (Colorado)|Caesars Sportsbook (New Jersey)|Caesars Sportsbook (Pennsylvania)|DraftKings|Holland Casino|MGM|SugarHouse|Titanbets|Unibet|Westgate|accuscore|consensus|teamrankings,3.0,0.30786396310744096,205.0,135.0,-159.0,3.0
401359992,15,Caesars Sportsbook|Caesars Sportsbook (Colorado)|Caesars Sportsbook (New Jersey)|Caesars Sportsbook (Pennsylvania)|DraftKings|Holland Casino|MGM|PointsBet|SugarHouse|Titanbets|Unibet|Westgate|accuscore|consensus|teamrankings,-5.0,0.5627314338711377,225.0,-200.0,170.0,-5.0
401359993,14,Caesars Sportsbook|Caesars Sportsbook (Colorado)|Caesars Sportsbook (New Jersey)|Caesars Sportsbook (Pennsylvania)|DraftKings|Holland Casino|MGM|PointsBet|SugarHouse|Titanbets|Unibet|accuscore|consensus|teamrankings,-7.5,0.1336306209562122,222.5,-320.0,260.0,-7.5
401359994,14,Caesars Sportsbook|Caesars Sportsbook (Colorado)|Caesars Sportsbook (New Jersey)|Caesars Sportsbook (Pennsylvania)|DraftKings|Holland Casino|MGM|PointsBet|SugarHouse|Titanbets|Unibet|accuscore|consensus|teamrankings,5.5,0.3779644730092272,215.5,177.5,-210.0,5.5
401359995,15,Caesars Sportsbook|Caesars Sportsbook (Colorado)|Caesars Sportsbook (New Jersey)|Caesars Sportsbook (Pennsylvania)|DraftKings|Holland Casino|MGM|PointsBet|SugarHouse|Titanbets|Unibet|Westgate|accuscore|consensus|teamrankings,-4.0,0.408248290463863,212.0,-175.0,150.0,-4.0
401359996,14,Caesars Sportsbook|Caesars Sportsbook (Colorado)|Caesars Sportsbook (New Jersey)|Caesars Sportsbook (Pennsylvania)|DraftKings|Holland Casino|MGM|SugarHouse|Titanbets|Unibet|Westgate|accuscore|consensus|teamrankings,-10.5,0.3631365196012814,215.5,-550.0,417.5,-10.5
401359997,15,Caesars Sportsbook|Caesars Sportsbook (Colorado)|Caesars Sportsbook (New Jersey)|Caesars Sportsbook (Pennsylvania)|DraftKings|Holland Casino|MGM|PointsBet|SugarHouse|Titanbets|Unibet|Westgate|accuscore|consensus|teamrankings,-5.0,1.3291601358251255,211.5,-210.0,175.0,-5.0
401359998,15,Caesars Sportsbook|Caesars Sportsbook (Colorado)|Caesars Sportsbook (New Jersey)|Caesars Sportsbook (Pennsylvania)|DraftKings|Holland Casino|MGM|PointsBet|SugarHouse|Titanbets|Unibet|Westgate|accuscore|consensus|teamrankings,2.5,0.4928053803045811,224.5,120.0,-140.0,2.5
401359999,14,Caesars Sportsbook|Caesars Sportsbook (Colorado)|Caesars Sportsbook (New Jersey)|Caesars Sportsbook (Pennsylvania)|DraftKings|Holland Casino|MGM|SugarHouse|Titanbets|Unibet|Westgate|accuscore|consensus|teamrankings,-5.5,2.625163521856023,210.0,-208.0,175.0,-5.5
401360000,14,Caesars Sportsbook|Caesars Sportsbook (Colorado)|Caesars Sportsbook (New Jersey)|Caesars Sportsbook (Pennsylvania)|DraftKings|Holland Casino|MGM|SugarHouse|Titanbets|Unibet|Westgate|accuscore|consensus|teamrankings,-4.5,0.24862257904942345,200.0,-200.0,169.0,-4.5
401360001,15,Caesars Sportsbook|Caesars Sportsbook (Colorado)|Caesars Sportsbook (New Jersey)|Caesars Sportsbook (Pennsylvania)|DraftKings|Holland Casino|MGM|PointsBet|SugarHouse|Titanbets|Unibet|Westgate|accuscore|consensus|teamrankings,7.0,0.6510065466717856,222.5,230.0,-280.0,7.5
401360002,15,Caesars Sportsbook|Caesars Sportsbook (Colorado)|Caesars Sportsbook (New Jersey)|Caesars Sportsbook (Pennsylvania)|DraftKings|Holland Casino|MGM|PointsBet|SugarHouse|Titanbets|Unibet|Westgate|accuscore|consensus|teamrankings,2.0,1.3336309191719533,222.5,110.0,-130.0,2.0
401360003,15,Caesars Sportsbook|Caesars Sportsbook (Colorado)|Caesars Sportsbook (New Jersey)|Caesars Sportsbook (Pennsylvania)|DraftKings|Holland Casino|MGM|PointsBet|SugarHouse|Titanbets|Unibet|Westgate|accuscore|consensus|teamrankings,9.5,0.8208590157935307,214.5,350.0,-450.0,9.5
401360004,15,Caesars Sportsbook|Caesars Sportsbook (Colorado)|Caesars Sportsbook (New Jersey)|Caesars Sportsbook (Pennsylvania)|DraftKings|Holland Casino|MGM|PointsBet|SugarHouse|Titanbets|Unibet|Westgate|accuscore|consensus|teamrankings,5.0,0.31997023671109226,219.0,166.0,-198.0,5.0
401360005,14,Caesars Sportsbook|Caesars Sportsbook (Colorado)|Caesars Sportsbook (New Jersey)|Caesars Sportsbook (Pennsylvania)|DraftKings|Holland Casino|MGM|SugarHouse|Titanbets|Unibet|Westgate|accuscore|consensus|teamrankings,2.5,0.13363062095621217,219.75,120.0,-140.0,2.5
401360006,15,Caesars Sportsbook|Caesars Sportsbook (Colorado)|Caesars Sportsbook (New Jersey)|Caesars Sportsbook (Pennsylvania)|DraftKings|Holland Casino|MGM|PointsBet|SugarHouse|Titanbets|Unibet|Westgate|accuscore|consensus|teamrankings,-3.5,0.3716116764786033,214.0,-160.0,140.0,-3.5
401360007,15,Caesars Sportsbook|Caesars Sportsbook (Colorado)|Caesars Sportsbook (New Jersey)|Caesars Sportsbook (Pennsylvania)|DraftKings|Holland Casino|MGM|PointsBet|SugarHouse|Titanbets|Unibet|Westgate|accuscore|consensus|teamrankings,-5.5,0.0,221.5,-225.0,190.0,-5.5
401360008,15,Caesars Sportsbook|Caesars Sportsbook (Colorado)|Caesars Sportsbook (New Jersey)|Caesars Sportsbook (Pennsylvania)|DraftKings|Holland Casino|MGM|PointsBet|SugarHouse|Titanbets|Unibet|Westgate|accuscore|consensus|teamrankings,-2.0,0.6229729031789729,223.5,-126.0,108.0,-1.5
401360009,14,Caesars Sportsbook|Caesars Sportsbook (Colorado)|Caesars Sportsbook (New Jersey)|Caesars Sportsbook (Pennsylvania)|DraftKings|Holland Casino|MGM|SugarHouse|Titanbets|Unibet|Westgate|accuscore|consensus|teamrankings,-8.0,0.5789342235218394,212.0,-333.0,270.0,-8.0
401360010,15,Caesars Sportsbook|Caesars Sportsbook (Colorado)|Caesars Sportsbook (New Jersey)|Caesars Sportsbook (Pennsylvania)|DraftKings|Holland Casino|MGM|PointsBet|SugarHouse|Titanbets|Unibet|Westgate|accuscore|consensus|teamrankings,-3.5,0.35186577527449836,213.5,-170.0,145.0,-3.5
401360011,15,Caesars Sportsbook|Caesars Sportsbook (Colorado)|Caesars Sportsbook (New Jersey)|Caesars Sportsbook (Pennsylvania)|DraftKings|Holland Casino|MGM|PointsBet|SugarHouse|Titanbets|Unibet|Westgate|accuscore|consensus|teamrankings,4.5,0.2581988897471611,203.5,160.0,-182.0,4.5
401360012,15,Caesars Sportsbook|Caesars Sportsbook (Colorado)|Caesars Sportsbook (New Jersey)|Caesars Sportsbook (Pennsylvania)|DraftKings|Holland Casino|MGM|PointsBet|SugarHouse|Titanbets|Unibet|Westgate|accuscore|consensus|teamrankings,3.5,0.36187343222787294,218.5,140.0,-160.0,3.5
401360013,15,Caesars Sportsbook|Caesars Sportsbook (Colorado)|Caesars Sportsbook (New Jersey)|Caesars Sportsbook (Pennsylvania)|DraftKings|Holland Casino|MGM|PointsBet|SugarHouse|Titanbets|Unibet|Westgate|accuscore|consensus|teamrankings,-8.5,0.20701966780270625,202.0,-370.0,295.0,-8.5
401360014,14,Caesars Sportsbook|Caesars Sportsbook (Colorado)|Caesars Sportsbook (New Jersey)|Caesars Sportsbook (Pennsylvania)|DraftKings|Holland Casino|MGM|SugarHouse|Titanbets|Unibet|Westgate|accuscore|consensus|teamrankings,1.0,1.3114039117603011,202.0,-105.0,-112.5,1.0
401360015,15,Caesars Sportsbook|Caesars Sportsbook (Colorado)|Caesars Sportsbook (New Jersey)|Caesars Sportsbook (Pennsylvania)|DraftKings|Holland Casino|MGM|PointsBet|SugarHouse|Titanbets|Unibet|Westgate|accuscore|consensus|teamrankings,-7.0,0.2288688541085317,220.5,-279.0,230.0,-7.0
401360016,15,Caesars Sportsbook|Caesars Sportsbook (Colorado)|Caesars Sportsbook (New Jersey)|Caesars Sportsbook (Pennsylvania)|DraftKings|Holland Casino|MGM|PointsBet|SugarHouse|Titanbets|Unibet|Westgate|accuscore|consensus|teamrankings,-2.5,0.22886885410853172,219.5,-140.0,120.0,-2.5
401360017,15,Caesars Sportsbook|Caesars Sportsbook (Colorado)|Caesars Sportsbook (New Jersey)|Caesars Sportsbook (Pennsylvania)|DraftKings|Holland Casino|MGM|PointsBet|SugarHouse|Titanbets|Unibet|Westgate|accuscore|consensus|teamrankings,-2.0,0.3199702367110922,223.5,-133.0,115.0,-2.5
401360018,15,Caesars Sportsbook|Caesars Sportsbook (Colorado)|Caesars Sportsbook (New Jersey)|Caesars Sportsbook (Pennsylvania)|DraftKings|Holland Casino|MGM|PointsBet|SugarHouse|Titanbets|Unibet|Westgate|accuscore|consensus|teamrankings,5.5,0.25819888974716115,227.5,180.0,-215.0,5.5
401360019,15,Caesars Sportsbook|Caesars Sportsbook (Colorado)|Caesars Sportsbook (New Jersey)|Caesars Sportsbook (Pennsylvania)|DraftKings|Holland Casino|MGM|PointsBet|SugarHouse|Titanbets|Unibet|Westgate|accuscore|consensus|teamrankings,8.5,0.0,221.5,300.0,-380.0,8.5
401360020,15,Caesars Sportsbook|Caesars Sportsbook (Colorado)|Caesars Sportsbook (New Jersey)|Caesars Sportsbook (Pennsylvania)|DraftKings|Holland Casino|MGM|PointsBet|SugarHouse|Titanbets|Unibet|Westgate|accuscore|consensus|teamrankings,9.0,0.3086066999241839,215.5,329.0,-417.0,9.0
401360021,15,Caesars Sportsbook|Caesars Sportsbook (Colorado)|Caesars Sportsbook (New Jersey)|Caesars Sportsbook (Pennsylvania)|DraftKings|Holland Casino|MGM|PointsBet|SugarHouse|Titanbets|Unibet|Westgate|accuscore|consensus|teamrankings,-6.0,0.31997023671109226,208.0,-242.0,200.0,-6.5
401360022,15,Caesars Sportsbook|Caesars Sportsbook (Colorado)|Caesars Sportsbook (New Jersey)|Caesars Sportsbook (Pennsylvania)|DraftKings|Holland Casino|MGM|PointsBet|SugarHouse|Titanbets|Unibet|Westgate|accuscore|consensus|teamrankings,-3.5,0.1759328876372492,218.5,-170.0,145.0,-3.5
401360023,14,Caesars Sportsbook|Caesars Sportsbook (Colorado)|Caesars Sportsbook (New Jersey)|Caesars Sportsbook (Pennsylvania)|DraftKings|Holland Casino|MGM|SugarHouse|Titanbets|Unibet|Westgate|accuscore|consensus|teamrankings,4.0,0.7949013346750224,199.0,150.0,-170.0,4.5
401360024,14,Caesars Sportsbook|Caesars Sportsbook (Colorado)|Caesars Sportsbook (New Jersey)|Caesars Sportsbook (Pennsylvania)|DraftKings|Holland Casino|MGM|SugarHouse|Titanbets|Unibet|Westgate|accuscore|consensus|teamrankings,4.5,0.9441840479925068,214.0,155.0,-180.0,4.0
401360025,14,Caesars Sportsbook|Caesars Sportsbook (New Jersey)|Caesars Sportsbook (Pennsylvania)|DraftKings|Holland Casino|MGM|PointsBet|SugarHouse|Titanbets|Unibet|Westgate|accuscore|consensus|teamrankings,-4.5,0.0,208.25,-180.0,155.5,-4.5
401360026,14,Caesars Sportsbook|Caesars Sportsbook (New Jersey)|Caesars Sportsbook (Pennsylvania)|DraftKings|Holland Casino|MGM|PointsBet|SugarHouse|Titanbets|Unibet|Westgate|accuscore|consensus|teamrankings,-10.5,0.0,215.0,-589.0,425.5,-10.5
401360027,14,Caesars Sportsbook|Caesars Sportsbook (Colorado)|Caesars Sportsbook (New Jersey)|Caesars Sportsbook (Pennsylvania)|DraftKings|Holland Casino|MGM|SugarHouse|Titanbets|Unibet|Westgate|accuscore|consensus|teamrankings,-3.25,0.2594372608313854,211.5,-150.0,130.0,-3.5
401360028,15,Caesars Sportsbook|Caesars Sportsbook (Colorado)|Caesars Sportsbook (New Jersey)|Caesars Sportsbook (Pennsylvania)|DraftKings|Holland Casino|MGM|PointsBet|SugarHouse|Titanbets|Unibet|Westgate|accuscore|consensus|teamrankings,-5.5,0.5277986629117476,208.5,-210.0,175.0,-5.5
401360029,14,Caesars Sportsbook|Caesars Sportsbook (Colorado)|Caesars Sportsbook (New Jersey)|Caesars Sportsbook (Pennsylvania)|DraftKings|Holland Casino|MGM|SugarHouse|Titanbets|Unibet|Westgate|accuscore|consensus|teamrankings,-11.5,0.37977726265637496,219.0,-704.0,500.5,-11.5
401360030,15,Caesars Sportsbook|Caesars Sportsbook (Colorado)|Caesars Sportsbook (New Jersey)|Caesars Sportsbook (Pennsylvania)|DraftKings|Holland Casino|MGM|PointsBet|SugarHouse|Titanbets|Unibet|Westgate|accuscore|consensus|teamrankings,4.0,0.36187343222787294,222.0,150.0,-170.0,4.0
401360031,13,Caesars Sportsbook|Caesars Sportsbook (New Jersey)|Caesars Sportsbook (Pennsylvania)|DraftKings|Holland Casino|MGM|SugarHouse|Titanbets|Unibet|Westgate|accuscore|consensus|teamrankings,6.5,1.2142318453899048,207.0,220.0,-265.0,6.5
401360032,13,Caesars Sportsbook|Caesars Sportsbook (New Jersey)|Caesars Sportsbook (Pennsylvania)|DraftKings|Holland Casino|MGM|PointsBet|SugarHouse|Unibet|Westgate|accuscore|consensus|teamrankings,-2.5,0.67700320038633,215.5,-150.0,125.0,-3.0
401360033,13,Caesars Sportsbook|Caesars Sportsbook (New Jersey)|Caesars Sportsbook (Pennsylvania)|DraftKings|Holland Casino|MGM|PointsBet|SugarHouse|Unibet|Westgate|accuscore|consensus|teamrankings,1.5,1.284772752529032,216.0,110.0,-129.0,2.0
401360034,13,Caesars Sportsbook|Caesars Sportsbook (New Jersey)|Caesars Sportsbook (Pennsylvania)|DraftKings|Holland Casino|MGM|SugarHouse|Titanbets|Unibet|Westgate|accuscore|consensus|teamrankings,-2.5,0.31521258597805757,223.0,-143.0,120.0,-2.5
401360035,13,Caesars Sportsbook|Caesars Sportsbook (New Jersey)|Caesars Sportsbook (Pennsylvania)|DraftKings|Holland Casino|MGM|SugarHouse|Titanbets|Unibet|Westgate|accuscore|consensus|teamrankings,-11.5,1.1280230039480124,217.0,-550.0,400.0,-11.5
401360036,13,Caesars Sportsbook|Caesars Sportsbook (New Jersey)|Caesars Sportsbook (Pennsylvania)|DraftKings|Holland Casino|MGM|SugarHouse|Titanbets|Unibet|Westgate|accuscore|consensus|teamrankings,-7.5,0.5340940088190563,221.0,-305.0,250.0,-8.0
401360037,15,Caesars Sportsbook|Caesars Sportsbook (Colorado)|Caesars Sportsbook (New Jersey)|Caesars Sportsbook (Pennsylvania)|DraftKings|Holland Casino|MGM|PointsBet|SugarHouse|Titanbets|Unibet|Westgate|accuscore|consensus|teamrankings,-1.0,0.7032108464077431,220.0,-114.0,-105.0,-1.0
401360038,14,Caesars Sportsbook|Caesars Sportsbook (Colorado)|Caesars Sportsbook (New Jersey)|Caesars Sportsbook (Pennsylvania)|DraftKings|Holland Casino|MGM|SugarHouse|Titanbets|Unibet|Westgate|accuscore|consensus|teamrankings,6.5,0.23731557327466174,206.0,225.0,-274.0,6.5
401360039,14,Caesars Sportsbook|Caesars Sportsbook (Colorado)|Caesars Sportsbook (New Jersey)|Caesars Sportsbook (Pennsylvania)|DraftKings|Holland Casino|MGM|SugarHouse|Titanbets|Unibet|Westgate|accuscore|consensus|teamrankings,-5.0,0.2373155732746617,216.0,-200.0,170.0,-5.0
401360040,15,Caesars Sportsbook|Caesars Sportsbook (Colorado)|Caesars Sportsbook (New Jersey)|Caesars Sportsbook (Pennsylvania)|DraftKings|Holland Casino|MGM|PointsBet|SugarHouse|Titanbets|Unibet|Westgate|accuscore|consensus|teamrankings,-9.5,0.6866065623255951,206.5,-500.0,375.0,-9.5
401360041,14,Caesars Sportsbook|Caesars Sportsbook (Colorado)|Caesars Sportsbook (New Jersey)|Caesars Sportsbook (Pennsylvania)|DraftKings|Holland Casino|MGM|SugarHouse|Titanbets|Unibet|Westgate|accuscore|consensus|teamrankings,-6.5,0.5345224838248488,210.5,-275.0,225.0,-6.5
401360042,15,Caesars Sportsbook|Caesars Sportsbook (Colorado)|Caesars Sportsbook (New Jersey)|Caesars Sportsbook (Pennsylvania)|DraftKings|Holland Casino|MGM|PointsBet|SugarHouse|Titanbets|Unibet|Westgate|accuscore|consensus|teamrankings,-11.5,0.0,207.0,-751.0,525.0,-11.5
401360043,15,Caesars Sportsbook|Caesars Sportsbook (Colorado)|Caesars Sportsbook (New Jersey)|Caesars Sportsbook (Pennsylvania)|DraftKings|Holland Casino|MGM|PointsBet|SugarHouse|Titanbets|Unibet|Westgate|accuscore|consensus|teamrankings,-9.0,0.5936168397046637,222.5,-435.0,333.0,-9.0
401360044,15,Caesars Sportsbook|Caesars Sportsbook (Colorado)|Caesars Sportsbook (New Jersey)|Caesars Sportsbook (Pennsylvania)|DraftKings|Holland Casino|MGM|PointsBet|SugarHouse|Titanbets|Unibet|Westgate|accuscore|consensus|teamrankings,-2.5,0.0,228.0,-135.0,115.0,-2.5
401360045,15,Caesars Sportsbook|Caesars Sportsbook (Colorado)|Caesars Sportsbook (New Jersey)|Caesars Sportsbook (Pennsylvania)|DraftKings|Holland Casino|MGM|PointsBet|SugarHouse|Titanbets|Unibet|Westgate|accuscore|consensus|teamrankings,-3.0,0.20701966780270625,214.5,-154.0,135.0,-3.0
401360046,15,Caesars Sportsbook|Caesars Sportsbook (Colorado)|Caesars Sportsbook (New Jersey)|Caesars Sportsbook (Pennsylvania)|DraftKings|Holland Casino|MGM|PointsBet|SugarHouse|Titanbets|Unibet|Westgate|accuscore|consensus|teamrankings,-8.0,0.3994043183589902,212.0,-360.0,292.0,-8.0
401360047,14,Caesars Sportsbook|Caesars Sportsbook (Colorado)|Caesars Sportsbook (New Jersey)|Caesars Sportsbook (Pennsylvania)|DraftKings|Holland Casino|MGM|SugarHouse|Titanbets|Unibet|Westgate|accuscore|consensus|teamrankings,-3.5,0.723430472368733,221.0,-160.0,140.0,-3.5
401360048,15,Caesars Sportsbook|Caesars Sportsbook (Colorado)|Caesars Sportsbook (New Jersey)|Caesars Sportsbook (Pennsylvania)|DraftKings|Holland Casino|MGM|PointsBet|SugarHouse|Titanbets|Unibet|Westgate|accuscore|consensus|teamrankings,9.5,0.45512949491639965,208.5,350.0,-455.0,9.5
401360049,15,Caesars Sportsbook|Caesars Sportsbook (Colorado)|Caesars Sportsbook (New Jersey)|Caesars Sportsbook (Pennsylvania)|DraftKings|Holland Casino|MGM|PointsBet|SugarHouse|Titanbets|Unibet|Westgate|accuscore|consensus|teamrankings,-6.5,0.36187343222787294,206.5,-263.0,215.0,-6.5
401360050,14,Caesars Sportsbook|Caesars Sportsbook (Colorado)|Caesars Sportsbook (New Jersey)|Caesars Sportsbook (Pennsylvania)|DraftKings|Holland Casino|MGM|SugarHouse|Titanbets|Unibet|Westgate|accuscore|consensus|teamrankings,0.0,1.2938729237669142,220.5,-110.5,-107.5,
401360051,15,Caesars Sportsbook|Caesars Sportsbook (Colorado)|Caesars Sportsbook (New Jersey)|Caesars Sportsbook (Pennsylvania)|DraftKings|Holland Casino|MGM|PointsBet|SugarHouse|Titanbets|Unibet|Westgate|accuscore|consensus|teamrankings,-2.0,0.2581988897471611,219.5,-132.0,115.0,-2.0
401360052,15,Caesars Sportsbook|Caesars Sportsbook (Colorado)|Caesars Sportsbook (New Jersey)|Caesars Sportsbook (Pennsylvania)|DraftKings|Holland Casino|MGM|PointsBet|SugarHouse|Titanbets|Unibet|Westgate|accuscore|consensus|teamrankings,-7.5,0.36187343222787294,209.5,-330.0,260.0,-7.5
401360053,15,Caesars Sportsbook|Caesars Sportsbook (Colorado)|Caesars Sportsbook (New Jersey)|Caesars Sportsbook (Pennsylvania)|DraftKings|Holland Casino|MGM|PointsBet|SugarHouse|Titanbets|Unibet|Westgate|accuscore|consensus|teamrankings,-10.5,0.44986770542121873,214.5,-530.0,400.0,-10.5
401360054,15,Caesars Sportsbook|Caesars Sportsbook (Colorado)|Caesars Sportsbook (New Jersey)|Caesars Sportsbook (Pennsylvania)|DraftKings|Holland Casino|MGM|PointsBet|SugarHouse|Titanbets|Unibet|Westgate|accuscore|consensus|teamrankings,1.0,1.4573295865416045,215.5,-106.0,-113.0,1.0
401360055,15,Caesars Sportsbook|Caesars Sportsbook (Colorado)|Caesars Sportsbook (New Jersey)|Caesars Sportsbook (Pennsylvania)|DraftKings|Holland Casino|MGM|PointsBet|SugarHouse|Titanbets|Unibet|Westgate|accuscore|consensus|teamrankings,2.0,0.12909944487358055,201.5,110.0,-130.0,2.0
401360056,15,Caesars Sportsbook|Caesars Sportsbook (Colorado)|Caesars Sportsbook (New Jersey)|Caesars Sportsbook (Pennsylvania)|DraftKings|Holland Casino|MGM|PointsBet|SugarHouse|Titanbets|Unibet|Westgate|accuscore|consensus|teamrankings,-1.0,0.5937710859953544,213.5,-112.0,-105.0,-1.0
401360057,15,Caesars Sportsbook|Caesars Sportsbook (Colorado)|Caesars Sportsbook (New Jersey)|Caesars Sportsbook (Pennsylvania)|DraftKings|Holland Casino|MGM|PointsBet|SugarHouse|Titanbets|Unibet|Westgate|accuscore|consensus|teamrankings,-9.5,1.14953406710222,209.5,-490.0,375.0,-9.5
401360058,15,Caesars Sportsbook|Caesars Sportsbook (Colorado)|Caesars Sportsbook (New Jersey)|Caesars Sportsbook (Pennsylvania)|DraftKings|Holland Casino|MGM|PointsBet|SugarHouse|Titanbets|Unibet|Westgate|accuscore|consensus|teamrankings,-12.5,0.44185755084426837,215.5,-1000.0,650.0,-13.5
401360059,15,Caesars Sportsbook|Caesars Sportsbook (Colorado)|Caesars Sportsbook (New Jersey)|Caesars Sportsbook (Pennsylvania)|DraftKings|Holland Casino|MGM|PointsBet|SugarHouse|Titanbets|Unibet|Westgate|accuscore|consensus|teamrankings,4.5,1.4074631010979934,214.5,155.0,-180.0,4.5
401360060,15,Caesars Sportsbook|Caesars Sportsbook (Colorado)|Caesars Sportsbook (New Jersey)|Caesars Sportsbook (Pennsylvania)|DraftKings|Holland Casino|MGM|PointsBet|SugarHouse|Titanbets|Unibet|Westgate|accuscore|consensus|teamrankings,2.5,2.723355773061365,206.0,124.0,-143.0,3.0
401360061,14,Caesars Sportsbook|Caesars Sportsbook (Colorado)|Caesars Sportsbook (New Jersey)|Caesars Sportsbook (Pennsylvania)|DraftKings|Holland Casino|MGM|SugarHouse|Titanbets|Unibet|Westgate|accuscore|consensus|teamrankings,-8.5,0.3631365196012814,211.5,-360.0,290.0,-8.5
401360062,15,Caesars Sportsbook|Caesars Sportsbook (Colorado)|Caesars Sportsbook (New Jersey)|Caesars Sportsbook (Pennsylvania)|DraftKings|Holland Casino|MGM|PointsBet|SugarHouse|Titanbets|Unibet|Westgate|accuscore|consensus|teamrankings,-3.5,0.0,221.0,-160.0,140.0,-3.5
401360063,15,Caesars Sportsbook|Caesars Sportsbook (Colorado)|Caesars Sportsbook (New Jersey)|Caesars Sportsbook (Pennsylvania)|DraftKings|Holland Casino|MGM|PointsBet|SugarHouse|Titanbets|Unibet|Westgate|accuscore|consensus|teamrankings,-11.0,0.4082482904638631,213.5,-654.0,460.0,-11.5
401360064,14,Caesars Sportsbook|Caesars Sportsbook (Colorado)|Caesars Sportsbook (New Jersey)|Caesars Sportsbook (Pennsylvania)|DraftKings|Holland Casino|MGM|SugarHouse|Titanbets|Unibet|Westgate|accuscore|consensus|teamrankings,-7.5,0.13363062095621217,207.0,-320.0,260.0,-7.5
401360065,14,Caesars Sportsbook|Caesars Sportsbook (Colorado)|Caesars Sportsbook (New Jersey)|Caesars Sportsbook (Pennsylvania)|DraftKings|Holland Casino|MGM|SugarHouse|Titanbets|Unibet|Westgate|accuscore|consensus|teamrankings,2.0,0.3650229557736858,207.75,115.0,-135.0,2.5
401360066,15,Caesars Sportsbook|Caesars Sportsbook (Colorado)|Caesars Sportsbook (New Jersey)|Caesars Sportsbook (Pennsylvania)|DraftKings|Holland Casino|MGM|PointsBet|SugarHouse|Titanbets|Unibet|Westgate|accuscore|consensus|teamrankings,-7.5,0.5277986629117476,226.5,-286.0,235.0,-7.5
401360067,14,Caesars Sportsbook|Caesars Sportsbook (Colorado)|Caesars Sportsbook (New Jersey)|Caesars Sportsbook (Pennsylvania)|DraftKings|Holland Casino|MGM|SugarHouse|Titanbets|Unibet|Westgate|accuscore|consensus|teamrankings,-9.25,0.525451140543915,205.0,-450.0,350.0,-9.5
401360068,15,Caesars Sportsbook|Caesars Sportsbook (Colorado)|Caesars Sportsbook (New Jersey)|Caesars Sportsbook (Pennsylvania)|DraftKings|Holland Casino|MGM|PointsBet|SugarHouse|Titanbets|Unibet|Westgate|accuscore|consensus|teamrankings,-12.5,0.45512949491639965,215.5,-900.0,600.0,-12.5
401360069,14,Caesars Sportsbook|Caesars Sportsbook (Colorado)|Caesars Sportsbook (New Jersey)|Caesars Sportsbook (Pennsylvania)|DraftKings|Holland Casino|MGM|SugarHouse|Titanbets|Unibet|Westgate|accuscore|consensus|teamrankings,-2.5,0.3631365196012815,221.0,-140.0,120.0,-2.5
401360070,15,Caesars Sportsbook|Caesars Sportsbook (Colorado)|Caesars Sportsbook (New Jersey)|Caesars Sportsbook (Pennsylvania)|DraftKings|Holland Casino|MGM|PointsBet|SugarHouse|Titanbets|Unibet|Westgate|accuscore|consensus|teamrankings,-7.0,0.408248290463863,217.5,-286.0,230.0,-7.0
401360071,15,Caesars Sportsbook|Caesars Sportsbook (Colorado)|Caesars Sportsbook (New Jersey)|Caesars Sportsbook (Pennsylvania)|DraftKings|Holland Casino|MGM|PointsBet|SugarHouse|Titanbets|Unibet|Westgate|accuscore|consensus|teamrankings,7.5,0.2288688541085317,221.5,260.0,-330.0,7.5
401360072,14,Caesars Sportsbook|Caesars Sportsbook (Colorado)|Caesars Sportsbook (New Jersey)|Caesars Sportsbook (Pennsylvania)|DraftKings|Holland Casino|MGM|SugarHouse|Titanbets|Unibet|Westgate|accuscore|consensus|teamrankings,-5.5,1.1702587297283857,209.0,-217.0,185.0,-5.5
401360073,14,Caesars Sportsbook|Caesars Sportsbook (Colorado)|Caesars Sportsbook (New Jersey)|Caesars Sportsbook (Pennsylvania)|DraftKings|Holland Casino|MGM|SugarHouse|Titanbets|Unibet|Westgate|accuscore|consensus|teamrankings,7.0,0.23440361546924773,213.0,250.0,-300.0,7.5
401360074,15,Caesars Sportsbook|Caesars Sportsbook (Colorado)|Caesars Sportsbook (New Jersey)|Caesars Sportsbook (Pennsylvania)|DraftKings|Holland Casino|MGM|PointsBet|SugarHouse|Titanbets|Unibet|Westgate|accuscore|consensus|teamrankings,-5.5,0.22886885410853167,213.0,-220.0,180.0,-5.5
401360075,15,Caesars Sportsbook|Caesars Sportsbook (Colorado)|Caesars Sportsbook (New Jersey)|Caesars Sportsbook (Pennsylvania)|DraftKings|Holland Casino|MGM|PointsBet|SugarHouse|Titanbets|Unibet|Westgate|accuscore|consensus|teamrankings,-10.5,1.245945806357946,208.5,-550.0,400.0,-10.5
401360076,15,Caesars Sportsbook|Caesars Sportsbook (Colorado)|Caesars Sportsbook (New Jersey)|Caesars Sportsbook (Pennsylvania)|DraftKings|Holland Casino|MGM|PointsBet|SugarHouse|Titanbets|Unibet|Westgate|accuscore|consensus|teamrankings,-8.5,0.48057505236162745,217.0,-400.0,310.0,-8.5
401360077,15,Caesars Sportsbook|Caesars Sportsbook (Colorado)|Caesars Sportsbook (New Jersey)|Caesars Sportsbook (Pennsylvania)|DraftKings|Holland Casino|MGM|PointsBet|SugarHouse|Titanbets|Unibet|Westgate|accuscore|consensus|teamrankings,5.5,0.35186577527449836,208.5,190.0,-222.0,5.5
401360078,14,Caesars Sportsbook|Caesars Sportsbook (Colorado)|Caesars Sportsbook (New Jersey)|Caesars Sportsbook (Pennsylvania)|DraftKings|Holland Casino|MGM|SugarHouse|Titanbets|Unibet|Westgate|accuscore|consensus|teamrankings,-4.5,0.13363062095621217,216.0,-188.5,160.0,-4.5
401360079,15,Caesars Sportsbook|Caesars Sportsbook (Colorado)|Caesars Sportsbook (New Jersey)|Caesars Sportsbook (Pennsylvania)|DraftKings|Holland Casino|MGM|PointsBet|SugarHouse|Titanbets|Unibet|Westgate|accuscore|consensus|teamrankings,-13.0,2.024845673131659,212.5,-985.0,650.0,-13.0
401360080,15,Caesars Sportsbook|Caesars Sportsbook (Colorado)|Caesars Sportsbook (New Jersey)|Caesars Sportsbook (Pennsylvania)|DraftKings|Holland Casino|MGM|PointsBet|SugarHouse|Titanbets|Unibet|Westgate|accuscore|consensus|teamrankings,-11.5,0.37161167647860327,213.5,-700.0,500.0,-11.5
401360081,15,Caesars Sportsbook|Caesars Sportsbook (Colorado)|Caesars Sportsbook (New Jersey)|Caesars Sportsbook (Pennsylvania)|DraftKings|Holland Casino|MGM|PointsBet|SugarHouse|Titanbets|Unibet|Westgate|accuscore|consensus|teamrankings,-1.5,0.5232681184722836,216.5,-125.0,105.0,-1.5
401360082,15,Caesars Sportsbook|Caesars Sportsbook (Colorado)|Caesars Sportsbook (New Jersey)|Caesars Sportsbook (Pennsylvania)|DraftKings|Holland Casino|MGM|PointsBet|SugarHouse|Titanbets|Unibet|Westgate|accuscore|consensus|teamrankings,-13.5,0.4140393356054125,218.5,-1100.0,700.0,-13.5
401360083,15,Caesars Sportsbook|Caesars Sportsbook (Colorado)|Caesars Sportsbook (New Jersey)|Caesars Sportsbook (Pennsylvania)|DraftKings|Holland Casino|MGM|PointsBet|SugarHouse|Titanbets|Unibet|Westgate|accuscore|consensus|teamrankings,3.0,0.25354627641855493,214.0,135.0,-155.0,3.5
401360084,15,Caesars Sportsbook|Caesars Sportsbook (Colorado)|Caesars Sportsbook (New Jersey)|Caesars Sportsbook (Pennsylvania)|DraftKings|Holland Casino|MGM|PointsBet|SugarHouse|Titanbets|Unibet|Westgate|accuscore|consensus|teamrankings,5.5,0.12909944487358055,219.5,180.0,-219.0,5.5
401360085,15,Caesars Sportsbook|Caesars Sportsbook (Colorado)|Caesars Sportsbook (New Jersey)|Caesars Sportsbook (Pennsylvania)|DraftKings|Holland Casino|MGM|PointsBet|SugarHouse|Titanbets|Unibet|Westgate|accuscore|consensus|teamrankings,-11.0,0.5300494136893097,221.5,-550.0,425.0,-11.0
401360086,14,Caesars Sportsbook|Caesars Sportsbook (Colorado)|Caesars Sportsbook (New Jersey)|Caesars Sportsbook (Pennsylvania)|DraftKings|Holland Casino|MGM|SugarHouse|Titanbets|Unibet|Westgate|accuscore|consensus|teamrankings,-4.75,1.1865778663733084,219.75,-199.0,165.0,-5.0
401360087,15,Caesars Sportsbook|Caesars Sportsbook (Colorado)|Caesars Sportsbook (New Jersey)|Caesars Sportsbook (Pennsylvania)|DraftKings|Holland Casino|MGM|PointsBet|SugarHouse|Titanbets|Unibet|Westgate|accuscore|consensus|teamrankings,10.0,0.4805750523616275,208.5,400.0,-550.0,9.5
401360088,15,Caesars Sportsbook|Caesars Sportsbook (Colorado)|Caesars Sportsbook (New Jersey)|Caesars Sportsbook (Pennsylvania)|DraftKings|Holland Casino|MGM|PointsBet|SugarHouse|Titanbets|Unibet|Westgate|accuscore|consensus|teamrankings,-4.5,0.5163977794943222,214.5,-190.0,160.0,-4.5
401360089,14,Caesars Sportsbook|Caesars Sportsbook (Colorado)|Caesars Sportsbook (New Jersey)|Caesars Sportsbook (Pennsylvania)|DraftKings|Holland Casino|MGM|SugarHouse|Titanbets|Unibet|Westgate|accuscore|consensus|teamrankings,-10.0,2.2885885088056708,212.5,-450.0,355.0,-10.0
401360090,14,Caesars Sportsbook|Caesars Sportsbook (Colorado)|Caesars Sportsbook (New Jersey)|Caesars Sportsbook (Pennsylvania)|DraftKings|Holland Casino|MGM|SugarHouse|Titanbets|Unibet|Westgate|accuscore|consensus|teamrankings,-3.0,0.7747739833491606,212.0,-150.0,127.5,-4.5
401360091,15,Caesars Sportsbook|Caesars Sportsbook (Colorado)|Caesars Sportsbook (New Jersey)|Caesars Sportsbook (Pennsylvania)|DraftKings|Holland Casino|MGM|PointsBet|SugarHouse|Titanbets|Unibet|Westgate|accuscore|consensus|teamrankings,7.0,0.3716116764786033,211.5,250.0,-300.0,6.5
401360092,15,Caesars Sportsbook|Caesars Sportsbook (Colorado)|Caesars Sportsbook (New Jersey)|Caesars Sportsbook (Pennsylvania)|DraftKings|Holland Casino|MGM|PointsBet|SugarHouse|Titanbets|Unibet|Westgate|accuscore|consensus|teamrankings,-6.5,1.9536291016123473,217.0,-250.0,205.0,-6.5
401360093,15,Caesars Sportsbook|Caesars Sportsbook (Colorado)|Caesars Sportsbook (New Jersey)|Caesars Sportsbook (Pennsylvania)|DraftKings|Holland Casino|MGM|PointsBet|SugarHouse|Titanbets|Unibet|Westgate|accuscore|consensus|teamrankings,7.5,0.3518657752744984,219.5,255.0,-320.0,7.5
401360094,15,Caesars Sportsbook|Caesars Sportsbook (Colorado)|Caesars Sportsbook (New Jersey)|Caesars Sportsbook (Pennsylvania)|DraftKings|Holland Casino|MGM|PointsBet|SugarHouse|Titanbets|Unibet|Westgate|accuscore|consensus|teamrankings,-1.5,1.2026755886059097,217.5,-120.0,103.0,-1.5
401360095,15,Caesars Sportsbook|Caesars Sportsbook (Colorado)|Caesars Sportsbook (New Jersey)|Caesars Sportsbook (Pennsylvania)|DraftKings|Holland Casino|MGM|PointsBet|SugarHouse|Titanbets|Unibet|Westgate|accuscore|consensus|teamrankings,9.5,0.416904693916396,217.5,360.0,-455.0,9.5
401360096,14,Caesars Sportsbook|Caesars Sportsbook (Colorado)|Caesars Sportsbook (New Jersey)|Caesars Sportsbook (Pennsylvania)|DraftKings|Holland Casino|MGM|SugarHouse|Titanbets|Unibet|Westgate|accuscore|consensus|teamrankings,-3.5,0.21290765681316004,217.5,-159.5,138.0,-3.5
401360097,15,Caesars Sportsbook|Caesars Sportsbook (Colorado)|Caesars Sportsbook (New Jersey)|Caesars Sportsbook (Pennsylvania)|DraftKings|Holland Casino|MGM|PointsBet|SugarHouse|Titanbets|Unibet|Westgate|accuscore|consensus|teamrankings,-15.0,0.33806170189140666,213.0,-1544.0,850.0,-15.0
401360098,15,Caesars Sportsbook|Caesars Sportsbook (Colorado)|Caesars Sportsbook (New Jersey)|Caesars Sportsbook (Pennsylvania)|DraftKings|Holland Casino|MGM|PointsBet|SugarHouse|Titanbets|Unibet|Westgate|accuscore|consensus|teamrankings,1.0,1.1753341041636869,213.0,-110.0,-110.0,1.0
401360099,15,Caesars Sportsbook|Caesars Sportsbook (Colorado)|Caesars Sportsbook (New Jersey)|Caesars Sportsbook (Pennsylvania)|DraftKings|Holland Casino|MGM|PointsBet|SugarHouse|Titanbets|Unibet|Westgate|accuscore|consensus|teamrankings,3.5,0.30860669992418377,211.0,145.0,-171.0,3.5
401360100,14,Caesars Sportsbook|Caesars Sportsbook (Colorado)|Caesars Sportsbook (New Jersey)|Caesars Sportsbook (Pennsylvania)|DraftKings|Holland Casino|MGM|SugarHouse|Titanbets|Unibet|Westgate|accuscore|consensus|teamrankings,13.5,0.5836602955995384,208.5,722.0,-1187.0,13.5
401360101,15,Caesars Sportsbook|Caesars Sportsbook (Colorado)|Caesars Sportsbook (New Jersey)|Caesars Sportsbook (Pennsylvania)|DraftKings|Holland Casino|MGM|PointsBet|SugarHouse|Titanbets|Unibet|Westgate|accuscore|consensus|teamrankings,3.5,0.20701966780270625,222.5,145.0,-170.0,3.5
401360102,14,Caesars Sportsbook|Caesars Sportsbook (Colorado)|Caesars Sportsbook (New Jersey)|Caesars Sportsbook (Pennsylvania)|DraftKings|Holland Casino|MGM|SugarHouse|Titanbets|Unibet|Westgate|accuscore|consensus|teamrankings,-10.0,0.307863963107441,216.5,-512.5,400.0,-10.0
401360103,15,Caesars Sportsbook|Caesars Sportsbook (Colorado)|Caesars Sportsbook (New Jersey)|Caesars Sportsbook (Pennsylvania)|DraftKings|Holland Casino|MGM|PointsBet|SugarHouse|Titanbets|Unibet|Westgate|accuscore|consensus|teamrankings,3.5,0.7527726527090811,225.0,140.0,-165.0,3.5
401360104,14,Caesars Sportsbook|Caesars Sportsbook (New Jersey)|Caesars Sportsbook (Pennsylvania)|DraftKings|Holland Casino|MGM|PointsBet|SugarHouse|Titanbets|Unibet|Westgate|accuscore|consensus|teamrankings,-11.5,0.0,205.5,-704.0,500.0,-11.5
401360105,13,Caesars Sportsbook|Caesars Sportsbook (New Jersey)|Caesars Sportsbook (Pennsylvania)|DraftKings|Holland Casino|MGM|SugarHouse|Titanbets|Unibet|Westgate|accuscore|consensus|teamrankings,-2.0,0.2531848417709166,226.0,-130.0,110.0,-2.5
401360106,14,Caesars Sportsbook|Caesars Sportsbook (New Jersey)|Caesars Sportsbook (Pennsylvania)|DraftKings|Holland Casino|MGM|PointsBet|SugarHouse|Titanbets|Unibet|Westgate|accuscore|consensus|teamrankings,4.0,0.575364194266515,214.5,145.0,-169.5,4.0
401360107,14,Caesars Sportsbook|Caesars Sportsbook (New Jersey)|Caesars Sportsbook (Pennsylvania)|DraftKings|Holland Casino|MGM|PointsBet|SugarHouse|Titanbets|Unibet|Westgate|accuscore|consensus|teamrankings,9.5,0.42742520713255516,212.5,347.5,-450.0,9.5
401360108,14,Caesars Sportsbook|Caesars Sportsbook (New Jersey)|Caesars Sportsbook (Pennsylvania)|DraftKings|Holland Casino|MGM|PointsBet|SugarHouse|Titanbets|Unibet|Westgate|accuscore|consensus|teamrankings,-5.0,0.4702699715629801,209.5,-200.0,170.0,-5.0
401360109,13,Caesars Sportsbook|Caesars Sportsbook (New Jersey)|Caesars Sportsbook (Pennsylvania)|DraftKings|Holland Casino|MGM|SugarHouse|Titanbets|Unibet|Westgate|accuscore|consensus|teamrankings,1.0,1.044163673845139,226.5,-109.0,-110.0,
401360110,13,Caesars Sportsbook|Caesars Sportsbook (New Jersey)|Caesars Sportsbook (Pennsylvania)|DraftKings|Holland Casino|MGM|SugarHouse|Titanbets|Unibet|Westgate|accuscore|consensus|teamrankings,6.5,0.40032038451271784,208.0,215.0,-263.0,6.5
401360111,14,Caesars Sportsbook|Caesars Sportsbook (New Jersey)|Caesars Sportsbook (Pennsylvania)|DraftKings|Holland Casino|MGM|PointsBet|SugarHouse|Titanbets|Unibet|Westgate|accuscore|consensus|teamrankings,4.5,0.13363062095621217,213.5,157.5,-180.0,4.5
401360112,12,Caesars Sportsbook|Caesars Sportsbook (Pennsylvania)|Holland Casino|MGM|PointsBet|SugarHouse|Titanbets|Unibet|Westgate|accuscore|consensus|teamrankings,6.5,1.0660035817780522,214.5,209.0,-258.0,6.5
401360113,14,Caesars Sportsbook|Caesars Sportsbook (New Jersey)|Caesars Sportsbook (Pennsylvania)|DraftKings|Holland Casino|MGM|PointsBet|SugarHouse|Titanbets|Unibet|Westgate|accuscore|consensus|teamrankings,-13.5,0.5041040360093135,218.5,-1000.0,650.0,-13.5
401360114,14,Caesars Sportsbook|Caesars Sportsbook (New Jersey)|Caesars Sportsbook (Pennsylvania)|DraftKings|Holland Casino|MGM|PointsBet|SugarHouse|Titanbets|Unibet|Westgate|accuscore|consensus|teamrankings,-6.0,0.21290765681316007,225.0,-240.0,200.0,-6.0
401360115,14,Caesars Sportsbook|Caesars Sportsbook (New Jersey)|Caesars Sportsbook (Pennsylvania)|DraftKings|Holland Casino|MGM|PointsBet|SugarHouse|Titanbets|Unibet|Westgate|accuscore|consensus|teamrankings,-7.5,0.307863963107441,228.5,-325.0,262.5,-7.5
401360116,14,Caesars Sportsbook|Caesars Sportsbook (New Jersey)|Caesars Sportsbook (Pennsylvania)|DraftKings|Holland Casino|MGM|PointsBet|SugarHouse|Titanbets|Unibet|Westgate|accuscore|consensus|teamrankings,-6.5,0.726273039202563,217.5,-260.0,215.0,-6.5
401360117,14,Caesars Sportsbook|Caesars Sportsbook (New Jersey)|Caesars Sportsbook (Pennsylvania)|DraftKings|Holland Casino|MGM|PointsBet|SugarHouse|Titanbets|Unibet|Westgate|accuscore|consensus|teamrankings,-7.5,1.6479257691593214,216.5,-329.5,260.5,-7.5
401360118,14,Caesars Sportsbook|Caesars Sportsbook (New Jersey)|Caesars Sportsbook (Pennsylvania)|DraftKings|Holland Casino|MGM|PointsBet|SugarHouse|Titanbets|Unibet|Westgate|accuscore|consensus|teamrankings,-1.5,0.42742520713255516,225.0,-125.0,105.0,-1.5
401360119,14,Caesars Sportsbook|Caesars Sportsbook (New Jersey)|Caesars Sportsbook (Pennsylvania)|DraftKings|Holland Casino|MGM|PointsBet|SugarHouse|Titanbets|Unibet|Westgate|accuscore|consensus|teamrankings,-10.0,1.0463174565017155,205.0,-500.0,375.0,-10.0
401360120,14,Caesars Sportsbook|Caesars Sportsbook (New Jersey)|Caesars Sportsbook (Pennsylvania)|DraftKings|Holland Casino|MGM|PointsBet|SugarHouse|Titanbets|Unibet|Westgate|accuscore|consensus|teamrankings,1.0,0.8660254037844386,209.5,-105.5,-111.0,1.0
401360121,14,Caesars Sportsbook|Caesars Sportsbook (New Jersey)|Caesars Sportsbook (Pennsylvania)|DraftKings|Holland Casino|MGM|PointsBet|SugarHouse|Titanbets|Unibet|Westgate|accuscore|consensus|teamrankings,5.0,0.31666184688832544,227.0,176.5,-210.0,5.0
401360122,13,Caesars Sportsbook|Caesars Sportsbook (New Jersey)|Caesars Sportsbook (Pennsylvania)|DraftKings|Holland Casino|MGM|SugarHouse|Titanbets|Unibet|Westgate|accuscore|consensus|teamrankings,-6.5,0.3755338080994054,213.0,-270.0,225.0,-6.5
401360123,13,Caesars Sportsbook|Caesars Sportsbook (New Jersey)|Caesars Sportsbook (Pennsylvania)|DraftKings|Holland Casino|MGM|SugarHouse|Titanbets|Unibet|Westgate|accuscore|consensus|teamrankings,-12.5,0.24019223070763066,215.0,-1000.0,650.0,-12.5
401360124,14,Caesars Sportsbook|Caesars Sportsbook (Colorado)|Caesars Sportsbook (New Jersey)|Caesars Sportsbook (Pennsylvania)|DraftKings|Holland Casino|MGM|SugarHouse|Titanbets|Unibet|Westgate|accuscore|consensus|teamrankings,2.5,0.3396831102433787,215.0,120.0,-141.0,2.5
401360125,15,Caesars Sportsbook|Caesars Sportsbook (Colorado)|Caesars Sportsbook (New Jersey)|Caesars Sportsbook (Pennsylvania)|DraftKings|Holland Casino|MGM|PointsBet|SugarHouse|Titanbets|Unibet|Westgate|accuscore|consensus|teamrankings,2.0,0.5936168397046636,216.5,112.0,-132.0,2.0
401360126,15,Caesars Sportsbook|Caesars Sportsbook (Colorado)|Caesars Sportsbook (New Jersey)|Caesars Sportsbook (Pennsylvania)|DraftKings|Holland Casino|MGM|PointsBet|SugarHouse|Titanbets|Unibet|Westgate|accuscore|consensus|teamrankings,1.5,1.5864005379054393,207.0,105.0,-125.0,1.5
401360127,15,Caesars Sportsbook|Caesars Sportsbook (Colorado)|Caesars Sportsbook (New Jersey)|Caesars Sportsbook (Pennsylvania)|DraftKings|Holland Casino|MGM|PointsBet|SugarHouse|Titanbets|Unibet|Westgate|accuscore|consensus|teamrankings,-4.0,1.1254628677422753,222.5,-170.0,145.0,-4.0
401360128,14,Caesars Sportsbook|Caesars Sportsbook (Colorado)|Caesars Sportsbook (New Jersey)|Caesars Sportsbook (Pennsylvania)|DraftKings|Holland Casino|MGM|SugarHouse|Titanbets|Unibet|Westgate|accuscore|consensus|teamrankings,-10.5,0.1815682598006407,214.0,-542.0,400.0,-10.5
401360129,15,Caesars Sportsbook|Caesars Sportsbook (Colorado)|Caesars Sportsbook (New Jersey)|Caesars Sportsbook (Pennsylvania)|DraftKings|Holland Casino|MGM|PointsBet|SugarHouse|Titanbets|Unibet|Westgate|accuscore|consensus|teamrankings,-14.0,2.5527762664727724,205.5,-1100.0,700.0,-14.0
401360130,15,Caesars Sportsbook|Caesars Sportsbook (Colorado)|Caesars Sportsbook (New Jersey)|Caesars Sportsbook (Pennsylvania)|DraftKings|Holland Casino|MGM|PointsBet|SugarHouse|Titanbets|Unibet|Westgate|accuscore|consensus|teamrankings,-3.0,1.6020819787597218,205.5,-150.0,130.0,-3.0
401360131,15,Caesars Sportsbook|Caesars Sportsbook (Colorado)|Caesars Sportsbook (New Jersey)|Caesars Sportsbook (Pennsylvania)|DraftKings|Holland Casino|MGM|PointsBet|SugarHouse|Titanbets|Unibet|Westgate|accuscore|consensus|teamrankings,-5.0,0.3086066999241838,224.5,-208.0,175.0,-5.5
401360132,14,Caesars Sportsbook|Caesars Sportsbook (Colorado)|Caesars Sportsbook (New Jersey)|Caesars Sportsbook (Pennsylvania)|DraftKings|Holland Casino|MGM|SugarHouse|Titanbets|Unibet|Westgate|accuscore|consensus|teamrankings,-2.5,0.23440361546924773,217.0,-137.5,119.0,-2.5
401360133,15,Caesars Sportsbook|Caesars Sportsbook (Colorado)|Caesars Sportsbook (New Jersey)|Caesars Sportsbook (Pennsylvania)|DraftKings|Holland Casino|MGM|PointsBet|SugarHouse|Titanbets|Unibet|Westgate|accuscore|consensus|teamrankings,-4.0,0.8796644381862461,219.5,-170.0,145.0,-4.0
401360134,15,Caesars Sportsbook|Caesars Sportsbook (Colorado)|Caesars Sportsbook (New Jersey)|Caesars Sportsbook (Pennsylvania)|DraftKings|Holland Casino|MGM|PointsBet|SugarHouse|Titanbets|Unibet|Westgate|accuscore|consensus|teamrankings,-6.5,0.4140393356054125,210.5,-270.0,220.0,-6.5
401360135,14,Caesars Sportsbook|Caesars Sportsbook (Colorado)|Caesars Sportsbook (New Jersey)|Caesars Sportsbook (Pennsylvania)|DraftKings|Holland Casino|MGM|SugarHouse|Titanbets|Unibet|Westgate|accuscore|consensus|teamrankings,3.0,0.2773500981126146,215.0,135.0,-155.0,3.0
401360136,15,Caesars Sportsbook|Caesars Sportsbook (Colorado)|Caesars Sportsbook (New Jersey)|Caesars Sportsbook (Pennsylvania)|DraftKings|Holland Casino|MGM|PointsBet|SugarHouse|Titanbets|Unibet|Westgate|accuscore|consensus|teamrankings,-7.0,0.31997023671109226,221.5,-280.0,230.0,-7.0
401360137,15,Caesars Sportsbook|Caesars Sportsbook (Colorado)|Caesars Sportsbook (New Jersey)|Caesars Sportsbook (Pennsylvania)|DraftKings|Holland Casino|MGM|PointsBet|SugarHouse|Titanbets|Unibet|Westgate|accuscore|consensus|teamrankings,-7.0,0.5606119105813882,211.0,-300.0,240.0,-7.0
401360138,14,Caesars Sportsbook|Caesars Sportsbook (Colorado)|Caesars Sportsbook (New Jersey)|Caesars Sportsbook (Pennsylvania)|DraftKings|Holland Casino|MGM|SugarHouse|Titanbets|Unibet|Westgate|accuscore|consensus|teamrankings,-6.25,0.2594372608313854,215.0,-250.0,210.0,-6.5
401360139,14,Caesars Sportsbook|Caesars Sportsbook (Colorado)|Caesars Sportsbook (New Jersey)|Caesars Sportsbook (Pennsylvania)|DraftKings|Holland Casino|MGM|SugarHouse|Titanbets|Unibet|Westgate|accuscore|consensus|teamrankings,-3.0,0.4746311465493234,215.0,-145.5,127.5,-3.0
401360140,14,Caesars Sportsbook|Caesars Sportsbook (Colorado)|Caesars Sportsbook (New Jersey)|Caesars Sportsbook (Pennsylvania)|DraftKings|Holland Casino|MGM|PointsBet|SugarHouse|Titanbets|Unibet|Westgate|consensus|teamrankings,-3.0,0.4143709650823725,222.0,-153.0,130.0,-2.5
401360141,14,Caesars Sportsbook|Caesars Sportsbook (Colorado)|Caesars Sportsbook (Pennsylvania)|DraftKings|Holland Casino|MGM|PointsBet|SugarHouse|Titanbets|Unibet|Westgate|accuscore|consensus|teamrankings,-7.5,0.97001755960089,209.5,-350.0,280.0,-7.5
401360142,12,Caesars Sportsbook (New Jersey)|Caesars Sportsbook (Pennsylvania)|DraftKings|Holland Casino|MGM|SugarHouse|Titanbets|Unibet|Westgate|accuscore|consensus|teamrankings,0.0,2.1370456910684634,224.25,-110.0,-107.5,1.0
401360143,15,Caesars Sportsbook|Caesars Sportsbook (Colorado)|Caesars Sportsbook (New Jersey)|Caesars Sportsbook (Pennsylvania)|DraftKings|Holland Casino|MGM|PointsBet|SugarHouse|Titanbets|Unibet|Westgate|accuscore|consensus|teamrankings,-2.0,0.3086066999241839,217.5,-133.0,112.0,-2.0
401360144,15,Caesars Sportsbook|Caesars Sportsbook (Colorado)|Caesars Sportsbook (New Jersey)|Caesars Sportsbook (Pennsylvania)|DraftKings|Holland Casino|MGM|PointsBet|SugarHouse|Titanbets|Unibet|Westgate|accuscore|consensus|teamrankings,8.0,0.24397501823713333,207.5,280.0,-350.0,7.5
401360145,14,Caesars Sportsbook|Caesars Sportsbook (Colorado)|Caesars Sportsbook (New Jersey)|Caesars Sportsbook (Pennsylvania)|DraftKings|Holland Casino|MGM|SugarHouse|Titanbets|Unibet|Westgate|accuscore|consensus|teamrankings,-3.5,0.26726124191242445,217.0,-166.5,145.0,-3.5
401360146,15,Caesars Sportsbook|Caesars Sportsbook (Colorado)|Caesars Sportsbook (New Jersey)|Caesars Sportsbook (Pennsylvania)|DraftKings|Holland Casino|MGM|PointsBet|SugarHouse|Titanbets|Unibet|Westgate|accuscore|consensus|teamrankings,-3.0,0.22886885410853172,206.5,-148.0,125.0,-3.0
401360147,15,Caesars Sportsbook|Caesars Sportsbook (Colorado)|Caesars Sportsbook (New Jersey)|Caesars Sportsbook (Pennsylvania)|DraftKings|Holland Casino|MGM|PointsBet|SugarHouse|Titanbets|Unibet|Westgate|accuscore|consensus|teamrankings,-3.0,1.2198750911856666,206.0,-150.0,130.0,-3.0
401360148,15,Caesars Sportsbook|Caesars Sportsbook (Colorado)|Caesars Sportsbook (New Jersey)|Caesars Sportsbook (Pennsylvania)|DraftKings|Holland Casino|MGM|PointsBet|SugarHouse|Titanbets|Unibet|Westgate|accuscore|consensus|teamrankings,-9.0,0.20701966780270625,230.5,-390.0,300.0,-9.0
401360149,14,Caesars Sportsbook|Caesars Sportsbook (Colorado)|Caesars Sportsbook (New Jersey)|Caesars Sportsbook (Pennsylvania)|DraftKings|Holland Casino|MGM|SugarHouse|Titanbets|Unibet|Westgate|accuscore|consensus|teamrankings,4.0,0.30562492275106334,216.0,147.0,-170.0,4.0
401360150,15,Caesars Sportsbook|Caesars Sportsbook (Colorado)|Caesars Sportsbook (New Jersey)|Caesars Sportsbook (Pennsylvania)|DraftKings|Holland Casino|MGM|PointsBet|SugarHouse|Titanbets|Unibet|Westgate|accuscore|consensus|teamrankings,-2.5,0.4498677054212186,216.5,-135.0,116.0,-2.5
401360151,14,Caesars Sportsbook|Caesars Sportsbook (Colorado)|Caesars Sportsbook (New Jersey)|Caesars Sportsbook (Pennsylvania)|DraftKings|Holland Casino|MGM|SugarHouse|Titanbets|Unibet|Westgate|accuscore|consensus|teamrankings,-6.0,0.4803844614152614,215.0,-247.5,202.5,-6.0
401360152,15,Caesars Sportsbook|Caesars Sportsbook (Colorado)|Caesars Sportsbook (New Jersey)|Caesars Sportsbook (Pennsylvania)|DraftKings|Holland Casino|MGM|PointsBet|SugarHouse|Titanbets|Unibet|Westgate|accuscore|consensus|teamrankings,2.0,0.1889822365046136,209.5,110.0,-130.0,2.0
401360153,15,Caesars Sportsbook|Caesars Sportsbook (Colorado)|Caesars Sportsbook (New Jersey)|Caesars Sportsbook (Pennsylvania)|DraftKings|Holland Casino|MGM|PointsBet|SugarHouse|Titanbets|Unibet|Westgate|accuscore|consensus|teamrankings,0.75,2.7608427603274963,216.0,-110.0,-110.0,-1.0
401360154,15,Caesars Sportsbook|Caesars Sportsbook (Colorado)|Caesars Sportsbook (New Jersey)|Caesars Sportsbook (Pennsylvania)|DraftKings|Holland Casino|MGM|PointsBet|SugarHouse|Titanbets|Unibet|Westgate|accuscore|consensus|teamrankings,-11.0,0.6510065466717856,210.5,-550.0,420.0,-11.0
401360155,15,Caesars Sportsbook|Caesars Sportsbook (Colorado)|Caesars Sportsbook (New Jersey)|Caesars Sportsbook (Pennsylvania)|DraftKings|Holland Casino|MGM|PointsBet|SugarHouse|Titanbets|Unibet|Westgate|accuscore|consensus|teamrankings,-12.0,0.47056197405716005,207.5,-752.0,525.0,-11.5
401360156,14,Caesars Sportsbook|Caesars Sportsbook (Colorado)|Caesars Sportsbook (New Jersey)|Caesars Sportsbook (Pennsylvania)|DraftKings|Holland Casino|MGM|SugarHouse|Titanbets|Unibet|Westgate|accuscore|consensus|teamrankings,-5.0,0.5447047794019222,215.5,-200.0,167.5,-5.0
401360157,14,Caesars Sportsbook|Caesars Sportsbook (Colorado)|Caesars Sportsbook (New Jersey)|Caesars Sportsbook (Pennsylvania)|DraftKings|Holland Casino|MGM|SugarHouse|Titanbets|Unibet|Westgate|accuscore|consensus|teamrankings,-5.5,0.0,206.5,-221.0,183.0,-5.5
401360158,15,Caesars Sportsbook|Caesars Sportsbook (Colorado)|Caesars Sportsbook (New Jersey)|Caesars Sportsbook (Pennsylvania)|DraftKings|Holland Casino|MGM|PointsBet|SugarHouse|Titanbets|Unibet|Westgate|accuscore|consensus|teamrankings,-3.0,0.1889822365046136,208.5,-150.0,125.0,-3.0
401360159,15,Caesars Sportsbook|Caesars Sportsbook (Colorado)|Caesars Sportsbook (New Jersey)|Caesars Sportsbook (Pennsylvania)|DraftKings|Holland Casino|MGM|PointsBet|SugarHouse|Titanbets|Unibet|Westgate|accuscore|consensus|teamrankings,-2.5,0.5936168397046636,216.0,-143.0,120.0,-2.5
401360160,14,Caesars Sportsbook|Caesars Sportsbook (Colorado)|Caesars Sportsbook (New Jersey)|Caesars Sportsbook (Pennsylvania)|DraftKings|Holland Casino|MGM|SugarHouse|Titanbets|Unibet|Westgate|accuscore|consensus|teamrankings,-9.0,0.6333236937766509,218.75,-418.5,329.0,-9.0
401360161,14,Caesars Sportsbook|Caesars Sportsbook (Colorado)|Caesars Sportsbook (New Jersey)|Caesars Sportsbook (Pennsylvania)|DraftKings|Holland Casino|MGM|SugarHouse|Titanbets|Unibet|Westgate|accuscore|consensus|teamrankings,-2.5,0.2567762955065477,217.5,-148.5,125.0,-2.5
401360162,15,Caesars Sportsbook|Caesars Sportsbook (Colorado)|Caesars Sportsbook (New Jersey)|Caesars Sportsbook (Pennsylvania)|DraftKings|Holland Casino|MGM|PointsBet|SugarHouse|Titanbets|Unibet|Westgate|accuscore|consensus|teamrankings,-7.0,0.2968084198523318,215.0,-296.0,240.0,-7.0
401360163,14,Caesars Sportsbook|Caesars Sportsbook (Colorado)|Caesars Sportsbook (New Jersey)|Caesars Sportsbook (Pennsylvania)|DraftKings|Holland Casino|MGM|SugarHouse|Titanbets|Unibet|Westgate|accuscore|consensus|teamrankings,-8.0,0.26726124191242434,210.0,-358.5,282.5,-8.0
401360164,14,Caesars Sportsbook|Caesars Sportsbook (Colorado)|Caesars Sportsbook (New Jersey)|Caesars Sportsbook (Pennsylvania)|DraftKings|Holland Casino|MGM|SugarHouse|Titanbets|Unibet|Westgate|accuscore|consensus|teamrankings,-7.0,0.3314967720658979,215.0,-300.0,240.0,-7.0
401360165,15,Caesars Sportsbook|Caesars Sportsbook (Colorado)|Caesars Sportsbook (New Jersey)|Caesars Sportsbook (Pennsylvania)|DraftKings|Holland Casino|MGM|PointsBet|SugarHouse|Titanbets|Unibet|Westgate|accuscore|consensus|teamrankings,-2.5,0.4952152009360125,218.5,-136.0,115.0,-2.5
401360166,14,Caesars Sportsbook|Caesars Sportsbook (Colorado)|Caesars Sportsbook (New Jersey)|Caesars Sportsbook (Pennsylvania)|DraftKings|Holland Casino|MGM|SugarHouse|Titanbets|Unibet|Westgate|accuscore|consensus|teamrankings,-2.5,0.37977726265637496,209.0,-135.0,115.0,-2.5
401360167,15,Caesars Sportsbook|Caesars Sportsbook (Colorado)|Caesars Sportsbook (New Jersey)|Caesars Sportsbook (Pennsylvania)|DraftKings|Holland Casino|MGM|PointsBet|SugarHouse|Titanbets|Unibet|Westgate|accuscore|consensus|teamrankings,-2.5,0.0,222.0,-140.0,120.0,-2.5
401360168,15,Caesars Sportsbook|Caesars Sportsbook (Colorado)|Caesars Sportsbook (New Jersey)|Caesars Sportsbook (Pennsylvania)|DraftKings|Holland Casino|MGM|PointsBet|SugarHouse|Titanbets|Unibet|Westgate|accuscore|consensus|teamrankings,-6.5,0.416904693916396,211.5,-250.0,205.0,-6.5
401360169,14,Caesars Sportsbook|Caesars Sportsbook (Colorado)|Caesars Sportsbook (New Jersey)|Caesars Sportsbook (Pennsylvania)|DraftKings|Holland Casino|MGM|SugarHouse|Titanbets|Unibet|Westgate|accuscore|consensus|teamrankings,1.0,0.26111648393354675,214.5,-105.0,-112.0,1.5
401360170,15,Caesars Sportsbook|Caesars Sportsbook (Colorado)|Caesars Sportsbook (New Jersey)|Caesars Sportsbook (Pennsylvania)|DraftKings|Holland Casino|MGM|PointsBet|SugarHouse|Titanbets|Unibet|Westgate|accuscore|consensus|teamrankings,-9.0,0.3086066999241839,219.0,-425.0,333.0,-9.0
401360171,15,Caesars Sportsbook|Caesars Sportsbook (Colorado)|Caesars Sportsbook (New Jersey)|Caesars Sportsbook (Pennsylvania)|DraftKings|Holland Casino|MGM|PointsBet|SugarHouse|Titanbets|Unibet|Westgate|accuscore|consensus|teamrankings,-1.0,0.9023778112773576,211.0,-115.0,-105.0,-1.0
401360172,15,Caesars Sportsbook|Caesars Sportsbook (Colorado)|Caesars Sportsbook (New Jersey)|Caesars Sportsbook (Pennsylvania)|DraftKings|Holland Casino|MGM|PointsBet|SugarHouse|Titanbets|Unibet|Westgate|accuscore|consensus|teamrankings,1.5,0.22886885410853167,219.5,110.0,-126.0,1.5
401360173,14,Caesars Sportsbook|Caesars Sportsbook (Colorado)|Caesars Sportsbook (New Jersey)|Caesars Sportsbook (Pennsylvania)|DraftKings|Holland Casino|MGM|SugarHouse|Titanbets|Unibet|Westgate|accuscore|consensus|teamrankings,5.0,0.21290765681316007,213.0,174.0,-202.5,5.0
401360174,14,Caesars Sportsbook (Colorado)|Caesars Sportsbook (New Jersey)|Caesars Sportsbook (Pennsylvania)|DraftKings|Holland Casino|MGM|PointsBet|SugarHouse|Titanbets|Unibet|Westgate|accuscore|consensus|teamrankings,-7.5,0.13363062095621217,225.0,-320.0,255.0,-7.5
401360175,14,Caesars Sportsbook (Colorado)|Caesars Sportsbook (New Jersey)|Caesars Sportsbook (Pennsylvania)|DraftKings|Holland Casino|MGM|PointsBet|SugarHouse|Titanbets|Unibet|Westgate|accuscore|consensus|teamrankings,-1.5,0.2567762955065478,212.5,-116.5,-0.5,-1.5
401360176,14,Caesars Sportsbook|Caesars Sportsbook (Colorado)|Caesars Sportsbook (New Jersey)|Caesars Sportsbook (Pennsylvania)|DraftKings|Holland Casino|MGM|SugarHouse|Titanbets|Unibet|Westgate|accuscore|consensus|teamrankings,2.5,0.2129076568131601,222.0,125.0,-145.0,2.5
401360177,14,Caesars Sportsbook|Caesars Sportsbook (Colorado)|Caesars Sportsbook (New Jersey)|Caesars Sportsbook (Pennsylvania)|DraftKings|Holland Casino|MGM|SugarHouse|Titanbets|Unibet|Westgate|accuscore|consensus|teamrankings,7.5,0.37247317183424594,214.5,255.0,-320.0,7.5
401360178,14,Caesars Sportsbook|Caesars Sportsbook (Colorado)|Caesars Sportsbook (New Jersey)|Caesars Sportsbook (Pennsylvania)|DraftKings|Holland Casino|MGM|SugarHouse|Titanbets|Unibet|Westgate|accuscore|consensus|teamrankings,-3.0,0.5459642140991688,205.5,-152.5,132.5,-3.0
401360179,15,Caesars Sportsbook|Caesars Sportsbook (Colorado)|Caesars Sportsbook (New Jersey)|Caesars Sportsbook (Pennsylvania)|DraftKings|Holland Casino|MGM|PointsBet|SugarHouse|Titanbets|Unibet|Westgate|accuscore|consensus|teamrankings,-5.5,0.1759328876372492,211.5,-225.0,185.0,-5.5
401360180,14,Caesars Sportsbook|Caesars Sportsbook (Colorado)|Caesars Sportsbook (New Jersey)|Caesars Sportsbook (Pennsylvania)|DraftKings|Holland Casino|MGM|SugarHouse|Titanbets|Unibet|Westgate|accuscore|consensus|teamrankings,-5.5,0.2567762955065477,214.0,-230.0,190.0,-5.5
401360181,14,Caesars Sportsbook (Colorado)|Caesars Sportsbook (New Jersey)|Caesars Sportsbook (Pennsylvania)|DraftKings|Holland Casino|MGM|PointsBet|SugarHouse|Titanbets|Unibet|Westgate|accuscore|consensus|teamrankings,-2.0,0.9025300214178139,213.5,-132.5,111.0,-2.0
401360182,14,Caesars Sportsbook|Caesars Sportsbook (Colorado)|Caesars Sportsbook (New Jersey)|Caesars Sportsbook (Pennsylvania)|DraftKings|Holland Casino|MGM|SugarHouse|Titanbets|Unibet|Westgate|accuscore|consensus|teamrankings,-8.5,0.5447047794019222,215.5,-377.5,300.0,-8.5
401360183,15,Caesars Sportsbook|Caesars Sportsbook (Colorado)|Caesars Sportsbook (New Jersey)|Caesars Sportsbook (Pennsylvania)|DraftKings|Holland Casino|MGM|PointsBet|SugarHouse|Titanbets|Unibet|Westgate|accuscore|consensus|teamrankings,-2.0,0.3779644730092272,221.5,-125.0,105.0,-2.0
401360184,15,Caesars Sportsbook|Caesars Sportsbook (Colorado)|Caesars Sportsbook (New Jersey)|Caesars Sportsbook (Pennsylvania)|DraftKings|Holland Casino|MGM|PointsBet|SugarHouse|Titanbets|Unibet|Westgate|accuscore|consensus|teamrankings,-7.5,0.24397501823713333,215.5,-300.0,250.0,-7.5
401360185,15,Caesars Sportsbook|Caesars Sportsbook (Colorado)|Caesars Sportsbook (New Jersey)|Caesars Sportsbook (Pennsylvania)|DraftKings|Holland Casino|MGM|PointsBet|SugarHouse|Titanbets|Unibet|Westgate|accuscore|consensus|teamrankings,-15.5,0.48057505236162745,217.0,-1800.0,1000.0,-15.5
401360186,15,Caesars Sportsbook|Caesars Sportsbook (Colorado)|Caesars Sportsbook (New Jersey)|Caesars Sportsbook (Pennsylvania)|DraftKings|Holland Casino|MGM|PointsBet|SugarHouse|Titanbets|Unibet|Westgate|accuscore|consensus|teamrankings,4.5,1.1051825964195108,213.5,165.0,-188.0,4.5
401360187,13,Caesars Sportsbook|Caesars Sportsbook (Colorado)|Caesars Sportsbook (New Jersey)|Caesars Sportsbook (Pennsylvania)|DraftKings|Holland Casino|MGM|Titanbets|Unibet|Westgate|accuscore|consensus|teamrankings,1.5,0.2773500981126146,221.0,105.0,-125.0,1.5
401360188,14,Caesars Sportsbook|Caesars Sportsbook (Colorado)|Caesars Sportsbook (New Jersey)|Caesars Sportsbook (Pennsylvania)|DraftKings|Holland Casino|MGM|SugarHouse|Titanbets|Unibet|Westgate|accuscore|consensus|teamrankings,1.5,1.1720180773462385,211.0,105.0,-125.0,3.5
401360189,15,Caesars Sportsbook|Caesars Sportsbook (Colorado)|Caesars Sportsbook (New Jersey)|Caesars Sportsbook (Pennsylvania)|DraftKings|Holland Casino|MGM|PointsBet|SugarHouse|Titanbets|Unibet|Westgate|accuscore|consensus|teamrankings,-3.0,0.39940431835899004,219.5,-148.0,125.0,-3.0
401360190,14,Caesars Sportsbook|Caesars Sportsbook (Colorado)|Caesars Sportsbook (New Jersey)|Caesars Sportsbook (Pennsylvania)|DraftKings|MGM|PointsBet|SugarHouse|Titanbets|Unibet|Westgate|accuscore|consensus|teamrankings,6.25,0.323103086329432,216.0,210.0,-250.0,6.5
401360191,14,Caesars Sportsbook|Caesars Sportsbook (Colorado)|Caesars Sportsbook (New Jersey)|Caesars Sportsbook (Pennsylvania)|DraftKings|MGM|PointsBet|SugarHouse|Titanbets|Unibet|Westgate|accuscore|consensus|teamrankings,-3.0,0.30786396310744096,212.5,-156.5,135.0,-3.0
401360192,13,Caesars Sportsbook|Caesars Sportsbook (Colorado)|Caesars Sportsbook (New Jersey)|Caesars Sportsbook (Pennsylvania)|DraftKings|MGM|SugarHouse|Titanbets|Unibet|Westgate|accuscore|consensus|teamrankings,5.0,0.2401922307076307,210.5,175.0,-210.0,5.0
401360193,14,Caesars Sportsbook|Caesars Sportsbook (Colorado)|Caesars Sportsbook (New Jersey)|Caesars Sportsbook (Pennsylvania)|DraftKings|MGM|PointsBet|SugarHouse|Titanbets|Unibet|Westgate|accuscore|consensus|teamrankings,-5.0,0.31666184688832544,208.0,-200.0,170.0,-5.0
401360194,13,Caesars Sportsbook|Caesars Sportsbook (Colorado)|Caesars Sportsbook (New Jersey)|Caesars Sportsbook (Pennsylvania)|DraftKings|MGM|SugarHouse|Titanbets|Unibet|Westgate|accuscore|consensus|teamrankings,6.5,0.3881250129030924,217.0,225.0,-274.0,6.5
401360195,13,Caesars Sportsbook|Caesars Sportsbook (Colorado)|Caesars Sportsbook (New Jersey)|Caesars Sportsbook (Pennsylvania)|DraftKings|MGM|SugarHouse|Titanbets|Unibet|Westgate|accuscore|consensus|teamrankings,-7.5,0.4160251471689219,206.0,-333.0,270.0,-7.5
401360196,14,Caesars Sportsbook|Caesars Sportsbook (Colorado)|Caesars Sportsbook (New Jersey)|Caesars Sportsbook (Pennsylvania)|DraftKings|MGM|PointsBet|SugarHouse|Titanbets|Unibet|Westgate|accuscore|consensus|teamrankings,3.5,1.1743597741411613,223.0,145.0,-166.5,3.5
401360197,13,Caesars Sportsbook|Caesars Sportsbook (Colorado)|Caesars Sportsbook (New Jersey)|Caesars Sportsbook (Pennsylvania)|DraftKings|MGM|SugarHouse|Titanbets|Unibet|Westgate|accuscore|consensus|teamrankings,-1.25,1.2635627839925125,219.0,-120.0,100.0,-1.5
401360198,13,Caesars Sportsbook|Caesars Sportsbook (Colorado)|Caesars Sportsbook (New Jersey)|Caesars Sportsbook (Pennsylvania)|DraftKings|MGM|SugarHouse|Titanbets|Unibet|Westgate|accuscore|consensus|teamrankings,6.5,0.13867504905630726,218.0,225.0,-274.0,6.5
401360199,13,Caesars Sportsbook|Caesars Sportsbook (Colorado)|Caesars Sportsbook (New Jersey)|Caesars Sportsbook (Pennsylvania)|DraftKings|MGM|SugarHouse|Titanbets|Unibet|Westgate|accuscore|consensus|teamrankings,2.0,0.40032038451271784,213.0,110.0,-130.0,2.5
401360200,14,Caesars Sportsbook|Caesars Sportsbook (Colorado)|Caesars Sportsbook (New Jersey)|Caesars Sportsbook (Pennsylvania)|DraftKings|MGM|PointsBet|SugarHouse|Titanbets|Unibet|Westgate|accuscore|consensus|teamrankings,-14.5,0.23731557327466166,215.5,-1600.0,900.0,-14.5
401360201,13,Caesars Sportsbook|Caesars Sportsbook (Colorado)|Caesars Sportsbook (New Jersey)|Caesars Sportsbook (Pennsylvania)|DraftKings|MGM|SugarHouse|Titanbets|Unibet|Westgate|accuscore|consensus|teamrankings,-7.5,0.2594372608313854,222.5,-300.0,250.0,-7.5
401360202,13,Caesars Sportsbook|Caesars Sportsbook (Colorado)|Caesars Sportsbook (New Jersey)|Caesars Sportsbook (Pennsylvania)|DraftKings|MGM|SugarHouse|Titanbets|Unibet|Westgate|accuscore|consensus|teamrankings,-1.5,0.8301220175989575,208.5,-125.0,105.0,-1.5
401360203,15,Caesars Sportsbook|Caesars Sportsbook (Colorado)|Caesars Sportsbook (New Jersey)|Caesars Sportsbook (Pennsylvania)|DraftKings|Holland Casino|MGM|PointsBet|SugarHouse|Titanbets|Unibet|Westgate|accuscore|consensus|teamrankings,3.0,0.20701966780270625,215.5,123.0,-143.0,3.0
401360204,15,Caesars Sportsbook|Caesars Sportsbook (Colorado)|Caesars Sportsbook (New Jersey)|Caesars Sportsbook (Pennsylvania)|DraftKings|Holland Casino|MGM|PointsBet|SugarHouse|Titanbets|Unibet|Westgate|accuscore|consensus|teamrankings,4.0,0.35186577527449836,221.5,150.0,-175.0,4.0
401360205,15,Caesars Sportsbook|Caesars Sportsbook (Colorado)|Caesars Sportsbook (New Jersey)|Caesars Sportsbook (Pennsylvania)|DraftKings|Holland Casino|MGM|PointsBet|SugarHouse|Titanbets|Unibet|Westgate|accuscore|consensus|teamrankings,-2.0,1.2955969390869324,216.5,-135.0,115.0,-2.0
401360206,14,Caesars Sportsbook|Caesars Sportsbook (Colorado)|Caesars Sportsbook (New Jersey)|Caesars Sportsbook (Pennsylvania)|DraftKings|Holland Casino|MGM|SugarHouse|Titanbets|Unibet|Westgate|accuscore|consensus|teamrankings,1.5,0.23731557327466174,232.0,103.5,-121.0,1.5
401360207,15,Caesars Sportsbook|Caesars Sportsbook (Colorado)|Caesars Sportsbook (New Jersey)|Caesars Sportsbook (Pennsylvania)|DraftKings|Holland Casino|MGM|PointsBet|SugarHouse|Titanbets|Unibet|Westgate|accuscore|consensus|teamrankings,-2.0,0.20701966780270625,213.5,-130.0,110.0,-2.0
401360208,15,Caesars Sportsbook|Caesars Sportsbook (Colorado)|Caesars Sportsbook (New Jersey)|Caesars Sportsbook (Pennsylvania)|DraftKings|Holland Casino|MGM|PointsBet|SugarHouse|Titanbets|Unibet|Westgate|accuscore|consensus|teamrankings,-2.0,0.2968084198523318,227.5,-130.0,110.0,-2.0
401360209,15,Caesars Sportsbook|Caesars Sportsbook (Colorado)|Caesars Sportsbook (New Jersey)|Caesars Sportsbook (Pennsylvania)|DraftKings|Holland Casino|MGM|PointsBet|SugarHouse|Titanbets|Unibet|Westgate|accuscore|consensus|teamrankings,-1.5,0.0,207.5,-125.0,105.0,-1.5
401360210,15,Caesars Sportsbook|Caesars Sportsbook (Colorado)|Caesars Sportsbook (New Jersey)|Caesars Sportsbook (Pennsylvania)|DraftKings|Holland Casino|MGM|PointsBet|SugarHouse|Titanbets|Unibet|Westgate|accuscore|consensus|teamrankings,9.0,0.4309458036856673,227.5,340.0,-430.0,9.5
401360211,14,Caesars Sportsbook|Caesars Sportsbook (Colorado)|Caesars Sportsbook (New Jersey)|Caesars Sportsbook (Pennsylvania)|DraftKings|Holland Casino|MGM|SugarHouse|Titanbets|Unibet|Westgate|accuscore|consensus|teamrankings,1.5,1.1969512553534953,213.0,105.0,-125.0,1.5
401360212,15,Caesars Sportsbook|Caesars Sportsbook (Colorado)|Caesars Sportsbook (New Jersey)|Caesars Sportsbook (Pennsylvania)|DraftKings|Holland Casino|MGM|PointsBet|SugarHouse|Titanbets|Unibet|Westgate|accuscore|consensus|teamrankings,-6.5,0.4140393356054125,211.0,-250.0,200.0,-6.5
401360213,15,Caesars Sportsbook|Caesars Sportsbook (Colorado)|Caesars Sportsbook (New Jersey)|Caesars Sportsbook (Pennsylvania)|DraftKings|Holland Casino|MGM|PointsBet|SugarHouse|Titanbets|Unibet|Westgate|accuscore|consensus|teamrankings,3.5,1.1317916685293195,217.5,145.0,-170.0,3.5
401360214,15,Caesars Sportsbook|Caesars Sportsbook (Colorado)|Caesars Sportsbook (New Jersey)|Caesars Sportsbook (Pennsylvania)|DraftKings|Holland Casino|MGM|PointsBet|SugarHouse|Titanbets|Unibet|Westgate|accuscore|consensus|teamrankings,-3.5,1.0082988974836116,214.0,-161.0,140.0,-5.5
401360215,15,Caesars Sportsbook|Caesars Sportsbook (Colorado)|Caesars Sportsbook (New Jersey)|Caesars Sportsbook (Pennsylvania)|DraftKings|Holland Casino|MGM|PointsBet|SugarHouse|Titanbets|Unibet|Westgate|accuscore|consensus|teamrankings,-8.5,0.0,214.5,-360.0,295.0,-8.5
401360216,14,Caesars Sportsbook|Caesars Sportsbook (Colorado)|Caesars Sportsbook (New Jersey)|Caesars Sportsbook (Pennsylvania)|DraftKings|Holland Casino|MGM|SugarHouse|Titanbets|Unibet|Westgate|accuscore|consensus|teamrankings,7.0,0.9405399431259602,220.5,232.5,-283.0,7.0
401360217,15,Caesars Sportsbook|Caesars Sportsbook (Colorado)|Caesars Sportsbook (New Jersey)|Caesars Sportsbook (Pennsylvania)|DraftKings|Holland Casino|MGM|PointsBet|SugarHouse|Titanbets|Unibet|Westgate|accuscore|consensus|teamrankings,-6.5,0.0,222.5,-260.0,214.0,-6.5
401360218,15,Caesars Sportsbook|Caesars Sportsbook (Colorado)|Caesars Sportsbook (New Jersey)|Caesars Sportsbook (Pennsylvania)|DraftKings|Holland Casino|MGM|PointsBet|SugarHouse|Titanbets|Unibet|Westgate|accuscore|consensus|teamrankings,1.5,1.3265049508446565,208.5,105.0,-124.0,1.5
401360219,15,Caesars Sportsbook|Caesars Sportsbook (Colorado)|Caesars Sportsbook (New Jersey)|Caesars Sportsbook (Pennsylvania)|DraftKings|Holland Casino|MGM|PointsBet|SugarHouse|Titanbets|Unibet|Westgate|accuscore|consensus|teamrankings,-8.0,0.3518657752744984,218.5,-350.0,280.0,-7.5
401360220,14,Caesars Sportsbook|Caesars Sportsbook (Colorado)|Caesars Sportsbook (New Jersey)|Caesars Sportsbook (Pennsylvania)|DraftKings|Holland Casino|MGM|PointsBet|Titanbets|Unibet|Westgate|accuscore|consensus|teamrankings,3.0,0.7703288865196434,212.5,133.0,-155.0,3.0
401360221,14,Caesars Sportsbook|Caesars Sportsbook (Colorado)|Caesars Sportsbook (New Jersey)|Caesars Sportsbook (Pennsylvania)|DraftKings|Holland Casino|MGM|PointsBet|Titanbets|Unibet|Westgate|accuscore|consensus|teamrankings,1.0,0.25,219.0,-110.0,-110.0,1.0
401360222,15,Caesars Sportsbook|Caesars Sportsbook (Colorado)|Caesars Sportsbook (New Jersey)|Caesars Sportsbook (Pennsylvania)|DraftKings|Holland Casino|MGM|PointsBet|SugarHouse|Titanbets|Unibet|Westgate|accuscore|consensus|teamrankings,6.0,0.6172133998483675,216.5,200.0,-245.0,6.0
401360223,15,Caesars Sportsbook|Caesars Sportsbook (Colorado)|Caesars Sportsbook (New Jersey)|Caesars Sportsbook (Pennsylvania)|DraftKings|Holland Casino|MGM|PointsBet|SugarHouse|Titanbets|Unibet|Westgate|accuscore|consensus|teamrankings,7.0,1.3020130933435712,211.5,250.0,-310.0,7.0
401360224,15,Caesars Sportsbook|Caesars Sportsbook (Colorado)|Caesars Sportsbook (New Jersey)|Caesars Sportsbook (Pennsylvania)|DraftKings|Holland Casino|MGM|PointsBet|SugarHouse|Titanbets|Unibet|Westgate|accuscore|consensus|teamrankings,4.0,0.20701966780270625,206.5,150.0,-175.0,4.0
401360225,15,Caesars Sportsbook|Caesars Sportsbook (Colorado)|Caesars Sportsbook (New Jersey)|Caesars Sportsbook (Pennsylvania)|DraftKings|Holland Casino|MGM|PointsBet|SugarHouse|Titanbets|Unibet|Westgate|accuscore|consensus|teamrankings,-2.0,0.1759328876372492,220.5,-130.0,110.0,-2.0
401360226,15,Caesars Sportsbook|Caesars Sportsbook (Colorado)|Caesars Sportsbook (New Jersey)|Caesars Sportsbook (Pennsylvania)|DraftKings|Holland Casino|MGM|PointsBet|SugarHouse|Titanbets|Unibet|Westgate|accuscore|consensus|teamrankings,-3.0,0.8423323628614833,225.5,-150.0,130.0,-3.0
401360227,14,Caesars Sportsbook|Caesars Sportsbook (Colorado)|Caesars Sportsbook (New Jersey)|Caesars Sportsbook (Pennsylvania)|DraftKings|Holland Casino|MGM|SugarHouse|Titanbets|Unibet|Westgate|accuscore|consensus|teamrankings,-9.5,0.5459642140991688,220.5,-461.5,360.0,-9.5
401360228,15,Caesars Sportsbook|Caesars Sportsbook (Colorado)|Caesars Sportsbook (New Jersey)|Caesars Sportsbook (Pennsylvania)|DraftKings|Holland Casino|MGM|PointsBet|SugarHouse|Titanbets|Unibet|Westgate|accuscore|consensus|teamrankings,-5.5,0.3716116764786033,208.0,-210.0,175.0,-5.5
401360229,14,Caesars Sportsbook|Caesars Sportsbook (Colorado)|Caesars Sportsbook (New Jersey)|Caesars Sportsbook (Pennsylvania)|DraftKings|Holland Casino|MGM|SugarHouse|Titanbets|Unibet|Westgate|accuscore|consensus|teamrankings,4.0,0.21290765681316007,213.5,150.0,-175.0,4.0
401360230,14,Caesars Sportsbook|Caesars Sportsbook (Colorado)|Caesars Sportsbook (New Jersey)|Caesars Sportsbook (Pennsylvania)|DraftKings|Holland Casino|MGM|SugarHouse|Titanbets|Unibet|Westgate|accuscore|consensus|teamrankings,-4.5,0.2672612419124244,222.0,-185.5,160.0,-4.5
401360231,14,Caesars Sportsbook|Caesars Sportsbook (Colorado)|Caesars Sportsbook (New Jersey)|Caesars Sportsbook (Pennsylvania)|DraftKings|Holland Casino|MGM|PointsBet|SugarHouse|Titanbets|Unibet|accuscore|consensus|teamrankings,-10.0,0.9944903161976939,226.5,-535.5,400.0,-10.0
401360232,14,Caesars Sportsbook|Caesars Sportsbook (Colorado)|Caesars Sportsbook (New Jersey)|Caesars Sportsbook (Pennsylvania)|DraftKings|Holland Casino|MGM|SugarHouse|Titanbets|Unibet|Westgate|accuscore|consensus|teamrankings,1.0,0.9510759457296006,222.5,-105.0,-111.5,1.0
401360233,15,Caesars Sportsbook|Caesars Sportsbook (Colorado)|Caesars Sportsbook (New Jersey)|Caesars Sportsbook (Pennsylvania)|DraftKings|Holland Casino|MGM|PointsBet|SugarHouse|Titanbets|Unibet|Westgate|accuscore|consensus|teamrankings,2.0,0.7559289460184544,209.5,114.0,-135.0,2.0
401360234,15,Caesars Sportsbook|Caesars Sportsbook (Colorado)|Caesars Sportsbook (New Jersey)|Caesars Sportsbook (Pennsylvania)|DraftKings|Holland Casino|MGM|PointsBet|SugarHouse|Titanbets|Unibet|Westgate|accuscore|consensus|teamrankings,-2.5,0.3683941988065036,216.5,-145.0,125.0,-2.5
401360235,15,Caesars Sportsbook|Caesars Sportsbook (Colorado)|Caesars Sportsbook (New Jersey)|Caesars Sportsbook (Pennsylvania)|DraftKings|Holland Casino|MGM|PointsBet|SugarHouse|Titanbets|Unibet|Westgate|accuscore|consensus|teamrankings,-3.5,0.4498677054212186,215.5,-165.0,140.0,-3.5
401360236,15,Caesars Sportsbook|Caesars Sportsbook (Colorado)|Caesars Sportsbook (New Jersey)|Caesars Sportsbook (Pennsylvania)|DraftKings|Holland Casino|MGM|PointsBet|SugarHouse|Titanbets|Unibet|Westgate|accuscore|consensus|teamrankings,3.5,0.45512949491639976,212.5,138.0,-155.0,3.5
401360237,14,Caesars Sportsbook|Caesars Sportsbook (New Jersey)|Caesars Sportsbook (Pennsylvania)|DraftKings|Holland Casino|MGM|PointsBet|SugarHouse|Titanbets|Unibet|Westgate|accuscore|consensus|teamrankings,-4.0,1.6607955196958348,216.0,-170.0,145.0,-4.0
401360238,14,Caesars Sportsbook|Caesars Sportsbook (New Jersey)|Caesars Sportsbook (Pennsylvania)|DraftKings|Holland Casino|MGM|PointsBet|SugarHouse|Titanbets|Unibet|Westgate|accuscore|consensus|teamrankings,5.5,0.7234304723687331,211.5,192.5,-229.0,5.5
401360240,14,Caesars Sportsbook|Caesars Sportsbook (New Jersey)|Caesars Sportsbook (Pennsylvania)|DraftKings|Holland Casino|MGM|PointsBet|SugarHouse|Titanbets|Unibet|Westgate|accuscore|consensus|teamrankings,1.5,0.4986244815754373,216.5,100.0,-120.0,1.5
401360241,14,Caesars Sportsbook|Caesars Sportsbook (New Jersey)|Caesars Sportsbook (Pennsylvania)|DraftKings|Holland Casino|MGM|PointsBet|SugarHouse|Titanbets|Unibet|Westgate|accuscore|consensus|teamrankings,-9.5,0.5409088810348908,217.0,-445.5,340.0,-9.5
401360242,14,Caesars Sportsbook|Caesars Sportsbook (New Jersey)|Caesars Sportsbook (Pennsylvania)|DraftKings|Holland Casino|MGM|PointsBet|SugarHouse|Titanbets|Unibet|Westgate|accuscore|consensus|teamrankings,7.5,0.13363062095621217,223.5,260.0,-320.0,7.5
401360243,14,Caesars Sportsbook|Caesars Sportsbook (New Jersey)|Caesars Sportsbook (Pennsylvania)|DraftKings|Holland Casino|MGM|PointsBet|SugarHouse|Titanbets|Unibet|Westgate|accuscore|consensus|teamrankings,-7.75,0.8987170342729172,203.75,-333.0,262.5,-7.5
401360244,14,Caesars Sportsbook|Caesars Sportsbook (New Jersey)|Caesars Sportsbook (Pennsylvania)|DraftKings|Holland Casino|MGM|PointsBet|SugarHouse|Titanbets|Unibet|Westgate|accuscore|consensus|teamrankings,3.0,2.064881658530644,212.5,130.0,-150.0,3.0
401360245,14,Caesars Sportsbook|Caesars Sportsbook (New Jersey)|Caesars Sportsbook (Pennsylvania)|DraftKings|Holland Casino|MGM|PointsBet|SugarHouse|Titanbets|Unibet|Westgate|accuscore|consensus|teamrankings,3.0,1.6341143382057668,214.5,126.5,-150.0,3.0
401360246,14,Caesars Sportsbook|Caesars Sportsbook (New Jersey)|Caesars Sportsbook (Pennsylvania)|DraftKings|Holland Casino|MGM|PointsBet|SugarHouse|Titanbets|Unibet|Westgate|accuscore|consensus|teamrankings,4.5,1.3409239065200245,212.0,160.0,-186.5,4.5
401360247,13,Caesars Sportsbook|Caesars Sportsbook (New Jersey)|Caesars Sportsbook (Pennsylvania)|DraftKings|Holland Casino|MGM|SugarHouse|Titanbets|Unibet|Westgate|accuscore|consensus|teamrankings,-3.5,0.13867504905630726,224.0,-155.0,135.0,-3.5
401360248,13,Caesars Sportsbook|Caesars Sportsbook (New Jersey)|Caesars Sportsbook (Pennsylvania)|DraftKings|Holland Casino|MGM|SugarHouse|Titanbets|Unibet|Westgate|accuscore|consensus|teamrankings,-4.0,0.2192645048267573,224.0,-180.0,155.0,-4.0
401360249,13,Caesars Sportsbook|Caesars Sportsbook (New Jersey)|Caesars Sportsbook (Pennsylvania)|DraftKings|Holland Casino|MGM|SugarHouse|Titanbets|Unibet|Westgate|accuscore|consensus|teamrankings,-11.5,1.2684535304749476,217.0,-700.0,494.0,-9.5
401360250,13,Caesars Sportsbook|Caesars Sportsbook (New Jersey)|Caesars Sportsbook (Pennsylvania)|DraftKings|Holland Casino|MGM|SugarHouse|Titanbets|Unibet|Westgate|accuscore|consensus|teamrankings,1.5,1.3070322617798436,218.0,105.0,-125.0,1.5
401360251,14,Caesars Sportsbook|Caesars Sportsbook (New Jersey)|Caesars Sportsbook (Pennsylvania)|DraftKings|Holland Casino|MGM|PointsBet|SugarHouse|Titanbets|Unibet|Westgate|accuscore|consensus|teamrankings,2.0,1.3077327078439367,226.5,114.0,-133.0,2.0
401360252,15,Caesars Sportsbook|Caesars Sportsbook (Colorado)|Caesars Sportsbook (New Jersey)|Caesars Sportsbook (Pennsylvania)|DraftKings|Holland Casino|MGM|PointsBet|SugarHouse|Titanbets|Unibet|Westgate|accuscore|consensus|teamrankings,-10.0,0.975900072948533,208.5,-500.0,400.0,-10.5
401360253,15,Caesars Sportsbook|Caesars Sportsbook (Colorado)|Caesars Sportsbook (New Jersey)|Caesars Sportsbook (Pennsylvania)|DraftKings|Holland Casino|MGM|PointsBet|SugarHouse|Titanbets|Unibet|Westgate|accuscore|consensus|teamrankings,2.5,1.4904457626591354,216.5,125.0,-138.0,2.5
401360255,15,Caesars Sportsbook|Caesars Sportsbook (Colorado)|Caesars Sportsbook (New Jersey)|Caesars Sportsbook (Pennsylvania)|DraftKings|Holland Casino|MGM|PointsBet|SugarHouse|Titanbets|Unibet|Westgate|accuscore|consensus|teamrankings,5.5,0.45512949491639976,215.5,180.0,-220.0,5.5
401360256,15,Caesars Sportsbook|Caesars Sportsbook (Colorado)|Caesars Sportsbook (New Jersey)|Caesars Sportsbook (Pennsylvania)|DraftKings|Holland Casino|MGM|PointsBet|SugarHouse|Titanbets|Unibet|Westgate|accuscore|consensus|teamrankings,-8.5,0.12909944487358055,213.0,-420.0,330.0,-8.5
401360257,14,Caesars Sportsbook|Caesars Sportsbook (Colorado)|Caesars Sportsbook (New Jersey)|Caesars Sportsbook (Pennsylvania)|DraftKings|Holland Casino|MGM|SugarHouse|Titanbets|Unibet|Westgate|accuscore|consensus|teamrankings,8.5,2.4272378368185343,203.0,320.0,-405.0,8.5
401360258,14,Caesars Sportsbook|Caesars Sportsbook (Colorado)|Caesars Sportsbook (New Jersey)|Caesars Sportsbook (Pennsylvania)|DraftKings|Holland Casino|MGM|SugarHouse|Titanbets|Unibet|Westgate|accuscore|consensus|teamrankings,-3.5,0.3631365196012815,225.5,-160.0,140.0,-3.5
401360259,15,Caesars Sportsbook|Caesars Sportsbook (Colorado)|Caesars Sportsbook (New Jersey)|Caesars Sportsbook (Pennsylvania)|DraftKings|Holland Casino|MGM|PointsBet|SugarHouse|Titanbets|Unibet|Westgate|accuscore|consensus|teamrankings,4.0,0.9599107101332767,216.5,155.0,-180.0,4.0
401360260,14,Caesars Sportsbook|Caesars Sportsbook (Colorado)|Caesars Sportsbook (New Jersey)|Caesars Sportsbook (Pennsylvania)|DraftKings|Holland Casino|MGM|SugarHouse|Titanbets|Unibet|Westgate|accuscore|consensus|teamrankings,1.0,1.3708103001950631,222.0,-104.0,-115.0,1.0
401360261,15,Caesars Sportsbook|Caesars Sportsbook (Colorado)|Caesars Sportsbook (New Jersey)|Caesars Sportsbook (Pennsylvania)|DraftKings|Holland Casino|MGM|PointsBet|SugarHouse|Titanbets|Unibet|Westgate|accuscore|consensus|teamrankings,-11.5,0.0,226.5,-704.0,500.0,-11.5
401360262,15,Caesars Sportsbook|Caesars Sportsbook (Colorado)|Caesars Sportsbook (New Jersey)|Caesars Sportsbook (Pennsylvania)|DraftKings|Holland Casino|MGM|PointsBet|SugarHouse|Titanbets|Unibet|Westgate|accuscore|consensus|teamrankings,-1.5,1.8172454298693264,215.0,-120.0,100.0,-1.5
401360263,15,Caesars Sportsbook|Caesars Sportsbook (Colorado)|Caesars Sportsbook (New Jersey)|Caesars Sportsbook (Pennsylvania)|DraftKings|Holland Casino|MGM|PointsBet|SugarHouse|Titanbets|Unibet|Westgate|accuscore|consensus|teamrankings,-1.5,0.3518657752744984,229.5,-125.0,105.0,-1.5
401360264,14,Caesars Sportsbook|Caesars Sportsbook (Colorado)|Caesars Sportsbook (New Jersey)|Caesars Sportsbook (Pennsylvania)|DraftKings|Holland Casino|MGM|SugarHouse|Titanbets|Unibet|Westgate|accuscore|consensus|teamrankings,6.0,0.771219955512187,221.0,217.0,-261.5,6.0
401360265,14,Caesars Sportsbook|Caesars Sportsbook (Colorado)|Caesars Sportsbook (New Jersey)|Caesars Sportsbook (Pennsylvania)|DraftKings|MGM|PointsBet|SugarHouse|Titanbets|Unibet|Westgate|accuscore|consensus|teamrankings,1.0,1.0966546927595373,220.0,-105.0,-114.0,1.0
401360266,15,Caesars Sportsbook|Caesars Sportsbook (Colorado)|Caesars Sportsbook (New Jersey)|Caesars Sportsbook (Pennsylvania)|DraftKings|Holland Casino|MGM|PointsBet|SugarHouse|Titanbets|Unibet|Westgate|accuscore|consensus|teamrankings,-5.5,1.3478377746103818,211.5,-210.0,175.0,-5.5
401360267,15,Caesars Sportsbook|Caesars Sportsbook (Colorado)|Caesars Sportsbook (New Jersey)|Caesars Sportsbook (Pennsylvania)|DraftKings|Holland Casino|MGM|PointsBet|SugarHouse|Titanbets|Unibet|Westgate|accuscore|consensus|teamrankings,-7.5,0.3872983346207417,202.5,-340.0,280.0,-7.5
401360268,15,Caesars Sportsbook|Caesars Sportsbook (Colorado)|Caesars Sportsbook (New Jersey)|Caesars Sportsbook (Pennsylvania)|DraftKings|Holland Casino|MGM|PointsBet|SugarHouse|Titanbets|Unibet|Westgate|accuscore|consensus|teamrankings,4.5,0.0,209.5,165.0,-192.0,4.5
401360269,14,Caesars Sportsbook|Caesars Sportsbook (Colorado)|Caesars Sportsbook (New Jersey)|Caesars Sportsbook (Pennsylvania)|DraftKings|Holland Casino|MGM|SugarHouse|Titanbets|Unibet|Westgate|accuscore|consensus|teamrankings,-6.0,0.5409088810348908,209.0,-230.0,192.5,-6.0
401360270,15,Caesars Sportsbook|Caesars Sportsbook (Colorado)|Caesars Sportsbook (New Jersey)|Caesars Sportsbook (Pennsylvania)|DraftKings|Holland Casino|MGM|PointsBet|SugarHouse|Titanbets|Unibet|Westgate|accuscore|consensus|teamrankings,5.0,0.9347777938149388,211.5,175.0,-210.0,5.5
401360271,15,Caesars Sportsbook|Caesars Sportsbook (Colorado)|Caesars Sportsbook (New Jersey)|Caesars Sportsbook (Pennsylvania)|DraftKings|Holland Casino|MGM|PointsBet|SugarHouse|Titanbets|Unibet|Westgate|accuscore|consensus|teamrankings,-9.5,0.8904252595569955,222.5,-455.0,360.0,-11.5
401360272,15,Caesars Sportsbook|Caesars Sportsbook (Colorado)|Caesars Sportsbook (New Jersey)|Caesars Sportsbook (Pennsylvania)|DraftKings|Holland Casino|MGM|PointsBet|SugarHouse|Titanbets|Unibet|Westgate|accuscore|consensus|teamrankings,-7.0,1.4573295865416047,216.5,-300.0,240.0,-7.0
401360273,15,Caesars Sportsbook|Caesars Sportsbook (Colorado)|Caesars Sportsbook (New Jersey)|Caesars Sportsbook (Pennsylvania)|DraftKings|Holland Casino|MGM|PointsBet|SugarHouse|Titanbets|Unibet|Westgate|accuscore|consensus|teamrankings,7.0,0.5498917642417936,207.5,234.0,-290.0,7.0
401360274,15,Caesars Sportsbook|Caesars Sportsbook (Colorado)|Caesars Sportsbook (New Jersey)|Caesars Sportsbook (Pennsylvania)|DraftKings|Holland Casino|MGM|PointsBet|SugarHouse|Titanbets|Unibet|Westgate|accuscore|consensus|teamrankings,-4.5,0.12909944487358055,221.0,-186.0,160.0,-4.5
401360275,14,Caesars Sportsbook|Caesars Sportsbook (Colorado)|Caesars Sportsbook (New Jersey)|Caesars Sportsbook (Pennsylvania)|DraftKings|Holland Casino|MGM|SugarHouse|Titanbets|Unibet|Westgate|accuscore|consensus|teamrankings,5.0,0.23440361546924773,227.0,167.5,-200.0,5.0
401360279,15,Caesars Sportsbook|Caesars Sportsbook (Colorado)|Caesars Sportsbook (New Jersey)|Caesars Sportsbook (Pennsylvania)|DraftKings|Holland Casino|MGM|PointsBet|SugarHouse|Titanbets|Unibet|Westgate|accuscore|consensus|teamrankings,-3.5,0.1759328876372492,214.0,-164.0,140.0,-3.5
401360280,15,Caesars Sportsbook|Caesars Sportsbook (Colorado)|Caesars Sportsbook (New Jersey)|Caesars Sportsbook (Pennsylvania)|DraftKings|Holland Casino|MGM|PointsBet|SugarHouse|Titanbets|Unibet|Westgate|accuscore|consensus|teamrankings,-8.5,0.35186577527449836,231.5,-400.0,310.0,-8.5
401360281,14,Caesars Sportsbook|Caesars Sportsbook (Colorado)|Caesars Sportsbook (New Jersey)|Caesars Sportsbook (Pennsylvania)|DraftKings|Holland Casino|MGM|SugarHouse|Titanbets|Unibet|Westgate|accuscore|consensus|teamrankings,-3.0,0.4127101529277785,214.5,-151.5,130.0,-3.5
401360283,15,Caesars Sportsbook|Caesars Sportsbook (Colorado)|Caesars Sportsbook (New Jersey)|Caesars Sportsbook (Pennsylvania)|DraftKings|Holland Casino|MGM|PointsBet|SugarHouse|Titanbets|Unibet|Westgate|accuscore|consensus|teamrankings,-7.5,0.5732115042211109,222.5,-300.0,240.0,-7.5
401360284,15,Caesars Sportsbook|Caesars Sportsbook (Colorado)|Caesars Sportsbook (New Jersey)|Caesars Sportsbook (Pennsylvania)|DraftKings|Holland Casino|MGM|PointsBet|SugarHouse|Titanbets|Unibet|Westgate|accuscore|consensus|teamrankings,-9.0,0.33806170189140666,215.5,-417.0,320.0,-9.0
401360285,15,Caesars Sportsbook|Caesars Sportsbook (Colorado)|Caesars Sportsbook (New Jersey)|Caesars Sportsbook (Pennsylvania)|DraftKings|Holland Casino|MGM|PointsBet|SugarHouse|Titanbets|Unibet|Westgate|accuscore|consensus|teamrankings,-12.5,0.0,237.5,-900.0,600.0,-12.5
401360286,15,Caesars Sportsbook|Caesars Sportsbook (Colorado)|Caesars Sportsbook (New Jersey)|Caesars Sportsbook (Pennsylvania)|DraftKings|Holland Casino|MGM|PointsBet|SugarHouse|Titanbets|Unibet|Westgate|accuscore|consensus|teamrankings,-13.5,0.4418575508442684,221.5,-950.0,640.0,-13.5
401360287,15,Caesars Sportsbook|Caesars Sportsbook (Colorado)|Caesars Sportsbook (New Jersey)|Caesars Sportsbook (Pennsylvania)|DraftKings|Holland Casino|MGM|PointsBet|SugarHouse|Titanbets|Unibet|Westgate|accuscore|consensus|teamrankings,-6.5,0.5875696513930031,220.0,-250.0,204.0,-6.5
401360289,13,Caesars Sportsbook|Caesars Sportsbook (Colorado)|Caesars Sportsbook (New Jersey)|Caesars Sportsbook (Pennsylvania)|DraftKings|Holland Casino|MGM|Titanbets|Unibet|Westgate|accuscore|consensus|teamrankings,2.5,0.9674179220468453,211.0,112.0,-130.0,2.5
401360290,15,Caesars Sportsbook|Caesars Sportsbook (Colorado)|Caesars Sportsbook (New Jersey)|Caesars Sportsbook (Pennsylvania)|DraftKings|Holland Casino|MGM|PointsBet|SugarHouse|Titanbets|Unibet|Westgate|accuscore|consensus|teamrankings,-7.5,0.7715167498104595,206.0,-310.0,250.0,-7.5
401360291,13,Caesars Sportsbook|Caesars Sportsbook (Colorado)|Caesars Sportsbook (New Jersey)|Caesars Sportsbook (Pennsylvania)|DraftKings|Holland Casino|MGM|Titanbets|Unibet|Westgate|accuscore|consensus|teamrankings,-1.0,1.1952286093343936,218.0,-110.0,-110.0,
401360292,15,Caesars Sportsbook|Caesars Sportsbook (Colorado)|Caesars Sportsbook (New Jersey)|Caesars Sportsbook (Pennsylvania)|DraftKings|Holland Casino|MGM|PointsBet|SugarHouse|Titanbets|Unibet|Westgate|accuscore|consensus|teamrankings,2.5,1.0668154658117954,213.5,115.0,-136.0,2.5
401360293,15,Caesars Sportsbook|Caesars Sportsbook (Colorado)|Caesars Sportsbook (New Jersey)|Caesars Sportsbook (Pennsylvania)|DraftKings|Holland Casino|MGM|PointsBet|SugarHouse|Titanbets|Unibet|Westgate|accuscore|consensus|teamrankings,6.5,0.31997023671109226,223.5,240.0,-300.0,6.5
401360294,14,Caesars Sportsbook|Caesars Sportsbook (Colorado)|Caesars Sportsbook (New Jersey)|Caesars Sportsbook (Pennsylvania)|DraftKings|MGM|PointsBet|SugarHouse|Titanbets|Unibet|Westgate|accuscore|consensus|teamrankings,-7.5,0.5447047794019222,208.5,-312.5,250.0,-7.5
401360295,14,Caesars Sportsbook|Caesars Sportsbook (Colorado)|Caesars Sportsbook (New Jersey)|Caesars Sportsbook (Pennsylvania)|DraftKings|MGM|PointsBet|SugarHouse|Titanbets|Unibet|Westgate|accuscore|consensus|teamrankings,-6.5,0.42581531362632014,216.5,-250.0,207.5,-6.5
401360297,13,Caesars Sportsbook|Caesars Sportsbook (Colorado)|Caesars Sportsbook (New Jersey)|Caesars Sportsbook (Pennsylvania)|DraftKings|MGM|SugarHouse|Titanbets|Unibet|Westgate|accuscore|consensus|teamrankings,-8.5,0.4385290096535146,224.0,-425.0,325.0,-8.5
401360298,14,Caesars Sportsbook|Caesars Sportsbook (Colorado)|Caesars Sportsbook (New Jersey)|Caesars Sportsbook (Pennsylvania)|DraftKings|MGM|PointsBet|SugarHouse|Titanbets|Unibet|Westgate|accuscore|consensus|teamrankings,6.5,0.42094869307054783,213.5,217.5,-260.0,6.5
401360299,14,Caesars Sportsbook|Caesars Sportsbook (Colorado)|Caesars Sportsbook (New Jersey)|Caesars Sportsbook (Pennsylvania)|DraftKings|MGM|PointsBet|SugarHouse|Titanbets|Unibet|Westgate|accuscore|consensus|teamrankings,4.0,0.5693644036781929,217.0,155.0,-180.0,4.0
401360300,15,Caesars Sportsbook|Caesars Sportsbook (Colorado)|Caesars Sportsbook (New Jersey)|Caesars Sportsbook (Pennsylvania)|DraftKings|Holland Casino|MGM|PointsBet|SugarHouse|Titanbets|Unibet|Westgate|accuscore|consensus|teamrankings,-6.5,0.6210590034081188,223.0,-265.0,220.0,-6.5
401360301,14,Caesars Sportsbook|Caesars Sportsbook (Colorado)|Caesars Sportsbook (New Jersey)|Caesars Sportsbook (Pennsylvania)|DraftKings|Holland Casino|MGM|SugarHouse|Titanbets|Unibet|Westgate|accuscore|consensus|teamrankings,4.5,0.6078696361108149,211.0,165.0,-192.5,4.5
401360302,15,Caesars Sportsbook|Caesars Sportsbook (Colorado)|Caesars Sportsbook (New Jersey)|Caesars Sportsbook (Pennsylvania)|DraftKings|Holland Casino|MGM|PointsBet|SugarHouse|Titanbets|Unibet|Westgate|accuscore|consensus|teamrankings,-11.0,0.7237468644557459,205.0,-700.0,475.0,-11.0
401360303,14,Caesars Sportsbook|Caesars Sportsbook (Colorado)|Caesars Sportsbook (New Jersey)|Caesars Sportsbook (Pennsylvania)|DraftKings|Holland Casino|MGM|SugarHouse|Titanbets|Unibet|Westgate|accuscore|consensus|teamrankings,-12.0,2.9135907380775,207.5,-800.0,550.0,-12.0
401360304,15,Caesars Sportsbook|Caesars Sportsbook (Colorado)|Caesars Sportsbook (New Jersey)|Caesars Sportsbook (Pennsylvania)|DraftKings|Holland Casino|MGM|PointsBet|SugarHouse|Titanbets|Unibet|Westgate|accuscore|consensus|teamrankings,-2.5,1.4474937289114915,206.5,-145.0,125.0,-2.5
401360305,15,Caesars Sportsbook|Caesars Sportsbook (Colorado)|Caesars Sportsbook (New Jersey)|Caesars Sportsbook (Pennsylvania)|DraftKings|Holland Casino|MGM|PointsBet|SugarHouse|Titanbets|Unibet|Westgate|accuscore|consensus|teamrankings,3.5,0.8755950357709131,209.0,145.0,-170.0,3.5
401360306,15,Caesars Sportsbook|Caesars Sportsbook (Colorado)|Caesars Sportsbook (New Jersey)|Caesars Sportsbook (Pennsylvania)|DraftKings|Holland Casino|MGM|PointsBet|SugarHouse|Titanbets|Unibet|Westgate|accuscore|consensus|teamrankings,-2.0,0.49280538030458115,231.0,-135.0,115.0,-2.0
401360307,15,Caesars Sportsbook|Caesars Sportsbook (Colorado)|Caesars Sportsbook (New Jersey)|Caesars Sportsbook (Pennsylvania)|DraftKings|Holland Casino|MGM|PointsBet|SugarHouse|Titanbets|Unibet|Westgate|accuscore|consensus|teamrankings,-15.0,0.3199702367110922,213.5,-1400.0,825.0,-14.5
401360308,15,Caesars Sportsbook|Caesars Sportsbook (Colorado)|Caesars Sportsbook (New Jersey)|Caesars Sportsbook (Pennsylvania)|DraftKings|Holland Casino|MGM|PointsBet|SugarHouse|Titanbets|Unibet|Westgate|accuscore|consensus|teamrankings,-15.5,1.3972762620115438,225.5,-1401.0,800.0,-15.5
401360309,14,Caesars Sportsbook|Caesars Sportsbook (Colorado)|Caesars Sportsbook (New Jersey)|Caesars Sportsbook (Pennsylvania)|DraftKings|Holland Casino|MGM|SugarHouse|Titanbets|Unibet|Westgate|accuscore|consensus|teamrankings,-5.5,0.3631365196012814,217.0,-220.0,180.0,-5.5
401360311,14,Caesars Sportsbook|Caesars Sportsbook (Colorado)|Caesars Sportsbook (New Jersey)|Caesars Sportsbook (Pennsylvania)|DraftKings|Holland Casino|MGM|SugarHouse|Titanbets|Unibet|Westgate|accuscore|consensus|teamrankings,-1.5,0.0,226.0,-122.5,104.0,-1.5
401360312,13,Caesars Sportsbook|Caesars Sportsbook (New Jersey)|Caesars Sportsbook (Pennsylvania)|DraftKings|Holland Casino|MGM|SugarHouse|Titanbets|Unibet|Westgate|accuscore|consensus|teamrankings,-10.5,2.015961945102775,203.0,-550.0,425.0,-10.5
401360313,14,Caesars Sportsbook|Caesars Sportsbook (New Jersey)|Caesars Sportsbook (Pennsylvania)|DraftKings|Holland Casino|MGM|PointsBet|SugarHouse|Titanbets|Unibet|Westgate|accuscore|consensus|teamrankings,-9.0,1.0593643128087464,207.5,-380.0,300.0,-9.0
401360314,14,Caesars Sportsbook|Caesars Sportsbook (New Jersey)|Caesars Sportsbook (Pennsylvania)|DraftKings|Holland Casino|MGM|PointsBet|SugarHouse|Titanbets|Unibet|Westgate|accuscore|consensus|teamrankings,4.0,0.23440361546924776,205.5,150.0,-175.0,4.0
401360315,14,Caesars Sportsbook|Caesars Sportsbook (New Jersey)|Caesars Sportsbook (Pennsylvania)|DraftKings|Holland Casino|MGM|PointsBet|SugarHouse|Titanbets|Unibet|Westgate|accuscore|consensus|teamrankings,2.5,0.9499855406649764,227.5,120.0,-140.5,2.5
401360316,14,Caesars Sportsbook|Caesars Sportsbook (New Jersey)|Caesars Sportsbook (Pennsylvania)|DraftKings|Holland Casino|MGM|PointsBet|SugarHouse|Titanbets|Unibet|Westgate|accuscore|consensus|teamrankings,1.5,0.0,212.5,105.0,-125.0,1.5
401360317,14,Caesars Sportsbook|Caesars Sportsbook (New Jersey)|Caesars Sportsbook (Pennsylvania)|DraftKings|Holland Casino|MGM|PointsBet|SugarHouse|Titanbets|Unibet|Westgate|accuscore|consensus|teamrankings,-10.0,0.2773500981126146,221.5,-500.0,385.0,-10.0
401360318,14,Caesars Sportsbook|Caesars Sportsbook (New Jersey)|Caesars Sportsbook (Pennsylvania)|DraftKings|Holland Casino|MGM|PointsBet|SugarHouse|Titanbets|Unibet|Westgate|accuscore|consensus|teamrankings,-4.5,1.4885090999585258,219.5,-181.0,155.0,-4.5
401360319,14,Caesars Sportsbook|Caesars Sportsbook (New Jersey)|Caesars Sportsbook (Pennsylvania)|DraftKings|Holland Casino|MGM|PointsBet|SugarHouse|Titanbets|Unibet|Westgate|accuscore|consensus|teamrankings,3.5,0.3650229557736859,211.5,140.0,-160.0,3.5
401360320,14,Caesars Sportsbook|Caesars Sportsbook (New Jersey)|Caesars Sportsbook (Pennsylvania)|DraftKings|Holland Casino|MGM|PointsBet|SugarHouse|Titanbets|Unibet|Westgate|accuscore|consensus|teamrankings,-8.0,0.9896441807011268,233.5,-342.0,270.0,-8.0
401360321,14,Caesars Sportsbook|Caesars Sportsbook (New Jersey)|Caesars Sportsbook (Pennsylvania)|DraftKings|Holland Casino|MGM|PointsBet|SugarHouse|Titanbets|Unibet|Westgate|accuscore|consensus|teamrankings,3.5,1.3985864135061357,218.5,135.5,-158.0,3.5
401360322,13,Caesars Sportsbook|Caesars Sportsbook (New Jersey)|Caesars Sportsbook (Pennsylvania)|DraftKings|Holland Casino|MGM|SugarHouse|Titanbets|Unibet|Westgate|accuscore|consensus|teamrankings,5.0,1.3301243435223524,214.0,170.0,-208.0,5.0
401360323,14,Caesars Sportsbook|Caesars Sportsbook (New Jersey)|Caesars Sportsbook (Pennsylvania)|DraftKings|Holland Casino|MGM|PointsBet|SugarHouse|Titanbets|Unibet|Westgate|accuscore|consensus|teamrankings,7.0,0.31666184688832544,230.5,230.0,-280.0,7.0
401360324,13,Caesars Sportsbook|Caesars Sportsbook (New Jersey)|Caesars Sportsbook (Pennsylvania)|DraftKings|Holland Casino|MGM|SugarHouse|Titanbets|Unibet|Westgate|accuscore|consensus|teamrankings,-7.5,1.4366984945013914,222.5,-329.0,260.0,-7.5
401360325,14,Caesars Sportsbook|Caesars Sportsbook (New Jersey)|Caesars Sportsbook (Pennsylvania)|DraftKings|Holland Casino|MGM|PointsBet|SugarHouse|Titanbets|Unibet|Westgate|accuscore|consensus|teamrankings,-3.0,1.6578981795111467,214.5,-150.0,130.0,-3.0
401360326,14,Caesars Sportsbook|Caesars Sportsbook (New Jersey)|Caesars Sportsbook (Pennsylvania)|DraftKings|Holland Casino|MGM|PointsBet|SugarHouse|Titanbets|Unibet|Westgate|accuscore|consensus|teamrankings,3.5,0.5041040360093133,215.0,140.5,-165.0,3.5
401360327,15,Caesars Sportsbook|Caesars Sportsbook (Colorado)|Caesars Sportsbook (New Jersey)|Caesars Sportsbook (Pennsylvania)|DraftKings|Holland Casino|MGM|PointsBet|SugarHouse|Titanbets|Unibet|Westgate|accuscore|consensus|teamrankings,15.0,1.0656989658033291,216.0,829.0,-1408.0,15.0
401360328,15,Caesars Sportsbook|Caesars Sportsbook (Colorado)|Caesars Sportsbook (New Jersey)|Caesars Sportsbook (Pennsylvania)|DraftKings|Holland Casino|MGM|PointsBet|SugarHouse|Titanbets|Unibet|Westgate|accuscore|consensus|teamrankings,-8.0,0.5606119105813882,203.0,-335.0,260.0,-8.0
401360329,14,Caesars Sportsbook|Caesars Sportsbook (Colorado)|Caesars Sportsbook (New Jersey)|Caesars Sportsbook (Pennsylvania)|DraftKings|Holland Casino|MGM|SugarHouse|Titanbets|Unibet|Westgate|accuscore|consensus|teamrankings,6.0,0.2773500981126146,215.0,200.0,-242.5,6.0
401360330,15,Caesars Sportsbook|Caesars Sportsbook (Colorado)|Caesars Sportsbook (New Jersey)|Caesars Sportsbook (Pennsylvania)|DraftKings|Holland Casino|MGM|PointsBet|SugarHouse|Titanbets|Unibet|Westgate|accuscore|consensus|teamrankings,5.5,0.47056197405716005,227.0,190.0,-230.0,5.5
401360331,15,Caesars Sportsbook|Caesars Sportsbook (Colorado)|Caesars Sportsbook (New Jersey)|Caesars Sportsbook (Pennsylvania)|DraftKings|Holland Casino|MGM|PointsBet|SugarHouse|Titanbets|Unibet|Westgate|accuscore|consensus|teamrankings,5.0,0.2968084198523318,211.5,175.0,-205.0,5.0
401360332,15,Caesars Sportsbook|Caesars Sportsbook (Colorado)|Caesars Sportsbook (New Jersey)|Caesars Sportsbook (Pennsylvania)|DraftKings|Holland Casino|MGM|PointsBet|SugarHouse|Titanbets|Unibet|Westgate|accuscore|consensus|teamrankings,5.0,0.5163977794943223,209.5,170.0,-200.0,5.0
401360333,15,Caesars Sportsbook|Caesars Sportsbook (Colorado)|Caesars Sportsbook (New Jersey)|Caesars Sportsbook (Pennsylvania)|DraftKings|Holland Casino|MGM|PointsBet|SugarHouse|Titanbets|Unibet|Westgate|accuscore|consensus|teamrankings,-8.0,0.5936168397046636,217.0,-350.0,280.0,-8.0
401360334,15,Caesars Sportsbook|Caesars Sportsbook (Colorado)|Caesars Sportsbook (New Jersey)|Caesars Sportsbook (Pennsylvania)|DraftKings|Holland Casino|MGM|PointsBet|SugarHouse|Titanbets|Unibet|Westgate|accuscore|consensus|teamrankings,-5.5,0.5163977794943222,224.5,-230.0,190.0,-5.5
401360335,15,Caesars Sportsbook|Caesars Sportsbook (Colorado)|Caesars Sportsbook (New Jersey)|Caesars Sportsbook (Pennsylvania)|DraftKings|Holland Casino|MGM|PointsBet|SugarHouse|Titanbets|Unibet|Westgate|accuscore|consensus|teamrankings,8.5,0.9036961141150641,214.5,290.0,-360.0,8.5
401360336,15,Caesars Sportsbook|Caesars Sportsbook (Colorado)|Caesars Sportsbook (New Jersey)|Caesars Sportsbook (Pennsylvania)|DraftKings|Holland Casino|MGM|PointsBet|SugarHouse|Titanbets|Unibet|Westgate|accuscore|consensus|teamrankings,-4.0,0.4498677054212186,225.5,-162.0,145.0,-3.5
401360337,15,Caesars Sportsbook|Caesars Sportsbook (Colorado)|Caesars Sportsbook (New Jersey)|Caesars Sportsbook (Pennsylvania)|DraftKings|Holland Casino|MGM|PointsBet|SugarHouse|Titanbets|Unibet|Westgate|accuscore|consensus|teamrankings,-6.0,0.1759328876372492,209.5,-240.0,196.0,-6.0
401360338,14,Caesars Sportsbook|Caesars Sportsbook (Colorado)|Caesars Sportsbook (New Jersey)|Caesars Sportsbook (Pennsylvania)|DraftKings|Holland Casino|MGM|SugarHouse|Titanbets|Unibet|Westgate|accuscore|consensus|teamrankings,-8.0,0.3396831102433787,227.5,-347.0,280.0,-8.5
401360339,15,Caesars Sportsbook|Caesars Sportsbook (Colorado)|Caesars Sportsbook (New Jersey)|Caesars Sportsbook (Pennsylvania)|DraftKings|Holland Casino|MGM|PointsBet|SugarHouse|Titanbets|Unibet|Westgate|accuscore|consensus|teamrankings,-6.0,0.5563486402641867,224.5,-230.0,195.0,-6.0
401360341,15,Caesars Sportsbook|Caesars Sportsbook (Colorado)|Caesars Sportsbook (New Jersey)|Caesars Sportsbook (Pennsylvania)|DraftKings|Holland Casino|MGM|PointsBet|SugarHouse|Titanbets|Unibet|Westgate|accuscore|consensus|teamrankings,-16.0,0.4418575508442684,218.5,-1700.0,950.0,-16.0
401360342,15,Caesars Sportsbook|Caesars Sportsbook (Colorado)|Caesars Sportsbook (New Jersey)|Caesars Sportsbook (Pennsylvania)|DraftKings|Holland Casino|MGM|PointsBet|SugarHouse|Titanbets|Unibet|Westgate|accuscore|consensus|teamrankings,7.5,0.5976143046671968,228.5,260.0,-329.0,8.0
401360343,15,Caesars Sportsbook|Caesars Sportsbook (Colorado)|Caesars Sportsbook (New Jersey)|Caesars Sportsbook (Pennsylvania)|DraftKings|Holland Casino|MGM|PointsBet|SugarHouse|Titanbets|Unibet|Westgate|accuscore|consensus|teamrankings,1.0,0.7527726527090809,220.5,-105.0,-115.0,1.5
401360344,14,Caesars Sportsbook|Caesars Sportsbook (Colorado)|Caesars Sportsbook (New Jersey)|Caesars Sportsbook (Pennsylvania)|DraftKings|Holland Casino|MGM|SugarHouse|Titanbets|Unibet|Westgate|accuscore|consensus|teamrankings,-5.0,0.6021937915964947,220.5,-208.0,175.0,-5.0
401360345,15,Caesars Sportsbook|Caesars Sportsbook (Colorado)|Caesars Sportsbook (New Jersey)|Caesars Sportsbook (Pennsylvania)|DraftKings|Holland Casino|MGM|PointsBet|SugarHouse|Titanbets|Unibet|Westgate|accuscore|consensus|teamrankings,14.0,0.6210590034081188,218.0,750.0,-1200.0,14.0
401360346,14,Caesars Sportsbook|Caesars Sportsbook (Colorado)|Caesars Sportsbook (New Jersey)|Caesars Sportsbook (Pennsylvania)|DraftKings|Holland Casino|MGM|SugarHouse|Titanbets|Unibet|Westgate|accuscore|consensus|teamrankings,-4.0,0.8287419301647448,209.25,-170.0,146.0,-4.0
401360348,14,Caesars Sportsbook|Caesars Sportsbook (Colorado)|Caesars Sportsbook (New Jersey)|Caesars Sportsbook (Pennsylvania)|DraftKings|Holland Casino|MGM|SugarHouse|Titanbets|Unibet|Westgate|accuscore|consensus|teamrankings,3.5,0.6681531047810609,217.0,140.0,-160.0,3.5
401360349,15,Caesars Sportsbook|Caesars Sportsbook (Colorado)|Caesars Sportsbook (New Jersey)|Caesars Sportsbook (Pennsylvania)|DraftKings|Holland Casino|MGM|PointsBet|SugarHouse|Titanbets|Unibet|Westgate|accuscore|consensus|teamrankings,3.5,0.7071067811865476,220.5,138.0,-160.0,4.5
401360350,15,Caesars Sportsbook|Caesars Sportsbook (Colorado)|Caesars Sportsbook (New Jersey)|Caesars Sportsbook (Pennsylvania)|DraftKings|Holland Casino|MGM|PointsBet|SugarHouse|Titanbets|Unibet|Westgate|accuscore|consensus|teamrankings,1.0,0.23440361546924776,216.0,-105.0,-114.0,1.0
401360351,14,Caesars Sportsbook|Caesars Sportsbook (Colorado)|Caesars Sportsbook (New Jersey)|Caesars Sportsbook (Pennsylvania)|DraftKings|Holland Casino|MGM|PointsBet|Titanbets|Unibet|Westgate|accuscore|consensus|teamrankings,5.5,0.7747739833491605,219.0,181.5,-220.0,5.5
401360352,15,Caesars Sportsbook|Caesars Sportsbook (Colorado)|Caesars Sportsbook (New Jersey)|Caesars Sportsbook (Pennsylvania)|DraftKings|Holland Casino|MGM|PointsBet|SugarHouse|Titanbets|Unibet|Westgate|accuscore|consensus|teamrankings,-1.5,0.25354627641855504,218.0,-125.0,108.0,-1.5
401360353,15,Caesars Sportsbook|Caesars Sportsbook (Colorado)|Caesars Sportsbook (New Jersey)|Caesars Sportsbook (Pennsylvania)|DraftKings|Holland Casino|MGM|PointsBet|SugarHouse|Titanbets|Unibet|Westgate|accuscore|consensus|teamrankings,-6.5,0.48057505236162745,212.5,-263.0,220.0,-6.5
401360354,15,Caesars Sportsbook|Caesars Sportsbook (Colorado)|Caesars Sportsbook (New Jersey)|Caesars Sportsbook (Pennsylvania)|DraftKings|Holland Casino|MGM|PointsBet|SugarHouse|Titanbets|Unibet|Westgate|accuscore|consensus|teamrankings,-5.5,0.3518657752744984,227.0,-225.0,185.0,-5.5
401360355,15,Caesars Sportsbook|Caesars Sportsbook (Colorado)|Caesars Sportsbook (New Jersey)|Caesars Sportsbook (Pennsylvania)|DraftKings|Holland Casino|MGM|PointsBet|SugarHouse|Titanbets|Unibet|Westgate|accuscore|consensus|teamrankings,2.5,1.4125289714685838,208.5,125.0,-145.0,2.5
401360356,14,Caesars Sportsbook|Caesars Sportsbook (Colorado)|Caesars Sportsbook (New Jersey)|Caesars Sportsbook (Pennsylvania)|DraftKings|Holland Casino|MGM|SugarHouse|Titanbets|Unibet|Westgate|accuscore|consensus|teamrankings,-12.5,0.7234304723687331,222.0,-800.0,550.0,-12.5
401360357,15,Caesars Sportsbook|Caesars Sportsbook (Colorado)|Caesars Sportsbook (New Jersey)|Caesars Sportsbook (Pennsylvania)|DraftKings|Holland Casino|MGM|PointsBet|SugarHouse|Titanbets|Unibet|Westgate|accuscore|consensus|teamrankings,-5.5,0.20701966780270623,227.5,-240.0,200.0,-5.5
401360358,15,Caesars Sportsbook|Caesars Sportsbook (Colorado)|Caesars Sportsbook (New Jersey)|Caesars Sportsbook (Pennsylvania)|DraftKings|Holland Casino|MGM|PointsBet|SugarHouse|Titanbets|Unibet|Westgate|accuscore|consensus|teamrankings,-12.0,0.6454972243679028,221.5,-900.0,600.0,-12.0
401360359,15,Caesars Sportsbook|Caesars Sportsbook (Colorado)|Caesars Sportsbook (New Jersey)|Caesars Sportsbook (Pennsylvania)|DraftKings|Holland Casino|MGM|PointsBet|SugarHouse|Titanbets|Unibet|Westgate|accuscore|consensus|teamrankings,6.5,0.8549575316659775,222.5,215.0,-263.0,6.5
401360360,15,Caesars Sportsbook|Caesars Sportsbook (Colorado)|Caesars Sportsbook (New Jersey)|Caesars Sportsbook (Pennsylvania)|DraftKings|Holland Casino|MGM|PointsBet|SugarHouse|Titanbets|Unibet|Westgate|accuscore|consensus|teamrankings,2.0,0.3162277660168379,221.5,110.0,-130.0,2.0
401360361,14,Caesars Sportsbook|Caesars Sportsbook (Colorado)|Caesars Sportsbook (New Jersey)|Caesars Sportsbook (Pennsylvania)|DraftKings|Holland Casino|MGM|SugarHouse|Titanbets|Unibet|Westgate|accuscore|consensus|teamrankings,-13.5,0.8418973861410957,220.0,-1197.5,720.5,-13.5
401360362,15,Caesars Sportsbook|Caesars Sportsbook (Colorado)|Caesars Sportsbook (New Jersey)|Caesars Sportsbook (Pennsylvania)|DraftKings|Holland Casino|MGM|PointsBet|SugarHouse|Titanbets|Unibet|Westgate|accuscore|consensus|teamrankings,8.5,0.823754471047914,220.5,270.0,-340.0,8.5
401360363,15,Caesars Sportsbook|Caesars Sportsbook (Colorado)|Caesars Sportsbook (New Jersey)|Caesars Sportsbook (Pennsylvania)|DraftKings|Holland Casino|MGM|PointsBet|SugarHouse|Titanbets|Unibet|Westgate|accuscore|consensus|teamrankings,-5.0,0.2968084198523318,223.5,-200.0,170.0,-5.0
401360364,15,Caesars Sportsbook|Caesars Sportsbook (Colorado)|Caesars Sportsbook (New Jersey)|Caesars Sportsbook (Pennsylvania)|DraftKings|Holland Casino|MGM|PointsBet|SugarHouse|Titanbets|Unibet|Westgate|accuscore|consensus|teamrankings,-8.5,0.36839419880650365,207.5,-359.0,284.0,-8.5
401360365,15,Caesars Sportsbook|Caesars Sportsbook (Colorado)|Caesars Sportsbook (New Jersey)|Caesars Sportsbook (Pennsylvania)|DraftKings|Holland Casino|MGM|PointsBet|SugarHouse|Titanbets|Unibet|Westgate|accuscore|consensus|teamrankings,-10.0,0.1759328876372492,213.5,-550.0,425.0,-10.0
401360366,14,Caesars Sportsbook|Caesars Sportsbook (Colorado)|Caesars Sportsbook (New Jersey)|Caesars Sportsbook (Pennsylvania)|DraftKings|Holland Casino|MGM|SugarHouse|Titanbets|Unibet|Westgate|accuscore|consensus|teamrankings,-4.5,0.3631365196012814,208.0,-183.0,155.0,-4.5
401360367,15,Caesars Sportsbook|Caesars Sportsbook (Colorado)|Caesars Sportsbook (New Jersey)|Caesars Sportsbook (Pennsylvania)|DraftKings|Holland Casino|MGM|PointsBet|SugarHouse|Titanbets|Unibet|Westgate|accuscore|consensus|teamrankings,3.5,0.0,222.5,140.0,-162.0,3.5
401360368,15,Caesars Sportsbook|Caesars Sportsbook (Colorado)|Caesars Sportsbook (New Jersey)|Caesars Sportsbook (Pennsylvania)|DraftKings|Holland Casino|MGM|PointsBet|SugarHouse|Titanbets|Unibet|Westgate|accuscore|consensus|teamrankings,1.5,0.35186577527449836,234.0,107.0,-125.0,1.5
401360369,15,Caesars Sportsbook|Caesars Sportsbook (Colorado)|Caesars Sportsbook (New Jersey)|Caesars Sportsbook (Pennsylvania)|DraftKings|Holland Casino|MGM|PointsBet|SugarHouse|Titanbets|Unibet|Westgate|accuscore|consensus|teamrankings,10.0,0.5936168397046637,206.5,395.0,-524.0,10.0
401360370,15,Caesars Sportsbook|Caesars Sportsbook (Colorado)|Caesars Sportsbook (New Jersey)|Caesars Sportsbook (Pennsylvania)|DraftKings|Holland Casino|MGM|PointsBet|SugarHouse|Titanbets|Unibet|Westgate|accuscore|consensus|teamrankings,-7.5,0.1889822365046136,221.0,-325.0,265.0,-7.5
401360371,14,Caesars Sportsbook|Caesars Sportsbook (Colorado)|Caesars Sportsbook (New Jersey)|Caesars Sportsbook (Pennsylvania)|DraftKings|Holland Casino|MGM|SugarHouse|Titanbets|Unibet|Westgate|accuscore|consensus|teamrankings,-13.0,0.21290765681315998,218.5,-1000.0,650.0,-13.0
401360372,15,Caesars Sportsbook|Caesars Sportsbook (Colorado)|Caesars Sportsbook (New Jersey)|Caesars Sportsbook (Pennsylvania)|DraftKings|Holland Casino|MGM|PointsBet|SugarHouse|Titanbets|Unibet|Westgate|accuscore|consensus|teamrankings,-1.5,0.22886885410853175,230.5,-125.0,105.0,-1.5
401360373,15,Caesars Sportsbook|Caesars Sportsbook (Colorado)|Caesars Sportsbook (New Jersey)|Caesars Sportsbook (Pennsylvania)|DraftKings|Holland Casino|MGM|PointsBet|SugarHouse|Titanbets|Unibet|Westgate|accuscore|consensus|teamrankings,-6.5,0.1889822365046136,230.0,-259.0,210.0,-6.5
401360374,15,Caesars Sportsbook|Caesars Sportsbook (Colorado)|Caesars Sportsbook (New Jersey)|Caesars Sportsbook (Pennsylvania)|DraftKings|Holland Casino|MGM|PointsBet|SugarHouse|Titanbets|Unibet|Westgate|accuscore|consensus|teamrankings,-13.5,0.4418575508442684,217.5,-1100.0,700.0,-13.5
401360375,14,Caesars Sportsbook|Caesars Sportsbook (Colorado)|Caesars Sportsbook (New Jersey)|Caesars Sportsbook (Pennsylvania)|DraftKings|Holland Casino|MGM|SugarHouse|Titanbets|Unibet|Westgate|accuscore|consensus|teamrankings,-16.75,0.8809647558778395,226.5,-2100.0,1075.0,-17.0
401360376,15,Caesars Sportsbook|Caesars Sportsbook (Colorado)|Caesars Sportsbook (New Jersey)|Caesars Sportsbook (Pennsylvania)|DraftKings|Holland Casino|MGM|PointsBet|SugarHouse|Titanbets|Unibet|Westgate|accuscore|consensus|teamrankings,8.5,0.8864052604279183,228.5,310.0,-400.0,8.5
401360377,15,Caesars Sportsbook|Caesars Sportsbook (Colorado)|Caesars Sportsbook (New Jersey)|Caesars Sportsbook (Pennsylvania)|DraftKings|Holland Casino|MGM|PointsBet|SugarHouse|Titanbets|Unibet|Westgate|accuscore|consensus|teamrankings,-2.5,0.280305955290694,213.5,-145.0,125.0,-2.5
401360378,15,Caesars Sportsbook|Caesars Sportsbook (Colorado)|Caesars Sportsbook (New Jersey)|Caesars Sportsbook (Pennsylvania)|DraftKings|Holland Casino|MGM|PointsBet|SugarHouse|Titanbets|Unibet|Westgate|accuscore|consensus|teamrankings,-10.5,1.1412190641506792,215.5,-550.0,410.0,-10.5
401360379,15,Caesars Sportsbook|Caesars Sportsbook (Colorado)|Caesars Sportsbook (New Jersey)|Caesars Sportsbook (Pennsylvania)|DraftKings|Holland Casino|MGM|PointsBet|SugarHouse|Titanbets|Unibet|Westgate|accuscore|consensus|teamrankings,4.5,0.6986381310057719,223.5,151.0,-179.0,4.0
401360380,15,Caesars Sportsbook|Caesars Sportsbook (Colorado)|Caesars Sportsbook (New Jersey)|Caesars Sportsbook (Pennsylvania)|DraftKings|Holland Casino|MGM|PointsBet|SugarHouse|Titanbets|Unibet|Westgate|accuscore|consensus|teamrankings,-3.5,0.416904693916396,215.5,-160.0,140.0,-3.5
401360381,13,Caesars Sportsbook (Colorado)|Caesars Sportsbook (New Jersey)|Caesars Sportsbook (Pennsylvania)|DraftKings|Holland Casino|MGM|SugarHouse|Titanbets|Unibet|Westgate|accuscore|consensus|teamrankings,-3.5,0.2192645048267573,216.0,-155.0,135.0,-3.5
401360382,14,Caesars Sportsbook (Colorado)|Caesars Sportsbook (New Jersey)|Caesars Sportsbook (Pennsylvania)|DraftKings|Holland Casino|MGM|PointsBet|SugarHouse|Titanbets|Unibet|Westgate|accuscore|consensus|teamrankings,-6.5,0.49724515809884695,223.5,-278.0,225.0,-6.5
401360383,14,Caesars Sportsbook (Colorado)|Caesars Sportsbook (New Jersey)|Caesars Sportsbook (Pennsylvania)|DraftKings|Holland Casino|MGM|PointsBet|SugarHouse|Titanbets|Unibet|Westgate|accuscore|consensus|teamrankings,-3.5,0.7384644001776053,205.5,-157.5,137.0,-3.5
401360384,13,Caesars Sportsbook (Colorado)|Caesars Sportsbook (New Jersey)|Caesars Sportsbook (Pennsylvania)|DraftKings|Holland Casino|MGM|SugarHouse|Titanbets|Unibet|Westgate|accuscore|consensus|teamrankings,6.5,0.379777262656375,225.0,230.0,-275.0,6.5
401360385,14,Caesars Sportsbook (Colorado)|Caesars Sportsbook (New Jersey)|Caesars Sportsbook (Pennsylvania)|DraftKings|Holland Casino|MGM|PointsBet|SugarHouse|Titanbets|Unibet|Westgate|accuscore|consensus|teamrankings,-6.5,0.4008918628686366,230.0,-252.5,208.5,-6.5
401360386,13,Caesars Sportsbook|Caesars Sportsbook (New Jersey)|Caesars Sportsbook (Pennsylvania)|DraftKings|Holland Casino|MGM|SugarHouse|Titanbets|Unibet|Westgate|accuscore|consensus|teamrankings,-10.5,0.3755338080994054,227.5,-550.0,425.0,-10.5
401360387,13,Caesars Sportsbook|Caesars Sportsbook (New Jersey)|Caesars Sportsbook (Pennsylvania)|DraftKings|Holland Casino|MGM|SugarHouse|Titanbets|Unibet|Westgate|accuscore|consensus|teamrankings,8.5,0.4160251471689219,212.5,310.0,-400.0,8.5
401360388,14,Caesars Sportsbook|Caesars Sportsbook (New Jersey)|Caesars Sportsbook (Pennsylvania)|DraftKings|Holland Casino|MGM|PointsBet|SugarHouse|Titanbets|Unibet|Westgate|accuscore|consensus|teamrankings,-7.5,0.38397382389415224,230.75,-310.0,252.5,-7.5
401360389,14,Caesars Sportsbook|Caesars Sportsbook (New Jersey)|Caesars Sportsbook (Pennsylvania)|DraftKings|Holland Casino|MGM|PointsBet|SugarHouse|Titanbets|Unibet|Westgate|accuscore|consensus|teamrankings,-7.5,0.2773500981126145,222.75,-326.0,265.0,-7.5
401360390,14,Caesars Sportsbook|Caesars Sportsbook (New Jersey)|Caesars Sportsbook (Pennsylvania)|DraftKings|Holland Casino|MGM|PointsBet|SugarHouse|Titanbets|Unibet|Westgate|accuscore|consensus|teamrankings,8.5,0.7403221751892368,224.5,315.0,-392.0,8.5
401360391,13,Caesars Sportsbook|Caesars Sportsbook (New Jersey)|Caesars Sportsbook (Pennsylvania)|DraftKings|Holland Casino|MGM|SugarHouse|Titanbets|Unibet|Westgate|accuscore|consensus|teamrankings,4.5,0.4348592463114521,213.0,155.0,-182.0,4.5
401360392,13,Caesars Sportsbook|Caesars Sportsbook (New Jersey)|Caesars Sportsbook (Pennsylvania)|DraftKings|Holland Casino|MGM|SugarHouse|Titanbets|Unibet|Westgate|accuscore|consensus|teamrankings,-2.5,2.258885588639695,221.5,-138.0,115.0,-2.5
401360393,14,Caesars Sportsbook|Caesars Sportsbook (New Jersey)|Caesars Sportsbook (Pennsylvania)|DraftKings|Holland Casino|MGM|PointsBet|SugarHouse|Titanbets|Unibet|Westgate|accuscore|consensus|teamrankings,-9.0,0.32522181779399545,218.5,-430.0,344.0,-9.5
401360394,13,Caesars Sportsbook|Caesars Sportsbook (New Jersey)|Caesars Sportsbook (Pennsylvania)|DraftKings|Holland Casino|MGM|SugarHouse|Titanbets|Unibet|Westgate|accuscore|consensus|teamrankings,-1.0,2.317914423081075,226.5,-111.0,-105.0,-1.0
401360395,13,Caesars Sportsbook|Caesars Sportsbook (New Jersey)|Caesars Sportsbook (Pennsylvania)|DraftKings|Holland Casino|MGM|SugarHouse|Titanbets|Unibet|Westgate|accuscore|consensus|teamrankings,2.5,1.4882014614102452,215.5,120.0,-138.0,2.5
401360396,13,Caesars Sportsbook|Caesars Sportsbook (New Jersey)|Caesars Sportsbook (Pennsylvania)|DraftKings|Holland Casino|MGM|SugarHouse|Titanbets|Unibet|Westgate|accuscore|consensus|teamrankings,-1.5,1.2506408613597124,228.5,-120.0,104.0,-1.5
401360397,14,Caesars Sportsbook|Caesars Sportsbook (New Jersey)|Caesars Sportsbook (Pennsylvania)|DraftKings|Holland Casino|MGM|PointsBet|SugarHouse|Titanbets|Unibet|Westgate|accuscore|consensus|teamrankings,2.0,1.3563714792576513,207.5,111.0,-131.0,2.0
401360398,14,Caesars Sportsbook|Caesars Sportsbook (New Jersey)|Caesars Sportsbook (Pennsylvania)|DraftKings|Holland Casino|MGM|PointsBet|SugarHouse|Titanbets|Unibet|Westgate|accuscore|consensus|teamrankings,-13.5,0.4385290096535146,218.5,-1050.0,678.0,-13.5
401360399,14,Caesars Sportsbook|Caesars Sportsbook (New Jersey)|Caesars Sportsbook (Pennsylvania)|DraftKings|Holland Casino|MGM|PointsBet|SugarHouse|Titanbets|Unibet|Westgate|accuscore|consensus|teamrankings,-1.0,1.7840101758937106,212.0,-115.0,-102.5,-1.0
401360400,14,Caesars Sportsbook|Caesars Sportsbook (New Jersey)|Caesars Sportsbook (Pennsylvania)|DraftKings|Holland Casino|MGM|PointsBet|SugarHouse|Titanbets|Unibet|Westgate|accuscore|consensus|teamrankings,-10.5,0.3755338080994054,221.75,-600.0,450.0,-10.5
401360401,14,Caesars Sportsbook|Caesars Sportsbook (Colorado)|Caesars Sportsbook (New Jersey)|Caesars Sportsbook (Pennsylvania)|DraftKings|Holland Casino|MGM|PointsBet|Titanbets|Unibet|Westgate|accuscore|consensus|teamrankings,-8.5,0.554700196225229,220.5,-351.0,285.0,-8.5
401360402,14,Caesars Sportsbook|Caesars Sportsbook (Colorado)|Caesars Sportsbook (New Jersey)|Caesars Sportsbook (Pennsylvania)|DraftKings|Holland Casino|MGM|SugarHouse|Titanbets|Unibet|Westgate|accuscore|consensus|teamrankings,-4.5,0.0,232.0,-189.5,160.0,-4.5
401360403,15,Caesars Sportsbook|Caesars Sportsbook (Colorado)|Caesars Sportsbook (New Jersey)|Caesars Sportsbook (Pennsylvania)|DraftKings|Holland Casino|MGM|PointsBet|SugarHouse|Titanbets|Unibet|Westgate|accuscore|consensus|teamrankings,-13.25,1.0994504121565505,216.5,-1000.0,650.0,-13.5
401360404,14,Caesars Sportsbook|Caesars Sportsbook (Colorado)|Caesars Sportsbook (New Jersey)|Caesars Sportsbook (Pennsylvania)|DraftKings|Holland Casino|MGM|SugarHouse|Titanbets|Unibet|Westgate|accuscore|consensus|teamrankings,-5.5,0.5041040360093135,224.5,-225.0,188.0,-6.0
401360405,15,Caesars Sportsbook|Caesars Sportsbook (Colorado)|Caesars Sportsbook (New Jersey)|Caesars Sportsbook (Pennsylvania)|DraftKings|Holland Casino|MGM|PointsBet|SugarHouse|Titanbets|Unibet|Westgate|accuscore|consensus|teamrankings,3.0,0.37247317183424594,215.0,130.0,-150.0,2.5
401360406,15,Caesars Sportsbook|Caesars Sportsbook (Colorado)|Caesars Sportsbook (New Jersey)|Caesars Sportsbook (Pennsylvania)|DraftKings|Holland Casino|MGM|PointsBet|SugarHouse|Titanbets|Unibet|Westgate|accuscore|consensus|teamrankings,5.0,0.3314967720658979,218.5,170.0,-200.0,5.0
401360407,14,Caesars Sportsbook|Caesars Sportsbook (Colorado)|Caesars Sportsbook (New Jersey)|Caesars Sportsbook (Pennsylvania)|DraftKings|Holland Casino|MGM|SugarHouse|Titanbets|Unibet|Westgate|accuscore|consensus|teamrankings,-8.0,0.575364194266515,226.5,-331.5,262.5,-8.0
401360408,14,Caesars Sportsbook|Caesars Sportsbook (Colorado)|Caesars Sportsbook (New Jersey)|Caesars Sportsbook (Pennsylvania)|DraftKings|Holland Casino|MGM|PointsBet|SugarHouse|Titanbets|Unibet|accuscore|consensus|teamrankings,-1.5,0.3755338080994054,231.5,-120.0,100.0,-1.5
401360409,14,Caesars Sportsbook|Caesars Sportsbook (Colorado)|Caesars Sportsbook (New Jersey)|Caesars Sportsbook (Pennsylvania)|DraftKings|Holland Casino|MGM|SugarHouse|Titanbets|Unibet|Westgate|accuscore|consensus|teamrankings,6.0,0.4462911876519905,216.5,200.0,-244.5,6.0
401360410,14,Caesars Sportsbook|Caesars Sportsbook (Colorado)|Caesars Sportsbook (New Jersey)|Caesars Sportsbook (Pennsylvania)|DraftKings|Holland Casino|MGM|SugarHouse|Titanbets|Unibet|Westgate|accuscore|consensus|teamrankings,2.0,3.2327309585781263,214.0,110.0,-130.0,2.0
401360411,14,Caesars Sportsbook|Caesars Sportsbook (Colorado)|Caesars Sportsbook (New Jersey)|Caesars Sportsbook (Pennsylvania)|DraftKings|MGM|PointsBet|SugarHouse|Titanbets|Unibet|Westgate|accuscore|consensus|teamrankings,-1.5,0.8510928118360384,235.0,-120.5,102.0,-1.5
401360412,15,Caesars Sportsbook|Caesars Sportsbook (Colorado)|Caesars Sportsbook (New Jersey)|Caesars Sportsbook (Pennsylvania)|DraftKings|Holland Casino|MGM|PointsBet|SugarHouse|Titanbets|Unibet|Westgate|accuscore|consensus|teamrankings,-1.5,0.5497252060782752,214.5,-120.0,100.0,-1.5
401360413,14,Caesars Sportsbook|Caesars Sportsbook (Colorado)|Caesars Sportsbook (New Jersey)|Caesars Sportsbook (Pennsylvania)|DraftKings|Holland Casino|MGM|SugarHouse|Titanbets|Unibet|Westgate|accuscore|consensus|teamrankings,4.5,0.4803844614152614,225.5,165.0,-191.0,5.0
401360414,14,Caesars Sportsbook|Caesars Sportsbook (Colorado)|Caesars Sportsbook (New Jersey)|Caesars Sportsbook (Pennsylvania)|DraftKings|Holland Casino|MGM|SugarHouse|Titanbets|Unibet|Westgate|accuscore|consensus|teamrankings,-8.0,0.6333236937766508,205.5,-335.0,265.5,-8.0
401360415,15,Caesars Sportsbook|Caesars Sportsbook (Colorado)|Caesars Sportsbook (New Jersey)|Caesars Sportsbook (Pennsylvania)|DraftKings|Holland Casino|MGM|PointsBet|SugarHouse|Titanbets|Unibet|Westgate|accuscore|consensus|teamrankings,-9.75,0.6201736729460423,219.0,-475.0,360.0,-10.0
401360416,14,Caesars Sportsbook|Caesars Sportsbook (Colorado)|Caesars Sportsbook (New Jersey)|Caesars Sportsbook (Pennsylvania)|DraftKings|Holland Casino|MGM|SugarHouse|Titanbets|Unibet|Westgate|accuscore|consensus|teamrankings,4.0,0.575364194266515,227.0,153.0,-175.0,4.0
401360417,15,Caesars Sportsbook|Caesars Sportsbook (Colorado)|Caesars Sportsbook (New Jersey)|Caesars Sportsbook (Pennsylvania)|DraftKings|Holland Casino|MGM|PointsBet|SugarHouse|Titanbets|Unibet|Westgate|accuscore|consensus|teamrankings,7.0,0.307863963107441,220.0,245.0,-300.0,7.5
401360418,15,Caesars Sportsbook|Caesars Sportsbook (Colorado)|Caesars Sportsbook (New Jersey)|Caesars Sportsbook (Pennsylvania)|DraftKings|Holland Casino|MGM|PointsBet|SugarHouse|Titanbets|Unibet|Westgate|accuscore|consensus|teamrankings,-7.5,0.30562492275106323,220.5,-300.0,240.0,-7.5
401360419,15,Caesars Sportsbook|Caesars Sportsbook (Colorado)|Caesars Sportsbook (New Jersey)|Caesars Sportsbook (Pennsylvania)|DraftKings|Holland Casino|MGM|PointsBet|SugarHouse|Titanbets|Unibet|Westgate|accuscore|consensus|teamrankings,6.5,0.43221891075378327,235.5,220.0,-263.0,6.5
401360420,14,Caesars Sportsbook|Caesars Sportsbook (Colorado)|Caesars Sportsbook (New Jersey)|Caesars Sportsbook (Pennsylvania)|DraftKings|Holland Casino|MGM|SugarHouse|Titanbets|Unibet|Westgate|accuscore|consensus|teamrankings,7.0,0.26726124191242434,214.0,230.0,-280.0,7.0
401360421,14,Caesars Sportsbook|Caesars Sportsbook (Colorado)|Caesars Sportsbook (New Jersey)|Caesars Sportsbook (Pennsylvania)|DraftKings|Holland Casino|MGM|SugarHouse|Titanbets|Unibet|Westgate|accuscore|consensus|teamrankings,-10.0,0.26726124191242434,232.5,-500.0,381.5,-10.0
401360422,14,Caesars Sportsbook (Colorado)|Caesars Sportsbook (New Jersey)|Caesars Sportsbook (Pennsylvania)|DraftKings|Holland Casino|MGM|PointsBet|SugarHouse|Titanbets|Unibet|Westgate|accuscore|consensus|teamrankings,-2.0,1.9414506867883021,220.5,-130.0,110.0,-2.0
401360423,14,Caesars Sportsbook|Caesars Sportsbook (Colorado)|Caesars Sportsbook (New Jersey)|Caesars Sportsbook (Pennsylvania)|DraftKings|Holland Casino|MGM|SugarHouse|Titanbets|Unibet|Westgate|accuscore|consensus|teamrankings,-8.0,0.525451140543915,216.0,-350.0,280.0,-7.5
401360424,14,Caesars Sportsbook|Caesars Sportsbook (Colorado)|Caesars Sportsbook (New Jersey)|Caesars Sportsbook (Pennsylvania)|DraftKings|Holland Casino|MGM|SugarHouse|Titanbets|Unibet|Westgate|accuscore|consensus|teamrankings,1.5,0.6887372317211944,223.0,105.0,-125.0,1.5
401360425,15,Caesars Sportsbook|Caesars Sportsbook (Colorado)|Caesars Sportsbook (New Jersey)|Caesars Sportsbook (Pennsylvania)|DraftKings|Holland Casino|MGM|PointsBet|SugarHouse|Titanbets|Unibet|Westgate|accuscore|consensus|teamrankings,-3.0,0.9116161231812193,230.0,-160.0,140.0,-3.0
401360426,14,Caesars Sportsbook|Caesars Sportsbook (New Jersey)|Caesars Sportsbook (Pennsylvania)|DraftKings|Holland Casino|MGM|PointsBet|SugarHouse|Titanbets|Unibet|Westgate|accuscore|consensus|teamrankings,3.0,0.5910659644734878,236.0,125.0,-147.5,2.5
401360427,14,Caesars Sportsbook|Caesars Sportsbook (New Jersey)|Caesars Sportsbook (Pennsylvania)|DraftKings|Holland Casino|MGM|PointsBet|SugarHouse|Titanbets|Unibet|Westgate|accuscore|consensus|teamrankings,11.0,0.24677405839641225,224.0,500.0,-703.0,11.0
401360428,14,Caesars Sportsbook|Caesars Sportsbook (New Jersey)|Caesars Sportsbook (Pennsylvania)|DraftKings|Holland Casino|MGM|PointsBet|SugarHouse|Titanbets|Unibet|Westgate|accuscore|consensus|teamrankings,-9.0,0.92334397846312,211.5,-382.5,305.0,-9.0
401360429,13,Caesars Sportsbook|Caesars Sportsbook (New Jersey)|Caesars Sportsbook (Pennsylvania)|DraftKings|Holland Casino|MGM|SugarHouse|Titanbets|Unibet|Westgate|accuscore|consensus|teamrankings,-6.5,0.29957234475763905,212.5,-245.0,200.0,-6.5
401360430,13,Caesars Sportsbook|Caesars Sportsbook (New Jersey)|Caesars Sportsbook (Pennsylvania)|DraftKings|Holland Casino|MGM|SugarHouse|Titanbets|Unibet|Westgate|accuscore|consensus|teamrankings,5.5,0.38397382389415224,220.5,175.0,-208.0,5.5
401360431,15,Caesars Sportsbook|Caesars Sportsbook (Colorado)|Caesars Sportsbook (New Jersey)|Caesars Sportsbook (Pennsylvania)|DraftKings|Holland Casino|MGM|PointsBet|SugarHouse|Titanbets|Unibet|Westgate|accuscore|consensus|teamrankings,-7.0,1.0116084461646453,210.5,-280.0,227.0,-7.0
401360432,14,Caesars Sportsbook|Caesars Sportsbook (Colorado)|Caesars Sportsbook (New Jersey)|Caesars Sportsbook (Pennsylvania)|DraftKings|Holland Casino|MGM|SugarHouse|Titanbets|Unibet|Westgate|accuscore|consensus|teamrankings,4.5,0.0,222.0,160.0,-185.0,4.5
401360433,14,Caesars Sportsbook|Caesars Sportsbook (Colorado)|Caesars Sportsbook (New Jersey)|Caesars Sportsbook (Pennsylvania)|DraftKings|Holland Casino|MGM|SugarHouse|Titanbets|Unibet|Westgate|accuscore|consensus|teamrankings,2.0,0.30562492275106334,221.5,113.0,-131.0,1.5
401360434,14,Caesars Sportsbook|Caesars Sportsbook (Colorado)|Caesars Sportsbook (New Jersey)|Caesars Sportsbook (Pennsylvania)|DraftKings|Holland Casino|MGM|SugarHouse|Titanbets|Unibet|Westgate|accuscore|consensus|teamrankings,3.5,0.19611613513818404,226.0,135.0,-155.0,3.5
401360435,15,Caesars Sportsbook|Caesars Sportsbook (Colorado)|Caesars Sportsbook (New Jersey)|Caesars Sportsbook (Pennsylvania)|DraftKings|Holland Casino|MGM|PointsBet|SugarHouse|Titanbets|Unibet|Westgate|accuscore|consensus|teamrankings,2.5,0.6963405128887087,213.0,120.0,-140.0,2.5
401360436,12,Caesars Sportsbook|Caesars Sportsbook (Colorado)|Caesars Sportsbook (New Jersey)|Caesars Sportsbook (Pennsylvania)|DraftKings|MGM|SugarHouse|Titanbets|Unibet|accuscore|consensus|teamrankings,11.5,0.21320071635561044,215.5,550.0,-787.5,11.5
401360437,14,Caesars Sportsbook|Caesars Sportsbook (Colorado)|Caesars Sportsbook (New Jersey)|Caesars Sportsbook (Pennsylvania)|DraftKings|Holland Casino|MGM|SugarHouse|Titanbets|Unibet|Westgate|accuscore|consensus|teamrankings,-1.0,1.3980505908390635,211.0,-114.5,-105.0,-1.0
401360438,14,Caesars Sportsbook|Caesars Sportsbook (Colorado)|Caesars Sportsbook (New Jersey)|Caesars Sportsbook (Pennsylvania)|DraftKings|Holland Casino|MGM|SugarHouse|Titanbets|Unibet|Westgate|accuscore|consensus|teamrankings,-5.5,0.0,225.5,-217.0,180.0,-5.5
401360439,14,Caesars Sportsbook|Caesars Sportsbook (Colorado)|Caesars Sportsbook (New Jersey)|Caesars Sportsbook (Pennsylvania)|DraftKings|Holland Casino|MGM|SugarHouse|Titanbets|Unibet|Westgate|accuscore|consensus|teamrankings,-6.5,0.726273039202563,213.0,-250.0,210.0,-6.5
401360440,14,Caesars Sportsbook|Caesars Sportsbook (Colorado)|Caesars Sportsbook (New Jersey)|Caesars Sportsbook (Pennsylvania)|DraftKings|Holland Casino|MGM|SugarHouse|Titanbets|Unibet|Westgate|accuscore|consensus|teamrankings,-2.5,0.7186678763403276,222.0,-141.0,120.0,-2.5
401360441,14,Caesars Sportsbook|Caesars Sportsbook (Colorado)|Caesars Sportsbook (New Jersey)|Caesars Sportsbook (Pennsylvania)|DraftKings|Holland Casino|MGM|SugarHouse|Titanbets|Unibet|Westgate|accuscore|consensus|teamrankings,2.5,0.0,203.5,120.0,-140.0,2.5
401360442,14,Caesars Sportsbook|Caesars Sportsbook (Colorado)|Caesars Sportsbook (New Jersey)|Caesars Sportsbook (Pennsylvania)|DraftKings|Holland Casino|MGM|SugarHouse|Titanbets|Unibet|Westgate|accuscore|consensus|teamrankings,-7.0,0.6753102665027062,234.0,-294.0,237.5,-7.5
401360443,14,Caesars Sportsbook|Caesars Sportsbook (Colorado)|Caesars Sportsbook (New Jersey)|Caesars Sportsbook (Pennsylvania)|DraftKings|Holland Casino|MGM|SugarHouse|Titanbets|Unibet|Westgate|accuscore|consensus|teamrankings,-5.0,0.575364194266515,224.0,-197.5,167.0,-5.0
401360444,14,Caesars Sportsbook|Caesars Sportsbook (Colorado)|Caesars Sportsbook (New Jersey)|Caesars Sportsbook (Pennsylvania)|DraftKings|Holland Casino|MGM|SugarHouse|Titanbets|Unibet|Westgate|accuscore|consensus|teamrankings,1.5,1.3892246236462464,238.0,104.0,-122.0,1.5
401360445,14,Caesars Sportsbook|Caesars Sportsbook (Colorado)|Caesars Sportsbook (New Jersey)|Caesars Sportsbook (Pennsylvania)|DraftKings|Holland Casino|MGM|SugarHouse|Titanbets|Unibet|Westgate|accuscore|consensus|teamrankings,4.0,0.5789342235218394,231.0,150.0,-175.0,4.0
401360446,14,Caesars Sportsbook|Caesars Sportsbook (Colorado)|Caesars Sportsbook (New Jersey)|Caesars Sportsbook (Pennsylvania)|DraftKings|Holland Casino|MGM|SugarHouse|Titanbets|Unibet|Westgate|accuscore|consensus|teamrankings,-1.0,0.8770580193070292,224.5,-114.0,-105.0,-1.0
401360447,14,Caesars Sportsbook|Caesars Sportsbook (Colorado)|Caesars Sportsbook (New Jersey)|Caesars Sportsbook (Pennsylvania)|DraftKings|Holland Casino|MGM|SugarHouse|Titanbets|Unibet|Westgate|accuscore|consensus|teamrankings,-3.5,0.5547001962252291,230.5,-154.5,131.5,-3.0
401360448,14,Caesars Sportsbook|Caesars Sportsbook (Colorado)|Caesars Sportsbook (New Jersey)|Caesars Sportsbook (Pennsylvania)|DraftKings|Holland Casino|MGM|SugarHouse|Titanbets|Unibet|Westgate|accuscore|consensus|teamrankings,-3.5,0.18156825980064073,213.5,-165.5,143.0,-3.5
401360449,13,Caesars Sportsbook|Caesars Sportsbook (Colorado)|Caesars Sportsbook (New Jersey)|DraftKings|Holland Casino|MGM|SugarHouse|Titanbets|Unibet|Westgate|accuscore|consensus|teamrankings,-5.5,0.0,216.0,-235.0,190.0,-5.5
401360450,14,Caesars Sportsbook|Caesars Sportsbook (Colorado)|Caesars Sportsbook (New Jersey)|Caesars Sportsbook (Pennsylvania)|DraftKings|Holland Casino|MGM|SugarHouse|Titanbets|Unibet|Westgate|accuscore|consensus|teamrankings,-11.5,0.7032108464077431,210.0,-650.0,475.0,-11.5
401360451,14,Caesars Sportsbook|Caesars Sportsbook (Colorado)|Caesars Sportsbook (New Jersey)|Caesars Sportsbook (Pennsylvania)|DraftKings|Holland Casino|MGM|SugarHouse|Titanbets|Unibet|Westgate|accuscore|consensus|teamrankings,-11.0,0.5358058529802676,223.0,-660.5,475.0,-11.0
401360452,14,Caesars Sportsbook|Caesars Sportsbook (Colorado)|Caesars Sportsbook (New Jersey)|Caesars Sportsbook (Pennsylvania)|DraftKings|Holland Casino|MGM|SugarHouse|Titanbets|Unibet|Westgate|accuscore|consensus|teamrankings,9.5,0.5447047794019222,210.5,339.5,-434.0,9.5
401360453,14,Caesars Sportsbook|Caesars Sportsbook (Colorado)|Caesars Sportsbook (New Jersey)|Caesars Sportsbook (Pennsylvania)|DraftKings|Holland Casino|MGM|SugarHouse|Titanbets|Unibet|Westgate|accuscore|consensus|teamrankings,6.0,0.23440361546924773,219.5,195.5,-236.5,6.0
401360454,14,Caesars Sportsbook|Caesars Sportsbook (Colorado)|Caesars Sportsbook (New Jersey)|Caesars Sportsbook (Pennsylvania)|DraftKings|Holland Casino|MGM|SugarHouse|Titanbets|Unibet|Westgate|accuscore|consensus|teamrankings,-3.0,0.23731557327466174,207.5,-150.0,130.0,-3.0
401360455,14,Caesars Sportsbook|Caesars Sportsbook (Colorado)|Caesars Sportsbook (New Jersey)|Caesars Sportsbook (Pennsylvania)|DraftKings|Holland Casino|MGM|SugarHouse|Titanbets|Unibet|Westgate|accuscore|consensus|teamrankings,-5.5,0.6419407387663694,222.5,-210.0,175.0,-5.5
401360456,13,Caesars Sportsbook|Caesars Sportsbook (Colorado)|Caesars Sportsbook (New Jersey)|Caesars Sportsbook (Pennsylvania)|DraftKings|Holland Casino|MGM|Titanbets|Unibet|Westgate|accuscore|consensus|teamrankings,-2.5,0.32522181779399545,225.5,-140.0,120.0,-2.5
401360457,14,Caesars Sportsbook|Caesars Sportsbook (Colorado)|Caesars Sportsbook (New Jersey)|Caesars Sportsbook (Pennsylvania)|DraftKings|Holland Casino|MGM|SugarHouse|Titanbets|Unibet|Westgate|accuscore|consensus|teamrankings,3.0,0.3396831102433787,220.0,130.0,-150.0,3.0
401360458,14,Caesars Sportsbook|Caesars Sportsbook (Colorado)|Caesars Sportsbook (New Jersey)|Caesars Sportsbook (Pennsylvania)|DraftKings|Holland Casino|MGM|SugarHouse|Titanbets|Unibet|Westgate|accuscore|consensus|teamrankings,-2.5,0.42581531362632014,218.5,-140.0,120.0,-2.5
401360459,14,Caesars Sportsbook|Caesars Sportsbook (Colorado)|Caesars Sportsbook (New Jersey)|Caesars Sportsbook (Pennsylvania)|DraftKings|Holland Casino|MGM|SugarHouse|Titanbets|Unibet|Westgate|accuscore|consensus|teamrankings,-5.0,0.21290765681316007,238.5,-204.5,175.0,-5.0
401360460,13,Caesars Sportsbook|Caesars Sportsbook (Colorado)|Caesars Sportsbook (New Jersey)|Caesars Sportsbook (Pennsylvania)|DraftKings|MGM|SugarHouse|Titanbets|Unibet|Westgate|accuscore|consensus|teamrankings,-7.5,0.13867504905630726,218.5,-316.0,255.0,-7.5
401360461,13,Caesars Sportsbook|Caesars Sportsbook (Colorado)|Caesars Sportsbook (New Jersey)|Caesars Sportsbook (Pennsylvania)|DraftKings|MGM|SugarHouse|Titanbets|Unibet|Westgate|accuscore|consensus|teamrankings,-7.5,0.1877669040497027,215.0,-300.0,245.0,-7.5
401360462,13,Caesars Sportsbook|Caesars Sportsbook (Colorado)|Caesars Sportsbook (New Jersey)|Caesars Sportsbook (Pennsylvania)|DraftKings|MGM|SugarHouse|Titanbets|Unibet|Westgate|accuscore|consensus|teamrankings,-1.5,0.7227972727092274,214.5,-120.0,102.0,-1.5
401360463,13,Caesars Sportsbook|Caesars Sportsbook (Colorado)|Caesars Sportsbook (New Jersey)|Caesars Sportsbook (Pennsylvania)|DraftKings|MGM|SugarHouse|Titanbets|Unibet|Westgate|accuscore|consensus|teamrankings,-5.5,0.6405126152203486,230.0,-233.0,190.0,-5.5
401360464,13,Caesars Sportsbook|Caesars Sportsbook (Colorado)|Caesars Sportsbook (New Jersey)|Caesars Sportsbook (Pennsylvania)|DraftKings|MGM|SugarHouse|Titanbets|Unibet|Westgate|accuscore|consensus|teamrankings,-3.0,0.5063696835418333,212.5,-150.0,130.0,-2.5
401360465,12,Caesars Sportsbook|Caesars Sportsbook (New Jersey)|Caesars Sportsbook (Pennsylvania)|DraftKings|MGM|SugarHouse|Titanbets|Unibet|Westgate|accuscore|consensus|teamrankings,5.0,0.22613350843332272,208.5,170.5,-200.0,5.0
401360466,13,Caesars Sportsbook|Caesars Sportsbook (Colorado)|Caesars Sportsbook (New Jersey)|Caesars Sportsbook (Pennsylvania)|DraftKings|MGM|SugarHouse|Titanbets|Unibet|Westgate|accuscore|consensus|teamrankings,-7.5,1.1996260100975487,214.0,-300.0,250.0,-7.5
401360467,13,Caesars Sportsbook|Caesars Sportsbook (Colorado)|Caesars Sportsbook (New Jersey)|Caesars Sportsbook (Pennsylvania)|DraftKings|MGM|SugarHouse|Titanbets|Unibet|Westgate|accuscore|consensus|teamrankings,-1.5,0.4493585171364585,221.0,-125.0,105.0,-1.5
401360468,13,Caesars Sportsbook|Caesars Sportsbook (Colorado)|Caesars Sportsbook (New Jersey)|Caesars Sportsbook (Pennsylvania)|DraftKings|MGM|SugarHouse|Titanbets|Unibet|Westgate|accuscore|consensus|teamrankings,-4.5,0.46340434799814917,225.0,-184.0,155.0,-4.5
401360469,13,Caesars Sportsbook|Caesars Sportsbook (Colorado)|Caesars Sportsbook (New Jersey)|Caesars Sportsbook (Pennsylvania)|DraftKings|MGM|SugarHouse|Titanbets|Unibet|Westgate|accuscore|consensus|teamrankings,-11.5,0.5219539227133918,211.0,-700.0,500.0,-11.5
401360470,13,Caesars Sportsbook|Caesars Sportsbook (Colorado)|Caesars Sportsbook (New Jersey)|Caesars Sportsbook (Pennsylvania)|DraftKings|MGM|SugarHouse|Titanbets|Unibet|Westgate|accuscore|consensus|teamrankings,-4.5,0.3755338080994054,239.0,-191.0,165.0,-4.5
401360471,13,Caesars Sportsbook|Caesars Sportsbook (Colorado)|Caesars Sportsbook (New Jersey)|Caesars Sportsbook (Pennsylvania)|DraftKings|MGM|SugarHouse|Titanbets|Unibet|Westgate|accuscore|consensus|teamrankings,-4.5,0.1877669040497027,215.5,-183.0,160.0,-4.5
401360472,13,Caesars Sportsbook|Caesars Sportsbook (Colorado)|Caesars Sportsbook (New Jersey)|Caesars Sportsbook (Pennsylvania)|DraftKings|MGM|SugarHouse|Titanbets|Unibet|Westgate|accuscore|consensus|teamrankings,5.5,0.3881250129030924,223.5,180.0,-220.0,5.5
401360473,14,Caesars Sportsbook|Caesars Sportsbook (Colorado)|Caesars Sportsbook (New Jersey)|Caesars Sportsbook (Pennsylvania)|DraftKings|Holland Casino|MGM|SugarHouse|Titanbets|Unibet|Westgate|accuscore|consensus|teamrankings,-4.5,0.458437384126595,213.5,-178.5,155.0,-4.5
401360474,15,Caesars Sportsbook|Caesars Sportsbook (Colorado)|Caesars Sportsbook (New Jersey)|Caesars Sportsbook (Pennsylvania)|DraftKings|Holland Casino|MGM|PointsBet|SugarHouse|Titanbets|Unibet|Westgate|accuscore|consensus|teamrankings,-2.5,0.1815682598006407,214.5,-140.0,120.0,-2.5
401360475,14,Caesars Sportsbook|Caesars Sportsbook (Colorado)|Caesars Sportsbook (New Jersey)|Caesars Sportsbook (Pennsylvania)|DraftKings|Holland Casino|MGM|SugarHouse|Titanbets|Unibet|Westgate|accuscore|consensus|teamrankings,1.5,0.323103086329432,221.5,106.0,-125.0,1.5
401360476,15,Caesars Sportsbook|Caesars Sportsbook (Colorado)|Caesars Sportsbook (New Jersey)|Caesars Sportsbook (Pennsylvania)|DraftKings|Holland Casino|MGM|PointsBet|SugarHouse|Titanbets|Unibet|Westgate|accuscore|consensus|teamrankings,-4.0,0.575364194266515,222.0,-175.0,150.0,-4.0
401360477,15,Caesars Sportsbook|Caesars Sportsbook (Colorado)|Caesars Sportsbook (New Jersey)|Caesars Sportsbook (Pennsylvania)|DraftKings|Holland Casino|MGM|PointsBet|SugarHouse|Titanbets|Unibet|Westgate|accuscore|consensus|teamrankings,-8.5,1.7276834518771405,225.0,-370.0,300.0,-8.5
401360478,14,Caesars Sportsbook|Caesars Sportsbook (Colorado)|Caesars Sportsbook (New Jersey)|Caesars Sportsbook (Pennsylvania)|DraftKings|Holland Casino|MGM|SugarHouse|Titanbets|Unibet|Westgate|accuscore|consensus|teamrankings,-2.0,0.3314967720658979,210.5,-135.0,114.5,-2.0
401360479,14,Caesars Sportsbook|Caesars Sportsbook (Colorado)|Caesars Sportsbook (New Jersey)|Caesars Sportsbook (Pennsylvania)|DraftKings|Holland Casino|MGM|SugarHouse|Titanbets|Unibet|Westgate|accuscore|consensus|teamrankings,5.0,0.30786396310744096,233.0,166.0,-193.5,5.0
401360480,14,Caesars Sportsbook|Caesars Sportsbook (Colorado)|Caesars Sportsbook (New Jersey)|Caesars Sportsbook (Pennsylvania)|DraftKings|Holland Casino|MGM|SugarHouse|Titanbets|Unibet|Westgate|accuscore|consensus|teamrankings,2.0,0.2373155732746617,218.5,110.0,-130.0,2.0
401360481,15,Caesars Sportsbook|Caesars Sportsbook (Colorado)|Caesars Sportsbook (New Jersey)|Caesars Sportsbook (Pennsylvania)|DraftKings|Holland Casino|MGM|PointsBet|SugarHouse|Titanbets|Unibet|Westgate|accuscore|consensus|teamrankings,-4.0,0.2672612419124244,206.5,-175.0,150.0,-4.0
401360482,15,Caesars Sportsbook|Caesars Sportsbook (Colorado)|Caesars Sportsbook (New Jersey)|Caesars Sportsbook (Pennsylvania)|DraftKings|Holland Casino|MGM|PointsBet|SugarHouse|Titanbets|Unibet|Westgate|accuscore|consensus|teamrankings,-11.5,0.3631365196012814,210.5,-700.0,500.0,-11.5
401360483,13,Caesars Sportsbook|Caesars Sportsbook (Colorado)|Caesars Sportsbook (New Jersey)|Caesars Sportsbook (Pennsylvania)|DraftKings|Holland Casino|MGM|PointsBet|Titanbets|Westgate|accuscore|consensus|teamrankings,4.0,0.3964807305493796,228.5,145.0,-170.0,4.0
401360484,14,Caesars Sportsbook|Caesars Sportsbook (Colorado)|Caesars Sportsbook (New Jersey)|Caesars Sportsbook (Pennsylvania)|DraftKings|Holland Casino|MGM|SugarHouse|Titanbets|Unibet|Westgate|accuscore|consensus|teamrankings,5.0,0.3650229557736858,230.5,175.0,-210.0,5.0
401360485,15,Caesars Sportsbook|Caesars Sportsbook (Colorado)|Caesars Sportsbook (New Jersey)|Caesars Sportsbook (Pennsylvania)|DraftKings|Holland Casino|MGM|PointsBet|SugarHouse|Titanbets|Unibet|Westgate|accuscore|consensus|teamrankings,3.5,0.9972489631508747,216.0,138.0,-160.0,3.5
401360486,15,Caesars Sportsbook|Caesars Sportsbook (Colorado)|Caesars Sportsbook (New Jersey)|Caesars Sportsbook (Pennsylvania)|DraftKings|Holland Casino|MGM|PointsBet|SugarHouse|Titanbets|Unibet|Westgate|accuscore|consensus|teamrankings,-15.5,0.3631365196012814,217.5,-1613.0,900.0,-15.5
401360487,13,Caesars Sportsbook (Colorado)|Caesars Sportsbook (New Jersey)|Caesars Sportsbook (Pennsylvania)|DraftKings|Holland Casino|MGM|SugarHouse|Titanbets|Unibet|Westgate|accuscore|consensus|teamrankings,-11.5,0.13867504905630726,213.5,-778.0,550.0,-11.5
401360488,14,Caesars Sportsbook (Colorado)|Caesars Sportsbook (New Jersey)|Caesars Sportsbook (Pennsylvania)|DraftKings|Holland Casino|MGM|PointsBet|SugarHouse|Titanbets|Unibet|Westgate|accuscore|consensus|teamrankings,-1.0,0.2192645048267573,235.5,-113.5,-105.0,-1.0
401360489,12,Caesars Sportsbook (Colorado)|Caesars Sportsbook (New Jersey)|Caesars Sportsbook (Pennsylvania)|DraftKings|Holland Casino|MGM|Titanbets|Unibet|Westgate|accuscore|consensus|teamrankings,-1.5,0.864931246172816,235.5,-120.0,100.5,-1.5
401360490,12,Caesars Sportsbook (Colorado)|Caesars Sportsbook (New Jersey)|Caesars Sportsbook (Pennsylvania)|DraftKings|Holland Casino|MGM|Titanbets|Unibet|Westgate|accuscore|consensus|teamrankings,-3.0,0.46871843328054613,222.5,-147.0,125.0,-3.0
401360491,14,Caesars Sportsbook (Colorado)|Caesars Sportsbook (New Jersey)|Caesars Sportsbook (Pennsylvania)|DraftKings|Holland Casino|MGM|PointsBet|SugarHouse|Titanbets|Unibet|Westgate|accuscore|consensus|teamrankings,-9.0,0.2192645048267573,210.5,-427.5,331.5,-9.0
401360492,14,Caesars Sportsbook (Colorado)|Caesars Sportsbook (New Jersey)|Caesars Sportsbook (Pennsylvania)|DraftKings|Holland Casino|MGM|PointsBet|SugarHouse|Titanbets|Unibet|Westgate|accuscore|consensus|teamrankings,3.0,0.6504436355879908,214.5,132.0,-154.5,3.5
401360493,14,Caesars Sportsbook (Colorado)|Caesars Sportsbook (New Jersey)|Caesars Sportsbook (Pennsylvania)|DraftKings|Holland Casino|MGM|PointsBet|SugarHouse|Titanbets|Unibet|Westgate|accuscore|consensus|teamrankings,-6.5,0.1877669040497027,228.0,-260.0,214.0,-6.5
401360494,14,Caesars Sportsbook (Colorado)|Caesars Sportsbook (New Jersey)|Caesars Sportsbook (Pennsylvania)|DraftKings|Holland Casino|MGM|PointsBet|SugarHouse|Titanbets|Unibet|Westgate|accuscore|consensus|teamrankings,-4.0,0.29957234475763905,207.5,-188.0,155.0,-4.5
401360495,14,Caesars Sportsbook (Colorado)|Caesars Sportsbook (New Jersey)|Caesars Sportsbook (Pennsylvania)|DraftKings|Holland Casino|MGM|PointsBet|SugarHouse|Titanbets|Unibet|Westgate|accuscore|consensus|teamrankings,-7.0,0.2192645048267573,221.5,-275.0,224.0,-7.0
401360496,14,Caesars Sportsbook (Colorado)|Caesars Sportsbook (New Jersey)|Caesars Sportsbook (Pennsylvania)|DraftKings|Holland Casino|MGM|PointsBet|SugarHouse|Titanbets|Unibet|Westgate|accuscore|consensus|teamrankings,-14.0,1.6378926422975066,230.0,-1100.0,700.0,-14.0
401360497,14,Caesars Sportsbook (Colorado)|Caesars Sportsbook (New Jersey)|Caesars Sportsbook (Pennsylvania)|DraftKings|Holland Casino|MGM|PointsBet|SugarHouse|Titanbets|Unibet|Westgate|accuscore|consensus|teamrankings,-9.5,1.1266014242982163,212.5,-430.0,333.0,-9.5
401360498,13,Caesars Sportsbook (Colorado)|Caesars Sportsbook (New Jersey)|Caesars Sportsbook (Pennsylvania)|DraftKings|Holland Casino|MGM|SugarHouse|Titanbets|Unibet|Westgate|accuscore|consensus|teamrankings,-7.5,0.7510676161988107,221.5,-290.0,240.0,-7.5
401360499,13,Caesars Sportsbook (Colorado)|Caesars Sportsbook (New Jersey)|Caesars Sportsbook (Pennsylvania)|DraftKings|Holland Casino|MGM|SugarHouse|Titanbets|Unibet|Westgate|accuscore|consensus|teamrankings,-3.5,0.560448538317805,224.5,-162.0,145.0,-3.5
401360500,15,Caesars Sportsbook|Caesars Sportsbook (Colorado)|Caesars Sportsbook (New Jersey)|Caesars Sportsbook (Pennsylvania)|DraftKings|Holland Casino|MGM|PointsBet|SugarHouse|Titanbets|Unibet|Westgate|accuscore|consensus|teamrankings,-3.5,0.4986244815754374,210.5,-165.0,140.0,-3.5
401360501,15,Caesars Sportsbook|Caesars Sportsbook (Colorado)|Caesars Sportsbook (New Jersey)|Caesars Sportsbook (Pennsylvania)|DraftKings|Holland Casino|MGM|PointsBet|SugarHouse|Titanbets|Unibet|Westgate|accuscore|consensus|teamrankings,2.0,0.3396831102433787,216.5,114.0,-135.0,2.0
401360502,13,Caesars Sportsbook|Caesars Sportsbook (Colorado)|Caesars Sportsbook (New Jersey)|Caesars Sportsbook (Pennsylvania)|DraftKings|Holland Casino|MGM|Titanbets|Unibet|Westgate|accuscore|consensus|teamrankings,-16.5,1.8310008472319454,216.5,-1600.0,850.0,-16.5
401360503,15,Caesars Sportsbook|Caesars Sportsbook (Colorado)|Caesars Sportsbook (New Jersey)|Caesars Sportsbook (Pennsylvania)|DraftKings|Holland Casino|MGM|PointsBet|SugarHouse|Titanbets|Unibet|Westgate|accuscore|consensus|teamrankings,-9.0,1.6545807211004733,224.0,-400.0,320.0,-9.5
401360504,14,Caesars Sportsbook|Caesars Sportsbook (Colorado)|Caesars Sportsbook (New Jersey)|Caesars Sportsbook (Pennsylvania)|DraftKings|Holland Casino|MGM|SugarHouse|Titanbets|Unibet|Westgate|accuscore|consensus|teamrankings,4.5,0.32522181779399545,217.5,170.0,-196.5,4.5
401360505,14,Caesars Sportsbook|Caesars Sportsbook (Colorado)|Caesars Sportsbook (New Jersey)|Caesars Sportsbook (Pennsylvania)|DraftKings|Holland Casino|MGM|SugarHouse|Titanbets|Unibet|Westgate|accuscore|consensus|teamrankings,-7.5,0.5254511405439151,213.0,-312.5,251.5,-7.5
401360506,15,Caesars Sportsbook|Caesars Sportsbook (Colorado)|Caesars Sportsbook (New Jersey)|Caesars Sportsbook (Pennsylvania)|DraftKings|Holland Casino|MGM|PointsBet|SugarHouse|Titanbets|Unibet|Westgate|accuscore|consensus|teamrankings,-1.5,0.13363062095621223,217.5,-125.0,105.0,-1.5
401360507,15,Caesars Sportsbook|Caesars Sportsbook (Colorado)|Caesars Sportsbook (New Jersey)|Caesars Sportsbook (Pennsylvania)|DraftKings|Holland Casino|MGM|PointsBet|SugarHouse|Titanbets|Unibet|Westgate|accuscore|consensus|teamrankings,-8.0,0.307863963107441,212.0,-350.0,277.0,-8.0
401360508,14,Caesars Sportsbook|Caesars Sportsbook (Colorado)|Caesars Sportsbook (New Jersey)|Caesars Sportsbook (Pennsylvania)|DraftKings|Holland Casino|MGM|SugarHouse|Titanbets|Unibet|Westgate|accuscore|consensus|teamrankings,2.5,1.745087295905185,217.75,120.0,-136.5,2.5
401360509,14,Caesars Sportsbook|Caesars Sportsbook (Colorado)|Caesars Sportsbook (New Jersey)|Caesars Sportsbook (Pennsylvania)|DraftKings|Holland Casino|MGM|SugarHouse|Titanbets|Unibet|Westgate|accuscore|consensus|teamrankings,-11.0,1.2003891310462893,227.5,-551.0,412.5,-8.5
401360510,15,Caesars Sportsbook|Caesars Sportsbook (Colorado)|Caesars Sportsbook (New Jersey)|Caesars Sportsbook (Pennsylvania)|DraftKings|Holland Casino|MGM|PointsBet|SugarHouse|Titanbets|Unibet|Westgate|accuscore|consensus|teamrankings,-1.0,1.410323008750474,234.5,-110.0,-110.0,-1.0
401360511,14,Caesars Sportsbook|Caesars Sportsbook (Colorado)|Caesars Sportsbook (New Jersey)|Caesars Sportsbook (Pennsylvania)|DraftKings|Holland Casino|MGM|SugarHouse|Titanbets|Unibet|Westgate|accuscore|consensus|teamrankings,-3.5,0.3631365196012815,224.5,-160.0,140.0,-3.5
401360512,14,Caesars Sportsbook|Caesars Sportsbook (Colorado)|Caesars Sportsbook (New Jersey)|Caesars Sportsbook (Pennsylvania)|DraftKings|Holland Casino|MGM|SugarHouse|Titanbets|Unibet|Westgate|accuscore|consensus|teamrankings,-14.5,0.5836602955995384,216.5,-1169.0,728.5,-14.5
401360513,15,Caesars Sportsbook|Caesars Sportsbook (Colorado)|Caesars Sportsbook (New Jersey)|Caesars Sportsbook (Pennsylvania)|DraftKings|Holland Casino|MGM|PointsBet|SugarHouse|Titanbets|Unibet|Westgate|accuscore|consensus|teamrankings,-11.5,0.5081749287811809,230.0,-650.0,475.0,-11.5
401360514,15,Caesars Sportsbook|Caesars Sportsbook (Colorado)|Caesars Sportsbook (New Jersey)|Caesars Sportsbook (Pennsylvania)|DraftKings|Holland Casino|MGM|PointsBet|SugarHouse|Titanbets|Unibet|Westgate|accuscore|consensus|teamrankings,-12.0,0.1815682598006407,207.5,-800.0,550.0,-12.0
401360515,14,Caesars Sportsbook|Caesars Sportsbook (Colorado)|Caesars Sportsbook (New Jersey)|Caesars Sportsbook (Pennsylvania)|DraftKings|Holland Casino|MGM|SugarHouse|Titanbets|Unibet|Westgate|accuscore|consensus|teamrankings,-8.0,0.6712298045747452,227.0,-335.0,270.0,-8.0
401360516,14,Caesars Sportsbook|Caesars Sportsbook (Colorado)|Caesars Sportsbook (New Jersey)|Caesars Sportsbook (Pennsylvania)|DraftKings|Holland Casino|MGM|SugarHouse|Titanbets|Unibet|Westgate|accuscore|consensus|teamrankings,-13.0,0.4569367667316877,219.0,-1000.0,650.0,-13.0
401360517,14,Caesars Sportsbook|Caesars Sportsbook (Colorado)|Caesars Sportsbook (New Jersey)|Caesars Sportsbook (Pennsylvania)|DraftKings|Holland Casino|MGM|SugarHouse|Titanbets|Unibet|Westgate|accuscore|consensus|teamrankings,-4.0,0.2894671117609197,204.5,-175.0,150.0,-4.5
401360518,14,Caesars Sportsbook|Caesars Sportsbook (Colorado)|Caesars Sportsbook (New Jersey)|Caesars Sportsbook (Pennsylvania)|DraftKings|Holland Casino|MGM|SugarHouse|Titanbets|Unibet|Westgate|accuscore|consensus|teamrankings,2.0,1.3567090110481836,216.5,115.0,-135.0,2.5
401360519,14,Caesars Sportsbook|Caesars Sportsbook (Colorado)|Caesars Sportsbook (New Jersey)|Caesars Sportsbook (Pennsylvania)|DraftKings|Holland Casino|MGM|SugarHouse|Titanbets|Unibet|Westgate|accuscore|consensus|teamrankings,-4.0,0.6844023622158192,212.5,-170.0,145.0,-4.0
401360520,15,Caesars Sportsbook|Caesars Sportsbook (Colorado)|Caesars Sportsbook (New Jersey)|Caesars Sportsbook (Pennsylvania)|DraftKings|Holland Casino|MGM|PointsBet|SugarHouse|Titanbets|Unibet|Westgate|accuscore|consensus|teamrankings,3.5,0.2129076568131601,215.5,140.0,-160.0,3.5
401360521,15,Caesars Sportsbook|Caesars Sportsbook (Colorado)|Caesars Sportsbook (New Jersey)|Caesars Sportsbook (Pennsylvania)|DraftKings|Holland Casino|MGM|PointsBet|SugarHouse|Titanbets|Unibet|Westgate|accuscore|consensus|teamrankings,-8.0,0.2773500981126146,215.0,-340.0,270.0,-8.0
401360522,14,Caesars Sportsbook|Caesars Sportsbook (Colorado)|Caesars Sportsbook (New Jersey)|Caesars Sportsbook (Pennsylvania)|DraftKings|Holland Casino|MGM|SugarHouse|Titanbets|Unibet|Westgate|accuscore|consensus|teamrankings,-1.5,0.8320502943378437,233.5,-125.0,105.5,-1.5
401360523,14,Caesars Sportsbook|Caesars Sportsbook (Colorado)|Caesars Sportsbook (New Jersey)|Caesars Sportsbook (Pennsylvania)|DraftKings|Holland Casino|MGM|SugarHouse|Titanbets|Unibet|Westgate|accuscore|consensus|teamrankings,1.0,0.4209486930705477,222.0,-105.0,-114.0,1.0
401360524,13,Caesars Sportsbook|Caesars Sportsbook (Colorado)|Caesars Sportsbook (New Jersey)|Caesars Sportsbook (Pennsylvania)|DraftKings|Holland Casino|MGM|Titanbets|Unibet|Westgate|accuscore|consensus|teamrankings,-4.0,0.1877669040497027,219.0,-170.0,145.0,-4.0
401360525,15,Caesars Sportsbook|Caesars Sportsbook (Colorado)|Caesars Sportsbook (New Jersey)|Caesars Sportsbook (Pennsylvania)|DraftKings|Holland Casino|MGM|PointsBet|SugarHouse|Titanbets|Unibet|Westgate|accuscore|consensus|teamrankings,-3.0,0.21290765681316007,236.5,-145.0,125.0,-3.0
401360526,15,Caesars Sportsbook|Caesars Sportsbook (Colorado)|Caesars Sportsbook (New Jersey)|Caesars Sportsbook (Pennsylvania)|DraftKings|Holland Casino|MGM|PointsBet|SugarHouse|Titanbets|Unibet|Westgate|accuscore|consensus|teamrankings,-12.0,0.3631365196012814,217.5,-760.0,546.0,-12.0
401360527,14,Caesars Sportsbook|Caesars Sportsbook (Colorado)|Caesars Sportsbook (New Jersey)|Caesars Sportsbook (Pennsylvania)|DraftKings|Holland Casino|MGM|SugarHouse|Titanbets|Unibet|Westgate|accuscore|consensus|teamrankings,-2.0,1.3244322855929174,218.0,-130.0,110.0,-2.0
401360528,13,Caesars Sportsbook|Caesars Sportsbook (New Jersey)|Caesars Sportsbook (Pennsylvania)|DraftKings|Holland Casino|MGM|SugarHouse|Titanbets|Unibet|Westgate|accuscore|consensus|teamrankings,-5.0,0.9657599638069015,202.0,-200.0,170.0,-5.0
401360529,15,Caesars Sportsbook|Caesars Sportsbook (Colorado)|Caesars Sportsbook (New Jersey)|Caesars Sportsbook (Pennsylvania)|DraftKings|Holland Casino|MGM|PointsBet|SugarHouse|Titanbets|Unibet|Westgate|accuscore|consensus|teamrankings,-1.5,1.6761634196950514,235.5,-125.0,105.0,-1.5
401360530,14,Caesars Sportsbook|Caesars Sportsbook (New Jersey)|Caesars Sportsbook (Pennsylvania)|DraftKings|Holland Casino|MGM|PointsBet|SugarHouse|Titanbets|Unibet|Westgate|accuscore|consensus|teamrankings,10.0,0.3202563076101743,226.5,389.5,-500.5,10.0
401360531,14,Caesars Sportsbook|Caesars Sportsbook (New Jersey)|Caesars Sportsbook (Pennsylvania)|DraftKings|Holland Casino|MGM|PointsBet|SugarHouse|Titanbets|Unibet|Westgate|accuscore|consensus|teamrankings,-3.5,0.9473309334313418,218.0,-165.0,145.0,-3.5
401360532,13,Caesars Sportsbook|Caesars Sportsbook (New Jersey)|Caesars Sportsbook (Pennsylvania)|DraftKings|Holland Casino|MGM|SugarHouse|Titanbets|Unibet|Westgate|accuscore|consensus|teamrankings,-12.5,2.905013350073036,220.5,-800.0,550.0,-12.5
401360533,14,Caesars Sportsbook|Caesars Sportsbook (New Jersey)|Caesars Sportsbook (Pennsylvania)|DraftKings|Holland Casino|MGM|PointsBet|SugarHouse|Titanbets|Unibet|Westgate|accuscore|consensus|teamrankings,7.0,0.2401922307076307,217.0,230.0,-280.0,7.0
401360534,14,Caesars Sportsbook|Caesars Sportsbook (New Jersey)|Caesars Sportsbook (Pennsylvania)|DraftKings|Holland Casino|MGM|PointsBet|SugarHouse|Titanbets|Unibet|Westgate|accuscore|consensus|teamrankings,1.5,1.452230821520587,220.5,101.5,-120.0,1.5
401360535,14,Caesars Sportsbook|Caesars Sportsbook (New Jersey)|Caesars Sportsbook (Pennsylvania)|DraftKings|Holland Casino|MGM|PointsBet|SugarHouse|Titanbets|Unibet|Westgate|accuscore|consensus|teamrankings,-5.0,0.2773500981126145,219.0,-200.0,170.0,-5.0
401360536,14,Caesars Sportsbook|Caesars Sportsbook (New Jersey)|Caesars Sportsbook (Pennsylvania)|DraftKings|Holland Casino|MGM|PointsBet|SugarHouse|Titanbets|Unibet|Westgate|accuscore|consensus|teamrankings,-9.5,0.46340434799814917,218.5,-432.5,340.0,-9.5
401360537,14,Caesars Sportsbook|Caesars Sportsbook (New Jersey)|Caesars Sportsbook (Pennsylvania)|DraftKings|Holland Casino|MGM|PointsBet|SugarHouse|Titanbets|Unibet|Westgate|accuscore|consensus|teamrankings,3.5,0.24677405839641225,224.5,139.0,-160.0,3.5
401360538,14,Caesars Sportsbook|Caesars Sportsbook (New Jersey)|Caesars Sportsbook (Pennsylvania)|DraftKings|Holland Casino|MGM|PointsBet|SugarHouse|Titanbets|Unibet|Westgate|accuscore|consensus|teamrankings,4.5,0.2192645048267573,234.5,168.5,-197.0,4.5
401360539,14,Caesars Sportsbook|Caesars Sportsbook (New Jersey)|Caesars Sportsbook (Pennsylvania)|DraftKings|Holland Casino|MGM|PointsBet|SugarHouse|Titanbets|Unibet|Westgate|accuscore|consensus|teamrankings,-3.5,0.0,211.5,-163.5,139.5,-3.5
401360540,14,Caesars Sportsbook|Caesars Sportsbook (New Jersey)|Caesars Sportsbook (Pennsylvania)|DraftKings|Holland Casino|MGM|PointsBet|SugarHouse|Titanbets|Unibet|Westgate|accuscore|consensus|teamrankings,3.0,0.13867504905630726,233.5,129.5,-150.0,3.0
401360541,14,Caesars Sportsbook|Caesars Sportsbook (Colorado)|Caesars Sportsbook (New Jersey)|Caesars Sportsbook (Pennsylvania)|DraftKings|Holland Casino|MGM|SugarHouse|Titanbets|Unibet|Westgate|accuscore|consensus|teamrankings,4.0,0.30786396310744096,217.0,145.0,-172.0,4.0
401360542,15,Caesars Sportsbook|Caesars Sportsbook (Colorado)|Caesars Sportsbook (New Jersey)|Caesars Sportsbook (Pennsylvania)|DraftKings|Holland Casino|MGM|PointsBet|SugarHouse|Titanbets|Unibet|Westgate|accuscore|consensus|teamrankings,2.0,0.26726124191242434,229.5,112.0,-131.0,2.0
401360543,15,Caesars Sportsbook|Caesars Sportsbook (Colorado)|Caesars Sportsbook (New Jersey)|Caesars Sportsbook (Pennsylvania)|DraftKings|Holland Casino|MGM|PointsBet|SugarHouse|Titanbets|Unibet|Westgate|accuscore|consensus|teamrankings,-1.0,0.7384644001776053,213.0,-118.0,100.0,-1.0
401360544,15,Caesars Sportsbook|Caesars Sportsbook (Colorado)|Caesars Sportsbook (New Jersey)|Caesars Sportsbook (Pennsylvania)|DraftKings|Holland Casino|MGM|PointsBet|SugarHouse|Titanbets|Unibet|Westgate|accuscore|consensus|teamrankings,-11.0,1.2838814775327387,227.5,-602.0,425.0,-11.0
401360545,14,Caesars Sportsbook|Caesars Sportsbook (Colorado)|Caesars Sportsbook (New Jersey)|Caesars Sportsbook (Pennsylvania)|DraftKings|Holland Casino|MGM|PointsBet|SugarHouse|Titanbets|Unibet|accuscore|consensus|teamrankings,3.0,0.4008918628686366,216.5,130.0,-150.0,3.0
401360546,14,Caesars Sportsbook|Caesars Sportsbook (Colorado)|Caesars Sportsbook (New Jersey)|Caesars Sportsbook (Pennsylvania)|DraftKings|Holland Casino|MGM|SugarHouse|Titanbets|Unibet|Westgate|accuscore|consensus|teamrankings,-6.0,0.2773500981126146,202.0,-240.0,200.0,-6.0
401360547,14,Caesars Sportsbook|Caesars Sportsbook (Colorado)|Caesars Sportsbook (New Jersey)|Caesars Sportsbook (Pennsylvania)|DraftKings|Holland Casino|MGM|SugarHouse|Titanbets|Unibet|Westgate|accuscore|consensus|teamrankings,4.0,0.23731557327466174,228.5,145.5,-172.0,4.0
401360548,14,Caesars Sportsbook|Caesars Sportsbook (Colorado)|Caesars Sportsbook (New Jersey)|Caesars Sportsbook (Pennsylvania)|DraftKings|MGM|PointsBet|SugarHouse|Titanbets|Unibet|Westgate|accuscore|consensus|teamrankings,4.0,0.3755338080994054,221.0,148.5,-170.0,4.0
401360549,14,Caesars Sportsbook|Caesars Sportsbook (New Jersey)|Caesars Sportsbook (Pennsylvania)|DraftKings|Holland Casino|MGM|PointsBet|SugarHouse|Titanbets|Unibet|Westgate|accuscore|consensus|teamrankings,1.0,0.7416198487095663,217.5,-105.0,-112.5,1.5
401360550,15,Caesars Sportsbook|Caesars Sportsbook (Colorado)|Caesars Sportsbook (New Jersey)|Caesars Sportsbook (Pennsylvania)|DraftKings|Holland Casino|MGM|PointsBet|SugarHouse|Titanbets|Unibet|Westgate|accuscore|consensus|teamrankings,1.0,0.4385290096535146,223.5,-109.0,-110.0,1.0
401360551,15,Caesars Sportsbook|Caesars Sportsbook (Colorado)|Caesars Sportsbook (New Jersey)|Caesars Sportsbook (Pennsylvania)|DraftKings|Holland Casino|MGM|PointsBet|SugarHouse|Titanbets|Unibet|Westgate|accuscore|consensus|teamrankings,4.5,0.26726124191242434,217.5,160.0,-194.0,4.5
401360552,14,Caesars Sportsbook|Caesars Sportsbook (Colorado)|Caesars Sportsbook (New Jersey)|Caesars Sportsbook (Pennsylvania)|DraftKings|Holland Casino|MGM|SugarHouse|Titanbets|Unibet|Westgate|accuscore|consensus|teamrankings,-5.75,1.9792883614022536,216.0,-240.0,198.0,-6.0
401360553,14,Caesars Sportsbook|Caesars Sportsbook (Colorado)|Caesars Sportsbook (New Jersey)|Caesars Sportsbook (Pennsylvania)|DraftKings|Holland Casino|MGM|SugarHouse|Titanbets|Unibet|Westgate|accuscore|consensus|teamrankings,-6.5,0.3779644730092272,229.5,-250.0,206.5,-6.5
401360554,14,Caesars Sportsbook|Caesars Sportsbook (Colorado)|Caesars Sportsbook (New Jersey)|Caesars Sportsbook (Pennsylvania)|DraftKings|MGM|PointsBet|SugarHouse|Titanbets|Unibet|Westgate|accuscore|consensus|teamrankings,-9.5,0.9607689228305228,226.0,-429.5,340.0,-9.5
401360555,14,Caesars Sportsbook|Caesars Sportsbook (Colorado)|Caesars Sportsbook (New Jersey)|Caesars Sportsbook (Pennsylvania)|DraftKings|MGM|PointsBet|SugarHouse|Titanbets|Unibet|Westgate|accuscore|consensus|teamrankings,-3.5,0.37553380809940534,216.0,-156.5,136.0,-3.5
401360556,14,Caesars Sportsbook|Caesars Sportsbook (Colorado)|Caesars Sportsbook (New Jersey)|Caesars Sportsbook (Pennsylvania)|DraftKings|MGM|PointsBet|SugarHouse|Titanbets|Unibet|Westgate|accuscore|consensus|teamrankings,-2.0,0.34436861586059725,217.5,-128.5,108.5,-2.0
401360557,14,Caesars Sportsbook|Caesars Sportsbook (Colorado)|Caesars Sportsbook (New Jersey)|Caesars Sportsbook (Pennsylvania)|DraftKings|MGM|PointsBet|SugarHouse|Titanbets|Unibet|Westgate|accuscore|consensus|teamrankings,-8.5,0.75955452531275,209.25,-350.0,290.0,-8.5
401360558,13,Caesars Sportsbook|Caesars Sportsbook (Colorado)|Caesars Sportsbook (New Jersey)|Caesars Sportsbook (Pennsylvania)|DraftKings|MGM|SugarHouse|Titanbets|Unibet|Westgate|accuscore|consensus|teamrankings,2.5,0.3755338080994054,234.5,125.0,-145.0,2.5
401360559,14,Caesars Sportsbook|Caesars Sportsbook (Colorado)|Caesars Sportsbook (New Jersey)|Caesars Sportsbook (Pennsylvania)|DraftKings|MGM|PointsBet|SugarHouse|Titanbets|Unibet|Westgate|accuscore|consensus|teamrankings,-5.0,1.3155870289605438,225.5,-193.5,165.0,-5.0
401360560,14,Caesars Sportsbook|Caesars Sportsbook (Colorado)|Caesars Sportsbook (New Jersey)|Caesars Sportsbook (Pennsylvania)|DraftKings|MGM|PointsBet|SugarHouse|Titanbets|Unibet|Westgate|accuscore|consensus|teamrankings,2.0,1.3228756555322954,222.0,110.0,-130.0,2.0
401360561,13,Caesars Sportsbook|Caesars Sportsbook (Colorado)|Caesars Sportsbook (New Jersey)|Caesars Sportsbook (Pennsylvania)|DraftKings|MGM|SugarHouse|Titanbets|Unibet|Westgate|accuscore|consensus|teamrankings,-2.0,0.25318484177091666,232.5,-130.0,110.0,-2.0
401360562,13,Caesars Sportsbook|Caesars Sportsbook (Colorado)|Caesars Sportsbook (New Jersey)|Caesars Sportsbook (Pennsylvania)|DraftKings|MGM|SugarHouse|Titanbets|Unibet|Westgate|accuscore|consensus|teamrankings,-8.0,0.5991446895152781,228.5,-350.0,280.0,-8.0
401360563,14,Caesars Sportsbook|Caesars Sportsbook (Colorado)|Caesars Sportsbook (New Jersey)|Caesars Sportsbook (Pennsylvania)|DraftKings|MGM|PointsBet|SugarHouse|Titanbets|Unibet|Westgate|accuscore|consensus|teamrankings,-9.0,0.2773500981126145,216.5,-404.0,320.0,-9.0
401360564,15,Caesars Sportsbook|Caesars Sportsbook (Colorado)|Caesars Sportsbook (New Jersey)|Caesars Sportsbook (Pennsylvania)|DraftKings|Holland Casino|MGM|PointsBet|SugarHouse|Titanbets|Unibet|Westgate|accuscore|consensus|teamrankings,6.5,0.7888299862788859,215.5,220.0,-270.0,6.5
401360565,15,Caesars Sportsbook|Caesars Sportsbook (Colorado)|Caesars Sportsbook (New Jersey)|Caesars Sportsbook (Pennsylvania)|DraftKings|Holland Casino|MGM|PointsBet|SugarHouse|Titanbets|Unibet|Westgate|accuscore|consensus|teamrankings,-10.5,0.37247317183424594,217.0,-550.0,400.0,-10.5
401360566,14,Caesars Sportsbook|Caesars Sportsbook (Colorado)|Caesars Sportsbook (New Jersey)|Caesars Sportsbook (Pennsylvania)|DraftKings|Holland Casino|MGM|SugarHouse|Titanbets|Unibet|Westgate|accuscore|consensus|teamrankings,-11.0,0.40089186286863654,219.25,-601.0,450.0,-10.5
401360567,14,Caesars Sportsbook|Caesars Sportsbook (Colorado)|Caesars Sportsbook (New Jersey)|Caesars Sportsbook (Pennsylvania)|DraftKings|Holland Casino|MGM|SugarHouse|Titanbets|Unibet|Westgate|accuscore|consensus|teamrankings,-2.5,1.2026755886059097,211.5,-140.0,120.0,-2.5
401360568,15,Caesars Sportsbook|Caesars Sportsbook (Colorado)|Caesars Sportsbook (New Jersey)|Caesars Sportsbook (Pennsylvania)|DraftKings|Holland Casino|MGM|PointsBet|SugarHouse|Titanbets|Unibet|Westgate|accuscore|consensus|teamrankings,-6.0,0.26726124191242434,227.5,-238.0,195.0,-6.0
401360569,15,Caesars Sportsbook|Caesars Sportsbook (Colorado)|Caesars Sportsbook (New Jersey)|Caesars Sportsbook (Pennsylvania)|DraftKings|Holland Casino|MGM|PointsBet|SugarHouse|Titanbets|Unibet|Westgate|accuscore|consensus|teamrankings,-10.5,2.3466717136975364,225.5,-548.0,400.0,-10.5
401360570,13,Caesars Sportsbook|Caesars Sportsbook (Colorado)|Caesars Sportsbook (New Jersey)|Caesars Sportsbook (Pennsylvania)|DraftKings|MGM|PointsBet|SugarHouse|Titanbets|Unibet|accuscore|consensus|teamrankings,-7.5,0.14433756729740643,224.5,-300.0,240.0,-7.5
401360571,14,Caesars Sportsbook|Caesars Sportsbook (Colorado)|Caesars Sportsbook (New Jersey)|Caesars Sportsbook (Pennsylvania)|DraftKings|MGM|PointsBet|SugarHouse|Titanbets|Unibet|Westgate|accuscore|consensus|teamrankings,-6.0,0.28867513459481287,226.0,-239.5,197.0,-6.0
401360572,15,Caesars Sportsbook|Caesars Sportsbook (Colorado)|Caesars Sportsbook (New Jersey)|Caesars Sportsbook (Pennsylvania)|DraftKings|Holland Casino|MGM|PointsBet|SugarHouse|Titanbets|Unibet|Westgate|accuscore|consensus|teamrankings,-5.0,0.6333236937766508,228.0,-200.0,170.0,-5.0
401360573,14,Caesars Sportsbook|Caesars Sportsbook (Colorado)|Caesars Sportsbook (New Jersey)|Caesars Sportsbook (Pennsylvania)|DraftKings|MGM|PointsBet|SugarHouse|Titanbets|Unibet|Westgate|accuscore|consensus|teamrankings,7.5,0.29957234475763905,207.5,270.0,-340.0,7.5
401360574,13,Caesars Sportsbook|Caesars Sportsbook (Colorado)|Caesars Sportsbook (New Jersey)|Caesars Sportsbook (Pennsylvania)|DraftKings|MGM|SugarHouse|Titanbets|Unibet|Westgate|accuscore|consensus|teamrankings,5.0,0.29957234475763905,212.5,170.0,-200.0,5.0
401360575,14,Caesars Sportsbook|Caesars Sportsbook (Colorado)|Caesars Sportsbook (New Jersey)|Caesars Sportsbook (Pennsylvania)|DraftKings|MGM|PointsBet|SugarHouse|Titanbets|Unibet|Westgate|accuscore|consensus|teamrankings,-6.5,0.18776690404970267,232.5,-245.5,203.5,-6.5
401360576,14,Caesars Sportsbook|Caesars Sportsbook (Colorado)|Caesars Sportsbook (New Jersey)|Caesars Sportsbook (Pennsylvania)|DraftKings|MGM|PointsBet|SugarHouse|Titanbets|Unibet|Westgate|accuscore|consensus|teamrankings,-2.0,0.24677405839641225,227.5,-126.0,109.5,-2.0
401360577,13,Caesars Sportsbook|Caesars Sportsbook (Colorado)|Caesars Sportsbook (New Jersey)|Caesars Sportsbook (Pennsylvania)|DraftKings|MGM|SugarHouse|Titanbets|Unibet|Westgate|accuscore|consensus|teamrankings,-13.0,0.3755338080994054,230.0,-1000.0,650.0,-13.5
401360578,14,Caesars Sportsbook|Caesars Sportsbook (Colorado)|Caesars Sportsbook (New Jersey)|Caesars Sportsbook (Pennsylvania)|DraftKings|Holland Casino|MGM|SugarHouse|Titanbets|Unibet|Westgate|accuscore|consensus|teamrankings,-4.5,1.3612574987936625,206.5,-200.0,170.0,-4.5
401360579,14,Caesars Sportsbook|Caesars Sportsbook (Colorado)|Caesars Sportsbook (New Jersey)|Caesars Sportsbook (Pennsylvania)|DraftKings|Holland Casino|MGM|SugarHouse|Titanbets|Unibet|Westgate|accuscore|consensus|teamrankings,-1.25,1.1019463300386794,223.5,-110.0,-110.0,-1.5
401360580,15,Caesars Sportsbook|Caesars Sportsbook (Colorado)|Caesars Sportsbook (New Jersey)|Caesars Sportsbook (Pennsylvania)|DraftKings|Holland Casino|MGM|PointsBet|SugarHouse|Titanbets|Unibet|Westgate|accuscore|consensus|teamrankings,3.5,2.5540852860371843,217.5,140.0,-160.0,3.5
401360581,15,Caesars Sportsbook|Caesars Sportsbook (Colorado)|Caesars Sportsbook (New Jersey)|Caesars Sportsbook (Pennsylvania)|DraftKings|Holland Casino|MGM|PointsBet|SugarHouse|Titanbets|Unibet|Westgate|accuscore|consensus|teamrankings,-6.5,1.5285739960952043,209.0,-250.0,210.0,-6.5
401360582,15,Caesars Sportsbook|Caesars Sportsbook (Colorado)|Caesars Sportsbook (New Jersey)|Caesars Sportsbook (Pennsylvania)|DraftKings|Holland Casino|MGM|PointsBet|SugarHouse|Titanbets|Unibet|Westgate|accuscore|consensus|teamrankings,-7.0,0.5801193511153214,212.0,-280.0,230.0,-7.0
401360583,15,Caesars Sportsbook|Caesars Sportsbook (Colorado)|Caesars Sportsbook (New Jersey)|Caesars Sportsbook (Pennsylvania)|DraftKings|Holland Casino|MGM|PointsBet|SugarHouse|Titanbets|Unibet|Westgate|accuscore|consensus|teamrankings,10.0,0.7272180923534245,231.5,400.0,-550.0,10.0
401360584,15,Caesars Sportsbook|Caesars Sportsbook (Colorado)|Caesars Sportsbook (New Jersey)|Caesars Sportsbook (Pennsylvania)|DraftKings|Holland Casino|MGM|PointsBet|SugarHouse|Titanbets|Unibet|Westgate|accuscore|consensus|teamrankings,3.5,0.2773500981126146,215.0,138.0,-160.0,3.5
401360585,15,Caesars Sportsbook|Caesars Sportsbook (Colorado)|Caesars Sportsbook (New Jersey)|Caesars Sportsbook (Pennsylvania)|DraftKings|Holland Casino|MGM|PointsBet|SugarHouse|Titanbets|Unibet|Westgate|accuscore|consensus|teamrankings,1.5,1.7728105208558367,217.5,114.0,-131.0,1.5
401360586,15,Caesars Sportsbook|Caesars Sportsbook (Colorado)|Caesars Sportsbook (New Jersey)|Caesars Sportsbook (Pennsylvania)|DraftKings|Holland Casino|MGM|PointsBet|SugarHouse|Titanbets|Unibet|Westgate|accuscore|consensus|teamrankings,2.0,1.6825706392434037,212.5,115.0,-135.0,2.0
401360587,15,Caesars Sportsbook|Caesars Sportsbook (Colorado)|Caesars Sportsbook (New Jersey)|Caesars Sportsbook (Pennsylvania)|DraftKings|Holland Casino|MGM|PointsBet|SugarHouse|Titanbets|Unibet|Westgate|accuscore|consensus|teamrankings,-11.5,0.23440361546924768,228.5,-700.0,500.0,-11.5
401360588,15,Caesars Sportsbook|Caesars Sportsbook (Colorado)|Caesars Sportsbook (New Jersey)|Caesars Sportsbook (Pennsylvania)|DraftKings|Holland Casino|MGM|PointsBet|SugarHouse|Titanbets|Unibet|Westgate|accuscore|consensus|teamrankings,-8.5,0.7559289460184544,223.0,-360.0,285.0,-8.0
401360589,15,Caesars Sportsbook|Caesars Sportsbook (Colorado)|Caesars Sportsbook (New Jersey)|Caesars Sportsbook (Pennsylvania)|DraftKings|Holland Casino|MGM|PointsBet|SugarHouse|Titanbets|Unibet|Westgate|accuscore|consensus|teamrankings,-1.5,1.204957707524657,228.5,-125.0,105.0,-1.5
401360590,14,Caesars Sportsbook|Caesars Sportsbook (Colorado)|Caesars Sportsbook (New Jersey)|Caesars Sportsbook (Pennsylvania)|DraftKings|Holland Casino|MGM|SugarHouse|Titanbets|Unibet|Westgate|accuscore|consensus|teamrankings,-6.0,4.04048876381923,219.0,-252.5,209.5,-6.5
401360591,15,Caesars Sportsbook|Caesars Sportsbook (Colorado)|Caesars Sportsbook (New Jersey)|Caesars Sportsbook (Pennsylvania)|DraftKings|Holland Casino|MGM|PointsBet|SugarHouse|Titanbets|Unibet|Westgate|accuscore|consensus|teamrankings,-7.0,0.44629118765199044,230.0,-275.0,230.0,-7.0
401360592,14,Caesars Sportsbook|Caesars Sportsbook (New Jersey)|Caesars Sportsbook (Pennsylvania)|DraftKings|Holland Casino|MGM|PointsBet|SugarHouse|Titanbets|Unibet|Westgate|accuscore|consensus|teamrankings,-3.5,0.7510676161988107,225.0,-160.0,140.0,-3.5
401360593,13,Caesars Sportsbook|Caesars Sportsbook (New Jersey)|Caesars Sportsbook (Pennsylvania)|DraftKings|Holland Casino|MGM|SugarHouse|Titanbets|Unibet|Westgate|accuscore|consensus|teamrankings,-10.0,0.24677405839641225,210.0,-540.0,400.0,-10.0
401360594,14,Caesars Sportsbook|Caesars Sportsbook (New Jersey)|Caesars Sportsbook (Pennsylvania)|DraftKings|Holland Casino|MGM|PointsBet|SugarHouse|Titanbets|Unibet|Westgate|accuscore|consensus|teamrankings,-6.5,0.7510676161988107,224.75,-250.0,205.0,-6.5
401360595,14,Caesars Sportsbook|Caesars Sportsbook (New Jersey)|Caesars Sportsbook (Pennsylvania)|DraftKings|Holland Casino|MGM|PointsBet|SugarHouse|Titanbets|Unibet|Westgate|accuscore|consensus|teamrankings,4.0,1.1616191175936175,217.0,149.0,-170.0,4.0
401360596,14,Caesars Sportsbook|Caesars Sportsbook (New Jersey)|Caesars Sportsbook (Pennsylvania)|DraftKings|Holland Casino|MGM|PointsBet|SugarHouse|Titanbets|Unibet|Westgate|accuscore|consensus|teamrankings,5.0,1.1336914969498584,217.5,165.0,-192.0,5.0
401360597,14,Caesars Sportsbook|Caesars Sportsbook (New Jersey)|Caesars Sportsbook (Pennsylvania)|DraftKings|Holland Casino|MGM|PointsBet|SugarHouse|Titanbets|Unibet|Westgate|accuscore|consensus|teamrankings,-12.0,0.24677405839641225,207.0,-800.0,550.0,-12.0
401360598,15,Caesars Sportsbook|Caesars Sportsbook (Colorado)|Caesars Sportsbook (New Jersey)|Caesars Sportsbook (Pennsylvania)|DraftKings|Holland Casino|MGM|PointsBet|SugarHouse|Titanbets|Unibet|Westgate|accuscore|consensus|teamrankings,-6.5,1.8415980876628635,215.5,-250.0,205.0,-6.5
401360599,13,Caesars Sportsbook|Caesars Sportsbook (Colorado)|Caesars Sportsbook (New Jersey)|Caesars Sportsbook (Pennsylvania)|DraftKings|Holland Casino|MGM|Titanbets|Unibet|Westgate|accuscore|consensus|teamrankings,5.0,0.2773500981126145,231.0,170.0,-200.0,5.0
401360600,14,Caesars Sportsbook|Caesars Sportsbook (Colorado)|Caesars Sportsbook (New Jersey)|Caesars Sportsbook (Pennsylvania)|DraftKings|Holland Casino|MGM|SugarHouse|Titanbets|Unibet|Westgate|accuscore|consensus|teamrankings,-4.0,0.2567762955065477,225.0,-170.0,145.0,-3.5
401360601,14,Caesars Sportsbook|Caesars Sportsbook (Colorado)|Caesars Sportsbook (New Jersey)|Caesars Sportsbook (Pennsylvania)|DraftKings|Holland Casino|MGM|SugarHouse|Titanbets|Unibet|Westgate|accuscore|consensus|teamrankings,7.0,2.7376094488632767,226.5,250.0,-305.5,7.5
401360602,14,Caesars Sportsbook|Caesars Sportsbook (Colorado)|Caesars Sportsbook (New Jersey)|Caesars Sportsbook (Pennsylvania)|DraftKings|Holland Casino|MGM|PointsBet|Titanbets|Unibet|Westgate|accuscore|consensus|teamrankings,3.0,0.8006407690254357,229.0,130.0,-150.0,3.0
401360603,15,Caesars Sportsbook|Caesars Sportsbook (Colorado)|Caesars Sportsbook (New Jersey)|Caesars Sportsbook (Pennsylvania)|DraftKings|Holland Casino|MGM|PointsBet|SugarHouse|Titanbets|Unibet|Westgate|accuscore|consensus|teamrankings,-1.5,0.46880723093849547,211.5,-125.0,106.0,-1.5
401360604,15,Caesars Sportsbook|Caesars Sportsbook (Colorado)|Caesars Sportsbook (New Jersey)|Caesars Sportsbook (Pennsylvania)|DraftKings|Holland Casino|MGM|PointsBet|SugarHouse|Titanbets|Unibet|Westgate|accuscore|consensus|teamrankings,-14.0,0.3779644730092273,224.5,-1100.0,700.0,-13.5
401360605,15,Caesars Sportsbook|Caesars Sportsbook (Colorado)|Caesars Sportsbook (New Jersey)|Caesars Sportsbook (Pennsylvania)|DraftKings|Holland Casino|MGM|PointsBet|SugarHouse|Titanbets|Unibet|Westgate|accuscore|consensus|teamrankings,-3.5,0.4643913658320325,219.0,-160.0,140.0,-3.5
401360606,13,Caesars Sportsbook|Caesars Sportsbook (Colorado)|Caesars Sportsbook (New Jersey)|Caesars Sportsbook (Pennsylvania)|DraftKings|MGM|SugarHouse|Titanbets|Unibet|Westgate|accuscore|consensus|teamrankings,-6.5,0.8046340145904207,217.0,-260.0,210.0,-6.5
401360607,14,Caesars Sportsbook|Caesars Sportsbook (Colorado)|Caesars Sportsbook (New Jersey)|Caesars Sportsbook (Pennsylvania)|DraftKings|MGM|PointsBet|SugarHouse|Titanbets|Unibet|Westgate|accuscore|consensus|teamrankings,10.5,1.1477402547212903,214.5,375.0,-500.0,10.5
401360608,13,Caesars Sportsbook|Caesars Sportsbook (Colorado)|Caesars Sportsbook (New Jersey)|Caesars Sportsbook (Pennsylvania)|DraftKings|MGM|SugarHouse|Titanbets|Unibet|Westgate|accuscore|consensus|teamrankings,1.0,0.5633007121491082,227.5,-105.0,-115.0,1.0
401360609,14,Caesars Sportsbook|Caesars Sportsbook (Colorado)|Caesars Sportsbook (New Jersey)|Caesars Sportsbook (Pennsylvania)|DraftKings|MGM|PointsBet|SugarHouse|Titanbets|Unibet|Westgate|accuscore|consensus|teamrankings,-2.5,0.5604485383178051,219.5,-135.0,115.0,-2.5
401360610,14,Caesars Sportsbook|Caesars Sportsbook (Colorado)|Caesars Sportsbook (New Jersey)|Caesars Sportsbook (Pennsylvania)|DraftKings|MGM|PointsBet|SugarHouse|Titanbets|Unibet|Westgate|accuscore|consensus|teamrankings,1.0,1.2060453783110543,210.5,-105.0,-113.0,1.0
401360611,14,Caesars Sportsbook|Caesars Sportsbook (Colorado)|Caesars Sportsbook (New Jersey)|Caesars Sportsbook (Pennsylvania)|DraftKings|MGM|PointsBet|SugarHouse|Titanbets|Unibet|Westgate|accuscore|consensus|teamrankings,-7.5,1.9879444350693198,237.0,-280.0,235.0,-7.5
401360612,14,Caesars Sportsbook|Caesars Sportsbook (Colorado)|Caesars Sportsbook (New Jersey)|Caesars Sportsbook (Pennsylvania)|DraftKings|MGM|PointsBet|SugarHouse|Titanbets|Unibet|Westgate|accuscore|consensus|teamrankings,-5.5,0.0,228.5,-220.0,181.0,-5.5
401360613,13,Caesars Sportsbook|Caesars Sportsbook (Colorado)|Caesars Sportsbook (New Jersey)|Caesars Sportsbook (Pennsylvania)|DraftKings|MGM|SugarHouse|Titanbets|Unibet|Westgate|accuscore|consensus|teamrankings,-5.5,0.13867504905630726,223.0,-220.0,180.0,-5.5
401360614,13,Caesars Sportsbook|Caesars Sportsbook (Colorado)|Caesars Sportsbook (New Jersey)|Caesars Sportsbook (Pennsylvania)|DraftKings|MGM|SugarHouse|Titanbets|Unibet|Westgate|accuscore|consensus|teamrankings,-6.0,0.599144689515278,213.5,-250.0,205.0,-6.0
401360615,15,Caesars Sportsbook|Caesars Sportsbook (Colorado)|Caesars Sportsbook (New Jersey)|Caesars Sportsbook (Pennsylvania)|DraftKings|Holland Casino|MGM|PointsBet|SugarHouse|Titanbets|Unibet|Westgate|accuscore|consensus|teamrankings,8.5,0.42581531362632014,227.0,310.0,-400.0,8.5
401360616,15,Caesars Sportsbook|Caesars Sportsbook (Colorado)|Caesars Sportsbook (New Jersey)|Caesars Sportsbook (Pennsylvania)|DraftKings|Holland Casino|MGM|PointsBet|SugarHouse|Titanbets|Unibet|Westgate|accuscore|consensus|teamrankings,3.0,0.43221891075378327,227.0,125.0,-145.0,2.5
401360617,15,Caesars Sportsbook|Caesars Sportsbook (Colorado)|Caesars Sportsbook (New Jersey)|Caesars Sportsbook (Pennsylvania)|DraftKings|Holland Casino|MGM|PointsBet|SugarHouse|Titanbets|Unibet|Westgate|accuscore|consensus|teamrankings,7.5,0.23440361546924773,219.5,280.0,-350.0,7.5
401360618,15,Caesars Sportsbook|Caesars Sportsbook (Colorado)|Caesars Sportsbook (New Jersey)|Caesars Sportsbook (Pennsylvania)|DraftKings|Holland Casino|MGM|PointsBet|SugarHouse|Titanbets|Unibet|Westgate|accuscore|consensus|teamrankings,-5.0,1.5032017112202156,216.0,-208.0,175.0,-5.0
401360619,14,Caesars Sportsbook|Caesars Sportsbook (Colorado)|Caesars Sportsbook (New Jersey)|Caesars Sportsbook (Pennsylvania)|DraftKings|Holland Casino|MGM|SugarHouse|Titanbets|Unibet|Westgate|accuscore|consensus|teamrankings,10.5,0.4008918628686365,229.5,425.0,-577.5,10.5
401360620,15,Caesars Sportsbook|Caesars Sportsbook (Colorado)|Caesars Sportsbook (New Jersey)|Caesars Sportsbook (Pennsylvania)|DraftKings|Holland Casino|MGM|PointsBet|SugarHouse|Titanbets|Unibet|Westgate|accuscore|consensus|teamrankings,-7.5,0.4385290096535146,211.5,-320.0,260.0,-7.5
401360621,15,Caesars Sportsbook|Caesars Sportsbook (Colorado)|Caesars Sportsbook (New Jersey)|Caesars Sportsbook (Pennsylvania)|DraftKings|Holland Casino|MGM|PointsBet|SugarHouse|Titanbets|Unibet|Westgate|accuscore|consensus|teamrankings,4.0,0.3166618468883254,219.5,145.0,-170.0,4.0
401360622,14,Caesars Sportsbook|Caesars Sportsbook (Colorado)|Caesars Sportsbook (New Jersey)|Caesars Sportsbook (Pennsylvania)|DraftKings|Holland Casino|MGM|SugarHouse|Titanbets|Unibet|Westgate|accuscore|consensus|teamrankings,-12.5,0.3631365196012814,231.0,-900.0,600.0,-12.5
401360623,15,Caesars Sportsbook|Caesars Sportsbook (Colorado)|Caesars Sportsbook (New Jersey)|Caesars Sportsbook (Pennsylvania)|DraftKings|Holland Casino|MGM|PointsBet|SugarHouse|Titanbets|Unibet|Westgate|accuscore|consensus|teamrankings,-8.25,1.041052932751841,227.5,-357.0,285.0,-8.5
401360624,15,Caesars Sportsbook|Caesars Sportsbook (Colorado)|Caesars Sportsbook (New Jersey)|Caesars Sportsbook (Pennsylvania)|DraftKings|Holland Casino|MGM|PointsBet|SugarHouse|Titanbets|Unibet|Westgate|accuscore|consensus|teamrankings,-7.0,0.2567762955065477,213.5,-270.0,225.0,-6.5
401360625,14,Caesars Sportsbook|Caesars Sportsbook (Colorado)|Caesars Sportsbook (New Jersey)|Caesars Sportsbook (Pennsylvania)|DraftKings|Holland Casino|MGM|SugarHouse|Titanbets|Unibet|Westgate|accuscore|consensus|teamrankings,9.5,0.7495419846901084,215.0,360.0,-475.0,9.5
401360626,15,Caesars Sportsbook|Caesars Sportsbook (Colorado)|Caesars Sportsbook (New Jersey)|Caesars Sportsbook (Pennsylvania)|DraftKings|Holland Casino|MGM|PointsBet|SugarHouse|Titanbets|Unibet|Westgate|accuscore|consensus|teamrankings,-1.0,1.5221577729375775,223.5,-110.0,-110.0,
401360627,14,Caesars Sportsbook|Caesars Sportsbook (Colorado)|Caesars Sportsbook (New Jersey)|Caesars Sportsbook (Pennsylvania)|DraftKings|Holland Casino|MGM|SugarHouse|Titanbets|Unibet|Westgate|accuscore|consensus|teamrankings,6.5,1.1069212823298347,226.5,212.5,-252.5,6.5
401360628,15,Caesars Sportsbook|Caesars Sportsbook (Colorado)|Caesars Sportsbook (New Jersey)|Caesars Sportsbook (Pennsylvania)|DraftKings|Holland Casino|MGM|PointsBet|SugarHouse|Titanbets|Unibet|Westgate|accuscore|consensus|teamrankings,4.5,0.3314967720658979,226.5,165.0,-199.0,4.5
401360629,15,Caesars Sportsbook|Caesars Sportsbook (Colorado)|Caesars Sportsbook (New Jersey)|Caesars Sportsbook (Pennsylvania)|DraftKings|Holland Casino|MGM|PointsBet|SugarHouse|Titanbets|Unibet|Westgate|accuscore|consensus|teamrankings,1.0,1.137348058450273,224.0,-105.0,-115.0,1.0
401360630,15,Caesars Sportsbook|Caesars Sportsbook (Colorado)|Caesars Sportsbook (New Jersey)|Caesars Sportsbook (Pennsylvania)|DraftKings|Holland Casino|MGM|PointsBet|SugarHouse|Titanbets|Unibet|Westgate|accuscore|consensus|teamrankings,7.0,0.97001755960089,207.5,230.0,-281.0,7.0
401360631,15,Caesars Sportsbook|Caesars Sportsbook (Colorado)|Caesars Sportsbook (New Jersey)|Caesars Sportsbook (Pennsylvania)|DraftKings|Holland Casino|MGM|PointsBet|SugarHouse|Titanbets|Unibet|Westgate|accuscore|consensus|teamrankings,6.5,0.4127101529277786,228.5,225.0,-266.0,6.5
401360632,14,Caesars Sportsbook|Caesars Sportsbook (Colorado)|Caesars Sportsbook (New Jersey)|Caesars Sportsbook (Pennsylvania)|DraftKings|Holland Casino|MGM|SugarHouse|Titanbets|Unibet|Westgate|accuscore|consensus|teamrankings,12.0,0.23731557327466166,210.0,571.5,-830.5,12.0
401360633,14,Caesars Sportsbook|Caesars Sportsbook (Colorado)|Caesars Sportsbook (New Jersey)|Caesars Sportsbook (Pennsylvania)|DraftKings|Holland Casino|MGM|SugarHouse|Titanbets|Unibet|Westgate|accuscore|consensus|teamrankings,-6.75,0.5705694090550689,218.5,-300.0,237.5,-6.5
401360634,15,Caesars Sportsbook|Caesars Sportsbook (Colorado)|Caesars Sportsbook (New Jersey)|Caesars Sportsbook (Pennsylvania)|DraftKings|Holland Casino|MGM|PointsBet|SugarHouse|Titanbets|Unibet|Westgate|accuscore|consensus|teamrankings,-1.5,0.4803844614152614,217.5,-116.0,100.0,-1.5
401360635,15,Caesars Sportsbook|Caesars Sportsbook (Colorado)|Caesars Sportsbook (New Jersey)|Caesars Sportsbook (Pennsylvania)|DraftKings|Holland Casino|MGM|PointsBet|SugarHouse|Titanbets|Unibet|Westgate|accuscore|consensus|teamrankings,-12.5,1.1720180773462385,227.5,-900.0,600.0,-13.0
401360636,15,Caesars Sportsbook|Caesars Sportsbook (Colorado)|Caesars Sportsbook (New Jersey)|Caesars Sportsbook (Pennsylvania)|DraftKings|Holland Casino|MGM|PointsBet|SugarHouse|Titanbets|Unibet|Westgate|accuscore|consensus|teamrankings,9.5,1.016349857562362,213.5,350.0,-450.0,9.5
401360637,14,Caesars Sportsbook|Caesars Sportsbook (Colorado)|Caesars Sportsbook (New Jersey)|Caesars Sportsbook (Pennsylvania)|DraftKings|Holland Casino|MGM|SugarHouse|Titanbets|Unibet|Westgate|accuscore|consensus|teamrankings,-8.0,0.3314967720658979,226.5,-350.0,275.0,-7.5
401360638,15,Caesars Sportsbook|Caesars Sportsbook (Colorado)|Caesars Sportsbook (New Jersey)|Caesars Sportsbook (Pennsylvania)|DraftKings|Holland Casino|MGM|PointsBet|SugarHouse|Titanbets|Unibet|Westgate|accuscore|consensus|teamrankings,-8.5,0.5135525910130955,224.5,-400.0,320.0,-8.5
401360639,15,Caesars Sportsbook|Caesars Sportsbook (Colorado)|Caesars Sportsbook (New Jersey)|Caesars Sportsbook (Pennsylvania)|DraftKings|Holland Casino|MGM|PointsBet|SugarHouse|Titanbets|Unibet|Westgate|accuscore|consensus|teamrankings,-11.0,0.23731557327466166,212.0,-650.0,454.0,-11.0
401360640,15,Caesars Sportsbook|Caesars Sportsbook (Colorado)|Caesars Sportsbook (New Jersey)|Caesars Sportsbook (Pennsylvania)|DraftKings|Holland Casino|MGM|PointsBet|SugarHouse|Titanbets|Unibet|Westgate|accuscore|consensus|teamrankings,-9.0,0.9168747682531899,221.0,-400.0,320.0,-9.0
401360641,15,Caesars Sportsbook|Caesars Sportsbook (Colorado)|Caesars Sportsbook (New Jersey)|Caesars Sportsbook (Pennsylvania)|DraftKings|Holland Casino|MGM|PointsBet|SugarHouse|Titanbets|Unibet|Westgate|accuscore|consensus|teamrankings,3.5,0.13363062095621217,234.5,145.0,-170.0,3.5
401360642,14,Caesars Sportsbook (Colorado)|Caesars Sportsbook (New Jersey)|Caesars Sportsbook (Pennsylvania)|DraftKings|Holland Casino|MGM|PointsBet|SugarHouse|Titanbets|Unibet|Westgate|accuscore|consensus|teamrankings,1.0,1.7125105277610144,222.0,-105.0,-115.0,1.0
401360643,14,Caesars Sportsbook|Caesars Sportsbook (Colorado)|Caesars Sportsbook (New Jersey)|Caesars Sportsbook (Pennsylvania)|DraftKings|Holland Casino|MGM|SugarHouse|Titanbets|Unibet|Westgate|accuscore|consensus|teamrankings,7.5,0.4643913658320326,235.0,250.0,-305.0,7.5
401360644,14,Caesars Sportsbook|Caesars Sportsbook (Colorado)|Caesars Sportsbook (New Jersey)|Caesars Sportsbook (Pennsylvania)|DraftKings|Holland Casino|MGM|SugarHouse|Titanbets|Unibet|Westgate|accuscore|consensus|teamrankings,-5.5,0.42742520713255516,218.0,-246.5,200.0,-5.5
401360645,15,Caesars Sportsbook|Caesars Sportsbook (Colorado)|Caesars Sportsbook (New Jersey)|Caesars Sportsbook (Pennsylvania)|DraftKings|Holland Casino|MGM|PointsBet|SugarHouse|Titanbets|Unibet|Westgate|accuscore|consensus|teamrankings,1.5,0.6021937915964948,237.0,105.0,-125.0,1.5
401360646,15,Caesars Sportsbook|Caesars Sportsbook (Colorado)|Caesars Sportsbook (New Jersey)|Caesars Sportsbook (Pennsylvania)|DraftKings|Holland Casino|MGM|PointsBet|SugarHouse|Titanbets|Unibet|Westgate|accuscore|consensus|teamrankings,10.0,0.43221891075378316,204.5,425.0,-550.0,10.5
401360647,15,Caesars Sportsbook|Caesars Sportsbook (Colorado)|Caesars Sportsbook (New Jersey)|Caesars Sportsbook (Pennsylvania)|DraftKings|Holland Casino|MGM|PointsBet|SugarHouse|Titanbets|Unibet|Westgate|accuscore|consensus|teamrankings,-1.0,0.5693644036781929,226.5,-119.0,100.0,-1.0
401360648,15,Caesars Sportsbook|Caesars Sportsbook (Colorado)|Caesars Sportsbook (New Jersey)|Caesars Sportsbook (Pennsylvania)|DraftKings|Holland Casino|MGM|PointsBet|SugarHouse|Titanbets|Unibet|Westgate|accuscore|consensus|teamrankings,8.5,0.5883484054145521,222.5,330.0,-425.0,9.0
401360649,15,Caesars Sportsbook|Caesars Sportsbook (Colorado)|Caesars Sportsbook (New Jersey)|Caesars Sportsbook (Pennsylvania)|DraftKings|Holland Casino|MGM|PointsBet|SugarHouse|Titanbets|Unibet|Westgate|accuscore|consensus|teamrankings,7.5,0.6256864362310537,236.5,270.0,-336.0,7.5
401360650,14,Caesars Sportsbook|Caesars Sportsbook (New Jersey)|Caesars Sportsbook (Pennsylvania)|DraftKings|Holland Casino|MGM|PointsBet|SugarHouse|Titanbets|Unibet|Westgate|accuscore|consensus|teamrankings,11.5,0.8066232240898012,224.5,500.0,-700.0,11.5
401360651,14,Caesars Sportsbook|Caesars Sportsbook (New Jersey)|Caesars Sportsbook (Pennsylvania)|DraftKings|Holland Casino|MGM|PointsBet|SugarHouse|Titanbets|Unibet|Westgate|accuscore|consensus|teamrankings,-1.0,0.2192645048267573,218.5,-117.5,100.0,-1.0
401360652,14,Caesars Sportsbook|Caesars Sportsbook (New Jersey)|Caesars Sportsbook (Pennsylvania)|DraftKings|Holland Casino|MGM|PointsBet|SugarHouse|Titanbets|Unibet|Westgate|accuscore|consensus|teamrankings,4.0,0.5773502691896257,217.0,145.0,-170.0,3.5
401360653,14,Caesars Sportsbook|Caesars Sportsbook (New Jersey)|Caesars Sportsbook (Pennsylvania)|DraftKings|Holland Casino|MGM|PointsBet|SugarHouse|Titanbets|Unibet|Westgate|accuscore|consensus|teamrankings,7.5,0.3881250129030924,224.5,257.5,-320.0,7.5
401360654,14,Caesars Sportsbook|Caesars Sportsbook (New Jersey)|Caesars Sportsbook (Pennsylvania)|DraftKings|Holland Casino|MGM|PointsBet|SugarHouse|Titanbets|Unibet|Westgate|accuscore|consensus|teamrankings,-6.0,0.2773500981126145,215.0,-250.5,210.0,-6.0
401360655,13,Caesars Sportsbook|Caesars Sportsbook (New Jersey)|Caesars Sportsbook (Pennsylvania)|DraftKings|Holland Casino|MGM|SugarHouse|Titanbets|Unibet|Westgate|accuscore|consensus|teamrankings,-3.0,0.2192645048267573,233.5,-152.0,130.0,-3.0
401360656,14,Caesars Sportsbook|Caesars Sportsbook (New Jersey)|Caesars Sportsbook (Pennsylvania)|DraftKings|Holland Casino|MGM|PointsBet|SugarHouse|Titanbets|Unibet|Westgate|accuscore|consensus|teamrankings,-9.0,0.24019223070763066,216.5,-430.0,343.0,-9.0
401360657,13,Caesars Sportsbook|Caesars Sportsbook (New Jersey)|Caesars Sportsbook (Pennsylvania)|DraftKings|Holland Casino|MGM|SugarHouse|Titanbets|Unibet|Westgate|accuscore|consensus|teamrankings,6.0,0.5063696835418333,227.5,200.0,-245.0,6.0
401360658,14,Caesars Sportsbook|Caesars Sportsbook (New Jersey)|Caesars Sportsbook (Pennsylvania)|DraftKings|Holland Casino|MGM|PointsBet|SugarHouse|Titanbets|Unibet|Westgate|accuscore|consensus|teamrankings,6.0,0.47366546671567095,215.75,200.0,-247.5,6.0
401360659,14,Caesars Sportsbook|Caesars Sportsbook (New Jersey)|Caesars Sportsbook (Pennsylvania)|DraftKings|Holland Casino|MGM|PointsBet|SugarHouse|Titanbets|Unibet|Westgate|accuscore|consensus|teamrankings,-14.0,2.498717619818162,206.5,-1200.0,700.0,-14.0
401360660,13,Caesars Sportsbook|Caesars Sportsbook (New Jersey)|Caesars Sportsbook (Pennsylvania)|DraftKings|Holland Casino|MGM|SugarHouse|Titanbets|Unibet|Westgate|accuscore|consensus|teamrankings,-9.0,0.6650621717611762,233.0,-400.0,320.0,-9.0
401360661,14,Caesars Sportsbook|Caesars Sportsbook (New Jersey)|Caesars Sportsbook (Pennsylvania)|DraftKings|Holland Casino|MGM|PointsBet|SugarHouse|Titanbets|Unibet|Westgate|accuscore|consensus|teamrankings,-6.5,0.7467879938056768,218.5,-260.0,214.5,-6.5
401360662,14,Caesars Sportsbook|Caesars Sportsbook (New Jersey)|Caesars Sportsbook (Pennsylvania)|DraftKings|Holland Casino|MGM|PointsBet|SugarHouse|Titanbets|Unibet|Westgate|accuscore|consensus|teamrankings,-1.0,1.0606601717798212,241.0,-120.0,100.0,-1.0
401360663,11,Caesars Sportsbook|Caesars Sportsbook (New Jersey)|Caesars Sportsbook (Pennsylvania)|DraftKings|Holland Casino|MGM|PointsBet|Titanbets|accuscore|consensus|teamrankings,-11.5,0.7745966692414834,222.5,-800.0,550.0,-11.5
401360664,15,Caesars Sportsbook|Caesars Sportsbook (Colorado)|Caesars Sportsbook (New Jersey)|Caesars Sportsbook (Pennsylvania)|DraftKings|Holland Casino|MGM|PointsBet|SugarHouse|Titanbets|Unibet|Westgate|accuscore|consensus|teamrankings,4.5,0.19611613513818404,216.5,160.0,-185.0,4.5
401360665,14,Caesars Sportsbook|Caesars Sportsbook (Colorado)|Caesars Sportsbook (New Jersey)|Caesars Sportsbook (Pennsylvania)|DraftKings|Holland Casino|MGM|SugarHouse|Titanbets|Unibet|Westgate|accuscore|consensus|teamrankings,6.5,0.49724515809884695,239.5,230.0,-280.0,6.5
401360666,14,Caesars Sportsbook|Caesars Sportsbook (Colorado)|Caesars Sportsbook (New Jersey)|Caesars Sportsbook (Pennsylvania)|DraftKings|Holland Casino|MGM|SugarHouse|Titanbets|Unibet|Westgate|accuscore|consensus|teamrankings,3.0,0.8052028616141701,226.0,128.0,-150.0,3.0
401360667,14,Caesars Sportsbook|Caesars Sportsbook (Colorado)|Caesars Sportsbook (New Jersey)|Caesars Sportsbook (Pennsylvania)|DraftKings|Holland Casino|MGM|SugarHouse|Titanbets|Unibet|Westgate|accuscore|consensus|teamrankings,-6.5,0.5409088810348908,230.5,-250.0,210.0,-6.5
401360668,15,Caesars Sportsbook|Caesars Sportsbook (Colorado)|Caesars Sportsbook (New Jersey)|Caesars Sportsbook (Pennsylvania)|DraftKings|Holland Casino|MGM|PointsBet|SugarHouse|Titanbets|Unibet|Westgate|accuscore|consensus|teamrankings,-2.5,0.711946719823985,209.5,-143.0,120.0,-2.5
401360669,15,Caesars Sportsbook|Caesars Sportsbook (Colorado)|Caesars Sportsbook (New Jersey)|Caesars Sportsbook (Pennsylvania)|DraftKings|Holland Casino|MGM|PointsBet|SugarHouse|Titanbets|Unibet|Westgate|accuscore|consensus|teamrankings,-5.5,0.5447047794019222,222.0,-210.0,175.0,-5.5
401360670,15,Caesars Sportsbook|Caesars Sportsbook (Colorado)|Caesars Sportsbook (New Jersey)|Caesars Sportsbook (Pennsylvania)|DraftKings|Holland Casino|MGM|PointsBet|SugarHouse|Titanbets|Unibet|Westgate|accuscore|consensus|teamrankings,-11.5,0.4008918628686365,223.0,-675.0,475.0,-11.5
401360671,15,Caesars Sportsbook|Caesars Sportsbook (Colorado)|Caesars Sportsbook (New Jersey)|Caesars Sportsbook (Pennsylvania)|DraftKings|Holland Casino|MGM|PointsBet|SugarHouse|Titanbets|Unibet|Westgate|accuscore|consensus|teamrankings,-10.0,0.6722522420364822,217.5,-630.0,450.0,-10.0
401360672,14,Caesars Sportsbook|Caesars Sportsbook (Colorado)|Caesars Sportsbook (New Jersey)|Caesars Sportsbook (Pennsylvania)|DraftKings|Holland Casino|MGM|SugarHouse|Titanbets|Unibet|Westgate|accuscore|consensus|teamrankings,-6.5,0.24862257904942345,213.5,-280.0,230.0,-6.5
401360673,14,Caesars Sportsbook|Caesars Sportsbook (Colorado)|Caesars Sportsbook (New Jersey)|Caesars Sportsbook (Pennsylvania)|DraftKings|Holland Casino|MGM|SugarHouse|Titanbets|Unibet|Westgate|accuscore|consensus|teamrankings,-6.5,0.1336306209562122,225.5,-270.0,220.0,-6.5
401360674,15,Caesars Sportsbook|Caesars Sportsbook (Colorado)|Caesars Sportsbook (New Jersey)|Caesars Sportsbook (Pennsylvania)|DraftKings|Holland Casino|MGM|PointsBet|SugarHouse|Titanbets|Unibet|Westgate|accuscore|consensus|teamrankings,-16.5,0.3631365196012814,222.5,-2000.0,1075.0,-16.5
401360675,15,Caesars Sportsbook|Caesars Sportsbook (Colorado)|Caesars Sportsbook (New Jersey)|Caesars Sportsbook (Pennsylvania)|DraftKings|Holland Casino|MGM|PointsBet|SugarHouse|Titanbets|Unibet|Westgate|accuscore|consensus|teamrankings,-7.5,0.6681531047810609,223.5,-300.0,242.0,-7.5
401360676,15,Caesars Sportsbook|Caesars Sportsbook (Colorado)|Caesars Sportsbook (New Jersey)|Caesars Sportsbook (Pennsylvania)|DraftKings|Holland Casino|MGM|PointsBet|SugarHouse|Titanbets|Unibet|Westgate|accuscore|consensus|teamrankings,7.5,0.6157279262148818,239.5,250.0,-310.0,7.5
401360677,15,Caesars Sportsbook|Caesars Sportsbook (Colorado)|Caesars Sportsbook (New Jersey)|Caesars Sportsbook (Pennsylvania)|DraftKings|Holland Casino|MGM|PointsBet|SugarHouse|Titanbets|Unibet|Westgate|accuscore|consensus|teamrankings,-3.5,0.3650229557736858,217.5,-160.0,140.0,-3.5
401360678,14,Caesars Sportsbook|Caesars Sportsbook (Colorado)|Caesars Sportsbook (New Jersey)|Caesars Sportsbook (Pennsylvania)|DraftKings|Holland Casino|MGM|SugarHouse|Titanbets|Unibet|Westgate|accuscore|consensus|teamrankings,1.5,0.9168747682531899,229.5,105.0,-125.0,1.5
401360679,15,Caesars Sportsbook|Caesars Sportsbook (Colorado)|Caesars Sportsbook (New Jersey)|Caesars Sportsbook (Pennsylvania)|DraftKings|Holland Casino|MGM|PointsBet|SugarHouse|Titanbets|Unibet|Westgate|accuscore|consensus|teamrankings,-10.0,0.6021937915964948,206.5,-500.0,385.0,-10.0
401360680,15,Caesars Sportsbook|Caesars Sportsbook (Colorado)|Caesars Sportsbook (New Jersey)|Caesars Sportsbook (Pennsylvania)|DraftKings|Holland Casino|MGM|PointsBet|SugarHouse|Titanbets|Unibet|Westgate|accuscore|consensus|teamrankings,-3.0,0.575364194266515,234.0,-150.0,130.0,-3.0
401360681,15,Caesars Sportsbook|Caesars Sportsbook (Colorado)|Caesars Sportsbook (New Jersey)|Caesars Sportsbook (Pennsylvania)|DraftKings|Holland Casino|MGM|PointsBet|SugarHouse|Titanbets|Unibet|Westgate|accuscore|consensus|teamrankings,-11.0,1.1998168358380537,226.0,-670.0,475.0,-11.0
401360682,15,Caesars Sportsbook|Caesars Sportsbook (Colorado)|Caesars Sportsbook (New Jersey)|Caesars Sportsbook (Pennsylvania)|DraftKings|Holland Casino|MGM|PointsBet|SugarHouse|Titanbets|Unibet|Westgate|accuscore|consensus|teamrankings,3.5,0.3631365196012815,219.5,140.0,-165.0,3.5
401360683,15,Caesars Sportsbook|Caesars Sportsbook (Colorado)|Caesars Sportsbook (New Jersey)|Caesars Sportsbook (Pennsylvania)|DraftKings|Holland Casino|MGM|PointsBet|SugarHouse|Titanbets|Unibet|Westgate|accuscore|consensus|teamrankings,-11.0,0.3496466033765339,223.0,-670.0,475.0,-11.0
401360684,14,Caesars Sportsbook|Caesars Sportsbook (Colorado)|Caesars Sportsbook (New Jersey)|Caesars Sportsbook (Pennsylvania)|DraftKings|Holland Casino|MGM|SugarHouse|Titanbets|Unibet|Westgate|accuscore|consensus|teamrankings,-15.5,0.8017837257372732,232.5,-1613.0,900.0,-16.0
401360685,14,Caesars Sportsbook|Caesars Sportsbook (Colorado)|Caesars Sportsbook (New Jersey)|Caesars Sportsbook (Pennsylvania)|DraftKings|Holland Casino|MGM|SugarHouse|Titanbets|Unibet|Westgate|accuscore|consensus|teamrankings,6.0,0.23731557327466174,218.5,200.0,-249.5,6.0
401360686,15,Caesars Sportsbook|Caesars Sportsbook (Colorado)|Caesars Sportsbook (New Jersey)|Caesars Sportsbook (Pennsylvania)|DraftKings|Holland Casino|MGM|PointsBet|SugarHouse|Titanbets|Unibet|Westgate|accuscore|consensus|teamrankings,-2.5,1.8460679925092234,221.5,-136.0,115.0,-2.5
401360687,15,Caesars Sportsbook|Caesars Sportsbook (Colorado)|Caesars Sportsbook (New Jersey)|Caesars Sportsbook (Pennsylvania)|DraftKings|Holland Casino|MGM|PointsBet|SugarHouse|Titanbets|Unibet|Westgate|accuscore|consensus|teamrankings,-5.5,1.499542054637473,211.0,-200.0,175.0,-5.5
401360688,14,Caesars Sportsbook|Caesars Sportsbook (Colorado)|Caesars Sportsbook (New Jersey)|Caesars Sportsbook (Pennsylvania)|DraftKings|Holland Casino|MGM|SugarHouse|Titanbets|Unibet|Westgate|accuscore|consensus|teamrankings,2.0,0.34964660337653397,209.0,110.0,-130.0,1.5
401360689,15,Caesars Sportsbook|Caesars Sportsbook (Colorado)|Caesars Sportsbook (New Jersey)|Caesars Sportsbook (Pennsylvania)|DraftKings|Holland Casino|MGM|PointsBet|SugarHouse|Titanbets|Unibet|Westgate|accuscore|consensus|teamrankings,-14.5,1.05090228108783,238.5,-1100.0,700.0,-14.5
401360690,15,Caesars Sportsbook|Caesars Sportsbook (Colorado)|Caesars Sportsbook (New Jersey)|Caesars Sportsbook (Pennsylvania)|DraftKings|Holland Casino|MGM|PointsBet|SugarHouse|Titanbets|Unibet|Westgate|accuscore|consensus|teamrankings,-6.0,0.24862257904942345,244.0,-250.0,200.0,-6.0
401360691,15,Caesars Sportsbook|Caesars Sportsbook (Colorado)|Caesars Sportsbook (New Jersey)|Caesars Sportsbook (Pennsylvania)|DraftKings|Holland Casino|MGM|PointsBet|SugarHouse|Titanbets|Unibet|Westgate|accuscore|consensus|teamrankings,3.5,0.46439136583203255,225.5,140.0,-160.0,3.5
401360692,14,Caesars Sportsbook|Caesars Sportsbook (Colorado)|Caesars Sportsbook (New Jersey)|Caesars Sportsbook (Pennsylvania)|DraftKings|MGM|PointsBet|SugarHouse|Titanbets|Unibet|Westgate|accuscore|consensus|teamrankings,-12.5,0.2531848417709166,221.5,-975.0,637.5,-12.5
401360693,14,Caesars Sportsbook|Caesars Sportsbook (Colorado)|Caesars Sportsbook (New Jersey)|Caesars Sportsbook (Pennsylvania)|DraftKings|Holland Casino|MGM|SugarHouse|Titanbets|Unibet|Westgate|accuscore|consensus|teamrankings,5.5,0.13363062095621217,227.0,180.0,-215.0,5.5
401360694,15,Caesars Sportsbook|Caesars Sportsbook (Colorado)|Caesars Sportsbook (New Jersey)|Caesars Sportsbook (Pennsylvania)|DraftKings|Holland Casino|MGM|PointsBet|SugarHouse|Titanbets|Unibet|Westgate|accuscore|consensus|teamrankings,-12.5,0.13363062095621217,213.0,-900.0,600.0,-12.5
401360695,15,Caesars Sportsbook|Caesars Sportsbook (Colorado)|Caesars Sportsbook (New Jersey)|Caesars Sportsbook (Pennsylvania)|DraftKings|Holland Casino|MGM|PointsBet|SugarHouse|Titanbets|Unibet|Westgate|accuscore|consensus|teamrankings,-1.0,0.25819888974716115,226.0,-113.0,-105.0,-1.5
401360696,15,Caesars Sportsbook|Caesars Sportsbook (Colorado)|Caesars Sportsbook (New Jersey)|Caesars Sportsbook (Pennsylvania)|DraftKings|Holland Casino|MGM|PointsBet|SugarHouse|Titanbets|Unibet|Westgate|accuscore|consensus|teamrankings,-4.5,0.7234304723687331,215.0,-200.0,170.0,-4.5
401360697,15,Caesars Sportsbook|Caesars Sportsbook (Colorado)|Caesars Sportsbook (New Jersey)|Caesars Sportsbook (Pennsylvania)|DraftKings|Holland Casino|MGM|PointsBet|SugarHouse|Titanbets|Unibet|Westgate|accuscore|consensus|teamrankings,-6.0,0.1815682598006407,232.5,-238.0,195.0,-6.0
401360698,15,Caesars Sportsbook|Caesars Sportsbook (Colorado)|Caesars Sportsbook (New Jersey)|Caesars Sportsbook (Pennsylvania)|DraftKings|Holland Casino|MGM|PointsBet|SugarHouse|Titanbets|Unibet|Westgate|accuscore|consensus|teamrankings,-12.5,0.42742520713255516,230.0,-800.0,550.0,-12.5
401360699,14,Caesars Sportsbook|Caesars Sportsbook (Colorado)|Caesars Sportsbook (New Jersey)|Caesars Sportsbook (Pennsylvania)|DraftKings|Holland Casino|MGM|SugarHouse|Titanbets|Unibet|Westgate|accuscore|consensus|teamrankings,-1.5,1.4880476182856899,227.75,-110.0,-110.0,-1.5
401360700,15,Caesars Sportsbook|Caesars Sportsbook (Colorado)|Caesars Sportsbook (New Jersey)|Caesars Sportsbook (Pennsylvania)|DraftKings|Holland Casino|MGM|PointsBet|SugarHouse|Titanbets|Unibet|Westgate|accuscore|consensus|teamrankings,8.0,0.5801193511153214,219.0,280.0,-350.0,8.0
401360701,15,Caesars Sportsbook|Caesars Sportsbook (Colorado)|Caesars Sportsbook (New Jersey)|Caesars Sportsbook (Pennsylvania)|DraftKings|Holland Casino|MGM|PointsBet|SugarHouse|Titanbets|Unibet|Westgate|accuscore|consensus|teamrankings,-17.0,0.6923840006785283,235.0,-2000.0,1000.0,-17.0
401360702,13,Caesars Sportsbook|Caesars Sportsbook (Colorado)|Caesars Sportsbook (New Jersey)|Caesars Sportsbook (Pennsylvania)|DraftKings|Holland Casino|MGM|Titanbets|Unibet|Westgate|accuscore|consensus|teamrankings,-5.0,0.2401922307076307,227.0,-210.0,175.0,-5.0
401360703,14,Caesars Sportsbook|Caesars Sportsbook (Colorado)|Caesars Sportsbook (New Jersey)|Caesars Sportsbook (Pennsylvania)|DraftKings|Holland Casino|MGM|SugarHouse|Titanbets|Unibet|Westgate|accuscore|consensus|teamrankings,4.0,0.3650229557736858,226.0,147.0,-171.0,4.0
401360704,14,Caesars Sportsbook|Caesars Sportsbook (Colorado)|Caesars Sportsbook (New Jersey)|Caesars Sportsbook (Pennsylvania)|DraftKings|Holland Casino|MGM|SugarHouse|Titanbets|Unibet|Westgate|accuscore|consensus|teamrankings,4.0,0.5081749287811809,227.0,150.0,-175.0,4.0
401360705,14,Caesars Sportsbook|Caesars Sportsbook (Colorado)|Caesars Sportsbook (New Jersey)|Caesars Sportsbook (Pennsylvania)|DraftKings|Holland Casino|MGM|SugarHouse|Titanbets|Unibet|Westgate|accuscore|consensus|teamrankings,2.5,0.349646603376534,217.0,120.0,-142.5,2.5
401360706,15,Caesars Sportsbook|Caesars Sportsbook (Colorado)|Caesars Sportsbook (New Jersey)|Caesars Sportsbook (Pennsylvania)|DraftKings|Holland Casino|MGM|PointsBet|SugarHouse|Titanbets|Unibet|Westgate|accuscore|consensus|teamrankings,-6.5,0.0,222.5,-270.0,220.0,-6.5
401360707,14,Caesars Sportsbook|Caesars Sportsbook (Colorado)|Caesars Sportsbook (New Jersey)|Caesars Sportsbook (Pennsylvania)|DraftKings|Holland Casino|MGM|SugarHouse|Titanbets|Unibet|Westgate|accuscore|consensus|teamrankings,-10.5,0.24862257904942345,227.5,-550.0,412.5,-10.5
401360708,14,Caesars Sportsbook|Caesars Sportsbook (Colorado)|Caesars Sportsbook (New Jersey)|Caesars Sportsbook (Pennsylvania)|DraftKings|MGM|PointsBet|SugarHouse|Titanbets|Unibet|Westgate|accuscore|consensus|teamrankings,5.5,0.6722522420364822,209.0,190.0,-230.0,5.5
401360709,14,Caesars Sportsbook|Caesars Sportsbook (Colorado)|Caesars Sportsbook (New Jersey)|Caesars Sportsbook (Pennsylvania)|DraftKings|MGM|PointsBet|SugarHouse|Titanbets|Unibet|Westgate|accuscore|consensus|teamrankings,9.0,2.05554730553075,214.5,327.5,-408.5,9.0
401360710,14,Caesars Sportsbook|Caesars Sportsbook (Colorado)|Caesars Sportsbook (New Jersey)|Caesars Sportsbook (Pennsylvania)|DraftKings|MGM|PointsBet|SugarHouse|Titanbets|Unibet|Westgate|accuscore|consensus|teamrankings,-3.0,0.5789342235218394,240.5,-150.0,130.0,-3.0
401360711,13,Caesars Sportsbook|Caesars Sportsbook (Colorado)|Caesars Sportsbook (New Jersey)|Caesars Sportsbook (Pennsylvania)|DraftKings|MGM|SugarHouse|Titanbets|Unibet|Westgate|accuscore|consensus|teamrankings,2.0,0.34436861586059725,240.5,110.0,-130.0,1.5
401360712,14,Caesars Sportsbook|Caesars Sportsbook (Colorado)|Caesars Sportsbook (New Jersey)|Caesars Sportsbook (Pennsylvania)|DraftKings|MGM|PointsBet|SugarHouse|Titanbets|Unibet|Westgate|accuscore|consensus|teamrankings,10.5,0.26726124191242434,220.5,425.0,-550.0,10.5
401360713,13,Caesars Sportsbook|Caesars Sportsbook (Colorado)|Caesars Sportsbook (New Jersey)|Caesars Sportsbook (Pennsylvania)|DraftKings|MGM|SugarHouse|Titanbets|Unibet|Westgate|accuscore|consensus|teamrankings,10.0,0.563300712149108,226.0,400.0,-500.0,10.0
401360714,13,Caesars Sportsbook|Caesars Sportsbook (Colorado)|Caesars Sportsbook (New Jersey)|Caesars Sportsbook (Pennsylvania)|DraftKings|MGM|SugarHouse|Titanbets|Unibet|Westgate|accuscore|consensus|teamrankings,4.0,0.2531848417709166,235.5,150.0,-180.0,4.5
401360715,14,Caesars Sportsbook|Caesars Sportsbook (Colorado)|Caesars Sportsbook (New Jersey)|Caesars Sportsbook (Pennsylvania)|DraftKings|MGM|PointsBet|SugarHouse|Titanbets|Unibet|Westgate|accuscore|consensus|teamrankings,2.0,0.2773500981126146,225.0,115.0,-135.0,2.0
401360716,13,Caesars Sportsbook|Caesars Sportsbook (Colorado)|Caesars Sportsbook (New Jersey)|Caesars Sportsbook (Pennsylvania)|DraftKings|MGM|SugarHouse|Titanbets|Unibet|Westgate|accuscore|consensus|teamrankings,-8.0,0.2531848417709166,226.5,-330.0,260.0,-8.0
401360717,14,Caesars Sportsbook|Caesars Sportsbook (Colorado)|Caesars Sportsbook (New Jersey)|Caesars Sportsbook (Pennsylvania)|DraftKings|MGM|PointsBet|SugarHouse|Titanbets|Unibet|Westgate|accuscore|consensus|teamrankings,-3.5,0.6681531047810609,235.0,-160.0,139.0,-3.5
401360718,14,Caesars Sportsbook|Caesars Sportsbook (Colorado)|Caesars Sportsbook (New Jersey)|Caesars Sportsbook (Pennsylvania)|DraftKings|MGM|PointsBet|SugarHouse|Titanbets|Unibet|Westgate|accuscore|consensus|teamrankings,3.5,0.37247317183424594,225.5,140.0,-160.5,3.5
401360719,14,Caesars Sportsbook|Caesars Sportsbook (Colorado)|Caesars Sportsbook (New Jersey)|Caesars Sportsbook (Pennsylvania)|DraftKings|MGM|PointsBet|SugarHouse|Titanbets|Unibet|Westgate|accuscore|consensus|teamrankings,6.0,0.5447047794019222,211.5,190.5,-230.0,6.0
401360720,14,Caesars Sportsbook|Caesars Sportsbook (Colorado)|Caesars Sportsbook (New Jersey)|Caesars Sportsbook (Pennsylvania)|DraftKings|MGM|PointsBet|SugarHouse|Titanbets|Unibet|Westgate|accuscore|consensus|teamrankings,2.5,0.13363062095621217,230.0,120.0,-139.5,2.5
401360721,13,Caesars Sportsbook|Caesars Sportsbook (Colorado)|Caesars Sportsbook (New Jersey)|Caesars Sportsbook (Pennsylvania)|DraftKings|MGM|SugarHouse|Titanbets|Unibet|Westgate|accuscore|consensus|teamrankings,-6.5,0.3535533905932738,229.0,-256.0,210.0,-6.5
401360722,14,Caesars Sportsbook|Caesars Sportsbook (Colorado)|Caesars Sportsbook (New Jersey)|Caesars Sportsbook (Pennsylvania)|DraftKings|MGM|PointsBet|SugarHouse|Titanbets|Unibet|Westgate|accuscore|consensus|teamrankings,-6.0,0.3851644432598216,216.5,-240.0,195.0,-6.5
401360723,14,Caesars Sportsbook|Caesars Sportsbook (Colorado)|Caesars Sportsbook (New Jersey)|Caesars Sportsbook (Pennsylvania)|DraftKings|MGM|PointsBet|SugarHouse|Titanbets|Unibet|Westgate|accuscore|consensus|teamrankings,-3.0,0.7119467198239849,221.5,-150.0,130.0,-3.0
401360724,14,Caesars Sportsbook|Caesars Sportsbook (Colorado)|Caesars Sportsbook (New Jersey)|Caesars Sportsbook (Pennsylvania)|DraftKings|MGM|PointsBet|SugarHouse|Titanbets|Unibet|Westgate|accuscore|consensus|teamrankings,12.5,0.7888299862788858,216.5,525.0,-751.0,12.5
401360725,14,Caesars Sportsbook|Caesars Sportsbook (Colorado)|Caesars Sportsbook (New Jersey)|Caesars Sportsbook (Pennsylvania)|DraftKings|MGM|PointsBet|SugarHouse|Titanbets|Unibet|Westgate|accuscore|consensus|teamrankings,-3.5,0.41437096508237237,224.5,-162.5,140.5,-3.5
401360726,14,Caesars Sportsbook|Caesars Sportsbook (Colorado)|Caesars Sportsbook (New Jersey)|Caesars Sportsbook (Pennsylvania)|DraftKings|MGM|PointsBet|SugarHouse|Titanbets|Unibet|Westgate|accuscore|consensus|teamrankings,-8.5,0.7384644001776053,206.5,-400.0,315.0,-8.5
401360727,13,Caesars Sportsbook|Caesars Sportsbook (Colorado)|Caesars Sportsbook (New Jersey)|Caesars Sportsbook (Pennsylvania)|DraftKings|MGM|SugarHouse|Titanbets|Unibet|Westgate|accuscore|consensus|teamrankings,-13.0,2.880638283970572,223.0,-900.0,600.0,-13.0
401360728,13,Caesars Sportsbook|Caesars Sportsbook (Colorado)|Caesars Sportsbook (New Jersey)|Caesars Sportsbook (Pennsylvania)|DraftKings|MGM|SugarHouse|Titanbets|Unibet|Westgate|accuscore|consensus|teamrankings,2.0,1.5212174611483276,237.5,114.0,-135.0,2.0
401360729,13,Caesars Sportsbook|Caesars Sportsbook (Colorado)|Caesars Sportsbook (New Jersey)|Caesars Sportsbook (Pennsylvania)|DraftKings|MGM|SugarHouse|Titanbets|Unibet|Westgate|accuscore|consensus|teamrankings,-9.5,0.0,238.0,-475.0,360.0,-9.5
401360730,14,Caesars Sportsbook|Caesars Sportsbook (Colorado)|Caesars Sportsbook (New Jersey)|Caesars Sportsbook (Pennsylvania)|DraftKings|MGM|PointsBet|SugarHouse|Titanbets|Unibet|Westgate|accuscore|consensus|teamrankings,-8.0,0.23731557327466166,236.75,-349.5,280.0,-8.0
401360731,13,Caesars Sportsbook|Caesars Sportsbook (Colorado)|Caesars Sportsbook (New Jersey)|Caesars Sportsbook (Pennsylvania)|DraftKings|MGM|SugarHouse|Titanbets|Unibet|Westgate|accuscore|consensus|teamrankings,7.5,0.2773500981126145,219.5,270.0,-327.5,7.5
401360732,14,Caesars Sportsbook|Caesars Sportsbook (Colorado)|Caesars Sportsbook (New Jersey)|Caesars Sportsbook (Pennsylvania)|DraftKings|Holland Casino|MGM|SugarHouse|Titanbets|Unibet|Westgate|accuscore|consensus|teamrankings,3.0,1.8546051977605478,226.0,130.0,-152.0,3.0
401360733,15,Caesars Sportsbook|Caesars Sportsbook (Colorado)|Caesars Sportsbook (New Jersey)|Caesars Sportsbook (Pennsylvania)|DraftKings|Holland Casino|MGM|PointsBet|SugarHouse|Titanbets|Unibet|Westgate|accuscore|consensus|teamrankings,9.5,1.7714669734700783,226.5,344.5,-433.0,9.5
401360734,15,Caesars Sportsbook|Caesars Sportsbook (Colorado)|Caesars Sportsbook (New Jersey)|Caesars Sportsbook (Pennsylvania)|DraftKings|Holland Casino|MGM|PointsBet|SugarHouse|Titanbets|Unibet|Westgate|accuscore|consensus|teamrankings,-10.5,0.37161167647860327,229.0,-550.0,425.0,-10.5
401360735,15,Caesars Sportsbook|Caesars Sportsbook (Colorado)|Caesars Sportsbook (New Jersey)|Caesars Sportsbook (Pennsylvania)|DraftKings|Holland Casino|MGM|PointsBet|SugarHouse|Titanbets|Unibet|Westgate|accuscore|consensus|teamrankings,6.5,0.1759328876372492,230.0,220.0,-264.0,6.5
401360736,14,Caesars Sportsbook|Caesars Sportsbook (Colorado)|Caesars Sportsbook (New Jersey)|Caesars Sportsbook (Pennsylvania)|DraftKings|Holland Casino|MGM|SugarHouse|Titanbets|Unibet|Westgate|accuscore|consensus|teamrankings,-4.0,0.28946711176091977,217.5,-170.0,145.0,-4.0
401360737,14,Caesars Sportsbook|Caesars Sportsbook (Colorado)|Caesars Sportsbook (New Jersey)|Caesars Sportsbook (Pennsylvania)|DraftKings|Holland Casino|MGM|SugarHouse|Titanbets|Unibet|Westgate|accuscore|consensus|teamrankings,8.25,0.37247317183424594,229.0,280.0,-350.0,8.5
401360738,14,Caesars Sportsbook|Caesars Sportsbook (Colorado)|Caesars Sportsbook (New Jersey)|Caesars Sportsbook (Pennsylvania)|DraftKings|Holland Casino|MGM|SugarHouse|Titanbets|Unibet|Westgate|accuscore|consensus|teamrankings,-2.5,0.3631365196012815,225.5,-140.0,120.0,-2.5
401360739,14,Caesars Sportsbook|Caesars Sportsbook (Colorado)|Caesars Sportsbook (New Jersey)|Caesars Sportsbook (Pennsylvania)|DraftKings|Holland Casino|MGM|SugarHouse|Titanbets|Unibet|Westgate|accuscore|consensus|teamrankings,3.5,0.9198662110077999,218.25,136.5,-160.0,3.5
401360740,14,Caesars Sportsbook|Caesars Sportsbook (Colorado)|Caesars Sportsbook (New Jersey)|Caesars Sportsbook (Pennsylvania)|DraftKings|Holland Casino|MGM|SugarHouse|Titanbets|Unibet|Westgate|accuscore|consensus|teamrankings,-2.5,0.5095246653650681,232.5,-140.0,120.0,-2.5
401360741,15,Caesars Sportsbook|Caesars Sportsbook (Colorado)|Caesars Sportsbook (New Jersey)|Caesars Sportsbook (Pennsylvania)|DraftKings|Holland Casino|MGM|PointsBet|SugarHouse|Titanbets|Unibet|Westgate|accuscore|consensus|teamrankings,-4.5,0.35186577527449836,222.5,-185.0,160.0,-4.5
401360742,15,Caesars Sportsbook|Caesars Sportsbook (Colorado)|Caesars Sportsbook (New Jersey)|Caesars Sportsbook (Pennsylvania)|DraftKings|Holland Casino|MGM|PointsBet|SugarHouse|Titanbets|Unibet|Westgate|accuscore|consensus|teamrankings,-8.5,0.1759328876372492,239.5,-379.0,300.0,-8.5
401360743,15,Caesars Sportsbook|Caesars Sportsbook (Colorado)|Caesars Sportsbook (New Jersey)|Caesars Sportsbook (Pennsylvania)|DraftKings|Holland Casino|MGM|PointsBet|SugarHouse|Titanbets|Unibet|Westgate|accuscore|consensus|teamrankings,-10.5,0.12909944487358055,238.0,-550.0,425.0,-10.5
401360744,15,Caesars Sportsbook|Caesars Sportsbook (Colorado)|Caesars Sportsbook (New Jersey)|Caesars Sportsbook (Pennsylvania)|DraftKings|Holland Casino|MGM|PointsBet|SugarHouse|Titanbets|Unibet|Westgate|accuscore|consensus|teamrankings,5.5,0.416904693916396,228.5,180.0,-210.0,5.5
401360745,15,Caesars Sportsbook|Caesars Sportsbook (Colorado)|Caesars Sportsbook (New Jersey)|Caesars Sportsbook (Pennsylvania)|DraftKings|Holland Casino|MGM|PointsBet|SugarHouse|Titanbets|Unibet|Westgate|accuscore|consensus|teamrankings,-3.0,0.5300494136893097,217.5,-154.0,130.0,-3.0
401360746,15,Caesars Sportsbook|Caesars Sportsbook (Colorado)|Caesars Sportsbook (New Jersey)|Caesars Sportsbook (Pennsylvania)|DraftKings|Holland Casino|MGM|PointsBet|SugarHouse|Titanbets|Unibet|Westgate|accuscore|consensus|teamrankings,-6.5,0.0,226.5,-260.0,220.0,-6.5
401360747,15,Caesars Sportsbook|Caesars Sportsbook (Colorado)|Caesars Sportsbook (New Jersey)|Caesars Sportsbook (Pennsylvania)|DraftKings|Holland Casino|MGM|PointsBet|SugarHouse|Titanbets|Unibet|Westgate|accuscore|consensus|teamrankings,-8.0,0.2288688541085317,218.5,-360.0,285.0,-8.0
401360748,14,Caesars Sportsbook|Caesars Sportsbook (Colorado)|Caesars Sportsbook (New Jersey)|Caesars Sportsbook (Pennsylvania)|DraftKings|Holland Casino|MGM|SugarHouse|Titanbets|Unibet|Westgate|accuscore|consensus|teamrankings,7.0,0.23731557327466174,227.5,230.0,-275.0,7.0
401360749,14,Caesars Sportsbook|Caesars Sportsbook (Colorado)|Caesars Sportsbook (New Jersey)|Caesars Sportsbook (Pennsylvania)|DraftKings|Holland Casino|MGM|SugarHouse|Titanbets|Unibet|Westgate|accuscore|consensus|teamrankings,4.0,2.233916877456414,230.5,145.0,-170.0,4.0
401360750,14,Caesars Sportsbook|Caesars Sportsbook (Colorado)|Caesars Sportsbook (New Jersey)|Caesars Sportsbook (Pennsylvania)|DraftKings|Holland Casino|MGM|SugarHouse|Titanbets|Unibet|Westgate|accuscore|consensus|teamrankings,4.5,0.23440361546924773,218.5,166.0,-196.0,4.5
401360751,14,Caesars Sportsbook|Caesars Sportsbook (Colorado)|Caesars Sportsbook (New Jersey)|Caesars Sportsbook (Pennsylvania)|DraftKings|Holland Casino|MGM|SugarHouse|Titanbets|Unibet|Westgate|accuscore|consensus|teamrankings,-4.25,0.8195750708161497,220.0,-177.5,151.5,-4.5
401360752,14,Caesars Sportsbook|Caesars Sportsbook (Colorado)|Caesars Sportsbook (New Jersey)|Caesars Sportsbook (Pennsylvania)|DraftKings|Holland Casino|MGM|SugarHouse|Titanbets|Unibet|Westgate|accuscore|consensus|teamrankings,2.0,1.7836251515715633,232.5,110.0,-130.0,2.0
401360753,14,Caesars Sportsbook|Caesars Sportsbook (Colorado)|Caesars Sportsbook (New Jersey)|Caesars Sportsbook (Pennsylvania)|DraftKings|Holland Casino|MGM|SugarHouse|Titanbets|Unibet|Westgate|accuscore|consensus|teamrankings,-10.5,0.1815682598006407,223.5,-600.0,450.0,-10.5
401360754,15,Caesars Sportsbook|Caesars Sportsbook (Colorado)|Caesars Sportsbook (New Jersey)|Caesars Sportsbook (Pennsylvania)|DraftKings|Holland Casino|MGM|PointsBet|SugarHouse|Titanbets|Unibet|Westgate|accuscore|consensus|teamrankings,15.0,1.0768118728560758,229.0,850.0,-1408.0,15.0
401360755,14,Caesars Sportsbook|Caesars Sportsbook (Colorado)|Caesars Sportsbook (New Jersey)|Caesars Sportsbook (Pennsylvania)|DraftKings|Holland Casino|MGM|SugarHouse|Titanbets|Unibet|Westgate|accuscore|consensus|teamrankings,-4.5,0.0,224.5,-185.0,160.0,-4.5
401360756,14,Caesars Sportsbook|Caesars Sportsbook (Colorado)|Caesars Sportsbook (New Jersey)|Caesars Sportsbook (Pennsylvania)|DraftKings|Holland Casino|MGM|SugarHouse|Titanbets|Unibet|Westgate|accuscore|consensus|teamrankings,-6.5,0.726273039202563,234.5,-250.0,208.5,-6.5
401360757,15,Caesars Sportsbook|Caesars Sportsbook (Colorado)|Caesars Sportsbook (New Jersey)|Caesars Sportsbook (Pennsylvania)|DraftKings|Holland Casino|MGM|PointsBet|SugarHouse|Titanbets|Unibet|Westgate|accuscore|consensus|teamrankings,-15.5,0.7187952884282609,225.5,-1600.0,886.0,-15.5
401360758,15,Caesars Sportsbook|Caesars Sportsbook (Colorado)|Caesars Sportsbook (New Jersey)|Caesars Sportsbook (Pennsylvania)|DraftKings|Holland Casino|MGM|PointsBet|SugarHouse|Titanbets|Unibet|Westgate|accuscore|consensus|teamrankings,-11.0,0.5300494136893097,225.0,-650.0,475.0,-11.0
401360759,15,Caesars Sportsbook|Caesars Sportsbook (Colorado)|Caesars Sportsbook (New Jersey)|Caesars Sportsbook (Pennsylvania)|DraftKings|Holland Casino|MGM|PointsBet|SugarHouse|Titanbets|Unibet|Westgate|accuscore|consensus|teamrankings,-2.5,1.7694497395948776,223.5,-135.0,115.0,-2.5
401360760,14,Caesars Sportsbook|Caesars Sportsbook (Colorado)|Caesars Sportsbook (New Jersey)|Caesars Sportsbook (Pennsylvania)|DraftKings|Holland Casino|MGM|PointsBet|SugarHouse|Titanbets|Unibet|accuscore|consensus|teamrankings,-3.0,2.365038391529109,223.5,-145.0,125.0,-3.0
401360761,15,Caesars Sportsbook|Caesars Sportsbook (Colorado)|Caesars Sportsbook (New Jersey)|Caesars Sportsbook (Pennsylvania)|DraftKings|Holland Casino|MGM|PointsBet|SugarHouse|Titanbets|Unibet|Westgate|accuscore|consensus|teamrankings,-8.0,0.20701966780270625,218.5,-360.0,290.0,-8.0
401360762,15,Caesars Sportsbook|Caesars Sportsbook (Colorado)|Caesars Sportsbook (New Jersey)|Caesars Sportsbook (Pennsylvania)|DraftKings|Holland Casino|MGM|PointsBet|SugarHouse|Titanbets|Unibet|Westgate|accuscore|consensus|teamrankings,-1.5,1.331844406756857,221.0,-125.0,105.0,-1.5
401360763,15,Caesars Sportsbook|Caesars Sportsbook (Colorado)|Caesars Sportsbook (New Jersey)|Caesars Sportsbook (Pennsylvania)|DraftKings|Holland Casino|MGM|PointsBet|SugarHouse|Titanbets|Unibet|Westgate|accuscore|consensus|teamrankings,-6.5,0.0,243.0,-260.0,212.0,-6.5
401360764,15,Caesars Sportsbook|Caesars Sportsbook (Colorado)|Caesars Sportsbook (New Jersey)|Caesars Sportsbook (Pennsylvania)|DraftKings|Holland Casino|MGM|PointsBet|SugarHouse|Titanbets|Unibet|Westgate|accuscore|consensus|teamrankings,-2.0,0.25354627641855493,220.5,-130.0,110.0,-2.5
401360765,15,Caesars Sportsbook|Caesars Sportsbook (Colorado)|Caesars Sportsbook (New Jersey)|Caesars Sportsbook (Pennsylvania)|DraftKings|Holland Casino|MGM|PointsBet|SugarHouse|Titanbets|Unibet|Westgate|accuscore|consensus|teamrankings,2.5,0.6935073041809877,231.0,125.0,-145.0,2.5
401360766,15,Caesars Sportsbook|Caesars Sportsbook (Colorado)|Caesars Sportsbook (New Jersey)|Caesars Sportsbook (Pennsylvania)|DraftKings|Holland Casino|MGM|PointsBet|SugarHouse|Titanbets|Unibet|Westgate|accuscore|consensus|teamrankings,-8.0,0.25819888974716115,216.5,-340.0,270.0,-7.5
401360767,15,Caesars Sportsbook|Caesars Sportsbook (Colorado)|Caesars Sportsbook (New Jersey)|Caesars Sportsbook (Pennsylvania)|DraftKings|Holland Casino|MGM|PointsBet|SugarHouse|Titanbets|Unibet|Westgate|accuscore|consensus|teamrankings,6.0,0.7527726527090809,224.5,190.0,-225.0,6.0
401360768,15,Caesars Sportsbook|Caesars Sportsbook (Colorado)|Caesars Sportsbook (New Jersey)|Caesars Sportsbook (Pennsylvania)|DraftKings|Holland Casino|MGM|PointsBet|SugarHouse|Titanbets|Unibet|Westgate|accuscore|consensus|teamrankings,5.0,0.39940431835899015,240.5,170.0,-200.0,5.0
401360769,15,Caesars Sportsbook|Caesars Sportsbook (Colorado)|Caesars Sportsbook (New Jersey)|Caesars Sportsbook (Pennsylvania)|DraftKings|Holland Casino|MGM|PointsBet|SugarHouse|Titanbets|Unibet|Westgate|accuscore|consensus|teamrankings,4.5,0.32732683535398854,223.0,165.0,-195.0,4.5
401360770,15,Caesars Sportsbook|Caesars Sportsbook (Colorado)|Caesars Sportsbook (New Jersey)|Caesars Sportsbook (Pennsylvania)|DraftKings|Holland Casino|MGM|PointsBet|SugarHouse|Titanbets|Unibet|Westgate|accuscore|consensus|teamrankings,9.5,1.0153582525160176,230.5,350.0,-450.0,9.5
401360771,15,Caesars Sportsbook|Caesars Sportsbook (Colorado)|Caesars Sportsbook (New Jersey)|Caesars Sportsbook (Pennsylvania)|DraftKings|Holland Casino|MGM|PointsBet|SugarHouse|Titanbets|Unibet|Westgate|accuscore|consensus|teamrankings,-8.5,1.7306756181439937,234.0,-450.0,340.0,-8.5
401360772,15,Caesars Sportsbook|Caesars Sportsbook (Colorado)|Caesars Sportsbook (New Jersey)|Caesars Sportsbook (Pennsylvania)|DraftKings|Holland Casino|MGM|PointsBet|SugarHouse|Titanbets|Unibet|Westgate|accuscore|consensus|teamrankings,-6.5,0.12909944487358055,221.5,-270.0,220.0,-6.5
401360773,15,Caesars Sportsbook|Caesars Sportsbook (Colorado)|Caesars Sportsbook (New Jersey)|Caesars Sportsbook (Pennsylvania)|DraftKings|Holland Casino|MGM|PointsBet|SugarHouse|Titanbets|Unibet|Westgate|accuscore|consensus|teamrankings,-4.5,0.0,221.0,-190.0,165.0,-4.5
401360774,15,Caesars Sportsbook|Caesars Sportsbook (Colorado)|Caesars Sportsbook (New Jersey)|Caesars Sportsbook (Pennsylvania)|DraftKings|Holland Casino|MGM|PointsBet|SugarHouse|Titanbets|Unibet|Westgate|accuscore|consensus|teamrankings,-4.0,0.25354627641855493,237.0,-170.0,150.0,-3.5
401360775,15,Caesars Sportsbook|Caesars Sportsbook (Colorado)|Caesars Sportsbook (New Jersey)|Caesars Sportsbook (Pennsylvania)|DraftKings|Holland Casino|MGM|PointsBet|SugarHouse|Titanbets|Unibet|Westgate|accuscore|consensus|teamrankings,-5.5,0.3086066999241838,214.0,-220.0,180.0,-5.5
401360776,14,Caesars Sportsbook|Caesars Sportsbook (Colorado)|Caesars Sportsbook (New Jersey)|Caesars Sportsbook (Pennsylvania)|DraftKings|Holland Casino|MGM|PointsBet|Titanbets|Unibet|Westgate|accuscore|consensus|teamrankings,-16.0,0.21290765681316,229.5,-1656.5,925.0,-16.0
401360777,14,Caesars Sportsbook|Caesars Sportsbook (Colorado)|Caesars Sportsbook (New Jersey)|Caesars Sportsbook (Pennsylvania)|DraftKings|Holland Casino|MGM|PointsBet|Titanbets|Unibet|Westgate|accuscore|consensus|teamrankings,-13.5,0.1815682598006407,235.0,-1100.0,700.0,-13.5
401360778,15,Caesars Sportsbook|Caesars Sportsbook (Colorado)|Caesars Sportsbook (New Jersey)|Caesars Sportsbook (Pennsylvania)|DraftKings|Holland Casino|MGM|PointsBet|SugarHouse|Titanbets|Unibet|Westgate|accuscore|consensus|teamrankings,5.5,0.20701966780270628,228.5,190.0,-225.0,5.5
401360779,14,Caesars Sportsbook (Colorado)|Caesars Sportsbook (New Jersey)|Caesars Sportsbook (Pennsylvania)|DraftKings|Holland Casino|MGM|PointsBet|SugarHouse|Titanbets|Unibet|Westgate|accuscore|consensus|teamrankings,-6.0,0.9550329376979162,226.0,-239.0,195.0,-6.0
401360780,14,Caesars Sportsbook (Colorado)|Caesars Sportsbook (New Jersey)|Caesars Sportsbook (Pennsylvania)|DraftKings|Holland Casino|MGM|PointsBet|SugarHouse|Titanbets|Unibet|Westgate|accuscore|consensus|teamrankings,-9.0,0.575364194266515,231.5,-423.5,333.0,-9.0
401360781,14,Caesars Sportsbook (Colorado)|Caesars Sportsbook (New Jersey)|Caesars Sportsbook (Pennsylvania)|DraftKings|Holland Casino|MGM|PointsBet|SugarHouse|Titanbets|Unibet|Westgate|accuscore|consensus|teamrankings,-4.5,0.13363062095621217,210.5,-190.0,164.0,-4.5
401360782,14,Caesars Sportsbook (Colorado)|Caesars Sportsbook (New Jersey)|Caesars Sportsbook (Pennsylvania)|DraftKings|Holland Casino|MGM|PointsBet|SugarHouse|Titanbets|Unibet|Westgate|accuscore|consensus|teamrankings,-2.5,0.3650229557736858,227.0,-136.0,115.0,-2.5
401360783,14,Caesars Sportsbook (Colorado)|Caesars Sportsbook (New Jersey)|Caesars Sportsbook (Pennsylvania)|DraftKings|Holland Casino|MGM|PointsBet|SugarHouse|Titanbets|Unibet|Westgate|accuscore|consensus|teamrankings,10.5,0.3631365196012814,238.0,450.0,-600.0,10.5
401360784,14,Caesars Sportsbook (Colorado)|Caesars Sportsbook (New Jersey)|Caesars Sportsbook (Pennsylvania)|DraftKings|Holland Casino|MGM|PointsBet|SugarHouse|Titanbets|Unibet|Westgate|accuscore|consensus|teamrankings,14.0,0.26726124191242434,221.0,700.0,-1105.5,14.0
401360785,14,Caesars Sportsbook (Colorado)|Caesars Sportsbook (New Jersey)|Caesars Sportsbook (Pennsylvania)|DraftKings|Holland Casino|MGM|PointsBet|SugarHouse|Titanbets|Unibet|Westgate|accuscore|consensus|teamrankings,-5.5,0.5693644036781929,220.5,-219.5,183.5,-5.5
401360786,14,Caesars Sportsbook (Colorado)|Caesars Sportsbook (New Jersey)|Caesars Sportsbook (Pennsylvania)|DraftKings|Holland Casino|MGM|PointsBet|SugarHouse|Titanbets|Unibet|Westgate|accuscore|consensus|teamrankings,-4.5,0.37977726265637496,229.0,-184.0,155.0,-4.5
401360787,15,Caesars Sportsbook|Caesars Sportsbook (Colorado)|Caesars Sportsbook (New Jersey)|Caesars Sportsbook (Pennsylvania)|DraftKings|Holland Casino|MGM|PointsBet|SugarHouse|Titanbets|Unibet|Westgate|accuscore|consensus|teamrankings,7.5,0.12909944487358055,229.5,250.0,-310.0,7.5
401360788,15,Caesars Sportsbook|Caesars Sportsbook (Colorado)|Caesars Sportsbook (New Jersey)|Caesars Sportsbook (Pennsylvania)|DraftKings|Holland Casino|MGM|PointsBet|SugarHouse|Titanbets|Unibet|Westgate|accuscore|consensus|teamrankings,-7.5,0.36187343222787294,232.5,-330.0,265.0,-7.5
401360789,15,Caesars Sportsbook|Caesars Sportsbook (Colorado)|Caesars Sportsbook (New Jersey)|Caesars Sportsbook (Pennsylvania)|DraftKings|Holland Casino|MGM|PointsBet|SugarHouse|Titanbets|Unibet|Westgate|accuscore|consensus|teamrankings,-16.5,0.5,224.5,-2227.0,1100.0,-16.5
401360790,15,Caesars Sportsbook|Caesars Sportsbook (Colorado)|Caesars Sportsbook (New Jersey)|Caesars Sportsbook (Pennsylvania)|DraftKings|Holland Casino|MGM|PointsBet|SugarHouse|Titanbets|Unibet|Westgate|accuscore|consensus|teamrankings,-13.5,0.7037315505489968,229.5,-1100.0,700.0,-13.5
401360791,15,Caesars Sportsbook|Caesars Sportsbook (Colorado)|Caesars Sportsbook (New Jersey)|Caesars Sportsbook (Pennsylvania)|DraftKings|Holland Casino|MGM|PointsBet|SugarHouse|Titanbets|Unibet|Westgate|accuscore|consensus|teamrankings,1.0,1.2630273533214138,215.5,-105.0,-114.0,1.0
401360792,15,Caesars Sportsbook|Caesars Sportsbook (Colorado)|Caesars Sportsbook (New Jersey)|Caesars Sportsbook (Pennsylvania)|DraftKings|Holland Casino|MGM|PointsBet|SugarHouse|Titanbets|Unibet|Westgate|accuscore|consensus|teamrankings,-6.5,1.9591057240729093,233.0,-257.0,210.0,-6.5
401360793,15,Caesars Sportsbook|Caesars Sportsbook (Colorado)|Caesars Sportsbook (New Jersey)|Caesars Sportsbook (Pennsylvania)|DraftKings|Holland Casino|MGM|PointsBet|SugarHouse|Titanbets|Unibet|Westgate|accuscore|consensus|teamrankings,-4.0,0.2288688541085317,231.5,-175.0,150.0,-4.0
401360794,15,Caesars Sportsbook|Caesars Sportsbook (Colorado)|Caesars Sportsbook (New Jersey)|Caesars Sportsbook (Pennsylvania)|DraftKings|Holland Casino|MGM|PointsBet|SugarHouse|Titanbets|Unibet|Westgate|accuscore|consensus|teamrankings,4.5,0.4140393356054125,239.5,160.0,-188.0,4.5
401360795,15,Caesars Sportsbook|Caesars Sportsbook (Colorado)|Caesars Sportsbook (New Jersey)|Caesars Sportsbook (Pennsylvania)|DraftKings|Holland Casino|MGM|PointsBet|SugarHouse|Titanbets|Unibet|Westgate|accuscore|consensus|teamrankings,2.5,0.7121396331779725,221.5,125.0,-145.0,2.5
401360796,15,Caesars Sportsbook|Caesars Sportsbook (Colorado)|Caesars Sportsbook (New Jersey)|Caesars Sportsbook (Pennsylvania)|DraftKings|Holland Casino|MGM|PointsBet|SugarHouse|Titanbets|Unibet|Westgate|accuscore|consensus|teamrankings,6.5,1.250714081749188,221.5,202.0,-250.0,6.5
401360797,15,Caesars Sportsbook|Caesars Sportsbook (Colorado)|Caesars Sportsbook (New Jersey)|Caesars Sportsbook (Pennsylvania)|DraftKings|Holland Casino|MGM|PointsBet|SugarHouse|Titanbets|Unibet|Westgate|accuscore|consensus|teamrankings,-8.0,0.8837151016885368,229.5,-335.0,270.0,-8.0
401360798,15,Caesars Sportsbook|Caesars Sportsbook (Colorado)|Caesars Sportsbook (New Jersey)|Caesars Sportsbook (Pennsylvania)|DraftKings|Holland Casino|MGM|PointsBet|SugarHouse|Titanbets|Unibet|Westgate|accuscore|consensus|teamrankings,13.5,0.28030595529069413,232.0,700.0,-1100.0,13.5
401360799,15,Caesars Sportsbook|Caesars Sportsbook (Colorado)|Caesars Sportsbook (New Jersey)|Caesars Sportsbook (Pennsylvania)|DraftKings|Holland Casino|MGM|PointsBet|SugarHouse|Titanbets|Unibet|Westgate|accuscore|consensus|teamrankings,-6.0,0.20701966780270625,225.0,-240.0,200.0,-6.0
401360800,15,Caesars Sportsbook|Caesars Sportsbook (Colorado)|Caesars Sportsbook (New Jersey)|Caesars Sportsbook (Pennsylvania)|DraftKings|Holland Casino|MGM|PointsBet|SugarHouse|Titanbets|Unibet|Westgate|accuscore|consensus|teamrankings,7.0,0.3518657752744984,224.5,230.0,-280.0,7.0
401360801,15,Caesars Sportsbook|Caesars Sportsbook (Colorado)|Caesars Sportsbook (New Jersey)|Caesars Sportsbook (Pennsylvania)|DraftKings|Holland Casino|MGM|PointsBet|SugarHouse|Titanbets|Unibet|Westgate|accuscore|consensus|teamrankings,6.5,0.38729833462074165,229.5,220.0,-266.0,6.5
401360802,15,Caesars Sportsbook|Caesars Sportsbook (Colorado)|Caesars Sportsbook (New Jersey)|Caesars Sportsbook (Pennsylvania)|DraftKings|Holland Casino|MGM|PointsBet|SugarHouse|Titanbets|Unibet|Westgate|accuscore|consensus|teamrankings,-3.5,1.0082988974836116,219.0,-170.0,145.0,-3.5
401360803,15,Caesars Sportsbook|Caesars Sportsbook (Colorado)|Caesars Sportsbook (New Jersey)|Caesars Sportsbook (Pennsylvania)|DraftKings|Holland Casino|MGM|PointsBet|SugarHouse|Titanbets|Unibet|Westgate|accuscore|consensus|teamrankings,-4.5,0.3518657752744984,241.0,-190.0,165.0,-4.5
401360804,15,Caesars Sportsbook|Caesars Sportsbook (Colorado)|Caesars Sportsbook (New Jersey)|Caesars Sportsbook (Pennsylvania)|DraftKings|Holland Casino|MGM|PointsBet|SugarHouse|Titanbets|Unibet|Westgate|accuscore|consensus|teamrankings,7.5,1.0600988273786194,236.0,250.0,-305.0,7.5
401360805,15,Caesars Sportsbook|Caesars Sportsbook (Colorado)|Caesars Sportsbook (New Jersey)|Caesars Sportsbook (Pennsylvania)|DraftKings|Holland Casino|MGM|PointsBet|SugarHouse|Titanbets|Unibet|Westgate|accuscore|consensus|teamrankings,-15.5,0.37161167647860327,235.5,-1400.0,800.0,-15.5
401360806,15,Caesars Sportsbook|Caesars Sportsbook (Colorado)|Caesars Sportsbook (New Jersey)|Caesars Sportsbook (Pennsylvania)|DraftKings|Holland Casino|MGM|PointsBet|SugarHouse|Titanbets|Unibet|Westgate|accuscore|consensus|teamrankings,-8.5,1.082325538564332,222.0,-375.0,300.0,-8.5
401360807,15,Caesars Sportsbook|Caesars Sportsbook (Colorado)|Caesars Sportsbook (New Jersey)|Caesars Sportsbook (Pennsylvania)|DraftKings|Holland Casino|MGM|PointsBet|SugarHouse|Titanbets|Unibet|Westgate|accuscore|consensus|teamrankings,-9.0,0.5627314338711378,216.0,-405.0,321.0,-9.0
401360808,15,Caesars Sportsbook|Caesars Sportsbook (Colorado)|Caesars Sportsbook (New Jersey)|Caesars Sportsbook (Pennsylvania)|DraftKings|Holland Casino|MGM|PointsBet|SugarHouse|Titanbets|Unibet|Westgate|accuscore|consensus|teamrankings,1.0,0.7432233529572065,228.5,100.0,-120.0,1.5
401360809,15,Caesars Sportsbook|Caesars Sportsbook (Colorado)|Caesars Sportsbook (New Jersey)|Caesars Sportsbook (Pennsylvania)|DraftKings|Holland Casino|MGM|PointsBet|SugarHouse|Titanbets|Unibet|Westgate|accuscore|consensus|teamrankings,-19.5,0.7037315505489968,223.5,-3333.0,1400.0,-19.5
401360810,15,Caesars Sportsbook|Caesars Sportsbook (Colorado)|Caesars Sportsbook (New Jersey)|Caesars Sportsbook (Pennsylvania)|DraftKings|Holland Casino|MGM|PointsBet|SugarHouse|Titanbets|Unibet|Westgate|accuscore|consensus|teamrankings,6.5,0.5163977794943222,240.0,217.0,-263.0,6.5
401360811,15,Caesars Sportsbook|Caesars Sportsbook (Colorado)|Caesars Sportsbook (New Jersey)|Caesars Sportsbook (Pennsylvania)|DraftKings|Holland Casino|MGM|PointsBet|SugarHouse|Titanbets|Unibet|Westgate|accuscore|consensus|teamrankings,-3.5,0.3199702367110922,217.5,-160.0,140.0,-3.5
401360812,15,Caesars Sportsbook|Caesars Sportsbook (Colorado)|Caesars Sportsbook (New Jersey)|Caesars Sportsbook (Pennsylvania)|DraftKings|Holland Casino|MGM|PointsBet|SugarHouse|Titanbets|Unibet|Westgate|accuscore|consensus|teamrankings,-4.0,0.2288688541085317,236.5,-175.0,150.0,-4.0
401360813,15,Caesars Sportsbook|Caesars Sportsbook (Colorado)|Caesars Sportsbook (New Jersey)|Caesars Sportsbook (Pennsylvania)|DraftKings|Holland Casino|MGM|PointsBet|SugarHouse|Titanbets|Unibet|Westgate|accuscore|consensus|teamrankings,1.5,0.4577377082170634,229.5,105.0,-125.0,1.5
401360814,15,Caesars Sportsbook|Caesars Sportsbook (Colorado)|Caesars Sportsbook (New Jersey)|Caesars Sportsbook (Pennsylvania)|DraftKings|Holland Casino|MGM|PointsBet|SugarHouse|Titanbets|Unibet|Westgate|accuscore|consensus|teamrankings,8.5,0.3872983346207417,232.5,290.0,-360.0,8.5
401360815,14,Caesars Sportsbook|Caesars Sportsbook (Colorado)|Caesars Sportsbook (New Jersey)|Caesars Sportsbook (Pennsylvania)|DraftKings|Holland Casino|MGM|PointsBet|Titanbets|Unibet|Westgate|accuscore|consensus|teamrankings,-7.5,0.5608568797478013,226.0,-308.5,250.0,-7.5
401360816,15,Caesars Sportsbook|Caesars Sportsbook (Colorado)|Caesars Sportsbook (New Jersey)|Caesars Sportsbook (Pennsylvania)|DraftKings|Holland Casino|MGM|PointsBet|SugarHouse|Titanbets|Unibet|Westgate|accuscore|consensus|teamrankings,-14.0,0.280305955290694,215.0,-1100.0,700.0,-14.0
401360817,15,Caesars Sportsbook|Caesars Sportsbook (Colorado)|Caesars Sportsbook (New Jersey)|Caesars Sportsbook (Pennsylvania)|DraftKings|Holland Casino|MGM|PointsBet|SugarHouse|Titanbets|Unibet|Westgate|accuscore|consensus|teamrankings,-8.0,0.9423880506963349,210.0,-350.0,275.0,-8.0
401360818,15,Caesars Sportsbook|Caesars Sportsbook (Colorado)|Caesars Sportsbook (New Jersey)|Caesars Sportsbook (Pennsylvania)|DraftKings|Holland Casino|MGM|PointsBet|SugarHouse|Titanbets|Unibet|Westgate|accuscore|consensus|teamrankings,11.0,0.2672612419124244,226.5,450.0,-600.0,11.0
401360819,15,Caesars Sportsbook|Caesars Sportsbook (Colorado)|Caesars Sportsbook (New Jersey)|Caesars Sportsbook (Pennsylvania)|DraftKings|Holland Casino|MGM|PointsBet|SugarHouse|Titanbets|Unibet|Westgate|accuscore|consensus|teamrankings,-9.0,0.25819888974716115,229.0,-440.0,340.0,-9.5
401360820,15,Caesars Sportsbook|Caesars Sportsbook (Colorado)|Caesars Sportsbook (New Jersey)|Caesars Sportsbook (Pennsylvania)|DraftKings|Holland Casino|MGM|PointsBet|SugarHouse|Titanbets|Unibet|Westgate|accuscore|consensus|teamrankings,3.0,0.6454972243679028,225.5,130.0,-153.0,3.0
401360821,15,Caesars Sportsbook|Caesars Sportsbook (Colorado)|Caesars Sportsbook (New Jersey)|Caesars Sportsbook (Pennsylvania)|DraftKings|Holland Casino|MGM|PointsBet|SugarHouse|Titanbets|Unibet|Westgate|accuscore|consensus|teamrankings,5.5,0.5232681184722835,228.5,185.0,-220.0,5.5
401360822,15,Caesars Sportsbook|Caesars Sportsbook (Colorado)|Caesars Sportsbook (New Jersey)|Caesars Sportsbook (Pennsylvania)|DraftKings|Holland Casino|MGM|PointsBet|SugarHouse|Titanbets|Unibet|Westgate|accuscore|consensus|teamrankings,-5.0,0.5300494136893097,222.0,-203.0,170.0,-5.0
401360823,15,Caesars Sportsbook|Caesars Sportsbook (Colorado)|Caesars Sportsbook (New Jersey)|Caesars Sportsbook (Pennsylvania)|DraftKings|Holland Casino|MGM|PointsBet|SugarHouse|Titanbets|Unibet|Westgate|accuscore|consensus|teamrankings,-4.5,0.12909944487358055,229.5,-185.0,160.0,-4.5
401360824,14,Caesars Sportsbook|Caesars Sportsbook (Colorado)|Caesars Sportsbook (New Jersey)|Caesars Sportsbook (Pennsylvania)|DraftKings|Holland Casino|MGM|PointsBet|Titanbets|Unibet|Westgate|accuscore|consensus|teamrankings,-3.5,0.5836602955995385,230.5,-160.0,138.0,-3.5
401360825,15,Caesars Sportsbook|Caesars Sportsbook (Colorado)|Caesars Sportsbook (New Jersey)|Caesars Sportsbook (Pennsylvania)|DraftKings|Holland Casino|MGM|PointsBet|SugarHouse|Titanbets|Unibet|Westgate|accuscore|consensus|teamrankings,-5.0,1.0690449676496976,217.0,-200.0,170.0,-5.0
401360826,14,Caesars Sportsbook|Caesars Sportsbook (Colorado)|Caesars Sportsbook (New Jersey)|Caesars Sportsbook (Pennsylvania)|DraftKings|Holland Casino|MGM|PointsBet|Titanbets|Unibet|Westgate|accuscore|consensus|teamrankings,-1.5,1.05351322245623,238.5,-125.0,105.0,-1.5
401360827,15,Caesars Sportsbook|Caesars Sportsbook (Colorado)|Caesars Sportsbook (New Jersey)|Caesars Sportsbook (Pennsylvania)|DraftKings|Holland Casino|MGM|PointsBet|SugarHouse|Titanbets|Unibet|Westgate|accuscore|consensus|teamrankings,2.0,0.3716116764786033,238.0,110.0,-130.0,2.0
401360828,15,Caesars Sportsbook|Caesars Sportsbook (Colorado)|Caesars Sportsbook (New Jersey)|Caesars Sportsbook (Pennsylvania)|DraftKings|Holland Casino|MGM|PointsBet|SugarHouse|Titanbets|Unibet|Westgate|accuscore|consensus|teamrankings,-7.0,0.5277986629117476,221.5,-275.0,225.0,-7.0
401360829,15,Caesars Sportsbook|Caesars Sportsbook (Colorado)|Caesars Sportsbook (New Jersey)|Caesars Sportsbook (Pennsylvania)|DraftKings|Holland Casino|MGM|PointsBet|SugarHouse|Titanbets|Unibet|Westgate|accuscore|consensus|teamrankings,-9.0,0.6761234037828133,229.5,-450.0,340.0,-9.0
401360830,15,Caesars Sportsbook|Caesars Sportsbook (Colorado)|Caesars Sportsbook (New Jersey)|Caesars Sportsbook (Pennsylvania)|DraftKings|Holland Casino|MGM|PointsBet|SugarHouse|Titanbets|Unibet|Westgate|accuscore|consensus|teamrankings,6.5,0.3518657752744984,220.5,215.0,-263.0,6.5
401360831,15,Caesars Sportsbook|Caesars Sportsbook (Colorado)|Caesars Sportsbook (New Jersey)|Caesars Sportsbook (Pennsylvania)|DraftKings|Holland Casino|MGM|PointsBet|SugarHouse|Titanbets|Unibet|Westgate|accuscore|consensus|teamrankings,-5.5,0.1759328876372492,225.0,-233.0,190.0,-5.5
401360832,15,Caesars Sportsbook|Caesars Sportsbook (Colorado)|Caesars Sportsbook (New Jersey)|Caesars Sportsbook (Pennsylvania)|DraftKings|Holland Casino|MGM|PointsBet|SugarHouse|Titanbets|Unibet|Westgate|accuscore|consensus|teamrankings,4.0,0.5563486402641867,217.5,155.0,-180.0,4.0
401360833,15,Caesars Sportsbook|Caesars Sportsbook (Colorado)|Caesars Sportsbook (New Jersey)|Caesars Sportsbook (Pennsylvania)|DraftKings|Holland Casino|MGM|PointsBet|SugarHouse|Titanbets|Unibet|Westgate|accuscore|consensus|teamrankings,-7.0,0.5606119105813882,213.0,-280.0,235.0,-7.0
401360834,15,Caesars Sportsbook|Caesars Sportsbook (Colorado)|Caesars Sportsbook (New Jersey)|Caesars Sportsbook (Pennsylvania)|DraftKings|Holland Casino|MGM|PointsBet|SugarHouse|Titanbets|Unibet|Westgate|accuscore|consensus|teamrankings,11.0,0.698638131005772,222.0,475.0,-681.0,11.0
401360835,15,Caesars Sportsbook|Caesars Sportsbook (Colorado)|Caesars Sportsbook (New Jersey)|Caesars Sportsbook (Pennsylvania)|DraftKings|Holland Casino|MGM|PointsBet|SugarHouse|Titanbets|Unibet|Westgate|accuscore|consensus|teamrankings,-12.5,0.37161167647860327,237.0,-800.0,550.0,-12.5
401360836,15,Caesars Sportsbook|Caesars Sportsbook (Colorado)|Caesars Sportsbook (New Jersey)|Caesars Sportsbook (Pennsylvania)|DraftKings|Holland Casino|MGM|PointsBet|SugarHouse|Titanbets|Unibet|Westgate|accuscore|consensus|teamrankings,-6.5,0.4629100498862757,231.5,-260.0,220.0,-6.5
401360837,15,Caesars Sportsbook|Caesars Sportsbook (Colorado)|Caesars Sportsbook (New Jersey)|Caesars Sportsbook (Pennsylvania)|DraftKings|Holland Casino|MGM|PointsBet|SugarHouse|Titanbets|Unibet|Westgate|accuscore|consensus|teamrankings,15.0,0.7761320457119087,229.0,800.0,-1250.0,15.0
401360838,15,Caesars Sportsbook|Caesars Sportsbook (Colorado)|Caesars Sportsbook (New Jersey)|Caesars Sportsbook (Pennsylvania)|DraftKings|Holland Casino|MGM|PointsBet|SugarHouse|Titanbets|Unibet|Westgate|accuscore|consensus|teamrankings,-7.5,0.45773770821706344,232.5,-320.0,260.0,-7.5
401360839,15,Caesars Sportsbook|Caesars Sportsbook (Colorado)|Caesars Sportsbook (New Jersey)|Caesars Sportsbook (Pennsylvania)|DraftKings|Holland Casino|MGM|PointsBet|SugarHouse|Titanbets|Unibet|Westgate|accuscore|consensus|teamrankings,-7.0,0.5814595756329395,213.5,-290.0,240.0,-7.0
401360840,15,Caesars Sportsbook|Caesars Sportsbook (Colorado)|Caesars Sportsbook (New Jersey)|Caesars Sportsbook (Pennsylvania)|DraftKings|Holland Casino|MGM|PointsBet|SugarHouse|Titanbets|Unibet|Westgate|accuscore|consensus|teamrankings,-14.0,0.5300494136893097,231.0,-1100.0,668.0,-14.0
401360841,15,Caesars Sportsbook|Caesars Sportsbook (Colorado)|Caesars Sportsbook (New Jersey)|Caesars Sportsbook (Pennsylvania)|DraftKings|Holland Casino|MGM|PointsBet|SugarHouse|Titanbets|Unibet|Westgate|accuscore|consensus|teamrankings,-3.5,0.12909944487358055,224.0,-165.0,145.0,-3.5
401360842,15,Caesars Sportsbook|Caesars Sportsbook (Colorado)|Caesars Sportsbook (New Jersey)|Caesars Sportsbook (Pennsylvania)|DraftKings|Holland Casino|MGM|PointsBet|SugarHouse|Titanbets|Unibet|Westgate|accuscore|consensus|teamrankings,11.5,1.533747356112131,230.0,450.0,-642.0,11.5
401360843,15,Caesars Sportsbook|Caesars Sportsbook (Colorado)|Caesars Sportsbook (New Jersey)|Caesars Sportsbook (Pennsylvania)|DraftKings|Holland Casino|MGM|PointsBet|SugarHouse|Titanbets|Unibet|Westgate|accuscore|consensus|teamrankings,3.5,0.7973169292786185,241.5,145.0,-165.0,3.5
401360844,15,Caesars Sportsbook|Caesars Sportsbook (Colorado)|Caesars Sportsbook (New Jersey)|Caesars Sportsbook (Pennsylvania)|DraftKings|Holland Casino|MGM|PointsBet|SugarHouse|Titanbets|Unibet|Westgate|accuscore|consensus|teamrankings,-11.5,0.38729833462074165,227.0,-781.0,525.0,-11.5
401360845,15,Caesars Sportsbook|Caesars Sportsbook (Colorado)|Caesars Sportsbook (New Jersey)|Caesars Sportsbook (Pennsylvania)|DraftKings|Holland Casino|MGM|PointsBet|SugarHouse|Titanbets|Unibet|Westgate|accuscore|consensus|teamrankings,4.5,0.29680841985233186,236.5,160.0,-188.0,4.5
401360846,15,Caesars Sportsbook|Caesars Sportsbook (Colorado)|Caesars Sportsbook (New Jersey)|Caesars Sportsbook (Pennsylvania)|DraftKings|Holland Casino|MGM|PointsBet|SugarHouse|Titanbets|Unibet|Westgate|accuscore|consensus|teamrankings,-2.0,0.29680841985233186,232.5,-135.0,115.0,-2.0
401360847,15,Caesars Sportsbook|Caesars Sportsbook (Colorado)|Caesars Sportsbook (New Jersey)|Caesars Sportsbook (Pennsylvania)|DraftKings|Holland Casino|MGM|PointsBet|SugarHouse|Titanbets|Unibet|Westgate|accuscore|consensus|teamrankings,4.5,0.3518657752744984,226.5,160.0,-190.0,4.5
401360848,15,Caesars Sportsbook|Caesars Sportsbook (Colorado)|Caesars Sportsbook (New Jersey)|Caesars Sportsbook (Pennsylvania)|DraftKings|Holland Casino|MGM|PointsBet|SugarHouse|Titanbets|Unibet|Westgate|accuscore|consensus|teamrankings,6.5,0.3518657752744984,236.0,220.0,-265.0,6.5
401360849,15,Caesars Sportsbook|Caesars Sportsbook (Colorado)|Caesars Sportsbook (New Jersey)|Caesars Sportsbook (Pennsylvania)|DraftKings|Holland Casino|MGM|PointsBet|SugarHouse|Titanbets|Unibet|Westgate|accuscore|consensus|teamrankings,10.0,0.2439750182371333,232.0,400.0,-525.0,10.0
401360850,15,Caesars Sportsbook|Caesars Sportsbook (Colorado)|Caesars Sportsbook (New Jersey)|Caesars Sportsbook (Pennsylvania)|DraftKings|Holland Casino|MGM|PointsBet|SugarHouse|Titanbets|Unibet|Westgate|accuscore|consensus|teamrankings,-14.0,0.253546276418555,213.5,-1115.0,700.0,-13.5
401360851,15,Caesars Sportsbook|Caesars Sportsbook (Colorado)|Caesars Sportsbook (New Jersey)|Caesars Sportsbook (Pennsylvania)|DraftKings|Holland Casino|MGM|PointsBet|SugarHouse|Titanbets|Unibet|Westgate|accuscore|consensus|teamrankings,4.5,0.2803059552906941,231.5,160.0,-190.0,4.5
401360852,15,Caesars Sportsbook|Caesars Sportsbook (Colorado)|Caesars Sportsbook (New Jersey)|Caesars Sportsbook (Pennsylvania)|DraftKings|Holland Casino|MGM|PointsBet|SugarHouse|Titanbets|Unibet|Westgate|accuscore|consensus|teamrankings,-1.0,0.22613350843332272,240.5,-111.0,-105.0,-1.0
401360853,15,Caesars Sportsbook|Caesars Sportsbook (Colorado)|Caesars Sportsbook (New Jersey)|Caesars Sportsbook (Pennsylvania)|DraftKings|Holland Casino|MGM|PointsBet|SugarHouse|Titanbets|Unibet|Westgate|accuscore|consensus|teamrankings,4.0,0.280305955290694,220.0,145.0,-173.0,4.0
401360854,15,Caesars Sportsbook|Caesars Sportsbook (Colorado)|Caesars Sportsbook (New Jersey)|Caesars Sportsbook (Pennsylvania)|DraftKings|Holland Casino|MGM|PointsBet|SugarHouse|Titanbets|Unibet|Westgate|accuscore|consensus|teamrankings,6.5,0.3683941988065036,229.5,220.0,-260.0,6.5
401360855,15,Caesars Sportsbook|Caesars Sportsbook (Colorado)|Caesars Sportsbook (New Jersey)|Caesars Sportsbook (Pennsylvania)|DraftKings|Holland Casino|MGM|PointsBet|SugarHouse|Titanbets|Unibet|Westgate|accuscore|consensus|teamrankings,3.0,0.20701966780270625,222.0,125.0,-147.0,3.0
401360856,15,Caesars Sportsbook|Caesars Sportsbook (Colorado)|Caesars Sportsbook (New Jersey)|Caesars Sportsbook (Pennsylvania)|DraftKings|Holland Casino|MGM|PointsBet|SugarHouse|Titanbets|Unibet|Westgate|accuscore|consensus|teamrankings,-12.5,0.806225774829855,222.0,-800.0,550.0,-12.5
401360857,15,Caesars Sportsbook|Caesars Sportsbook (Colorado)|Caesars Sportsbook (New Jersey)|Caesars Sportsbook (Pennsylvania)|DraftKings|Holland Casino|MGM|PointsBet|SugarHouse|Titanbets|Unibet|Westgate|accuscore|consensus|teamrankings,10.0,0.48057505236162734,236.5,410.0,-550.0,10.0
401360858,15,Caesars Sportsbook|Caesars Sportsbook (Colorado)|Caesars Sportsbook (New Jersey)|Caesars Sportsbook (Pennsylvania)|DraftKings|Holland Casino|MGM|PointsBet|SugarHouse|Titanbets|Unibet|Westgate|accuscore|consensus|teamrankings,-8.5,0.253546276418555,242.0,-400.0,301.0,-8.5
401360859,15,Caesars Sportsbook|Caesars Sportsbook (Colorado)|Caesars Sportsbook (New Jersey)|Caesars Sportsbook (Pennsylvania)|DraftKings|Holland Casino|MGM|PointsBet|SugarHouse|Titanbets|Unibet|Westgate|accuscore|consensus|teamrankings,-11.5,0.5563486402641868,233.5,-752.0,525.0,-11.5
401360860,15,Caesars Sportsbook|Caesars Sportsbook (Colorado)|Caesars Sportsbook (New Jersey)|Caesars Sportsbook (Pennsylvania)|DraftKings|Holland Casino|MGM|PointsBet|SugarHouse|Titanbets|Unibet|Westgate|accuscore|consensus|teamrankings,-7.0,0.5300494136893097,224.5,-275.0,230.0,-7.0
401360861,15,Caesars Sportsbook|Caesars Sportsbook (Colorado)|Caesars Sportsbook (New Jersey)|Caesars Sportsbook (Pennsylvania)|DraftKings|Holland Casino|MGM|PointsBet|SugarHouse|Titanbets|Unibet|Westgate|accuscore|consensus|teamrankings,-1.5,0.5300494136893097,220.0,-125.0,105.0,-1.5
401360862,15,Caesars Sportsbook|Caesars Sportsbook (Colorado)|Caesars Sportsbook (New Jersey)|Caesars Sportsbook (Pennsylvania)|DraftKings|Holland Casino|MGM|PointsBet|SugarHouse|Titanbets|Unibet|Westgate|accuscore|consensus|teamrankings,8.5,0.0,241.5,310.0,-400.0,8.5
401360863,15,Caesars Sportsbook|Caesars Sportsbook (Colorado)|Caesars Sportsbook (New Jersey)|Caesars Sportsbook (Pennsylvania)|DraftKings|Holland Casino|MGM|PointsBet|SugarHouse|Titanbets|Unibet|Westgate|accuscore|consensus|teamrankings,2.0,1.0889050857234004,214.5,110.0,-132.0,2.0
401360864,15,Caesars Sportsbook|Caesars Sportsbook (Colorado)|Caesars Sportsbook (New Jersey)|Caesars Sportsbook (Pennsylvania)|DraftKings|Holland Casino|MGM|PointsBet|SugarHouse|Titanbets|Unibet|Westgate|accuscore|consensus|teamrankings,-3.0,0.5563486402641867,219.0,-150.0,130.0,-3.0
401360865,15,Caesars Sportsbook|Caesars Sportsbook (Colorado)|Caesars Sportsbook (New Jersey)|Caesars Sportsbook (Pennsylvania)|DraftKings|Holland Casino|MGM|PointsBet|SugarHouse|Titanbets|Unibet|Westgate|accuscore|consensus|teamrankings,-6.0,0.6399404734221844,225.5,-250.0,205.0,-6.5
401360866,15,Caesars Sportsbook|Caesars Sportsbook (Colorado)|Caesars Sportsbook (New Jersey)|Caesars Sportsbook (Pennsylvania)|DraftKings|Holland Casino|MGM|PointsBet|SugarHouse|Titanbets|Unibet|Westgate|accuscore|consensus|teamrankings,-8.0,0.45773770821706333,226.0,-351.0,285.0,-8.0
401360867,15,Caesars Sportsbook|Caesars Sportsbook (Colorado)|Caesars Sportsbook (New Jersey)|Caesars Sportsbook (Pennsylvania)|DraftKings|Holland Casino|MGM|PointsBet|SugarHouse|Titanbets|Unibet|Westgate|accuscore|consensus|teamrankings,-14.5,0.3199702367110922,218.5,-1500.0,900.0,-14.5
401360868,15,Caesars Sportsbook|Caesars Sportsbook (Colorado)|Caesars Sportsbook (New Jersey)|Caesars Sportsbook (Pennsylvania)|DraftKings|Holland Casino|MGM|PointsBet|SugarHouse|Titanbets|Unibet|Westgate|accuscore|consensus|teamrankings,4.0,0.2968084198523318,243.5,145.0,-172.0,4.0
401360869,15,Caesars Sportsbook|Caesars Sportsbook (Colorado)|Caesars Sportsbook (New Jersey)|Caesars Sportsbook (Pennsylvania)|DraftKings|Holland Casino|MGM|PointsBet|SugarHouse|Titanbets|Unibet|Westgate|accuscore|consensus|teamrankings,-2.0,0.41690469391639595,237.0,-125.0,105.0,-1.5
401360870,14,Caesars Sportsbook (Colorado)|Caesars Sportsbook (New Jersey)|Caesars Sportsbook (Pennsylvania)|DraftKings|Holland Casino|MGM|PointsBet|SugarHouse|Titanbets|Unibet|Westgate|accuscore|consensus|teamrankings,-5.5,1.5191090506254998,213.5,-222.5,184.0,-5.5
401360871,15,Caesars Sportsbook|Caesars Sportsbook (Colorado)|Caesars Sportsbook (New Jersey)|Caesars Sportsbook (Pennsylvania)|DraftKings|Holland Casino|MGM|PointsBet|SugarHouse|Titanbets|Unibet|Westgate|accuscore|consensus|teamrankings,11.0,1.0634624492441567,221.0,409.0,-550.0,11.0
401360872,15,Caesars Sportsbook|Caesars Sportsbook (Colorado)|Caesars Sportsbook (New Jersey)|Caesars Sportsbook (Pennsylvania)|DraftKings|Holland Casino|MGM|PointsBet|SugarHouse|Titanbets|Unibet|Westgate|accuscore|consensus|teamrankings,6.0,0.9759000729485332,232.5,219.0,-260.0,6.5
401360873,15,Caesars Sportsbook|Caesars Sportsbook (Colorado)|Caesars Sportsbook (New Jersey)|Caesars Sportsbook (Pennsylvania)|DraftKings|Holland Casino|MGM|PointsBet|SugarHouse|Titanbets|Unibet|Westgate|accuscore|consensus|teamrankings,-14.5,0.44185755084426853,228.0,-1300.0,800.0,-14.5
401360874,15,Caesars Sportsbook|Caesars Sportsbook (Colorado)|Caesars Sportsbook (New Jersey)|Caesars Sportsbook (Pennsylvania)|DraftKings|Holland Casino|MGM|PointsBet|SugarHouse|Titanbets|Unibet|Westgate|accuscore|consensus|teamrankings,2.5,0.0,225.5,125.0,-145.0,2.5
401360875,15,Caesars Sportsbook|Caesars Sportsbook (Colorado)|Caesars Sportsbook (New Jersey)|Caesars Sportsbook (Pennsylvania)|DraftKings|Holland Casino|MGM|PointsBet|SugarHouse|Titanbets|Unibet|Westgate|accuscore|consensus|teamrankings,-4.5,0.44986770542121857,217.0,-182.0,155.0,-4.5
401360876,15,Caesars Sportsbook|Caesars Sportsbook (Colorado)|Caesars Sportsbook (New Jersey)|Caesars Sportsbook (Pennsylvania)|DraftKings|Holland Casino|MGM|PointsBet|SugarHouse|Titanbets|Unibet|Westgate|accuscore|consensus|teamrankings,-5.0,0.6491753010001008,232.0,-203.0,170.0,-5.0
401360877,15,Caesars Sportsbook|Caesars Sportsbook (Colorado)|Caesars Sportsbook (New Jersey)|Caesars Sportsbook (Pennsylvania)|DraftKings|Holland Casino|MGM|PointsBet|SugarHouse|Titanbets|Unibet|Westgate|accuscore|consensus|teamrankings,-3.0,1.9148542155126758,241.5,-150.0,130.0,-3.0
401360878,15,Caesars Sportsbook|Caesars Sportsbook (Colorado)|Caesars Sportsbook (New Jersey)|Caesars Sportsbook (Pennsylvania)|DraftKings|Holland Casino|MGM|PointsBet|SugarHouse|Titanbets|Unibet|Westgate|accuscore|consensus|teamrankings,-2.5,1.7593288763724917,224.0,-140.0,120.0,-2.5
401360879,15,Caesars Sportsbook|Caesars Sportsbook (Colorado)|Caesars Sportsbook (New Jersey)|Caesars Sportsbook (Pennsylvania)|DraftKings|Holland Casino|MGM|PointsBet|SugarHouse|Titanbets|Unibet|Westgate|accuscore|consensus|teamrankings,-6.0,0.9023778112773575,217.5,-250.0,200.0,-6.0
401360880,15,Caesars Sportsbook|Caesars Sportsbook (Colorado)|Caesars Sportsbook (New Jersey)|Caesars Sportsbook (Pennsylvania)|DraftKings|Holland Casino|MGM|PointsBet|SugarHouse|Titanbets|Unibet|Westgate|accuscore|consensus|teamrankings,2.0,1.4251148658800739,229.5,110.0,-130.0,2.0
401360881,15,Caesars Sportsbook|Caesars Sportsbook (Colorado)|Caesars Sportsbook (New Jersey)|Caesars Sportsbook (Pennsylvania)|DraftKings|Holland Casino|MGM|PointsBet|SugarHouse|Titanbets|Unibet|Westgate|accuscore|consensus|teamrankings,-7.5,0.24397501823713333,236.0,-300.0,250.0,-7.5
401360882,15,Caesars Sportsbook|Caesars Sportsbook (Colorado)|Caesars Sportsbook (New Jersey)|Caesars Sportsbook (Pennsylvania)|DraftKings|Holland Casino|MGM|PointsBet|SugarHouse|Titanbets|Unibet|Westgate|accuscore|consensus|teamrankings,12.5,2.3335033951631807,237.0,528.0,-760.0,12.5
401360883,15,Caesars Sportsbook|Caesars Sportsbook (Colorado)|Caesars Sportsbook (New Jersey)|Caesars Sportsbook (Pennsylvania)|DraftKings|Holland Casino|MGM|PointsBet|SugarHouse|Titanbets|Unibet|Westgate|accuscore|consensus|teamrankings,-5.0,0.5563486402641867,234.5,-205.0,175.0,-5.0
401360884,15,Caesars Sportsbook|Caesars Sportsbook (Colorado)|Caesars Sportsbook (New Jersey)|Caesars Sportsbook (Pennsylvania)|DraftKings|Holland Casino|MGM|PointsBet|SugarHouse|Titanbets|Unibet|Westgate|accuscore|consensus|teamrankings,-8.0,2.074218154481575,221.5,-350.0,285.0,-8.0
401360885,15,Caesars Sportsbook|Caesars Sportsbook (Colorado)|Caesars Sportsbook (New Jersey)|Caesars Sportsbook (Pennsylvania)|DraftKings|Holland Casino|MGM|PointsBet|SugarHouse|Titanbets|Unibet|Westgate|accuscore|consensus|teamrankings,8.0,0.6725927091345493,230.5,285.0,-357.0,8.0
401360886,15,Caesars Sportsbook|Caesars Sportsbook (Colorado)|Caesars Sportsbook (New Jersey)|Caesars Sportsbook (Pennsylvania)|DraftKings|Holland Casino|MGM|PointsBet|SugarHouse|Titanbets|Unibet|Westgate|accuscore|consensus|teamrankings,3.5,0.280305955290694,224.0,140.0,-165.0,3.5
401360887,15,Caesars Sportsbook|Caesars Sportsbook (Colorado)|Caesars Sportsbook (New Jersey)|Caesars Sportsbook (Pennsylvania)|DraftKings|Holland Casino|MGM|PointsBet|SugarHouse|Titanbets|Unibet|Westgate|accuscore|consensus|teamrankings,3.0,0.2968084198523318,221.5,125.0,-145.0,3.0
401360888,15,Caesars Sportsbook|Caesars Sportsbook (Colorado)|Caesars Sportsbook (New Jersey)|Caesars Sportsbook (Pennsylvania)|DraftKings|Holland Casino|MGM|PointsBet|SugarHouse|Titanbets|Unibet|Westgate|accuscore|consensus|teamrankings,-8.0,0.870139561876632,219.0,-350.0,270.0,-8.0
401360889,15,Caesars Sportsbook|Caesars Sportsbook (Colorado)|Caesars Sportsbook (New Jersey)|Caesars Sportsbook (Pennsylvania)|DraftKings|Holland Casino|MGM|PointsBet|SugarHouse|Titanbets|Unibet|Westgate|accuscore|consensus|teamrankings,-6.5,0.20701966780270623,225.5,-265.0,225.0,-6.5
401360890,15,Caesars Sportsbook|Caesars Sportsbook (Colorado)|Caesars Sportsbook (New Jersey)|Caesars Sportsbook (Pennsylvania)|DraftKings|Holland Casino|MGM|PointsBet|SugarHouse|Titanbets|Unibet|Westgate|accuscore|consensus|teamrankings,-5.5,0.3086066999241838,236.0,-230.0,190.0,-5.5
401360891,15,Caesars Sportsbook|Caesars Sportsbook (Colorado)|Caesars Sportsbook (New Jersey)|Caesars Sportsbook (Pennsylvania)|DraftKings|Holland Casino|MGM|PointsBet|SugarHouse|Titanbets|Unibet|Westgate|accuscore|consensus|teamrankings,-5.0,0.31997023671109226,228.0,-200.0,165.0,-5.0
401360892,15,Caesars Sportsbook|Caesars Sportsbook (Colorado)|Caesars Sportsbook (New Jersey)|Caesars Sportsbook (Pennsylvania)|DraftKings|Holland Casino|MGM|PointsBet|SugarHouse|Titanbets|Unibet|Westgate|accuscore|consensus|teamrankings,-9.5,1.7694497395948776,222.5,-458.0,351.0,-9.5
401360893,15,Caesars Sportsbook|Caesars Sportsbook (Colorado)|Caesars Sportsbook (New Jersey)|Caesars Sportsbook (Pennsylvania)|DraftKings|Holland Casino|MGM|PointsBet|SugarHouse|Titanbets|Unibet|Westgate|accuscore|consensus|teamrankings,8.0,2.5957841277916844,210.0,268.0,-335.0,8.0
401360894,15,Caesars Sportsbook|Caesars Sportsbook (Colorado)|Caesars Sportsbook (New Jersey)|Caesars Sportsbook (Pennsylvania)|DraftKings|Holland Casino|MGM|PointsBet|SugarHouse|Titanbets|Unibet|Westgate|accuscore|consensus|teamrankings,2.0,1.2658518682614301,229.5,110.0,-130.0,2.0
401360895,15,Caesars Sportsbook|Caesars Sportsbook (Colorado)|Caesars Sportsbook (New Jersey)|Caesars Sportsbook (Pennsylvania)|DraftKings|Holland Casino|MGM|PointsBet|SugarHouse|Titanbets|Unibet|Westgate|accuscore|consensus|teamrankings,-3.5,0.280305955290694,219.0,-164.0,140.0,-3.5
401360896,15,Caesars Sportsbook|Caesars Sportsbook (Colorado)|Caesars Sportsbook (New Jersey)|Caesars Sportsbook (Pennsylvania)|DraftKings|Holland Casino|MGM|PointsBet|SugarHouse|Titanbets|Unibet|Westgate|accuscore|consensus|teamrankings,3.0,0.3199702367110922,233.5,135.0,-158.0,3.5
401360897,15,Caesars Sportsbook|Caesars Sportsbook (Colorado)|Caesars Sportsbook (New Jersey)|Caesars Sportsbook (Pennsylvania)|DraftKings|Holland Casino|MGM|PointsBet|SugarHouse|Titanbets|Unibet|Westgate|accuscore|consensus|teamrankings,13.0,0.20701966780270625,217.0,700.0,-1100.0,13.0
401360898,15,Caesars Sportsbook|Caesars Sportsbook (Colorado)|Caesars Sportsbook (New Jersey)|Caesars Sportsbook (Pennsylvania)|DraftKings|Holland Casino|MGM|PointsBet|SugarHouse|Titanbets|Unibet|Westgate|accuscore|consensus|teamrankings,-1.5,0.7973169292786185,228.5,-120.0,100.0,-1.5
401360899,15,Caesars Sportsbook|Caesars Sportsbook (Colorado)|Caesars Sportsbook (New Jersey)|Caesars Sportsbook (Pennsylvania)|DraftKings|Holland Casino|MGM|PointsBet|SugarHouse|Titanbets|Unibet|Westgate|accuscore|consensus|teamrankings,7.5,0.2581988897471611,215.5,260.0,-330.0,7.5
401360900,15,Caesars Sportsbook|Caesars Sportsbook (Colorado)|Caesars Sportsbook (New Jersey)|Caesars Sportsbook (Pennsylvania)|DraftKings|Holland Casino|MGM|PointsBet|SugarHouse|Titanbets|Unibet|Westgate|accuscore|consensus|teamrankings,3.5,0.8957571949925675,226.5,140.0,-165.0,3.5
401360901,15,Caesars Sportsbook|Caesars Sportsbook (Colorado)|Caesars Sportsbook (New Jersey)|Caesars Sportsbook (Pennsylvania)|DraftKings|Holland Casino|MGM|PointsBet|SugarHouse|Titanbets|Unibet|Westgate|accuscore|consensus|teamrankings,-6.5,0.3518657752744984,234.5,-275.0,220.0,-6.5
401360902,15,Caesars Sportsbook|Caesars Sportsbook (Colorado)|Caesars Sportsbook (New Jersey)|Caesars Sportsbook (Pennsylvania)|DraftKings|Holland Casino|MGM|PointsBet|SugarHouse|Titanbets|Unibet|Westgate|accuscore|consensus|teamrankings,-6.5,0.0,223.0,-270.0,220.0,-6.5
401360903,15,Caesars Sportsbook|Caesars Sportsbook (Colorado)|Caesars Sportsbook (New Jersey)|Caesars Sportsbook (Pennsylvania)|DraftKings|Holland Casino|MGM|PointsBet|SugarHouse|Titanbets|Unibet|Westgate|accuscore|consensus|teamrankings,-8.5,0.7020378500174638,225.5,-360.0,295.0,-8.5
401360904,15,Caesars Sportsbook|Caesars Sportsbook (Colorado)|Caesars Sportsbook (New Jersey)|Caesars Sportsbook (Pennsylvania)|DraftKings|Holland Casino|MGM|PointsBet|SugarHouse|Titanbets|Unibet|Westgate|accuscore|consensus|teamrankings,5.0,0.2288688541085317,227.5,170.0,-200.0,5.0
401360905,15,Caesars Sportsbook|Caesars Sportsbook (Colorado)|Caesars Sportsbook (New Jersey)|Caesars Sportsbook (Pennsylvania)|DraftKings|Holland Casino|MGM|PointsBet|SugarHouse|Titanbets|Unibet|Westgate|accuscore|consensus|teamrankings,-6.0,0.2288688541085317,233.5,-230.0,190.0,-6.0
401360906,15,Caesars Sportsbook|Caesars Sportsbook (Colorado)|Caesars Sportsbook (New Jersey)|Caesars Sportsbook (Pennsylvania)|DraftKings|Holland Casino|MGM|PointsBet|SugarHouse|Titanbets|Unibet|Westgate|accuscore|consensus|teamrankings,-5.0,0.6229729031789729,215.5,-200.0,170.0,-5.0
401360907,15,Caesars Sportsbook|Caesars Sportsbook (Colorado)|Caesars Sportsbook (New Jersey)|Caesars Sportsbook (Pennsylvania)|DraftKings|Holland Casino|MGM|PointsBet|SugarHouse|Titanbets|Unibet|Westgate|accuscore|consensus|teamrankings,-10.0,2.261478656606273,209.5,-490.0,375.0,-10.0
401360908,15,Caesars Sportsbook|Caesars Sportsbook (Colorado)|Caesars Sportsbook (New Jersey)|Caesars Sportsbook (Pennsylvania)|DraftKings|Holland Casino|MGM|PointsBet|SugarHouse|Titanbets|Unibet|Westgate|accuscore|consensus|teamrankings,1.0,0.575364194266515,237.5,-105.0,-114.0,1.0
401360909,14,Caesars Sportsbook|Caesars Sportsbook (Colorado)|Caesars Sportsbook (New Jersey)|Caesars Sportsbook (Pennsylvania)|DraftKings|Holland Casino|MGM|SugarHouse|Titanbets|Unibet|Westgate|accuscore|consensus|teamrankings,-1.5,0.9250779592927455,239.0,-125.0,105.5,-1.5
401360910,15,Caesars Sportsbook|Caesars Sportsbook (Colorado)|Caesars Sportsbook (New Jersey)|Caesars Sportsbook (Pennsylvania)|DraftKings|Holland Casino|MGM|PointsBet|SugarHouse|Titanbets|Unibet|Westgate|accuscore|consensus|teamrankings,2.0,1.38185520570131,219.0,115.0,-135.0,2.5
401360911,15,Caesars Sportsbook|Caesars Sportsbook (Colorado)|Caesars Sportsbook (New Jersey)|Caesars Sportsbook (Pennsylvania)|DraftKings|Holland Casino|MGM|PointsBet|SugarHouse|Titanbets|Unibet|Westgate|accuscore|consensus|teamrankings,-10.0,0.6229729031789729,218.5,-530.0,400.0,-10.0
401360912,15,Caesars Sportsbook|Caesars Sportsbook (Colorado)|Caesars Sportsbook (New Jersey)|Caesars Sportsbook (Pennsylvania)|DraftKings|Holland Casino|MGM|PointsBet|SugarHouse|Titanbets|Unibet|Westgate|accuscore|consensus|teamrankings,9.5,0.3716116764786033,226.0,360.0,-463.0,9.5
401360913,15,Caesars Sportsbook|Caesars Sportsbook (Colorado)|Caesars Sportsbook (New Jersey)|Caesars Sportsbook (Pennsylvania)|DraftKings|Holland Casino|MGM|PointsBet|SugarHouse|Titanbets|Unibet|Westgate|accuscore|consensus|teamrankings,9.5,1.0350983390135313,231.0,350.0,-450.0,9.5
401360914,15,Caesars Sportsbook|Caesars Sportsbook (Colorado)|Caesars Sportsbook (New Jersey)|Caesars Sportsbook (Pennsylvania)|DraftKings|Holland Casino|MGM|PointsBet|SugarHouse|Titanbets|Unibet|Westgate|accuscore|consensus|teamrankings,-5.5,1.1317916685293197,214.0,-210.0,176.0,-5.5
401360915,15,Caesars Sportsbook|Caesars Sportsbook (Colorado)|Caesars Sportsbook (New Jersey)|Caesars Sportsbook (Pennsylvania)|DraftKings|Holland Casino|MGM|PointsBet|SugarHouse|Titanbets|Unibet|Westgate|accuscore|consensus|teamrankings,-11.5,0.41690469391639595,236.0,-688.0,475.0,-11.5
401360916,15,Caesars Sportsbook|Caesars Sportsbook (Colorado)|Caesars Sportsbook (New Jersey)|Caesars Sportsbook (Pennsylvania)|DraftKings|Holland Casino|MGM|PointsBet|SugarHouse|Titanbets|Unibet|Westgate|accuscore|consensus|teamrankings,-8.5,1.0153582525160179,228.5,-400.0,315.0,-8.5
401360917,15,Caesars Sportsbook|Caesars Sportsbook (Colorado)|Caesars Sportsbook (New Jersey)|Caesars Sportsbook (Pennsylvania)|DraftKings|Holland Casino|MGM|PointsBet|SugarHouse|Titanbets|Unibet|Westgate|accuscore|consensus|teamrankings,-3.5,1.7572977090109798,224.0,-150.0,130.0,-3.5
401360918,15,Caesars Sportsbook|Caesars Sportsbook (Colorado)|Caesars Sportsbook (New Jersey)|Caesars Sportsbook (Pennsylvania)|DraftKings|Holland Casino|MGM|PointsBet|SugarHouse|Titanbets|Unibet|Westgate|accuscore|consensus|teamrankings,-1.0,0.6510065466717856,231.5,-115.0,-105.0,-1.0
401360919,13,Caesars Sportsbook (Colorado)|Caesars Sportsbook (New Jersey)|Caesars Sportsbook (Pennsylvania)|DraftKings|Holland Casino|MGM|PointsBet|Titanbets|Unibet|Westgate|accuscore|consensus|teamrankings,4.0,0.1877669040497027,228.0,145.0,-170.0,4.0
401360920,13,Caesars Sportsbook (Colorado)|Caesars Sportsbook (New Jersey)|Caesars Sportsbook (Pennsylvania)|DraftKings|Holland Casino|MGM|PointsBet|Titanbets|Unibet|Westgate|accuscore|consensus|teamrankings,-4.0,0.4634043479981492,223.0,-175.0,150.0,-4.0
401360921,14,Caesars Sportsbook (Colorado)|Caesars Sportsbook (New Jersey)|Caesars Sportsbook (Pennsylvania)|DraftKings|Holland Casino|MGM|PointsBet|SugarHouse|Titanbets|Unibet|Westgate|accuscore|consensus|teamrankings,-2.25,0.2594372608313854,223.0,-130.0,110.0,-2.5
401360922,14,Caesars Sportsbook (Colorado)|Caesars Sportsbook (New Jersey)|Caesars Sportsbook (Pennsylvania)|DraftKings|Holland Casino|MGM|PointsBet|SugarHouse|Titanbets|Unibet|Westgate|accuscore|consensus|teamrankings,-9.5,1.42389343964797,214.0,-435.0,340.0,-9.5
401360923,14,Caesars Sportsbook (Colorado)|Caesars Sportsbook (New Jersey)|Caesars Sportsbook (Pennsylvania)|DraftKings|Holland Casino|MGM|PointsBet|SugarHouse|Titanbets|Unibet|Westgate|accuscore|consensus|teamrankings,-4.0,0.9756654533819863,228.0,-169.5,145.0,-4.0
401360924,13,Caesars Sportsbook (Colorado)|Caesars Sportsbook (New Jersey)|Caesars Sportsbook (Pennsylvania)|DraftKings|Holland Casino|MGM|PointsBet|Titanbets|Unibet|Westgate|accuscore|consensus|teamrankings,4.5,0.13867504905630726,234.0,160.0,-186.0,4.5
401360925,14,Caesars Sportsbook (Colorado)|Caesars Sportsbook (New Jersey)|Caesars Sportsbook (Pennsylvania)|DraftKings|Holland Casino|MGM|PointsBet|SugarHouse|Titanbets|Unibet|Westgate|accuscore|consensus|teamrankings,5.0,0.2567762955065477,218.0,180.0,-220.0,5.5
401360926,15,Caesars Sportsbook|Caesars Sportsbook (Colorado)|Caesars Sportsbook (New Jersey)|Caesars Sportsbook (Pennsylvania)|DraftKings|Holland Casino|MGM|PointsBet|SugarHouse|Titanbets|Unibet|Westgate|accuscore|consensus|teamrankings,-6.0,0.2288688541085317,230.0,-240.0,200.0,-6.0
401360927,15,Caesars Sportsbook|Caesars Sportsbook (Colorado)|Caesars Sportsbook (New Jersey)|Caesars Sportsbook (Pennsylvania)|DraftKings|Holland Casino|MGM|PointsBet|SugarHouse|Titanbets|Unibet|Westgate|accuscore|consensus|teamrankings,-2.5,0.5,221.5,-140.0,120.0,-2.5
401360928,15,Caesars Sportsbook|Caesars Sportsbook (Colorado)|Caesars Sportsbook (New Jersey)|Caesars Sportsbook (Pennsylvania)|DraftKings|Holland Casino|MGM|PointsBet|SugarHouse|Titanbets|Unibet|Westgate|accuscore|consensus|teamrankings,-12.0,0.870139561876632,223.0,-700.0,500.0,-12.0
401360929,15,Caesars Sportsbook|Caesars Sportsbook (Colorado)|Caesars Sportsbook (New Jersey)|Caesars Sportsbook (Pennsylvania)|DraftKings|Holland Casino|MGM|PointsBet|SugarHouse|Titanbets|Unibet|Westgate|accuscore|consensus|teamrankings,-2.0,0.1889822365046136,222.5,-130.0,110.0,-2.0
401360930,15,Caesars Sportsbook|Caesars Sportsbook (Colorado)|Caesars Sportsbook (New Jersey)|Caesars Sportsbook (Pennsylvania)|DraftKings|Holland Casino|MGM|PointsBet|SugarHouse|Titanbets|Unibet|Westgate|accuscore|consensus|teamrankings,2.5,0.36187343222787294,231.5,120.0,-140.0,2.5
401360931,15,Caesars Sportsbook|Caesars Sportsbook (Colorado)|Caesars Sportsbook (New Jersey)|Caesars Sportsbook (Pennsylvania)|DraftKings|Holland Casino|MGM|PointsBet|SugarHouse|Titanbets|Unibet|Westgate|accuscore|consensus|teamrankings,1.0,1.0932694522568966,233.5,-105.0,-115.0,1.0
401360932,15,Caesars Sportsbook|Caesars Sportsbook (Colorado)|Caesars Sportsbook (New Jersey)|Caesars Sportsbook (Pennsylvania)|DraftKings|Holland Casino|MGM|PointsBet|SugarHouse|Titanbets|Unibet|Westgate|accuscore|consensus|teamrankings,-17.0,1.334523278535216,228.5,-1800.0,979.0,-17.0
401360933,15,Caesars Sportsbook|Caesars Sportsbook (Colorado)|Caesars Sportsbook (New Jersey)|Caesars Sportsbook (Pennsylvania)|DraftKings|Holland Casino|MGM|PointsBet|SugarHouse|Titanbets|Unibet|Westgate|accuscore|consensus|teamrankings,4.5,0.31997023671109226,231.5,160.0,-180.0,4.5
401360934,15,Caesars Sportsbook|Caesars Sportsbook (Colorado)|Caesars Sportsbook (New Jersey)|Caesars Sportsbook (Pennsylvania)|DraftKings|Holland Casino|MGM|PointsBet|SugarHouse|Titanbets|Unibet|Westgate|accuscore|consensus|teamrankings,4.5,0.31997023671109226,218.5,167.0,-200.0,4.5
401360935,15,Caesars Sportsbook|Caesars Sportsbook (Colorado)|Caesars Sportsbook (New Jersey)|Caesars Sportsbook (Pennsylvania)|DraftKings|Holland Casino|MGM|PointsBet|SugarHouse|Titanbets|Unibet|Westgate|accuscore|consensus|teamrankings,-6.5,0.1759328876372492,229.5,-250.0,207.0,-6.5
401360936,15,Caesars Sportsbook|Caesars Sportsbook (Colorado)|Caesars Sportsbook (New Jersey)|Caesars Sportsbook (Pennsylvania)|DraftKings|Holland Casino|MGM|PointsBet|SugarHouse|Titanbets|Unibet|Westgate|accuscore|consensus|teamrankings,7.0,0.2288688541085317,216.5,235.0,-280.0,7.0
401360937,15,Caesars Sportsbook|Caesars Sportsbook (Colorado)|Caesars Sportsbook (New Jersey)|Caesars Sportsbook (Pennsylvania)|DraftKings|Holland Casino|MGM|PointsBet|SugarHouse|Titanbets|Unibet|Westgate|accuscore|consensus|teamrankings,-4.5,0.20701966780270623,226.5,-186.0,160.0,-4.5
401360938,15,Caesars Sportsbook|Caesars Sportsbook (Colorado)|Caesars Sportsbook (New Jersey)|Caesars Sportsbook (Pennsylvania)|DraftKings|Holland Casino|MGM|PointsBet|SugarHouse|Titanbets|Unibet|Westgate|accuscore|consensus|teamrankings,-4.0,0.25819888974716115,233.5,-170.0,145.0,-3.5
401360939,15,Caesars Sportsbook|Caesars Sportsbook (Colorado)|Caesars Sportsbook (New Jersey)|Caesars Sportsbook (Pennsylvania)|DraftKings|Holland Casino|MGM|PointsBet|SugarHouse|Titanbets|Unibet|Westgate|accuscore|consensus|teamrankings,-7.0,0.5300494136893097,238.5,-270.0,220.0,-7.0
401360940,15,Caesars Sportsbook|Caesars Sportsbook (Colorado)|Caesars Sportsbook (New Jersey)|Caesars Sportsbook (Pennsylvania)|DraftKings|Holland Casino|MGM|PointsBet|SugarHouse|Titanbets|Unibet|Westgate|accuscore|consensus|teamrankings,-3.5,0.50709255283711,216.0,-167.0,145.0,-3.5
401360941,15,Caesars Sportsbook|Caesars Sportsbook (Colorado)|Caesars Sportsbook (New Jersey)|Caesars Sportsbook (Pennsylvania)|DraftKings|Holland Casino|MGM|PointsBet|SugarHouse|Titanbets|Unibet|Westgate|accuscore|consensus|teamrankings,3.5,0.0,232.0,140.0,-160.0,3.5
401360942,15,Caesars Sportsbook|Caesars Sportsbook (Colorado)|Caesars Sportsbook (New Jersey)|Caesars Sportsbook (Pennsylvania)|DraftKings|Holland Casino|MGM|PointsBet|SugarHouse|Titanbets|Unibet|Westgate|accuscore|consensus|teamrankings,-8.5,0.2968084198523318,216.5,-400.0,310.0,-8.5
401360943,15,Caesars Sportsbook|Caesars Sportsbook (Colorado)|Caesars Sportsbook (New Jersey)|Caesars Sportsbook (Pennsylvania)|DraftKings|Holland Casino|MGM|PointsBet|SugarHouse|Titanbets|Unibet|Westgate|accuscore|consensus|teamrankings,7.5,0.37161167647860327,236.5,260.0,-330.0,7.5
401360944,15,Caesars Sportsbook|Caesars Sportsbook (Colorado)|Caesars Sportsbook (New Jersey)|Caesars Sportsbook (Pennsylvania)|DraftKings|Holland Casino|MGM|PointsBet|SugarHouse|Titanbets|Unibet|Westgate|accuscore|consensus|teamrankings,-13.5,0.25819888974716115,217.5,-1250.0,750.0,-13.5
401360945,15,Caesars Sportsbook|Caesars Sportsbook (Colorado)|Caesars Sportsbook (New Jersey)|Caesars Sportsbook (Pennsylvania)|DraftKings|Holland Casino|MGM|PointsBet|SugarHouse|Titanbets|Unibet|Westgate|accuscore|consensus|teamrankings,3.5,0.2968084198523318,218.0,140.0,-165.0,3.5
401360946,15,Caesars Sportsbook|Caesars Sportsbook (Colorado)|Caesars Sportsbook (New Jersey)|Caesars Sportsbook (Pennsylvania)|DraftKings|Holland Casino|MGM|PointsBet|SugarHouse|Titanbets|Unibet|Westgate|accuscore|consensus|teamrankings,-8.5,1.5491933384829673,211.0,-380.0,300.0,-8.5
401360947,15,Caesars Sportsbook|Caesars Sportsbook (Colorado)|Caesars Sportsbook (New Jersey)|Caesars Sportsbook (Pennsylvania)|DraftKings|Holland Casino|MGM|PointsBet|SugarHouse|Titanbets|Unibet|Westgate|accuscore|consensus|teamrankings,9.5,1.7694497395948776,233.0,360.0,-475.0,9.5
401360948,15,Caesars Sportsbook|Caesars Sportsbook (Colorado)|Caesars Sportsbook (New Jersey)|Caesars Sportsbook (Pennsylvania)|DraftKings|Holland Casino|MGM|PointsBet|SugarHouse|Titanbets|Unibet|Westgate|accuscore|consensus|teamrankings,-9.5,0.3872983346207417,221.5,-455.0,360.0,-9.5
401360949,15,Caesars Sportsbook|Caesars Sportsbook (Colorado)|Caesars Sportsbook (New Jersey)|Caesars Sportsbook (Pennsylvania)|DraftKings|Holland Casino|MGM|PointsBet|SugarHouse|Titanbets|Unibet|Westgate|accuscore|consensus|teamrankings,-1.5,1.2882250616735451,221.0,-120.0,100.0,-1.5
401360950,15,Caesars Sportsbook|Caesars Sportsbook (Colorado)|Caesars Sportsbook (New Jersey)|Caesars Sportsbook (Pennsylvania)|DraftKings|Holland Casino|MGM|PointsBet|SugarHouse|Titanbets|Unibet|Westgate|accuscore|consensus|teamrankings,-1.0,0.6519202405202649,232.0,-110.0,-110.0,
401360951,15,Caesars Sportsbook|Caesars Sportsbook (Colorado)|Caesars Sportsbook (New Jersey)|Caesars Sportsbook (Pennsylvania)|DraftKings|Holland Casino|MGM|PointsBet|SugarHouse|Titanbets|Unibet|Westgate|accuscore|consensus|teamrankings,4.0,0.2672612419124244,223.5,155.0,-175.0,4.0
401360952,15,Caesars Sportsbook|Caesars Sportsbook (Colorado)|Caesars Sportsbook (New Jersey)|Caesars Sportsbook (Pennsylvania)|DraftKings|Holland Casino|MGM|PointsBet|SugarHouse|Titanbets|Unibet|Westgate|accuscore|consensus|teamrankings,-13.5,0.4418575508442685,233.5,-1100.0,700.0,-13.5
401360953,15,Caesars Sportsbook|Caesars Sportsbook (Colorado)|Caesars Sportsbook (New Jersey)|Caesars Sportsbook (Pennsylvania)|DraftKings|Holland Casino|MGM|PointsBet|SugarHouse|Titanbets|Unibet|Westgate|accuscore|consensus|teamrankings,-12.0,0.20701966780270625,219.5,-800.0,550.0,-12.0
401360954,15,Caesars Sportsbook|Caesars Sportsbook (Colorado)|Caesars Sportsbook (New Jersey)|Caesars Sportsbook (Pennsylvania)|DraftKings|Holland Casino|MGM|PointsBet|SugarHouse|Titanbets|Unibet|Westgate|accuscore|consensus|teamrankings,2.5,1.5453463165566603,217.0,115.0,-135.0,2.5
401360955,15,Caesars Sportsbook|Caesars Sportsbook (Colorado)|Caesars Sportsbook (New Jersey)|Caesars Sportsbook (Pennsylvania)|DraftKings|Holland Casino|MGM|PointsBet|SugarHouse|Titanbets|Unibet|Westgate|accuscore|consensus|teamrankings,2.0,0.31997023671109226,214.5,110.0,-130.0,1.5
401360956,15,Caesars Sportsbook|Caesars Sportsbook (Colorado)|Caesars Sportsbook (New Jersey)|Caesars Sportsbook (Pennsylvania)|DraftKings|Holland Casino|MGM|PointsBet|SugarHouse|Titanbets|Unibet|Westgate|accuscore|consensus|teamrankings,10.0,0.2672612419124244,237.0,375.0,-500.0,10.0
401360957,15,Caesars Sportsbook|Caesars Sportsbook (Colorado)|Caesars Sportsbook (New Jersey)|Caesars Sportsbook (Pennsylvania)|DraftKings|Holland Casino|MGM|PointsBet|SugarHouse|Titanbets|Unibet|Westgate|accuscore|consensus|teamrankings,-4.0,0.408248290463863,218.5,-170.0,145.0,-4.0
401360958,15,Caesars Sportsbook|Caesars Sportsbook (Colorado)|Caesars Sportsbook (New Jersey)|Caesars Sportsbook (Pennsylvania)|DraftKings|Holland Casino|MGM|PointsBet|SugarHouse|Titanbets|Unibet|Westgate|accuscore|consensus|teamrankings,-5.0,0.2288688541085317,213.5,-203.0,175.0,-5.0
401360959,15,Caesars Sportsbook|Caesars Sportsbook (Colorado)|Caesars Sportsbook (New Jersey)|Caesars Sportsbook (Pennsylvania)|DraftKings|Holland Casino|MGM|PointsBet|SugarHouse|Titanbets|Unibet|Westgate|accuscore|consensus|teamrankings,2.5,0.408248290463863,223.5,120.0,-140.0,2.5
401360960,15,Caesars Sportsbook|Caesars Sportsbook (Colorado)|Caesars Sportsbook (New Jersey)|Caesars Sportsbook (Pennsylvania)|DraftKings|Holland Casino|MGM|PointsBet|SugarHouse|Titanbets|Unibet|Westgate|accuscore|consensus|teamrankings,-2.5,0.0,228.5,-140.0,120.0,-2.5
401360961,15,Caesars Sportsbook|Caesars Sportsbook (Colorado)|Caesars Sportsbook (New Jersey)|Caesars Sportsbook (Pennsylvania)|DraftKings|Holland Casino|MGM|PointsBet|SugarHouse|Titanbets|Unibet|Westgate|accuscore|consensus|teamrankings,3.0,0.280305955290694,231.0,130.0,-150.0,3.0
401360962,15,Caesars Sportsbook|Caesars Sportsbook (Colorado)|Caesars Sportsbook (New Jersey)|Caesars Sportsbook (Pennsylvania)|DraftKings|Holland Casino|MGM|PointsBet|SugarHouse|Titanbets|Unibet|Westgate|accuscore|consensus|teamrankings,13.0,0.4082482904638631,229.0,600.0,-901.0,13.0
401360963,15,Caesars Sportsbook|Caesars Sportsbook (Colorado)|Caesars Sportsbook (New Jersey)|Caesars Sportsbook (Pennsylvania)|DraftKings|Holland Casino|MGM|PointsBet|SugarHouse|Titanbets|Unibet|Westgate|accuscore|consensus|teamrankings,5.0,0.4928053803045811,234.5,175.0,-200.0,5.0
401360964,15,Caesars Sportsbook|Caesars Sportsbook (Colorado)|Caesars Sportsbook (New Jersey)|Caesars Sportsbook (Pennsylvania)|DraftKings|Holland Casino|MGM|PointsBet|SugarHouse|Titanbets|Unibet|Westgate|accuscore|consensus|teamrankings,5.0,0.2968084198523318,222.0,165.0,-200.0,5.0
401360965,15,Caesars Sportsbook|Caesars Sportsbook (Colorado)|Caesars Sportsbook (New Jersey)|Caesars Sportsbook (Pennsylvania)|DraftKings|Holland Casino|MGM|PointsBet|SugarHouse|Titanbets|Unibet|Westgate|accuscore|consensus|teamrankings,15.0,1.0153582525160179,225.5,800.0,-1400.0,15.0
401360966,15,Caesars Sportsbook|Caesars Sportsbook (Colorado)|Caesars Sportsbook (New Jersey)|Caesars Sportsbook (Pennsylvania)|DraftKings|Holland Casino|MGM|PointsBet|SugarHouse|Titanbets|Unibet|Westgate|accuscore|consensus|teamrankings,9.5,0.4952152009360125,225.5,366.0,-476.0,9.5
401360967,15,Caesars Sportsbook|Caesars Sportsbook (Colorado)|Caesars Sportsbook (New Jersey)|Caesars Sportsbook (Pennsylvania)|DraftKings|Holland Casino|MGM|PointsBet|SugarHouse|Titanbets|Unibet|Westgate|accuscore|consensus|teamrankings,-2.0,0.20701966780270625,243.5,-129.0,110.0,-2.0
401360968,15,Caesars Sportsbook|Caesars Sportsbook (Colorado)|Caesars Sportsbook (New Jersey)|Caesars Sportsbook (Pennsylvania)|DraftKings|Holland Casino|MGM|PointsBet|SugarHouse|Titanbets|Unibet|Westgate|accuscore|consensus|teamrankings,-2.5,0.38729833462074176,221.0,-135.0,115.0,-2.5
401360969,15,Caesars Sportsbook|Caesars Sportsbook (Colorado)|Caesars Sportsbook (New Jersey)|Caesars Sportsbook (Pennsylvania)|DraftKings|Holland Casino|MGM|PointsBet|SugarHouse|Titanbets|Unibet|Westgate|accuscore|consensus|teamrankings,-13.5,0.7037315505489968,228.0,-1000.0,650.0,-13.5
401360970,15,Caesars Sportsbook|Caesars Sportsbook (Colorado)|Caesars Sportsbook (New Jersey)|Caesars Sportsbook (Pennsylvania)|DraftKings|Holland Casino|MGM|PointsBet|SugarHouse|Titanbets|Unibet|Westgate|accuscore|consensus|teamrankings,11.5,0.828078671210825,217.0,475.0,-674.0,11.5
401360971,15,Caesars Sportsbook|Caesars Sportsbook (Colorado)|Caesars Sportsbook (New Jersey)|Caesars Sportsbook (Pennsylvania)|DraftKings|Holland Casino|MGM|PointsBet|SugarHouse|Titanbets|Unibet|Westgate|accuscore|consensus|teamrankings,7.5,0.44986770542121857,216.5,270.0,-340.0,7.5
401360972,15,Caesars Sportsbook|Caesars Sportsbook (Colorado)|Caesars Sportsbook (New Jersey)|Caesars Sportsbook (Pennsylvania)|DraftKings|Holland Casino|MGM|PointsBet|SugarHouse|Titanbets|Unibet|Westgate|accuscore|consensus|teamrankings,-15.0,0.20701966780270625,226.5,-1600.0,900.0,-15.0
401360973,15,Caesars Sportsbook|Caesars Sportsbook (Colorado)|Caesars Sportsbook (New Jersey)|Caesars Sportsbook (Pennsylvania)|DraftKings|Holland Casino|MGM|PointsBet|SugarHouse|Titanbets|Unibet|Westgate|accuscore|consensus|teamrankings,3.0,0.3380617018914066,234.0,130.0,-150.0,3.0
401360974,15,Caesars Sportsbook|Caesars Sportsbook (Colorado)|Caesars Sportsbook (New Jersey)|Caesars Sportsbook (Pennsylvania)|DraftKings|Holland Casino|MGM|PointsBet|SugarHouse|Titanbets|Unibet|Westgate|accuscore|consensus|teamrankings,7.5,0.25354627641855493,228.5,260.0,-320.0,7.5
401360975,15,Caesars Sportsbook|Caesars Sportsbook (Colorado)|Caesars Sportsbook (New Jersey)|Caesars Sportsbook (Pennsylvania)|DraftKings|Holland Casino|MGM|PointsBet|SugarHouse|Titanbets|Unibet|Westgate|accuscore|consensus|teamrankings,-3.5,1.759328876372492,217.5,-160.0,140.0,-3.5
401360976,15,Caesars Sportsbook|Caesars Sportsbook (Colorado)|Caesars Sportsbook (New Jersey)|Caesars Sportsbook (Pennsylvania)|DraftKings|Holland Casino|MGM|PointsBet|SugarHouse|Titanbets|Unibet|Westgate|accuscore|consensus|teamrankings,4.5,0.1759328876372492,221.5,160.0,-185.0,4.5
401360977,15,Caesars Sportsbook|Caesars Sportsbook (Colorado)|Caesars Sportsbook (New Jersey)|Caesars Sportsbook (Pennsylvania)|DraftKings|Holland Casino|MGM|PointsBet|SugarHouse|Titanbets|Unibet|Westgate|accuscore|consensus|teamrankings,-13.5,0.48057505236162745,228.0,-1250.0,750.0,-13.5
401360978,15,Caesars Sportsbook|Caesars Sportsbook (Colorado)|Caesars Sportsbook (New Jersey)|Caesars Sportsbook (Pennsylvania)|DraftKings|Holland Casino|MGM|PointsBet|SugarHouse|Titanbets|Unibet|Westgate|accuscore|consensus|teamrankings,-3.0,0.2672612419124244,242.0,-150.0,128.0,-3.0
401360979,15,Caesars Sportsbook|Caesars Sportsbook (Colorado)|Caesars Sportsbook (New Jersey)|Caesars Sportsbook (Pennsylvania)|DraftKings|Holland Casino|MGM|PointsBet|SugarHouse|Titanbets|Unibet|Westgate|accuscore|consensus|teamrankings,-2.0,0.47056197405716005,230.5,-132.0,110.0,-2.5
401360980,15,Caesars Sportsbook|Caesars Sportsbook (Colorado)|Caesars Sportsbook (New Jersey)|Caesars Sportsbook (Pennsylvania)|DraftKings|Holland Casino|MGM|PointsBet|SugarHouse|Titanbets|Unibet|Westgate|accuscore|consensus|teamrankings,-6.0,0.3199702367110922,229.0,-240.0,195.0,-5.5
401360981,15,Caesars Sportsbook|Caesars Sportsbook (Colorado)|Caesars Sportsbook (New Jersey)|Caesars Sportsbook (Pennsylvania)|DraftKings|Holland Casino|MGM|PointsBet|SugarHouse|Titanbets|Unibet|Westgate|accuscore|consensus|teamrankings,-2.0,1.2315302134607442,220.5,-130.0,110.0,-2.0
401360982,15,Caesars Sportsbook|Caesars Sportsbook (Colorado)|Caesars Sportsbook (New Jersey)|Caesars Sportsbook (Pennsylvania)|DraftKings|Holland Casino|MGM|PointsBet|SugarHouse|Titanbets|Unibet|Westgate|accuscore|consensus|teamrankings,2.0,0.31997023671109226,243.0,115.0,-135.0,2.5
401360983,15,Caesars Sportsbook|Caesars Sportsbook (Colorado)|Caesars Sportsbook (New Jersey)|Caesars Sportsbook (Pennsylvania)|DraftKings|Holland Casino|MGM|PointsBet|SugarHouse|Titanbets|Unibet|Westgate|accuscore|consensus|teamrankings,2.5,0.3199702367110922,217.0,120.0,-140.0,2.5
401360984,15,Caesars Sportsbook|Caesars Sportsbook (Colorado)|Caesars Sportsbook (New Jersey)|Caesars Sportsbook (Pennsylvania)|DraftKings|Holland Casino|MGM|PointsBet|SugarHouse|Titanbets|Unibet|Westgate|accuscore|consensus|teamrankings,2.0,0.43094580368566743,219.0,115.0,-135.0,2.0
401360985,15,Caesars Sportsbook|Caesars Sportsbook (Colorado)|Caesars Sportsbook (New Jersey)|Caesars Sportsbook (Pennsylvania)|DraftKings|Holland Casino|MGM|PointsBet|SugarHouse|Titanbets|Unibet|Westgate|accuscore|consensus|teamrankings,-13.0,0.2672612419124244,222.0,-1100.0,657.0,-13.0
401360986,15,Caesars Sportsbook|Caesars Sportsbook (Colorado)|Caesars Sportsbook (New Jersey)|Caesars Sportsbook (Pennsylvania)|DraftKings|Holland Casino|MGM|PointsBet|SugarHouse|Titanbets|Unibet|Westgate|accuscore|consensus|teamrankings,-6.5,0.7037315505489967,227.0,-275.0,230.0,-6.5
401360987,15,Caesars Sportsbook|Caesars Sportsbook (Colorado)|Caesars Sportsbook (New Jersey)|Caesars Sportsbook (Pennsylvania)|DraftKings|Holland Casino|MGM|PointsBet|SugarHouse|Titanbets|Unibet|Westgate|accuscore|consensus|teamrankings,5.5,1.190238071423808,231.5,190.0,-230.0,6.0
401360988,15,Caesars Sportsbook|Caesars Sportsbook (Colorado)|Caesars Sportsbook (New Jersey)|Caesars Sportsbook (Pennsylvania)|DraftKings|Holland Casino|MGM|PointsBet|SugarHouse|Titanbets|Unibet|Westgate|accuscore|consensus|teamrankings,-5.0,1.159843996077962,233.0,-192.0,165.0,-5.0
401360989,15,Caesars Sportsbook|Caesars Sportsbook (Colorado)|Caesars Sportsbook (New Jersey)|Caesars Sportsbook (Pennsylvania)|DraftKings|Holland Casino|MGM|PointsBet|SugarHouse|Titanbets|Unibet|Westgate|accuscore|consensus|teamrankings,5.5,0.3199702367110922,225.0,185.0,-220.0,5.5
401360990,15,Caesars Sportsbook|Caesars Sportsbook (Colorado)|Caesars Sportsbook (New Jersey)|Caesars Sportsbook (Pennsylvania)|DraftKings|Holland Casino|MGM|PointsBet|SugarHouse|Titanbets|Unibet|Westgate|accuscore|consensus|teamrankings,5.0,0.2803059552906941,216.0,170.0,-208.0,5.0
401360991,14,Caesars Sportsbook|Caesars Sportsbook (Colorado)|Caesars Sportsbook (New Jersey)|Caesars Sportsbook (Pennsylvania)|DraftKings|Holland Casino|MGM|PointsBet|SugarHouse|Titanbets|Unibet|accuscore|consensus|teamrankings,-4.5,0.4803844614152614,214.0,-200.0,167.5,-4.5
401360992,15,Caesars Sportsbook|Caesars Sportsbook (Colorado)|Caesars Sportsbook (New Jersey)|Caesars Sportsbook (Pennsylvania)|DraftKings|Holland Casino|MGM|PointsBet|SugarHouse|Titanbets|Unibet|Westgate|accuscore|consensus|teamrankings,13.5,0.4140393356054125,245.5,686.0,-1086.0,13.5
401360993,15,Caesars Sportsbook|Caesars Sportsbook (Colorado)|Caesars Sportsbook (New Jersey)|Caesars Sportsbook (Pennsylvania)|DraftKings|Holland Casino|MGM|PointsBet|SugarHouse|Titanbets|Unibet|Westgate|accuscore|consensus|teamrankings,14.0,0.20701966780270625,221.5,814.0,-1400.0,14.0
401360994,15,Caesars Sportsbook|Caesars Sportsbook (Colorado)|Caesars Sportsbook (New Jersey)|Caesars Sportsbook (Pennsylvania)|DraftKings|Holland Casino|MGM|PointsBet|SugarHouse|Titanbets|Unibet|Westgate|accuscore|consensus|teamrankings,-13.5,0.3199702367110922,230.0,-1157.0,700.0,-13.5
401360995,15,Caesars Sportsbook|Caesars Sportsbook (Colorado)|Caesars Sportsbook (New Jersey)|Caesars Sportsbook (Pennsylvania)|DraftKings|Holland Casino|MGM|PointsBet|SugarHouse|Titanbets|Unibet|Westgate|accuscore|consensus|teamrankings,4.5,0.828078671210825,221.0,160.0,-190.0,4.5
401360996,15,Caesars Sportsbook|Caesars Sportsbook (Colorado)|Caesars Sportsbook (New Jersey)|Caesars Sportsbook (Pennsylvania)|DraftKings|Holland Casino|MGM|PointsBet|SugarHouse|Titanbets|Unibet|Westgate|accuscore|consensus|teamrankings,-2.0,0.24397501823713325,222.5,-130.0,110.0,-2.0
401360997,15,Caesars Sportsbook|Caesars Sportsbook (Colorado)|Caesars Sportsbook (New Jersey)|Caesars Sportsbook (Pennsylvania)|DraftKings|Holland Casino|MGM|PointsBet|SugarHouse|Titanbets|Unibet|Westgate|accuscore|consensus|teamrankings,11.0,0.45773770821706344,235.0,475.0,-700.0,11.0
401360998,15,Caesars Sportsbook|Caesars Sportsbook (Colorado)|Caesars Sportsbook (New Jersey)|Caesars Sportsbook (Pennsylvania)|DraftKings|Holland Casino|MGM|PointsBet|SugarHouse|Titanbets|Unibet|Westgate|accuscore|consensus|teamrankings,8.0,0.3199702367110922,221.5,275.0,-350.0,8.0
401360999,15,Caesars Sportsbook|Caesars Sportsbook (Colorado)|Caesars Sportsbook (New Jersey)|Caesars Sportsbook (Pennsylvania)|DraftKings|Holland Casino|MGM|PointsBet|SugarHouse|Titanbets|Unibet|Westgate|accuscore|consensus|teamrankings,-17.0,0.41690469391639595,244.5,-2000.0,1000.0,-17.0
401361000,15,Caesars Sportsbook|Caesars Sportsbook (Colorado)|Caesars Sportsbook (New Jersey)|Caesars Sportsbook (Pennsylvania)|DraftKings|Holland Casino|MGM|PointsBet|SugarHouse|Titanbets|Unibet|Westgate|accuscore|consensus|teamrankings,-4.5,0.36187343222787294,225.0,-188.0,165.0,-4.5
401361001,15,Caesars Sportsbook|Caesars Sportsbook (Colorado)|Caesars Sportsbook (New Jersey)|Caesars Sportsbook (Pennsylvania)|DraftKings|Holland Casino|MGM|PointsBet|SugarHouse|Titanbets|Unibet|Westgate|accuscore|consensus|teamrankings,-4.5,0.0,226.0,-180.0,155.0,-4.5
401361002,15,Caesars Sportsbook|Caesars Sportsbook (Colorado)|Caesars Sportsbook (New Jersey)|Caesars Sportsbook (Pennsylvania)|DraftKings|Holland Casino|MGM|PointsBet|SugarHouse|Titanbets|Unibet|Westgate|accuscore|consensus|teamrankings,7.0,0.8755950357709131,231.0,230.0,-280.0,7.0
401361003,15,Caesars Sportsbook|Caesars Sportsbook (Colorado)|Caesars Sportsbook (New Jersey)|Caesars Sportsbook (Pennsylvania)|DraftKings|Holland Casino|MGM|PointsBet|SugarHouse|Titanbets|Unibet|Westgate|accuscore|consensus|teamrankings,-12.0,0.2672612419124244,238.5,-750.0,525.0,-12.0
401361004,15,Caesars Sportsbook|Caesars Sportsbook (Colorado)|Caesars Sportsbook (New Jersey)|Caesars Sportsbook (Pennsylvania)|DraftKings|Holland Casino|MGM|PointsBet|SugarHouse|Titanbets|Unibet|Westgate|accuscore|consensus|teamrankings,-3.5,0.0,220.5,-160.0,140.0,-3.5
401361005,15,Caesars Sportsbook|Caesars Sportsbook (Colorado)|Caesars Sportsbook (New Jersey)|Caesars Sportsbook (Pennsylvania)|DraftKings|Holland Casino|MGM|PointsBet|SugarHouse|Titanbets|Unibet|Westgate|accuscore|consensus|teamrankings,-9.0,0.9023778112773575,234.5,-400.0,320.0,-9.0
401361006,15,Caesars Sportsbook|Caesars Sportsbook (Colorado)|Caesars Sportsbook (New Jersey)|Caesars Sportsbook (Pennsylvania)|DraftKings|Holland Casino|MGM|PointsBet|SugarHouse|Titanbets|Unibet|Westgate|accuscore|consensus|teamrankings,-6.0,0.2581988897471611,226.5,-245.0,200.0,-6.0
401361007,15,Caesars Sportsbook|Caesars Sportsbook (Colorado)|Caesars Sportsbook (New Jersey)|Caesars Sportsbook (Pennsylvania)|DraftKings|Holland Casino|MGM|PointsBet|SugarHouse|Titanbets|Unibet|Westgate|accuscore|consensus|teamrankings,7.5,0.5300494136893096,224.0,260.0,-330.0,7.0
401361008,15,Caesars Sportsbook|Caesars Sportsbook (Colorado)|Caesars Sportsbook (New Jersey)|Caesars Sportsbook (Pennsylvania)|DraftKings|Holland Casino|MGM|PointsBet|SugarHouse|Titanbets|Unibet|Westgate|accuscore|consensus|teamrankings,-12.5,0.3518657752744984,234.5,-822.0,564.0,-12.5
401361009,15,Caesars Sportsbook|Caesars Sportsbook (Colorado)|Caesars Sportsbook (New Jersey)|Caesars Sportsbook (Pennsylvania)|DraftKings|Holland Casino|MGM|PointsBet|SugarHouse|Titanbets|Unibet|Westgate|accuscore|consensus|teamrankings,9.0,0.4577377082170634,218.5,330.0,-415.0,9.0
401361010,15,Caesars Sportsbook|Caesars Sportsbook (Colorado)|Caesars Sportsbook (New Jersey)|Caesars Sportsbook (Pennsylvania)|DraftKings|Holland Casino|MGM|PointsBet|SugarHouse|Titanbets|Unibet|Westgate|accuscore|consensus|teamrankings,7.0,0.5875696513930031,229.5,230.0,-278.0,7.0
401361011,15,Caesars Sportsbook|Caesars Sportsbook (Colorado)|Caesars Sportsbook (New Jersey)|Caesars Sportsbook (Pennsylvania)|DraftKings|Holland Casino|MGM|PointsBet|SugarHouse|Titanbets|Unibet|Westgate|accuscore|consensus|teamrankings,-10.5,0.36839419880650365,235.0,-550.0,406.0,-10.5
401361012,15,Caesars Sportsbook|Caesars Sportsbook (Colorado)|Caesars Sportsbook (New Jersey)|Caesars Sportsbook (Pennsylvania)|DraftKings|Holland Casino|MGM|PointsBet|SugarHouse|Titanbets|Unibet|Westgate|accuscore|consensus|teamrankings,7.5,0.416904693916396,225.0,240.0,-300.0,7.5
401361013,15,Caesars Sportsbook|Caesars Sportsbook (Colorado)|Caesars Sportsbook (New Jersey)|Caesars Sportsbook (Pennsylvania)|DraftKings|Holland Casino|MGM|PointsBet|SugarHouse|Titanbets|Unibet|Westgate|accuscore|consensus|teamrankings,-15.5,0.806225774829855,215.5,-1600.0,850.0,-15.5
401361014,15,Caesars Sportsbook|Caesars Sportsbook (Colorado)|Caesars Sportsbook (New Jersey)|Caesars Sportsbook (Pennsylvania)|DraftKings|Holland Casino|MGM|PointsBet|SugarHouse|Titanbets|Unibet|Westgate|accuscore|consensus|teamrankings,-7.0,0.29680841985233186,223.0,-290.0,240.0,-6.5
401361015,15,Caesars Sportsbook|Caesars Sportsbook (Colorado)|Caesars Sportsbook (New Jersey)|Caesars Sportsbook (Pennsylvania)|DraftKings|Holland Casino|MGM|PointsBet|SugarHouse|Titanbets|Unibet|Westgate|accuscore|consensus|teamrankings,-14.0,2.351797691331544,230.5,-1111.0,700.0,-14.0
401361016,15,Caesars Sportsbook|Caesars Sportsbook (Colorado)|Caesars Sportsbook (New Jersey)|Caesars Sportsbook (Pennsylvania)|DraftKings|Holland Casino|MGM|PointsBet|SugarHouse|Titanbets|Unibet|Westgate|accuscore|consensus|teamrankings,3.5,1.8211717839530313,220.0,135.0,-155.0,3.5
401361017,15,Caesars Sportsbook|Caesars Sportsbook (Colorado)|Caesars Sportsbook (New Jersey)|Caesars Sportsbook (Pennsylvania)|DraftKings|Holland Casino|MGM|PointsBet|SugarHouse|Titanbets|Unibet|Westgate|accuscore|consensus|teamrankings,-8.5,1.9639610121239315,227.5,-380.0,300.0,-8.5
401361018,15,Caesars Sportsbook|Caesars Sportsbook (Colorado)|Caesars Sportsbook (New Jersey)|Caesars Sportsbook (Pennsylvania)|DraftKings|Holland Casino|MGM|PointsBet|SugarHouse|Titanbets|Unibet|Westgate|accuscore|consensus|teamrankings,-7.0,0.2288688541085317,239.0,-295.0,240.0,-7.0
401361019,15,Caesars Sportsbook|Caesars Sportsbook (Colorado)|Caesars Sportsbook (New Jersey)|Caesars Sportsbook (Pennsylvania)|DraftKings|Holland Casino|MGM|PointsBet|SugarHouse|Titanbets|Unibet|Westgate|accuscore|consensus|teamrankings,-16.5,0.3518657752744984,223.0,-1800.0,1000.0,-16.5
401361020,15,Caesars Sportsbook|Caesars Sportsbook (Colorado)|Caesars Sportsbook (New Jersey)|Caesars Sportsbook (Pennsylvania)|DraftKings|Holland Casino|MGM|PointsBet|SugarHouse|Titanbets|Unibet|Westgate|accuscore|consensus|teamrankings,-4.5,0.36187343222787294,234.5,-185.0,160.0,-4.5
401361021,15,Caesars Sportsbook|Caesars Sportsbook (Colorado)|Caesars Sportsbook (New Jersey)|Caesars Sportsbook (Pennsylvania)|DraftKings|Holland Casino|MGM|PointsBet|SugarHouse|Titanbets|Unibet|Westgate|accuscore|consensus|teamrankings,-14.0,0.5563486402641868,219.0,-1200.0,700.0,-14.0
401361022,15,Caesars Sportsbook|Caesars Sportsbook (Colorado)|Caesars Sportsbook (New Jersey)|Caesars Sportsbook (Pennsylvania)|DraftKings|Holland Casino|MGM|PointsBet|SugarHouse|Titanbets|Unibet|Westgate|accuscore|consensus|teamrankings,10.0,1.1317916685293197,231.5,390.0,-526.0,10.0
401361023,15,Caesars Sportsbook|Caesars Sportsbook (Colorado)|Caesars Sportsbook (New Jersey)|Caesars Sportsbook (Pennsylvania)|DraftKings|Holland Casino|MGM|PointsBet|SugarHouse|Titanbets|Unibet|Westgate|accuscore|consensus|teamrankings,3.5,1.594633858557237,224.0,145.0,-162.0,3.5
401361024,15,Caesars Sportsbook|Caesars Sportsbook (Colorado)|Caesars Sportsbook (New Jersey)|Caesars Sportsbook (Pennsylvania)|DraftKings|Holland Casino|MGM|PointsBet|SugarHouse|Titanbets|Unibet|Westgate|accuscore|consensus|teamrankings,-8.5,0.12909944487358055,232.5,-355.0,285.0,-8.5
401361025,15,Caesars Sportsbook|Caesars Sportsbook (Colorado)|Caesars Sportsbook (New Jersey)|Caesars Sportsbook (Pennsylvania)|DraftKings|Holland Casino|MGM|PointsBet|SugarHouse|Titanbets|Unibet|Westgate|accuscore|consensus|teamrankings,-11.5,1.0316422414217605,228.0,-700.0,500.0,-11.5
401361026,15,Caesars Sportsbook|Caesars Sportsbook (Colorado)|Caesars Sportsbook (New Jersey)|Caesars Sportsbook (Pennsylvania)|DraftKings|Holland Casino|MGM|PointsBet|SugarHouse|Titanbets|Unibet|Westgate|accuscore|consensus|teamrankings,-1.5,1.0431180365113233,230.5,-124.0,105.0,-1.5
401361027,15,Caesars Sportsbook|Caesars Sportsbook (Colorado)|Caesars Sportsbook (New Jersey)|Caesars Sportsbook (Pennsylvania)|DraftKings|Holland Casino|MGM|PointsBet|SugarHouse|Titanbets|Unibet|Westgate|accuscore|consensus|teamrankings,-2.5,0.35186577527449836,236.5,-140.0,120.0,-2.5
401361028,15,Caesars Sportsbook|Caesars Sportsbook (Colorado)|Caesars Sportsbook (New Jersey)|Caesars Sportsbook (Pennsylvania)|DraftKings|Holland Casino|MGM|PointsBet|SugarHouse|Titanbets|Unibet|Westgate|accuscore|consensus|teamrankings,-19.5,0.4418575508442684,221.5,-2500.0,1200.0,-19.5
401361029,15,Caesars Sportsbook|Caesars Sportsbook (Colorado)|Caesars Sportsbook (New Jersey)|Caesars Sportsbook (Pennsylvania)|DraftKings|Holland Casino|MGM|PointsBet|SugarHouse|Titanbets|Unibet|Westgate|accuscore|consensus|teamrankings,-3.0,0.2581988897471611,229.0,-150.0,128.0,-3.0
401361030,15,Caesars Sportsbook|Caesars Sportsbook (Colorado)|Caesars Sportsbook (New Jersey)|Caesars Sportsbook (Pennsylvania)|DraftKings|Holland Casino|MGM|PointsBet|SugarHouse|Titanbets|Unibet|Westgate|accuscore|consensus|teamrankings,-6.0,0.9599107101332767,225.0,-230.0,191.0,-6.0
401361031,15,Caesars Sportsbook|Caesars Sportsbook (Colorado)|Caesars Sportsbook (New Jersey)|Caesars Sportsbook (Pennsylvania)|DraftKings|Holland Casino|MGM|PointsBet|SugarHouse|Titanbets|Unibet|Westgate|accuscore|consensus|teamrankings,-11.5,0.0,224.5,-739.0,510.0,-11.5
401361032,15,Caesars Sportsbook|Caesars Sportsbook (Colorado)|Caesars Sportsbook (New Jersey)|Caesars Sportsbook (Pennsylvania)|DraftKings|Holland Casino|MGM|PointsBet|SugarHouse|Titanbets|Unibet|Westgate|accuscore|consensus|teamrankings,-8.0,0.8549575316659775,230.0,-333.0,265.0,-8.0
401361033,15,Caesars Sportsbook|Caesars Sportsbook (Colorado)|Caesars Sportsbook (New Jersey)|Caesars Sportsbook (Pennsylvania)|DraftKings|Holland Casino|MGM|PointsBet|SugarHouse|Titanbets|Unibet|Westgate|accuscore|consensus|teamrankings,-14.5,0.3518657752744984,236.0,-1111.0,700.0,-14.5
401361034,15,Caesars Sportsbook|Caesars Sportsbook (Colorado)|Caesars Sportsbook (New Jersey)|Caesars Sportsbook (Pennsylvania)|DraftKings|Holland Casino|MGM|PointsBet|SugarHouse|Titanbets|Unibet|Westgate|accuscore|consensus|teamrankings,7.0,0.3779644730092272,218.5,240.0,-300.0,7.5
401361035,15,Caesars Sportsbook|Caesars Sportsbook (Colorado)|Caesars Sportsbook (New Jersey)|Caesars Sportsbook (Pennsylvania)|DraftKings|Holland Casino|MGM|PointsBet|SugarHouse|Titanbets|Unibet|Westgate|accuscore|consensus|teamrankings,-17.0,0.416904693916396,245.0,-2000.0,1100.0,-17.0
401361036,15,Caesars Sportsbook|Caesars Sportsbook (Colorado)|Caesars Sportsbook (New Jersey)|Caesars Sportsbook (Pennsylvania)|DraftKings|Holland Casino|MGM|PointsBet|SugarHouse|Titanbets|Unibet|Westgate|accuscore|consensus|teamrankings,-13.0,0.5300494136893097,233.0,-909.0,600.0,-13.0
401361037,15,Caesars Sportsbook|Caesars Sportsbook (Colorado)|Caesars Sportsbook (New Jersey)|Caesars Sportsbook (Pennsylvania)|DraftKings|Holland Casino|MGM|PointsBet|SugarHouse|Titanbets|Unibet|Westgate|accuscore|consensus|teamrankings,-8.5,0.7037315505489968,227.0,-410.0,320.0,-8.5
401361038,15,Caesars Sportsbook|Caesars Sportsbook (Colorado)|Caesars Sportsbook (New Jersey)|Caesars Sportsbook (Pennsylvania)|DraftKings|Holland Casino|MGM|PointsBet|SugarHouse|Titanbets|Unibet|Westgate|accuscore|consensus|teamrankings,-10.0,0.361873432227873,225.0,-550.0,400.0,-10.5
401361039,15,Caesars Sportsbook|Caesars Sportsbook (Colorado)|Caesars Sportsbook (New Jersey)|Caesars Sportsbook (Pennsylvania)|DraftKings|Holland Casino|MGM|PointsBet|SugarHouse|Titanbets|Unibet|Westgate|accuscore|consensus|teamrankings,-6.0,1.0932694522568969,229.0,-246.0,200.0,-6.0
401361040,15,Caesars Sportsbook|Caesars Sportsbook (Colorado)|Caesars Sportsbook (New Jersey)|Caesars Sportsbook (Pennsylvania)|DraftKings|Holland Casino|MGM|PointsBet|SugarHouse|Titanbets|Unibet|Westgate|accuscore|consensus|teamrankings,12.0,0.5277986629117476,241.5,550.0,-800.0,12.0
401361041,15,Caesars Sportsbook|Caesars Sportsbook (Colorado)|Caesars Sportsbook (New Jersey)|Caesars Sportsbook (Pennsylvania)|DraftKings|Holland Casino|MGM|PointsBet|SugarHouse|Titanbets|Unibet|Westgate|accuscore|consensus|teamrankings,-11.5,0.4629100498862757,216.0,-750.0,525.0,-11.5
401361042,15,Caesars Sportsbook|Caesars Sportsbook (Colorado)|Caesars Sportsbook (New Jersey)|Caesars Sportsbook (Pennsylvania)|DraftKings|Holland Casino|MGM|PointsBet|SugarHouse|Titanbets|Unibet|Westgate|accuscore|consensus|teamrankings,9.0,3.077568613602071,224.0,315.0,-400.0,9.0
401361043,14,Caesars Sportsbook|Caesars Sportsbook (Colorado)|Caesars Sportsbook (New Jersey)|Caesars Sportsbook (Pennsylvania)|DraftKings|Holland Casino|MGM|PointsBet|Titanbets|Unibet|Westgate|accuscore|consensus|teamrankings,-7.0,0.2373155732746617,229.5,-300.0,250.0,-7.0
401361044,15,Caesars Sportsbook|Caesars Sportsbook (Colorado)|Caesars Sportsbook (New Jersey)|Caesars Sportsbook (Pennsylvania)|DraftKings|Holland Casino|MGM|PointsBet|SugarHouse|Titanbets|Unibet|Westgate|accuscore|consensus|teamrankings,7.0,0.8632717389316619,221.0,235.0,-286.0,7.0
401361045,14,Caesars Sportsbook (Colorado)|Caesars Sportsbook (New Jersey)|Caesars Sportsbook (Pennsylvania)|DraftKings|Holland Casino|MGM|PointsBet|SugarHouse|Titanbets|Unibet|Westgate|accuscore|consensus|teamrankings,1.0,0.26726124191242434,214.0,-108.0,-110.0,1.0
401361046,15,Caesars Sportsbook|Caesars Sportsbook (Colorado)|Caesars Sportsbook (New Jersey)|Caesars Sportsbook (Pennsylvania)|DraftKings|Holland Casino|MGM|PointsBet|SugarHouse|Titanbets|Unibet|Westgate|accuscore|consensus|teamrankings,7.0,1.1680264184879185,218.0,250.0,-300.0,7.0
401361047,15,Caesars Sportsbook|Caesars Sportsbook (Colorado)|Caesars Sportsbook (New Jersey)|Caesars Sportsbook (Pennsylvania)|DraftKings|Holland Casino|MGM|PointsBet|SugarHouse|Titanbets|Unibet|Westgate|accuscore|consensus|teamrankings,-6.5,1.5568588644477455,221.0,-275.0,225.0,-6.5
401361048,15,Caesars Sportsbook|Caesars Sportsbook (Colorado)|Caesars Sportsbook (New Jersey)|Caesars Sportsbook (Pennsylvania)|DraftKings|Holland Casino|MGM|PointsBet|SugarHouse|Titanbets|Unibet|Westgate|accuscore|consensus|teamrankings,-10.0,1.2169438692694008,227.5,-550.0,425.0,-10.0
401361049,15,Caesars Sportsbook|Caesars Sportsbook (Colorado)|Caesars Sportsbook (New Jersey)|Caesars Sportsbook (Pennsylvania)|DraftKings|Holland Casino|MGM|PointsBet|SugarHouse|Titanbets|Unibet|Westgate|accuscore|consensus|teamrankings,17.0,0.870139561876632,220.0,1143.0,-2500.0,17.0
401401133,14,Caesars Sportsbook|Caesars Sportsbook (New Jersey)|Caesars Sportsbook (Pennsylvania)|DraftKings|Holland Casino|MGM|PointsBet|SugarHouse|Titanbets|Unibet|Westgate|accuscore|consensus|teamrankings,8.5,1.6650633313588694,225.5,288.0,-351.0,8.5
401401134,15,Caesars Sportsbook|Caesars Sportsbook (Colorado)|Caesars Sportsbook (New Jersey)|Caesars Sportsbook (Pennsylvania)|DraftKings|Holland Casino|MGM|PointsBet|SugarHouse|Titanbets|Unibet|Westgate|accuscore|consensus|teamrankings,5.5,2.663602864501429,218.5,180.0,-220.0,5.5
401401136,15,Caesars Sportsbook|Caesars Sportsbook (Colorado)|Caesars Sportsbook (New Jersey)|Caesars Sportsbook (Pennsylvania)|DraftKings|Holland Casino|MGM|PointsBet|SugarHouse|Titanbets|Unibet|Westgate|accuscore|consensus|teamrankings,-4.5,0.4127101529277786,214.5,-190.0,165.0,-4.5
401401137,14,Caesars Sportsbook|Caesars Sportsbook (New Jersey)|Caesars Sportsbook (Pennsylvania)|DraftKings|Holland Casino|MGM|PointsBet|SugarHouse|Titanbets|Unibet|Westgate|accuscore|consensus|teamrankings,-11.5,1.118033988749895,211.5,-633.5,459.5,-11.5
401401138,15,Caesars Sportsbook|Caesars Sportsbook (Colorado)|Caesars Sportsbook (New Jersey)|Caesars Sportsbook (Pennsylvania)|DraftKings|Holland Casino|MGM|PointsBet|SugarHouse|Titanbets|Unibet|Westgate|accuscore|consensus|teamrankings,-13.5,0.23731557327466166,220.0,-1200.0,700.0,-13.5
401401140,15,Caesars Sportsbook|Caesars Sportsbook (Colorado)|Caesars Sportsbook (New Jersey)|Caesars Sportsbook (Pennsylvania)|DraftKings|Holland Casino|MGM|PointsBet|SugarHouse|Titanbets|Unibet|Westgate|accuscore|consensus|teamrankings,-4.5,0.31666184688832544,218.5,-185.0,155.0,-4.5
401401141,15,Caesars Sportsbook|Caesars Sportsbook (Colorado)|Caesars Sportsbook (New Jersey)|Caesars Sportsbook (Pennsylvania)|DraftKings|Holland Casino|MGM|PointsBet|SugarHouse|Titanbets|Unibet|Westgate|accuscore|consensus|teamrankings,-4.5,0.5345224838248488,223.0,-190.0,165.0,-4.5
401401142,15,Caesars Sportsbook|Caesars Sportsbook (Colorado)|Caesars Sportsbook (New Jersey)|Caesars Sportsbook (Pennsylvania)|DraftKings|Holland Casino|MGM|PointsBet|SugarHouse|Titanbets|Unibet|Westgate|accuscore|consensus|teamrankings,-7.5,0.22886885410853172,219.0,-340.0,270.0,-7.5
401401143,15,Caesars Sportsbook|Caesars Sportsbook (Colorado)|Caesars Sportsbook (New Jersey)|Caesars Sportsbook (Pennsylvania)|DraftKings|Holland Casino|MGM|PointsBet|SugarHouse|Titanbets|Unibet|Westgate|accuscore|consensus|teamrankings,8.0,1.2208130960079906,223.5,265.0,-335.0,8.5
401401144,15,Caesars Sportsbook|Caesars Sportsbook (Colorado)|Caesars Sportsbook (New Jersey)|Caesars Sportsbook (Pennsylvania)|DraftKings|Holland Casino|MGM|PointsBet|SugarHouse|Titanbets|Unibet|Westgate|accuscore|consensus|teamrankings,-8.5,0.4418575508442684,221.0,-350.0,285.0,-8.5
401401145,15,Caesars Sportsbook|Caesars Sportsbook (Colorado)|Caesars Sportsbook (New Jersey)|Caesars Sportsbook (Pennsylvania)|DraftKings|Holland Casino|MGM|PointsBet|SugarHouse|Titanbets|Unibet|Westgate|accuscore|consensus|teamrankings,-6.5,0.3518657752744984,229.5,-250.0,210.0,-6.5
401410564,13,Caesars Sportsbook (Colorado)|Caesars Sportsbook (New Jersey)|Caesars Sportsbook (Pennsylvania)|DraftKings|Holland Casino|MGM|PointsBet|SugarHouse|Titanbets|Unibet|Westgate|accuscore|consensus,-6.0,0.39648073054937955,324.5,-230.0,190.0,-6.0
401428070,14,Caesars Sportsbook|Caesars Sportsbook (Colorado)|Caesars Sportsbook (New Jersey)|Caesars Sportsbook (Pennsylvania)|DraftKings|Holland Casino|MGM|PointsBet|SugarHouse|Titanbets|Unibet|accuscore|consensus|teamrankings,-9.5,0.372473171834246,227.0,-500.0,375.0,-9.5
401428071,15,Caesars Sportsbook|Caesars Sportsbook (Colorado)|Caesars Sportsbook (New Jersey)|Caesars Sportsbook (Pennsylvania)|DraftKings|Holland Casino|MGM|PointsBet|SugarHouse|Titanbets|Unibet|Westgate|accuscore|consensus|teamrankings,-3.5,0.30860669992418377,231.0,-158.0,135.0,-3.5
401428072,14,Caesars Sportsbook|Caesars Sportsbook (Colorado)|Caesars Sportsbook (New Jersey)|Caesars Sportsbook (Pennsylvania)|DraftKings|Holland Casino|MGM|PointsBet|SugarHouse|Titanbets|Unibet|accuscore|consensus|teamrankings,-5.5,0.2672612419124244,235.5,-220.0,180.0,-5.5
401428073,15,Caesars Sportsbook|Caesars Sportsbook (Colorado)|Caesars Sportsbook (New Jersey)|Caesars Sportsbook (Pennsylvania)|DraftKings|Holland Casino|MGM|PointsBet|SugarHouse|Titanbets|Unibet|Westgate|accuscore|consensus|teamrankings,-5.5,0.24397501823713333,225.0,-214.0,180.0,-5.5
401428074,14,Caesars Sportsbook|Caesars Sportsbook (Colorado)|Caesars Sportsbook (New Jersey)|Caesars Sportsbook (Pennsylvania)|DraftKings|Holland Casino|MGM|PointsBet|SugarHouse|Titanbets|Unibet|accuscore|consensus|teamrankings,2.25,0.37247317183424594,223.0,115.0,-133.5,2.5
401428075,13,Caesars Sportsbook (Colorado)|Caesars Sportsbook (New Jersey)|Caesars Sportsbook (Pennsylvania)|DraftKings|Holland Casino|MGM|PointsBet|SugarHouse|Titanbets|Unibet|accuscore|consensus|teamrankings,1.5,2.221687969967303,216.5,102.0,-120.0,1.5
401429872,15,Caesars Sportsbook|Caesars Sportsbook (Colorado)|Caesars Sportsbook (New Jersey)|Caesars Sportsbook (Pennsylvania)|DraftKings|Holland Casino|MGM|PointsBet|SugarHouse|Titanbets|Unibet|Westgate|accuscore|consensus|teamrankings,5.5,0.4140393356054125,208.0,190.0,-230.0,5.5
401429873,14,Caesars Sportsbook|Caesars Sportsbook (Colorado)|Caesars Sportsbook (New Jersey)|Caesars Sportsbook (Pennsylvania)|DraftKings|Holland Casino|MGM|PointsBet|SugarHouse|Titanbets|Unibet|accuscore|consensus|teamrankings,-6.5,1.0690449676496974,237.5,-266.0,220.0,-6.5
401429874,15,Caesars Sportsbook|Caesars Sportsbook (Colorado)|Caesars Sportsbook (New Jersey)|Caesars Sportsbook (Pennsylvania)|DraftKings|Holland Casino|MGM|PointsBet|SugarHouse|Titanbets|Unibet|Westgate|accuscore|consensus|teamrankings,-4.5,0.24397501823713333,216.0,-190.0,165.0,-4.5
401429875,14,Caesars Sportsbook|Caesars Sportsbook (Colorado)|Caesars Sportsbook (New Jersey)|Caesars Sportsbook (Pennsylvania)|DraftKings|Holland Casino|MGM|PointsBet|Titanbets|Unibet|Westgate|accuscore|consensus|teamrankings,-6.5,0.5345224838248488,223.0,-266.0,220.0,-6.5
401429890,15,Caesars Sportsbook|Caesars Sportsbook (Colorado)|Caesars Sportsbook (New Jersey)|Caesars Sportsbook (Pennsylvania)|DraftKings|Holland Casino|MGM|PointsBet|SugarHouse|Titanbets|Unibet|Westgate|accuscore|consensus|teamrankings,-4.0,0.25819888974716115,226.5,-175.0,150.0,-4.5
401429891,14,Caesars Sportsbook|Caesars Sportsbook (Colorado)|Caesars Sportsbook (New Jersey)|Caesars Sportsbook (Pennsylvania)|DraftKings|Holland Casino|MGM|PointsBet|SugarHouse|Titanbets|Unibet|accuscore|consensus|teamrankings,-6.5,0.0,220.5,-280.0,230.0,-6.5
401429892,14,Caesars Sportsbook|Caesars Sportsbook (Colorado)|Caesars Sportsbook (New Jersey)|Caesars Sportsbook (Pennsylvania)|DraftKings|Holland Casino|MGM|PointsBet|SugarHouse|Titanbets|Unibet|accuscore|consensus|teamrankings,-10.5,0.3631365196012814,230.0,-627.5,450.0,-10.5
401429893,14,Caesars Sportsbook|Caesars Sportsbook (Colorado)|Caesars Sportsbook (New Jersey)|Caesars Sportsbook (Pennsylvania)|DraftKings|Holland Casino|MGM|PointsBet|SugarHouse|Titanbets|Unibet|accuscore|consensus|teamrankings,-10.0,0.2894671117609197,224.0,-550.0,405.0,-10.0
401430210,15,Caesars Sportsbook|Caesars Sportsbook (Colorado)|Caesars Sportsbook (New Jersey)|Caesars Sportsbook (Pennsylvania)|DraftKings|Holland Casino|MGM|PointsBet|SugarHouse|Titanbets|Unibet|Westgate|accuscore|consensus|teamrankings,-3.5,0.12909944487358055,225.0,-155.0,135.0,-3.5
401430211,15,Caesars Sportsbook|Caesars Sportsbook (Colorado)|Caesars Sportsbook (New Jersey)|Caesars Sportsbook (Pennsylvania)|DraftKings|Holland Casino|MGM|PointsBet|SugarHouse|Titanbets|Unibet|Westgate|accuscore|consensus|teamrankings,-4.0,0.24397501823713325,222.5,-175.0,150.0,-4.0
401430212,15,Caesars Sportsbook|Caesars Sportsbook (Colorado)|Caesars Sportsbook (New Jersey)|Caesars Sportsbook (Pennsylvania)|DraftKings|Holland Casino|MGM|PointsBet|SugarHouse|Titanbets|Unibet|Westgate|accuscore|consensus|teamrankings,-1.5,0.280305955290694,222.0,-120.0,102.0,-1.5
401430216,15,Caesars Sportsbook|Caesars Sportsbook (Colorado)|Caesars Sportsbook (New Jersey)|Caesars Sportsbook (Pennsylvania)|DraftKings|Holland Casino|MGM|PointsBet|SugarHouse|Titanbets|Unibet|Westgate|accuscore|consensus|teamrankings,-8.0,0.20701966780270625,221.5,-340.0,270.0,-8.0
401430217,15,Caesars Sportsbook|Caesars Sportsbook (Colorado)|Caesars Sportsbook (New Jersey)|Caesars Sportsbook (Pennsylvania)|DraftKings|Holland Casino|MGM|PointsBet|SugarHouse|Titanbets|Unibet|Westgate|accuscore|consensus|teamrankings,2.0,0.2968084198523318,222.0,110.0,-130.0,2.0
401430218,15,Caesars Sportsbook|Caesars Sportsbook (Colorado)|Caesars Sportsbook (New Jersey)|Caesars Sportsbook (Pennsylvania)|DraftKings|Holland Casino|MGM|PointsBet|SugarHouse|Titanbets|Unibet|Westgate|accuscore|consensus|teamrankings,1.0,0.22886885410853175,220.0,100.0,-120.0,1.0
401430219,15,Caesars Sportsbook|Caesars Sportsbook (Colorado)|Caesars Sportsbook (New Jersey)|Caesars Sportsbook (Pennsylvania)|DraftKings|Holland Casino|MGM|PointsBet|SugarHouse|Titanbets|Unibet|Westgate|accuscore|consensus|teamrankings,-4.5,1.0894095588038444,216.0,-190.0,162.5,-4.5
401430222,15,Caesars Sportsbook|Caesars Sportsbook (Colorado)|Caesars Sportsbook (New Jersey)|Caesars Sportsbook (Pennsylvania)|DraftKings|Holland Casino|MGM|PointsBet|SugarHouse|Titanbets|Unibet|Westgate|accuscore|consensus|teamrankings,-9.5,0.2803059552906941,221.5,-550.0,400.0,-9.5
401430223,15,Caesars Sportsbook|Caesars Sportsbook (Colorado)|Caesars Sportsbook (New Jersey)|Caesars Sportsbook (Pennsylvania)|DraftKings|Holland Casino|MGM|PointsBet|SugarHouse|Titanbets|Unibet|Westgate|accuscore|consensus|teamrankings,-7.0,0.2672612419124244,240.5,-293.0,240.0,-7.0
401430224,15,Caesars Sportsbook|Caesars Sportsbook (Colorado)|Caesars Sportsbook (New Jersey)|Caesars Sportsbook (Pennsylvania)|DraftKings|Holland Casino|MGM|PointsBet|SugarHouse|Titanbets|Unibet|Westgate|accuscore|consensus|teamrankings,2.5,1.469531833450303,215.0,120.0,-140.0,2.5
401430225,15,Caesars Sportsbook|Caesars Sportsbook (Colorado)|Caesars Sportsbook (New Jersey)|Caesars Sportsbook (Pennsylvania)|DraftKings|Holland Casino|MGM|PointsBet|SugarHouse|Titanbets|Unibet|Westgate|accuscore|consensus|teamrankings,2.0,0.31997023671109226,215.5,115.0,-135.0,2.5
401430226,14,Caesars Sportsbook|Caesars Sportsbook (Colorado)|Caesars Sportsbook (New Jersey)|Caesars Sportsbook (Pennsylvania)|DraftKings|Holland Casino|MGM|SugarHouse|Titanbets|Unibet|Westgate|accuscore|consensus|teamrankings,-6.5,1.2497252445290474,215.5,-262.5,217.5,-6.5
401430227,15,Caesars Sportsbook|Caesars Sportsbook (Colorado)|Caesars Sportsbook (New Jersey)|Caesars Sportsbook (Pennsylvania)|DraftKings|Holland Casino|MGM|PointsBet|SugarHouse|Titanbets|Unibet|Westgate|accuscore|consensus|teamrankings,2.5,0.47056197405716016,237.5,117.0,-137.0,2.5
401430228,15,Caesars Sportsbook|Caesars Sportsbook (Colorado)|Caesars Sportsbook (New Jersey)|Caesars Sportsbook (Pennsylvania)|DraftKings|Holland Casino|MGM|PointsBet|SugarHouse|Titanbets|Unibet|Westgate|accuscore|consensus|teamrankings,3.5,1.1317916685293195,216.5,136.0,-160.0,3.5
401430230,15,Caesars Sportsbook|Caesars Sportsbook (Colorado)|Caesars Sportsbook (New Jersey)|Caesars Sportsbook (Pennsylvania)|DraftKings|Holland Casino|MGM|PointsBet|SugarHouse|Titanbets|Unibet|Westgate|accuscore|consensus|teamrankings,2.5,0.12909944487358055,232.5,115.0,-138.0,2.5
401430231,14,Caesars Sportsbook|Caesars Sportsbook (Colorado)|Caesars Sportsbook (New Jersey)|Caesars Sportsbook (Pennsylvania)|DraftKings|Holland Casino|MGM|SugarHouse|Titanbets|Unibet|Westgate|accuscore|consensus|teamrankings,-6.5,0.37977726265637496,231.5,-270.0,227.5,-6.5
401430232,15,Caesars Sportsbook|Caesars Sportsbook (Colorado)|Caesars Sportsbook (New Jersey)|Caesars Sportsbook (Pennsylvania)|DraftKings|Holland Casino|MGM|PointsBet|SugarHouse|Titanbets|Unibet|Westgate|accuscore|consensus|teamrankings,5.0,0.20701966780270625,206.5,180.0,-220.0,5.0
401430233,15,Caesars Sportsbook|Caesars Sportsbook (Colorado)|Caesars Sportsbook (New Jersey)|Caesars Sportsbook (Pennsylvania)|DraftKings|Holland Casino|MGM|PointsBet|SugarHouse|Titanbets|Unibet|Westgate|accuscore|consensus|teamrankings,-7.5,0.47056197405716005,217.0,-330.0,260.0,-7.5
401430234,14,Caesars Sportsbook|Caesars Sportsbook (Colorado)|Caesars Sportsbook (New Jersey)|Caesars Sportsbook (Pennsylvania)|DraftKings|Holland Casino|MGM|PointsBet|SugarHouse|Titanbets|Unibet|accuscore|consensus|teamrankings,1.5,0.0,229.5,105.0,-125.0,1.5
401430235,15,Caesars Sportsbook|Caesars Sportsbook (Colorado)|Caesars Sportsbook (New Jersey)|Caesars Sportsbook (Pennsylvania)|DraftKings|Holland Casino|MGM|PointsBet|SugarHouse|Titanbets|Unibet|Westgate|accuscore|consensus|teamrankings,-8.5,0.3518657752744984,207.5,-385.0,310.0,-8.5
401430236,15,Caesars Sportsbook|Caesars Sportsbook (Colorado)|Caesars Sportsbook (New Jersey)|Caesars Sportsbook (Pennsylvania)|DraftKings|Holland Casino|MGM|PointsBet|SugarHouse|Titanbets|Unibet|Westgate|accuscore|consensus|teamrankings,2.0,0.22886885410853167,216.5,110.0,-130.0,2.0
401430237,15,Caesars Sportsbook|Caesars Sportsbook (Colorado)|Caesars Sportsbook (New Jersey)|Caesars Sportsbook (Pennsylvania)|DraftKings|Holland Casino|MGM|PointsBet|SugarHouse|Titanbets|Unibet|Westgate|accuscore|consensus|teamrankings,-5.5,0.2581988897471611,214.0,-230.0,190.0,-5.5
401430239,15,Caesars Sportsbook|Caesars Sportsbook (Colorado)|Caesars Sportsbook (New Jersey)|Caesars Sportsbook (Pennsylvania)|DraftKings|Holland Casino|MGM|PointsBet|SugarHouse|Titanbets|Unibet|Westgate|accuscore|consensus|teamrankings,-3.0,0.30860669992418377,212.5,-155.0,135.0,-3.0
401430240,15,Caesars Sportsbook|Caesars Sportsbook (Colorado)|Caesars Sportsbook (New Jersey)|Caesars Sportsbook (Pennsylvania)|DraftKings|Holland Casino|MGM|PointsBet|SugarHouse|Titanbets|Unibet|Westgate|accuscore|consensus|teamrankings,2.5,0.280305955290694,213.0,125.0,-145.0,2.5
401430241,15,Caesars Sportsbook|Caesars Sportsbook (Colorado)|Caesars Sportsbook (New Jersey)|Caesars Sportsbook (Pennsylvania)|DraftKings|Holland Casino|MGM|PointsBet|SugarHouse|Titanbets|Unibet|Westgate|accuscore|consensus|teamrankings,1.0,0.9536895771286429,210.5,100.0,-120.0,1.0
401430243,14,Caesars Sportsbook|Caesars Sportsbook (Colorado)|Caesars Sportsbook (New Jersey)|Caesars Sportsbook (Pennsylvania)|DraftKings|Holland Casino|MGM|PointsBet|SugarHouse|Titanbets|Unibet|accuscore|consensus|teamrankings,-8.5,0.4986244815754374,211.5,-384.5,310.0,-8.5
401430244,14,Caesars Sportsbook|Caesars Sportsbook (Colorado)|Caesars Sportsbook (New Jersey)|Caesars Sportsbook (Pennsylvania)|DraftKings|Holland Casino|MGM|PointsBet|SugarHouse|Titanbets|Unibet|accuscore|consensus|teamrankings,1.0,0.2567762955065478,209.5,-105.0,-115.0,1.5
401430246,15,Caesars Sportsbook|Caesars Sportsbook (Colorado)|Caesars Sportsbook (New Jersey)|Caesars Sportsbook (Pennsylvania)|DraftKings|Holland Casino|MGM|PointsBet|SugarHouse|Titanbets|Unibet|Westgate|accuscore|consensus|teamrankings,-10.0,0.12909944487358055,224.5,-530.0,400.0,-10.0
401430247,15,Caesars Sportsbook|Caesars Sportsbook (Colorado)|Caesars Sportsbook (New Jersey)|Caesars Sportsbook (Pennsylvania)|DraftKings|Holland Casino|MGM|PointsBet|SugarHouse|Titanbets|Unibet|Westgate|accuscore|consensus|teamrankings,-7.0,0.1759328876372492,222.5,-305.0,250.0,-7.0
401430248,15,Caesars Sportsbook|Caesars Sportsbook (Colorado)|Caesars Sportsbook (New Jersey)|Caesars Sportsbook (Pennsylvania)|DraftKings|Holland Casino|MGM|PointsBet|SugarHouse|Titanbets|Unibet|Westgate|accuscore|consensus|teamrankings,2.5,0.4629100498862757,222.0,125.0,-145.0,2.5
401430249,15,Caesars Sportsbook|Caesars Sportsbook (Colorado)|Caesars Sportsbook (New Jersey)|Caesars Sportsbook (Pennsylvania)|DraftKings|Holland Casino|MGM|PointsBet|SugarHouse|Titanbets|Unibet|Westgate|accuscore|consensus|teamrankings,4.5,0.12909944487358055,219.5,160.0,-188.0,4.5
401430250,15,Caesars Sportsbook|Caesars Sportsbook (Colorado)|Caesars Sportsbook (New Jersey)|Caesars Sportsbook (Pennsylvania)|DraftKings|Holland Casino|MGM|PointsBet|SugarHouse|Titanbets|Unibet|Westgate|accuscore|consensus|teamrankings,2.5,0.12909944487358055,222.5,120.0,-140.0,2.5
401430251,13,Caesars Sportsbook|Caesars Sportsbook (Colorado)|Caesars Sportsbook (New Jersey)|Caesars Sportsbook (Pennsylvania)|DraftKings|Holland Casino|MGM|SugarHouse|Titanbets|Unibet|accuscore|consensus|teamrankings,-12.5,0.7467879938056768,217.5,-901.0,600.0,-12.5
401430253,15,Caesars Sportsbook|Caesars Sportsbook (Colorado)|Caesars Sportsbook (New Jersey)|Caesars Sportsbook (Pennsylvania)|DraftKings|Holland Casino|MGM|PointsBet|SugarHouse|Titanbets|Unibet|Westgate|accuscore|consensus|teamrankings,4.5,0.44986770542121857,224.0,170.0,-205.0,4.5
401430255,13,Caesars Sportsbook|Caesars Sportsbook (Colorado)|Caesars Sportsbook (New Jersey)|Caesars Sportsbook (Pennsylvania)|DraftKings|Holland Casino|MGM|SugarHouse|Titanbets|Unibet|accuscore|consensus|teamrankings,-9.0,0.24019223070763068,225.5,-440.0,350.0,-9.0
401433610,15,Caesars Sportsbook|Caesars Sportsbook (Colorado)|Caesars Sportsbook (New Jersey)|Caesars Sportsbook (Pennsylvania)|DraftKings|Holland Casino|MGM|PointsBet|SugarHouse|Titanbets|Unibet|Westgate|accuscore|consensus|teamrankings,-5.0,0.20701966780270625,215.5,-210.0,175.0,-5.0
401433611,15,Caesars Sportsbook|Caesars Sportsbook (Colorado)|Caesars Sportsbook (New Jersey)|Caesars Sportsbook (Pennsylvania)|DraftKings|Holland Casino|MGM|PointsBet|SugarHouse|Titanbets|Unibet|Westgate|accuscore|consensus|teamrankings,-4.0,0.20701966780270625,216.0,-180.0,155.0,-4.0
401433612,15,Caesars Sportsbook|Caesars Sportsbook (Colorado)|Caesars Sportsbook (New Jersey)|Caesars Sportsbook (Pennsylvania)|DraftKings|Holland Casino|MGM|PointsBet|SugarHouse|Titanbets|Unibet|Westgate|accuscore|consensus|teamrankings,-2.5,0.1759328876372492,211.5,-138.0,115.0,-2.5
401433613,15,Caesars Sportsbook|Caesars Sportsbook (Colorado)|Caesars Sportsbook (New Jersey)|Caesars Sportsbook (Pennsylvania)|DraftKings|Holland Casino|MGM|PointsBet|SugarHouse|Titanbets|Unibet|Westgate|accuscore|consensus|teamrankings,-1.5,0.0,213.0,-125.0,105.0,-1.5
401433614,15,Caesars Sportsbook|Caesars Sportsbook (Colorado)|Caesars Sportsbook (New Jersey)|Caesars Sportsbook (Pennsylvania)|DraftKings|Holland Casino|MGM|PointsBet|SugarHouse|Titanbets|Unibet|Westgate|accuscore|consensus|teamrankings,-5.5,1.0465362369445672,214.5,-222.0,185.0,-5.5
401433615,15,BetfairSportsbook|Caesars Sportsbook|Caesars Sportsbook (Colorado)|Caesars Sportsbook (New Jersey)|Caesars Sportsbook (Pennsylvania)|DraftKings|Holland Casino|MGM|PointsBet|SugarHouse|Titanbets|Unibet|accuscore|consensus|teamrankings,-1.5,0.2439750182371333,212.5,-125.0,105.0,-1.5
401433616,16,BetfairSportsbook|Caesars Sportsbook|Caesars Sportsbook (Colorado)|Caesars Sportsbook (New Jersey)|Caesars Sportsbook (Pennsylvania)|DraftKings|Holland Casino|MGM|PointsBet|SugarHouse|Titanbets|Unibet|Westgate|accuscore|consensus|teamrankings,-5.0,0.25,205.5,-213.0,175.0,-5.0
401434050,15,Caesars Sportsbook|Caesars Sportsbook (Colorado)|Caesars Sportsbook (New Jersey)|Caesars Sportsbook (Pennsylvania)|DraftKings|Holland Casino|MGM|PointsBet|SugarHouse|Titanbets|Unibet|Westgate|accuscore|consensus|teamrankings,-7.5,1.349603116263656,208.5,-357.0,280.0,-7.5
401434051,15,Caesars Sportsbook|Caesars Sportsbook (Colorado)|Caesars Sportsbook (New Jersey)|Caesars Sportsbook (Pennsylvania)|DraftKings|Holland Casino|MGM|PointsBet|SugarHouse|Titanbets|Unibet|Westgate|accuscore|consensus|teamrankings,-7.5,0.3199702367110922,208.5,-380.0,300.0,-7.5
401434052,15,Caesars Sportsbook|Caesars Sportsbook (Colorado)|Caesars Sportsbook (New Jersey)|Caesars Sportsbook (Pennsylvania)|DraftKings|Holland Casino|MGM|PointsBet|SugarHouse|Titanbets|Unibet|Westgate|accuscore|consensus|teamrankings,-1.0,0.9473309334313418,210.5,-110.0,-109.0,-1.0
401434053,15,Caesars Sportsbook|Caesars Sportsbook (Colorado)|Caesars Sportsbook (New Jersey)|Caesars Sportsbook (Pennsylvania)|DraftKings|Holland Casino|MGM|PointsBet|SugarHouse|Titanbets|Unibet|Westgate|accuscore|consensus|teamrankings,-2.5,0.12909944487358055,208.0,-135.0,115.0,-2.5
401434054,15,Caesars Sportsbook|Caesars Sportsbook (Colorado)|Caesars Sportsbook (New Jersey)|Caesars Sportsbook (Pennsylvania)|DraftKings|Holland Casino|MGM|PointsBet|SugarHouse|Titanbets|Unibet|Westgate|accuscore|consensus|teamrankings,-3.0,0.2288688541085317,208.0,-155.0,135.0,-3.0
401434055,15,Caesars Sportsbook|Caesars Sportsbook (Colorado)|Caesars Sportsbook (New Jersey)|Caesars Sportsbook (Pennsylvania)|DraftKings|Holland Casino|MGM|PointsBet|SugarHouse|Titanbets|Unibet|Westgate|accuscore|consensus|teamrankings,-2.5,0.30860669992418377,207.0,-138.0,115.0,-2.5
401434070,15,Caesars Sportsbook|Caesars Sportsbook (Colorado)|Caesars Sportsbook (New Jersey)|Caesars Sportsbook (Pennsylvania)|DraftKings|Holland Casino|MGM|PointsBet|SugarHouse|Titanbets|Unibet|Westgate|accuscore|consensus|teamrankings,-6.0,0.20701966780270625,214.5,-248.0,205.0,-6.0
401434110,15,Caesars Sportsbook|Caesars Sportsbook (Colorado)|Caesars Sportsbook (New Jersey)|Caesars Sportsbook (Pennsylvania)|DraftKings|Holland Casino|MGM|PointsBet|SugarHouse|Titanbets|Unibet|Westgate|accuscore|consensus|teamrankings,-6.0,0.22886885410853172,217.5,-255.0,210.0,-6.0
401434111,15,Caesars Sportsbook|Caesars Sportsbook (Colorado)|Caesars Sportsbook (New Jersey)|Caesars Sportsbook (Pennsylvania)|DraftKings|Holland Casino|MGM|PointsBet|SugarHouse|Titanbets|Unibet|Westgate|accuscore|consensus|teamrankings,-1.0,2.328907366944749,217.5,-115.0,100.0,-1.0
401434112,15,Caesars Sportsbook|Caesars Sportsbook (Colorado)|Caesars Sportsbook (New Jersey)|Caesars Sportsbook (Pennsylvania)|DraftKings|Holland Casino|MGM|PointsBet|SugarHouse|Titanbets|Unibet|Westgate|accuscore|consensus|teamrankings,3.0,0.6935073041809876,214.5,130.0,-150.0,3.0
401434113,15,Caesars Sportsbook|Caesars Sportsbook (Colorado)|Caesars Sportsbook (New Jersey)|Caesars Sportsbook (Pennsylvania)|DraftKings|Holland Casino|MGM|PointsBet|SugarHouse|Titanbets|Unibet|Westgate|accuscore|consensus|teamrankings,-7.0,0.5300494136893097,215.5,-300.0,245.0,-7.0
401434114,12,Caesars Sportsbook|Caesars Sportsbook (Colorado)|Caesars Sportsbook (New Jersey)|Caesars Sportsbook (Pennsylvania)|DraftKings|Holland Casino|SugarHouse|Titanbets|Unibet|Westgate|accuscore|teamrankings,2.0,1.0730867399773198,214.0,110.0,-130.0,
401434115,16,BetfairSportsbook|Caesars Sportsbook|Caesars Sportsbook (Colorado)|Caesars Sportsbook (New Jersey)|Caesars Sportsbook (Pennsylvania)|DraftKings|Holland Casino|MGM|PointsBet|SugarHouse|Titanbets|Unibet|Westgate|accuscore|consensus|teamrankings,-6.5,0.0,204.5,-292.0,235.0,-6.5
401434770,14,Caesars Sportsbook|Caesars Sportsbook (Colorado)|Caesars Sportsbook (New Jersey)|Caesars Sportsbook (Pennsylvania)|DraftKings|Holland Casino|MGM|SugarHouse|Titanbets|Unibet|Westgate|accuscore|consensus|teamrankings,2.0,0.19611613513818404,227.5,110.0,-130.0,2.0
401434771,14,Caesars Sportsbook|Caesars Sportsbook (Colorado)|Caesars Sportsbook (New Jersey)|Caesars Sportsbook (Pennsylvania)|DraftKings|Holland Casino|MGM|SugarHouse|Titanbets|Unibet|Westgate|accuscore|consensus|teamrankings,2.0,0.18156825980064076,227.5,110.0,-130.0,2.0
401434772,14,Caesars Sportsbook|Caesars Sportsbook (Colorado)|Caesars Sportsbook (New Jersey)|Caesars Sportsbook (Pennsylvania)|DraftKings|Holland Casino|MGM|SugarHouse|Titanbets|Unibet|Westgate|accuscore|consensus|teamrankings,-7.0,0.21290765681316007,225.5,-307.5,247.5,-7.0
401434773,14,Caesars Sportsbook|Caesars Sportsbook (Colorado)|Caesars Sportsbook (New Jersey)|Caesars Sportsbook (Pennsylvania)|DraftKings|Holland Casino|MGM|SugarHouse|Titanbets|Unibet|Westgate|accuscore|consensus|teamrankings,-9.5,0.13363062095621217,222.5,-532.0,400.0,-9.5
401434774,14,Caesars Sportsbook|Caesars Sportsbook (Colorado)|Caesars Sportsbook (New Jersey)|Caesars Sportsbook (Pennsylvania)|DraftKings|Holland Casino|MGM|SugarHouse|Titanbets|Unibet|Westgate|accuscore|consensus|teamrankings,4.0,0.6123724356957945,218.5,148.5,-170.0,4.0
401434775,14,BetfairSportsbook|Caesars Sportsbook|Caesars Sportsbook (Colorado)|Caesars Sportsbook (New Jersey)|Caesars Sportsbook (Pennsylvania)|DraftKings|Holland Casino|MGM|SugarHouse|Titanbets|Unibet|accuscore|consensus|teamrankings,-8.0,0.31666184688832544,218.5,-364.0,295.0,-7.5
401438130,15,BetfairSportsbook|Caesars Sportsbook|Caesars Sportsbook (Colorado)|Caesars Sportsbook (New Jersey)|Caesars Sportsbook (Pennsylvania)|DraftKings|Holland Casino|MGM|PointsBet|SugarHouse|Titanbets|Unibet|accuscore|consensus|teamrankings,-4.5,0.8997354108424372,203.0,-208.0,170.0,-4.5
401438131,16,BetfairSportsbook|Caesars Sportsbook|Caesars Sportsbook (Colorado)|Caesars Sportsbook (New Jersey)|Caesars Sportsbook (Pennsylvania)|DraftKings|Holland Casino|MGM|PointsBet|SugarHouse|Titanbets|Unibet|Westgate|accuscore|consensus|teamrankings,-1.0,1.682012683265696,206.25,-115.0,-104.5,-1.0
401438132,16,BetfairSportsbook|Caesars Sportsbook|Caesars Sportsbook (Colorado)|Caesars Sportsbook (New Jersey)|Caesars Sportsbook (Pennsylvania)|DraftKings|Holland Casino|MGM|PointsBet|SugarHouse|Titanbets|Unibet|Westgate|accuscore|consensus|teamrankings,-5.5,0.3415650255319866,207.0,-242.5,196.0,-5.5
401438133,16,BetfairSportsbook|Caesars Sportsbook|Caesars Sportsbook (Colorado)|Caesars Sportsbook (New Jersey)|Caesars Sportsbook (Pennsylvania)|DraftKings|Holland Casino|MGM|PointsBet|SugarHouse|Titanbets|Unibet|Westgate|accuscore|consensus|teamrankings,-6.5,0.125,205.5,-275.0,220.5,-6.5
401438134,16,BetfairSportsbook|Caesars Sportsbook|Caesars Sportsbook (Colorado)|Caesars Sportsbook (New Jersey)|Caesars Sportsbook (Pennsylvania)|DraftKings|Holland Casino|MGM|PointsBet|SugarHouse|Titanbets|Unibet|Westgate|accuscore|consensus|teamrankings,3.5,0.6800735254367721,203.5,140.0,-166.0,3.5
401438135,16,BetfairSportsbook|Caesars Sportsbook|Caesars Sportsbook (Colorado)|Caesars Sportsbook (New Jersey)|Caesars Sportsbook (Pennsylvania)|DraftKings|Holland Casino|MGM|PointsBet|SugarHouse|Titanbets|Unibet|Westgate|accuscore|consensus|teamrankings,-8.5,0.125,201.5,-404.5,320.0,-8.5
401438136,16,BetfairSportsbook|Caesars Sportsbook|Caesars Sportsbook (Colorado)|Caesars Sportsbook (New Jersey)|Caesars Sportsbook (Pennsylvania)|DraftKings|Holland Casino|MGM|PointsBet|SugarHouse|Titanbets|Unibet|Westgate|accuscore|consensus|teamrankings,3.0,0.375,198.0,130.0,-150.0,3.0
401438944,15,BetfairSportsbook|Caesars Sportsbook|Caesars Sportsbook (Colorado)|Caesars Sportsbook (New Jersey)|Caesars Sportsbook (Pennsylvania)|DraftKings|Holland Casino|MGM|PointsBet|SugarHouse|Titanbets|Unibet|accuscore|consensus|teamrankings,-5.5,0.12909944487358055,216.5,-225.0,185.0,-5.5
401438945,16,BetfairSportsbook|Caesars Sportsbook|Caesars Sportsbook (Colorado)|Caesars Sportsbook (New Jersey)|Caesars Sportsbook (Pennsylvania)|DraftKings|Holland Casino|MGM|PointsBet|SugarHouse|Titanbets|Unibet|Westgate|accuscore|consensus|teamrankings,-6.0,0.25617376914899,216.0,-250.0,210.0,-6.5
401438946,16,BetfairSportsbook|Caesars Sportsbook|Caesars Sportsbook (Colorado)|Caesars Sportsbook (New Jersey)|Caesars Sportsbook (Pennsylvania)|DraftKings|Holland Casino|MGM|PointsBet|SugarHouse|Titanbets|Unibet|Westgate|accuscore|consensus|teamrankings,-3.0,0.34003676271838607,217.0,-156.0,135.0,-3.0
401438947,16,BetfairSportsbook|Caesars Sportsbook|Caesars Sportsbook (Colorado)|Caesars Sportsbook (New Jersey)|Caesars Sportsbook (Pennsylvania)|DraftKings|Holland Casino|MGM|PointsBet|SugarHouse|Titanbets|Unibet|Westgate|accuscore|consensus|teamrankings,-1.5,0.1707825127659933,215.5,-125.0,105.0,-1.5
401438948,16,BetfairSportsbook|Caesars Sportsbook|Caesars Sportsbook (Colorado)|Caesars Sportsbook (New Jersey)|Caesars Sportsbook (Pennsylvania)|DraftKings|Holland Casino|MGM|PointsBet|SugarHouse|Titanbets|Unibet|Westgate|accuscore|consensus|teamrankings,-6.5,0.125,215.0,-298.0,235.0,-6.5
401442530,16,BetfairSportsbook|Caesars Sportsbook|Caesars Sportsbook (Colorado)|Caesars Sportsbook (New Jersey)|Caesars Sportsbook (Pennsylvania)|DraftKings|Holland Casino|MGM|PointsBet|SugarHouse|Titanbets|Unibet|Westgate|accuscore|consensus|teamrankings,-3.5,0.1707825127659933,214.0,-165.0,145.0,-3.5
401442531,16,BetfairSportsbook|Caesars Sportsbook|Caesars Sportsbook (Colorado)|Caesars Sportsbook (New Jersey)|Caesars Sportsbook (Pennsylvania)|DraftKings|Holland Casino|MGM|PointsBet|SugarHouse|Titanbets|Unibet|Westgate|accuscore|consensus|teamrankings,-4.5,0.4366062299143245,213.5,-200.0,170.0,-4.5
401442532,16,BetfairSportsbook|Caesars Sportsbook|Caesars Sportsbook (Colorado)|Caesars Sportsbook (New Jersey)|Caesars Sportsbook (Pennsylvania)|DraftKings|Holland Casino|MGM|PointsBet|SugarHouse|Titanbets|Unibet|Westgate|accuscore|consensus|teamrankings,-3.5,0.1707825127659933,214.0,-151.5,132.5,-3.5
401442533,16,BetfairSportsbook|Caesars Sportsbook|Caesars Sportsbook (Colorado)|Caesars Sportsbook (New Jersey)|Caesars Sportsbook (Pennsylvania)|DraftKings|Holland Casino|MGM|PointsBet|SugarHouse|Titanbets|Unibet|Westgate|accuscore|consensus|teamrankings,-4.0,0.1707825127659933,213.5,-165.0,145.0,-4.0
401442534,16,BetfairSportsbook|Caesars Sportsbook|Caesars Sportsbook (Colorado)|Caesars Sportsbook (New Jersey)|Caesars Sportsbook (Pennsylvania)|DraftKings|Holland Casino|MGM|PointsBet|SugarHouse|Titanbets|Unibet|Westgate|accuscore|consensus|teamrankings,-3.5,0.22360679774997896,211.0,-169.5,145.0,-3.5
401442535,16,BetfairSportsbook|Caesars Sportsbook|Caesars Sportsbook (Colorado)|Caesars Sportsbook (New Jersey)|Caesars Sportsbook (Pennsylvania)|DraftKings|Holland Casino|MGM|PointsBet|SugarHouse|Titanbets|Unibet|Westgate|accuscore|consensus|teamrankings,-4.0,0.25617376914899,211.5,-175.0,150.0,-3.5
401468016,15,BetfairSportsbook|Caesars Sportsbook|Caesars Sportsbook (Colorado)|Caesars Sportsbook (New Jersey)|DraftKings|ESPN BET|Holland Casino|MGM|PointsBet|SugarHouse|Titanbets|Unibet|accuscore|consensus|teamrankings,-3.0,0.2288688541085317,216.5,-150.0,128.0,-3.0
401468017,15,BetfairSportsbook|Caesars Sportsbook|Caesars Sportsbook (Colorado)|Caesars Sportsbook (New Jersey)|DraftKings|ESPN BET|Holland Casino|MGM|PointsBet|SugarHouse|Titanbets|Unibet|accuscore|consensus|teamrankings,-7.5,0.0,223.5,-300.0,250.0,-7.5
401468018,16,BetfairSportsbook|Caesars Sportsbook|Caesars Sportsbook (Colorado)|Caesars Sportsbook (New Jersey)|DraftKings|ESPN BET|Holland Casino|MGM|PointsBet|SugarHouse|Titanbets|Unibet|Westgate|accuscore|consensus|teamrankings,-3.0,0.4366062299143245,216.25,-160.0,134.0,-3.0
401468019,16,BetfairSportsbook|Caesars Sportsbook|Caesars Sportsbook (Colorado)|Caesars Sportsbook (New Jersey)|DraftKings|ESPN BET|Holland Casino|MGM|PointsBet|SugarHouse|Titanbets|Unibet|Westgate|accuscore|consensus|teamrankings,2.5,0.6020797289396148,228.5,120.0,-140.0,2.5
401468020,16,BetfairSportsbook|Caesars Sportsbook|Caesars Sportsbook (Colorado)|Caesars Sportsbook (New Jersey)|DraftKings|ESPN BET|Holland Casino|MGM|PointsBet|SugarHouse|Titanbets|Unibet|Westgate|accuscore|consensus|teamrankings,-10.0,0.51234753829798,234.5,-500.0,375.0,-10.0
401468021,16,BetfairSportsbook|Caesars Sportsbook|Caesars Sportsbook (Colorado)|Caesars Sportsbook (New Jersey)|DraftKings|ESPN BET|Holland Casino|MGM|PointsBet|SugarHouse|Titanbets|Unibet|Westgate|accuscore|consensus|teamrankings,-2.75,0.35939764421413045,231.75,-141.0,120.0,-2.5
401468022,16,BetfairSportsbook|Caesars Sportsbook|Caesars Sportsbook (Colorado)|Caesars Sportsbook (New Jersey)|DraftKings|ESPN BET|Holland Casino|MGM|PointsBet|SugarHouse|Titanbets|Unibet|Westgate|accuscore|consensus|teamrankings,-7.5,0.4654746681256314,216.0,-306.0,245.0,-7.5
401468023,16,BetfairSportsbook|Caesars Sportsbook|Caesars Sportsbook (Colorado)|Caesars Sportsbook (New Jersey)|DraftKings|ESPN BET|Holland Casino|MGM|PointsBet|SugarHouse|Titanbets|Unibet|Westgate|accuscore|consensus|teamrankings,-2.5,0.4031128874149275,216.0,-138.0,120.0,-2.5
401468024,16,BetfairSportsbook|Caesars Sportsbook|Caesars Sportsbook (Colorado)|Caesars Sportsbook (New Jersey)|DraftKings|ESPN BET|Holland Casino|MGM|PointsBet|SugarHouse|Titanbets|Unibet|Westgate|accuscore|consensus|teamrankings,-4.5,0.8944271909999159,226.5,-185.0,156.0,-4.5
401468025,16,BetfairSportsbook|Caesars Sportsbook|Caesars Sportsbook (Colorado)|Caesars Sportsbook (New Jersey)|DraftKings|ESPN BET|Holland Casino|MGM|PointsBet|SugarHouse|Titanbets|Unibet|Westgate|accuscore|consensus|teamrankings,-10.5,0.31622776601683794,226.0,-600.0,450.0,-10.5
401468026,16,BetfairSportsbook|Caesars Sportsbook|Caesars Sportsbook (Colorado)|Caesars Sportsbook (New Jersey)|DraftKings|ESPN BET|Holland Casino|MGM|PointsBet|SugarHouse|Titanbets|Unibet|Westgate|accuscore|consensus|teamrankings,1.0,0.8715591687403584,221.5,-107.0,-110.0,1.0
401468027,16,BetfairSportsbook|Caesars Sportsbook|Caesars Sportsbook (Colorado)|Caesars Sportsbook (New Jersey)|DraftKings|ESPN BET|Holland Casino|MGM|PointsBet|SugarHouse|Titanbets|Unibet|Westgate|accuscore|consensus|teamrankings,7.0,0.408248290463863,225.25,220.0,-270.0,7.0
401468028,16,BetfairSportsbook|Caesars Sportsbook|Caesars Sportsbook (Colorado)|Caesars Sportsbook (New Jersey)|DraftKings|ESPN BET|Holland Casino|MGM|PointsBet|SugarHouse|Titanbets|Unibet|Westgate|accuscore|consensus|teamrankings,-4.0,0.4366062299143245,218.0,-180.0,150.0,-4.0
401468029,16,BetfairSportsbook|Caesars Sportsbook|Caesars Sportsbook (Colorado)|Caesars Sportsbook (New Jersey)|DraftKings|ESPN BET|Holland Casino|MGM|PointsBet|SugarHouse|Titanbets|Unibet|Westgate|accuscore|consensus|teamrankings,-3.0,0.75,229.0,-149.0,130.0,-3.0
401468170,16,BetfairSportsbook|Caesars Sportsbook|Caesars Sportsbook (Colorado)|Caesars Sportsbook (New Jersey)|DraftKings|ESPN BET|Holland Casino|MGM|PointsBet|SugarHouse|Titanbets|Unibet|Westgate|accuscore|consensus|teamrankings,-4.0,0.3415650255319866,224.25,-175.0,150.0,-4.0
401468171,16,BetfairSportsbook|Caesars Sportsbook|Caesars Sportsbook (Colorado)|Caesars Sportsbook (New Jersey)|DraftKings|ESPN BET|Holland Casino|MGM|PointsBet|SugarHouse|Titanbets|Unibet|Westgate|accuscore|consensus|teamrankings,5.0,0.5439056290693574,226.5,165.0,-200.0,4.5
401468172,15,BetfairSportsbook|Caesars Sportsbook|Caesars Sportsbook (Colorado)|Caesars Sportsbook (New Jersey)|DraftKings|ESPN BET|Holland Casino|MGM|PointsBet|SugarHouse|Titanbets|Unibet|accuscore|consensus|teamrankings,7.0,0.31997023671109226,226.5,220.0,-270.0,7.0
401468173,15,BetfairSportsbook|Caesars Sportsbook|Caesars Sportsbook (Colorado)|Caesars Sportsbook (New Jersey)|DraftKings|ESPN BET|Holland Casino|MGM|PointsBet|SugarHouse|Titanbets|Unibet|accuscore|consensus|teamrankings,-1.5,0.5814595756329396,232.5,-120.0,100.0,-1.5
401468174,15,BetfairSportsbook|Caesars Sportsbook|Caesars Sportsbook (Colorado)|Caesars Sportsbook (New Jersey)|DraftKings|ESPN BET|Holland Casino|MGM|PointsBet|SugarHouse|Titanbets|Unibet|accuscore|consensus|teamrankings,-2.0,0.37161167647860327,221.0,-130.0,110.0,-2.5
401468175,15,BetfairSportsbook|Caesars Sportsbook|Caesars Sportsbook (Colorado)|Caesars Sportsbook (New Jersey)|DraftKings|ESPN BET|Holland Casino|MGM|PointsBet|SugarHouse|Titanbets|Unibet|accuscore|consensus|teamrankings,-9.0,0.29680841985233186,225.5,-400.0,315.0,-9.0
401468176,15,BetfairSportsbook|Caesars Sportsbook|Caesars Sportsbook (Colorado)|Caesars Sportsbook (New Jersey)|DraftKings|ESPN BET|Holland Casino|MGM|PointsBet|SugarHouse|Titanbets|Unibet|accuscore|consensus|teamrankings,-2.5,0.29680841985233186,226.0,-143.0,120.0,-2.5
401468177,15,BetfairSportsbook|Caesars Sportsbook|Caesars Sportsbook (Colorado)|Caesars Sportsbook (New Jersey)|DraftKings|ESPN BET|Holland Casino|MGM|PointsBet|SugarHouse|Titanbets|Unibet|accuscore|consensus|teamrankings,2.5,0.31997023671109226,221.0,115.0,-135.0,2.5
401468178,15,BetfairSportsbook|Caesars Sportsbook|Caesars Sportsbook (Colorado)|Caesars Sportsbook (New Jersey)|DraftKings|ESPN BET|Holland Casino|MGM|PointsBet|SugarHouse|Titanbets|Unibet|accuscore|consensus|teamrankings,-7.0,0.2672612419124244,220.5,-283.0,230.0,-7.0
401468179,15,BetfairSportsbook|Caesars Sportsbook|Caesars Sportsbook (Colorado)|Caesars Sportsbook (New Jersey)|DraftKings|ESPN BET|Holland Casino|MGM|PointsBet|SugarHouse|Titanbets|Unibet|accuscore|consensus|teamrankings,7.0,0.5300494136893097,231.5,222.0,-278.0,7.0
401468180,15,BetfairSportsbook|Caesars Sportsbook|Caesars Sportsbook (Colorado)|Caesars Sportsbook (New Jersey)|DraftKings|ESPN BET|Holland Casino|MGM|PointsBet|SugarHouse|Titanbets|Unibet|accuscore|consensus|teamrankings,-8.0,0.2288688541085317,226.5,-327.0,265.0,-8.0
401468181,15,BetfairSportsbook|Caesars Sportsbook|Caesars Sportsbook (Colorado)|Caesars Sportsbook (New Jersey)|DraftKings|ESPN BET|Holland Casino|MGM|PointsBet|SugarHouse|Titanbets|Unibet|accuscore|consensus|teamrankings,-5.5,0.3162277660168379,229.5,-215.0,180.0,-5.5
401468182,15,BetfairSportsbook|Caesars Sportsbook|Caesars Sportsbook (Colorado)|Caesars Sportsbook (New Jersey)|DraftKings|ESPN BET|Holland Casino|MGM|PointsBet|SugarHouse|Titanbets|Unibet|accuscore|consensus|teamrankings,5.0,0.4309458036856673,224.0,175.0,-210.0,5.5
401468183,15,BetfairSportsbook|Caesars Sportsbook|Caesars Sportsbook (Colorado)|Caesars Sportsbook (New Jersey)|DraftKings|ESPN BET|Holland Casino|MGM|PointsBet|SugarHouse|Titanbets|Unibet|accuscore|consensus|teamrankings,-13.5,0.20701966780270625,224.5,-910.0,604.0,-13.5
401468184,15,BetfairSportsbook|Caesars Sportsbook|Caesars Sportsbook (Colorado)|Caesars Sportsbook (New Jersey)|DraftKings|ESPN BET|Holland Casino|MGM|PointsBet|SugarHouse|Titanbets|Unibet|accuscore|consensus|teamrankings,-1.0,1.32235637164358,231.5,-110.0,-110.0,1.5
401468185,15,BetfairSportsbook|Caesars Sportsbook|Caesars Sportsbook (Colorado)|Caesars Sportsbook (New Jersey)|DraftKings|ESPN BET|Holland Casino|MGM|PointsBet|SugarHouse|Titanbets|Unibet|accuscore|consensus|teamrankings,8.5,0.5563486402641868,215.5,300.0,-366.0,8.5
401468186,15,BetfairSportsbook|Caesars Sportsbook|Caesars Sportsbook (Colorado)|Caesars Sportsbook (New Jersey)|DraftKings|ESPN BET|Holland Casino|MGM|PointsBet|SugarHouse|Titanbets|Unibet|accuscore|consensus|teamrankings,-3.5,0.22886885410853172,216.5,-155.0,130.0,-3.5
401468187,15,BetfairSportsbook|Caesars Sportsbook|Caesars Sportsbook (Colorado)|Caesars Sportsbook (New Jersey)|DraftKings|ESPN BET|Holland Casino|MGM|PointsBet|SugarHouse|Titanbets|Unibet|accuscore|consensus|teamrankings,1.5,0.20701966780270625,220.5,105.0,-125.0,1.5
401468188,15,BetfairSportsbook|Caesars Sportsbook|Caesars Sportsbook (Colorado)|Caesars Sportsbook (New Jersey)|DraftKings|ESPN BET|Holland Casino|MGM|PointsBet|SugarHouse|Titanbets|Unibet|accuscore|consensus|teamrankings,-13.0,0.29680841985233186,227.5,-1000.0,650.0,-13.0
401468189,15,BetfairSportsbook|Caesars Sportsbook|Caesars Sportsbook (Colorado)|Caesars Sportsbook (New Jersey)|DraftKings|ESPN BET|Holland Casino|MGM|PointsBet|SugarHouse|Titanbets|Unibet|accuscore|consensus|teamrankings,-5.5,0.32732683535398854,220.0,-220.0,185.0,-5.5
401468190,15,BetfairSportsbook|Caesars Sportsbook|Caesars Sportsbook (Colorado)|Caesars Sportsbook (New Jersey)|DraftKings|ESPN BET|Holland Casino|MGM|PointsBet|SugarHouse|Titanbets|Unibet|accuscore|consensus|teamrankings,-9.0,0.48795003647426666,227.0,-400.0,310.0,-9.0
401468191,15,BetfairSportsbook|Caesars Sportsbook|Caesars Sportsbook (Colorado)|Caesars Sportsbook (New Jersey)|DraftKings|ESPN BET|Holland Casino|MGM|PointsBet|SugarHouse|Titanbets|Unibet|accuscore|consensus|teamrankings,2.5,0.1889822365046136,225.5,118.0,-140.0,2.5
401468192,15,BetfairSportsbook|Caesars Sportsbook|Caesars Sportsbook (Colorado)|Caesars Sportsbook (New Jersey)|DraftKings|ESPN BET|Holland Casino|MGM|PointsBet|SugarHouse|Titanbets|Unibet|accuscore|consensus|teamrankings,-4.0,0.3199702367110922,226.5,-175.0,150.0,-4.0
401468193,15,BetfairSportsbook|Caesars Sportsbook|Caesars Sportsbook (Colorado)|Caesars Sportsbook (New Jersey)|DraftKings|ESPN BET|Holland Casino|MGM|PointsBet|SugarHouse|Titanbets|Unibet|accuscore|consensus|teamrankings,-10.0,0.22886885410853172,227.5,-480.0,360.0,-10.0
401468194,15,BetfairSportsbook|Caesars Sportsbook|Caesars Sportsbook (Colorado)|Caesars Sportsbook (New Jersey)|DraftKings|ESPN BET|Holland Casino|MGM|PointsBet|SugarHouse|Titanbets|Unibet|accuscore|consensus|teamrankings,-3.5,0.0,216.5,-165.0,140.0,-3.5
401468195,15,BetfairSportsbook|Caesars Sportsbook|Caesars Sportsbook (Colorado)|Caesars Sportsbook (New Jersey)|DraftKings|ESPN BET|Holland Casino|MGM|PointsBet|SugarHouse|Titanbets|Unibet|accuscore|consensus|teamrankings,-8.5,0.45773770821706344,231.5,-355.0,285.0,-8.5
401468196,15,BetfairSportsbook|Caesars Sportsbook|Caesars Sportsbook (Colorado)|Caesars Sportsbook (New Jersey)|DraftKings|ESPN BET|Holland Casino|MGM|PointsBet|SugarHouse|Titanbets|Unibet|accuscore|consensus|teamrankings,9.5,0.6491753010001009,225.5,325.0,-425.0,9.5
401468197,15,BetfairSportsbook|Caesars Sportsbook|Caesars Sportsbook (Colorado)|Caesars Sportsbook (New Jersey)|DraftKings|ESPN BET|Holland Casino|MGM|PointsBet|SugarHouse|Titanbets|Unibet|accuscore|consensus|teamrankings,-10.0,0.20701966780270625,232.5,-500.0,370.0,-10.0
401468198,15,BetfairSportsbook|Caesars Sportsbook|Caesars Sportsbook (Colorado)|Caesars Sportsbook (New Jersey)|DraftKings|ESPN BET|Holland Casino|MGM|PointsBet|SugarHouse|Titanbets|Unibet|accuscore|consensus|teamrankings,1.0,1.30748759440532,219.0,-1.0,-118.0,1.0
401468199,15,BetfairSportsbook|Caesars Sportsbook|Caesars Sportsbook (Colorado)|Caesars Sportsbook (New Jersey)|DraftKings|ESPN BET|Holland Casino|MGM|PointsBet|SugarHouse|Titanbets|Unibet|accuscore|consensus|teamrankings,-12.5,0.37161167647860327,228.5,-800.0,550.0,-12.5
401468200,15,BetfairSportsbook|Caesars Sportsbook|Caesars Sportsbook (Colorado)|Caesars Sportsbook (New Jersey)|DraftKings|ESPN BET|Holland Casino|MGM|PointsBet|SugarHouse|Titanbets|Unibet|accuscore|consensus|teamrankings,-3.5,0.1759328876372492,214.0,-169.0,145.0,-3.5
401468201,15,BetfairSportsbook|Caesars Sportsbook|Caesars Sportsbook (Colorado)|Caesars Sportsbook (New Jersey)|DraftKings|ESPN BET|Holland Casino|MGM|PointsBet|SugarHouse|Titanbets|Unibet|accuscore|consensus|teamrankings,-7.5,0.0,222.5,-300.0,240.0,-7.5
401468202,15,BetfairSportsbook|Caesars Sportsbook|Caesars Sportsbook (Colorado)|Caesars Sportsbook (New Jersey)|DraftKings|ESPN BET|Holland Casino|MGM|PointsBet|SugarHouse|Titanbets|Unibet|accuscore|consensus|teamrankings,5.5,0.4577377082170634,225.5,185.0,-225.0,5.5
401468203,15,BetfairSportsbook|Caesars Sportsbook|Caesars Sportsbook (Colorado)|Caesars Sportsbook (New Jersey)|DraftKings|ESPN BET|Holland Casino|MGM|PointsBet|SugarHouse|Titanbets|Unibet|accuscore|consensus|teamrankings,2.5,1.1338934190276817,234.0,115.0,-136.0,2.5
401468204,15,BetfairSportsbook|Caesars Sportsbook|Caesars Sportsbook (Colorado)|Caesars Sportsbook (New Jersey)|DraftKings|ESPN BET|Holland Casino|MGM|PointsBet|SugarHouse|Titanbets|Unibet|accuscore|consensus|teamrankings,-1.0,0.31622776601683794,234.5,-115.0,-103.0,-1.5
401468205,15,BetfairSportsbook|Caesars Sportsbook|Caesars Sportsbook (Colorado)|Caesars Sportsbook (New Jersey)|DraftKings|ESPN BET|Holland Casino|MGM|PointsBet|SugarHouse|Titanbets|Unibet|accuscore|consensus|teamrankings,-8.5,1.5560940111151933,234.5,-355.0,285.0,-8.5
401468206,15,BetfairSportsbook|Caesars Sportsbook|Caesars Sportsbook (Colorado)|Caesars Sportsbook (New Jersey)|DraftKings|ESPN BET|Holland Casino|MGM|PointsBet|SugarHouse|Titanbets|Unibet|accuscore|consensus|teamrankings,5.0,0.5300494136893097,227.5,170.0,-205.0,5.0
401468207,15,BetfairSportsbook|Caesars Sportsbook|Caesars Sportsbook (Colorado)|Caesars Sportsbook (New Jersey)|DraftKings|ESPN BET|Holland Casino|MGM|PointsBet|SugarHouse|Titanbets|Unibet|accuscore|consensus|teamrankings,-5.5,0.2968084198523318,221.0,-225.0,185.0,-5.5
401468208,15,BetfairSportsbook|Caesars Sportsbook|Caesars Sportsbook (Colorado)|Caesars Sportsbook (New Jersey)|DraftKings|ESPN BET|Holland Casino|MGM|PointsBet|SugarHouse|Titanbets|Unibet|accuscore|consensus|teamrankings,5.0,0.39940431835899015,218.5,179.0,-213.0,5.0
401468209,15,BetfairSportsbook|Caesars Sportsbook|Caesars Sportsbook (Colorado)|Caesars Sportsbook (New Jersey)|DraftKings|ESPN BET|Holland Casino|MGM|PointsBet|SugarHouse|Titanbets|Unibet|accuscore|consensus|teamrankings,5.5,1.2392393980641052,217.5,185.0,-225.0,5.5
401468210,15,BetfairSportsbook|Caesars Sportsbook|Caesars Sportsbook (Colorado)|Caesars Sportsbook (New Jersey)|DraftKings|ESPN BET|Holland Casino|MGM|PointsBet|SugarHouse|Titanbets|Unibet|accuscore|consensus|teamrankings,-1.5,0.25819888974716115,227.0,-125.0,105.0,-1.5
401468211,15,BetfairSportsbook|Caesars Sportsbook|Caesars Sportsbook (Colorado)|Caesars Sportsbook (New Jersey)|DraftKings|ESPN BET|Holland Casino|MGM|PointsBet|SugarHouse|Titanbets|Unibet|accuscore|consensus|teamrankings,-9.0,0.4140393356054125,215.5,-410.0,320.0,-8.5
401468212,15,BetfairSportsbook|Caesars Sportsbook|Caesars Sportsbook (Colorado)|Caesars Sportsbook (New Jersey)|DraftKings|ESPN BET|Holland Casino|MGM|PointsBet|SugarHouse|Titanbets|Unibet|accuscore|consensus|teamrankings,7.5,0.28030595529069413,229.0,250.0,-303.0,7.5
401468213,15,BetfairSportsbook|Caesars Sportsbook|Caesars Sportsbook (Colorado)|Caesars Sportsbook (New Jersey)|DraftKings|ESPN BET|Holland Casino|MGM|PointsBet|SugarHouse|Titanbets|Unibet|accuscore|consensus|teamrankings,-7.5,0.2968084198523318,224.5,-305.0,250.0,-7.5
401468214,15,BetfairSportsbook|Caesars Sportsbook|Caesars Sportsbook (Colorado)|Caesars Sportsbook (New Jersey)|DraftKings|ESPN BET|Holland Casino|MGM|PointsBet|SugarHouse|Titanbets|Unibet|accuscore|consensus|teamrankings,1.0,1.1872336794093272,211.5,-103.5,-114.0,1.5
401468215,15,BetfairSportsbook|Caesars Sportsbook|Caesars Sportsbook (Colorado)|Caesars Sportsbook (New Jersey)|DraftKings|ESPN BET|Holland Casino|MGM|PointsBet|SugarHouse|Titanbets|Unibet|accuscore|consensus|teamrankings,-3.0,0.25819888974716115,230.5,-150.0,130.0,-3.5
401468216,14,BetfairSportsbook|Caesars Sportsbook|Caesars Sportsbook (Colorado)|Caesars Sportsbook (New Jersey)|DraftKings|ESPN BET|Holland Casino|MGM|SugarHouse|Titanbets|Unibet|accuscore|consensus|teamrankings,-7.0,0.2373155732746617,233.5,-277.5,230.0,-7.0
401468217,14,BetfairSportsbook|Caesars Sportsbook|Caesars Sportsbook (Colorado)|Caesars Sportsbook (New Jersey)|DraftKings|ESPN BET|Holland Casino|MGM|SugarHouse|Titanbets|Unibet|accuscore|consensus|teamrankings,-9.5,0.5836602955995385,234.5,-465.0,355.0,-9.5
401468218,15,BetfairSportsbook|Caesars Sportsbook|Caesars Sportsbook (Colorado)|Caesars Sportsbook (New Jersey)|DraftKings|ESPN BET|Holland Casino|MGM|PointsBet|SugarHouse|Titanbets|Unibet|accuscore|consensus|teamrankings,-8.5,0.6866065623255951,232.5,-350.0,278.0,-8.5
401468219,14,BetfairSportsbook|Caesars Sportsbook|Caesars Sportsbook (Colorado)|Caesars Sportsbook (New Jersey)|DraftKings|ESPN BET|Holland Casino|MGM|SugarHouse|Titanbets|Unibet|accuscore|consensus|teamrankings,-5.0,0.42094869307054783,230.5,-200.0,165.0,-5.0
401468220,14,BetfairSportsbook|Caesars Sportsbook|Caesars Sportsbook (Colorado)|Caesars Sportsbook (New Jersey)|DraftKings|ESPN BET|Holland Casino|MGM|SugarHouse|Titanbets|Unibet|accuscore|consensus|teamrankings,2.5,1.5517625568904,220.5,120.0,-142.0,2.5
401468221,15,BetfairSportsbook|Caesars Sportsbook|Caesars Sportsbook (Colorado)|Caesars Sportsbook (New Jersey)|DraftKings|ESPN BET|Holland Casino|MGM|PointsBet|SugarHouse|Titanbets|Unibet|accuscore|consensus|teamrankings,2.5,0.4309458036856674,225.5,125.0,-145.0,3.0
401468222,15,BetfairSportsbook|Caesars Sportsbook|Caesars Sportsbook (Colorado)|Caesars Sportsbook (New Jersey)|DraftKings|ESPN BET|Holland Casino|MGM|PointsBet|SugarHouse|Titanbets|Unibet|accuscore|consensus|teamrankings,7.0,0.32732683535398854,218.5,220.0,-270.0,7.0
401468223,15,BetfairSportsbook|Caesars Sportsbook|Caesars Sportsbook (Colorado)|Caesars Sportsbook (New Jersey)|DraftKings|ESPN BET|Holland Casino|MGM|PointsBet|SugarHouse|Titanbets|Unibet|accuscore|consensus|teamrankings,-5.5,0.5232681184722836,227.5,-227.0,188.0,-5.5
401468224,15,BetfairSportsbook|Caesars Sportsbook|Caesars Sportsbook (Colorado)|Caesars Sportsbook (New Jersey)|DraftKings|ESPN BET|Holland Casino|MGM|PointsBet|SugarHouse|Titanbets|Unibet|accuscore|consensus|teamrankings,2.5,0.5563486402641868,236.5,120.0,-141.0,2.5
401468225,15,BetfairSportsbook|Caesars Sportsbook|Caesars Sportsbook (Colorado)|Caesars Sportsbook (New Jersey)|DraftKings|ESPN BET|Holland Casino|MGM|PointsBet|SugarHouse|Titanbets|Unibet|accuscore|consensus|teamrankings,6.0,0.5300494136893096,229.5,195.0,-235.0,6.0
401468226,15,BetfairSportsbook|Caesars Sportsbook|Caesars Sportsbook (Colorado)|Caesars Sportsbook (New Jersey)|DraftKings|ESPN BET|Holland Casino|MGM|PointsBet|SugarHouse|Titanbets|Unibet|accuscore|consensus|teamrankings,1.5,0.5627314338711377,220.5,105.0,-125.0,1.5
401468227,15,BetfairSportsbook|Caesars Sportsbook|Caesars Sportsbook (Colorado)|Caesars Sportsbook (New Jersey)|DraftKings|ESPN BET|Holland Casino|MGM|PointsBet|SugarHouse|Titanbets|Unibet|accuscore|consensus|teamrankings,-7.0,0.541162769282166,218.5,-275.0,220.0,-7.0
401468228,14,BetfairSportsbook|Caesars Sportsbook|Caesars Sportsbook (Colorado)|Caesars Sportsbook (New Jersey)|DraftKings|ESPN BET|Holland Casino|MGM|PointsBet|Titanbets|Unibet|accuscore|consensus|teamrankings,-3.5,1.5763534216317447,214.5,-160.0,140.0,-2.5
401468229,15,BetfairSportsbook|Caesars Sportsbook|Caesars Sportsbook (Colorado)|Caesars Sportsbook (New Jersey)|DraftKings|ESPN BET|Holland Casino|MGM|PointsBet|SugarHouse|Titanbets|Unibet|accuscore|consensus|teamrankings,-5.0,0.9795528620364548,228.5,-204.0,169.0,-5.0
401468230,15,BetfairSportsbook|Caesars Sportsbook|Caesars Sportsbook (Colorado)|Caesars Sportsbook (New Jersey)|DraftKings|ESPN BET|Holland Casino|MGM|PointsBet|SugarHouse|Titanbets|Unibet|accuscore|consensus|teamrankings,-6.0,0.4498677054212186,223.5,-238.0,195.0,-6.0
401468231,15,BetfairSportsbook|Caesars Sportsbook|Caesars Sportsbook (Colorado)|Caesars Sportsbook (New Jersey)|DraftKings|ESPN BET|Holland Casino|MGM|PointsBet|SugarHouse|Titanbets|Unibet|accuscore|consensus|teamrankings,-8.0,1.3255726525328053,231.5,-315.0,255.0,-8.0
401468232,14,BetfairSportsbook|Caesars Sportsbook|Caesars Sportsbook (Colorado)|Caesars Sportsbook (New Jersey)|DraftKings|ESPN BET|Holland Casino|MGM|PointsBet|Titanbets|Unibet|accuscore|consensus|teamrankings,4.0,0.8427127833163771,230.5,149.0,-176.0,4.0
401468233,14,BetfairSportsbook|Caesars Sportsbook|Caesars Sportsbook (Colorado)|Caesars Sportsbook (New Jersey)|DraftKings|ESPN BET|Holland Casino|MGM|PointsBet|Titanbets|Unibet|accuscore|consensus|teamrankings,-7.5,0.3056249227510633,232.0,-329.0,255.0,-7.5
401468234,15,BetfairSportsbook|Caesars Sportsbook|Caesars Sportsbook (Colorado)|Caesars Sportsbook (New Jersey)|DraftKings|ESPN BET|Holland Casino|MGM|PointsBet|SugarHouse|Titanbets|Unibet|accuscore|consensus|teamrankings,-8.0,1.4864467059144133,225.5,-333.0,265.0,-8.0
401468235,15,BetfairSportsbook|Caesars Sportsbook|Caesars Sportsbook (Colorado)|Caesars Sportsbook (New Jersey)|DraftKings|ESPN BET|Holland Casino|MGM|PointsBet|SugarHouse|Titanbets|Unibet|accuscore|consensus|teamrankings,-4.0,0.6491753010001007,222.5,-180.0,155.0,-4.0
401468236,15,BetfairSportsbook|Caesars Sportsbook|Caesars Sportsbook (Colorado)|Caesars Sportsbook (New Jersey)|DraftKings|ESPN BET|Holland Casino|MGM|PointsBet|SugarHouse|Titanbets|Unibet|accuscore|consensus|teamrankings,4.0,0.3994043183589902,227.5,145.0,-175.0,4.0
401468237,15,BetfairSportsbook|Caesars Sportsbook|Caesars Sportsbook (Colorado)|Caesars Sportsbook (New Jersey)|DraftKings|ESPN BET|Holland Casino|MGM|PointsBet|SugarHouse|Titanbets|Unibet|accuscore|consensus|teamrankings,10.0,0.50709255283711,233.5,370.0,-500.0,10.0
401468238,15,BetfairSportsbook|Caesars Sportsbook|Caesars Sportsbook (Colorado)|Caesars Sportsbook (New Jersey)|DraftKings|ESPN BET|Holland Casino|MGM|PointsBet|SugarHouse|Titanbets|Unibet|accuscore|consensus|teamrankings,-11.0,1.8113399407489421,239.5,-600.0,440.0,-10.5
401468239,15,BetfairSportsbook|Caesars Sportsbook|Caesars Sportsbook (Colorado)|Caesars Sportsbook (New Jersey)|DraftKings|ESPN BET|Holland Casino|MGM|PointsBet|SugarHouse|Titanbets|Unibet|accuscore|consensus|teamrankings,2.5,0.6725927091345493,221.5,120.0,-140.0,2.5
401468240,15,BetfairSportsbook|Caesars Sportsbook|Caesars Sportsbook (Colorado)|Caesars Sportsbook (New Jersey)|DraftKings|ESPN BET|Holland Casino|MGM|PointsBet|SugarHouse|Titanbets|Unibet|accuscore|consensus|teamrankings,-5.5,0.2288688541085317,228.5,-213.0,180.0,-5.5
401468241,15,BetfairSportsbook|Caesars Sportsbook|Caesars Sportsbook (Colorado)|Caesars Sportsbook (New Jersey)|DraftKings|ESPN BET|Holland Casino|MGM|PointsBet|SugarHouse|Titanbets|Unibet|accuscore|consensus|teamrankings,-10.5,0.20701966780270628,218.5,-514.0,400.0,-10.5
401468242,15,BetfairSportsbook|Caesars Sportsbook|Caesars Sportsbook (Colorado)|Caesars Sportsbook (New Jersey)|DraftKings|ESPN BET|Holland Casino|MGM|PointsBet|SugarHouse|Titanbets|Unibet|accuscore|consensus|teamrankings,3.5,0.31666184688832544,225.5,135.0,-158.0,3.5
401468243,15,BetfairSportsbook|Caesars Sportsbook|Caesars Sportsbook (Colorado)|Caesars Sportsbook (New Jersey)|DraftKings|ESPN BET|Holland Casino|MGM|PointsBet|SugarHouse|Titanbets|Unibet|accuscore|consensus|teamrankings,-2.0,0.2581988897471611,226.0,-130.0,110.0,-2.0
401468244,15,BetfairSportsbook|Caesars Sportsbook|Caesars Sportsbook (Colorado)|Caesars Sportsbook (New Jersey)|DraftKings|ESPN BET|Holland Casino|MGM|PointsBet|SugarHouse|Titanbets|Unibet|accuscore|consensus|teamrankings,-9.5,0.3683941988065037,222.0,-450.0,335.0,-9.5
401468245,15,BetfairSportsbook|Caesars Sportsbook|Caesars Sportsbook (Colorado)|Caesars Sportsbook (New Jersey)|DraftKings|ESPN BET|Holland Casino|MGM|PointsBet|SugarHouse|Titanbets|Unibet|accuscore|consensus|teamrankings,-3.5,0.280305955290694,220.0,-170.0,145.0,-3.5
401468246,15,BetfairSportsbook|Caesars Sportsbook|Caesars Sportsbook (Colorado)|Caesars Sportsbook (New Jersey)|DraftKings|ESPN BET|Holland Casino|MGM|PointsBet|SugarHouse|Titanbets|Unibet|accuscore|consensus|teamrankings,7.5,0.32732683535398854,231.5,235.0,-300.0,7.5
401468247,15,BetfairSportsbook|Caesars Sportsbook|Caesars Sportsbook (Colorado)|Caesars Sportsbook (New Jersey)|DraftKings|ESPN BET|Holland Casino|MGM|PointsBet|SugarHouse|Titanbets|Unibet|accuscore|consensus|teamrankings,6.0,0.3872983346207417,237.5,190.0,-230.0,6.0
401468248,15,BetfairSportsbook|Caesars Sportsbook|Caesars Sportsbook (Colorado)|Caesars Sportsbook (New Jersey)|DraftKings|ESPN BET|Holland Casino|MGM|PointsBet|SugarHouse|Titanbets|Unibet|accuscore|consensus|teamrankings,-9.0,0.2581988897471611,211.5,-420.0,320.0,-9.0
401468249,14,BetfairSportsbook|Caesars Sportsbook|Caesars Sportsbook (Colorado)|Caesars Sportsbook (New Jersey)|DraftKings|ESPN BET|Holland Casino|MGM|PointsBet|Titanbets|Unibet|accuscore|consensus|teamrankings,-12.5,0.6201736729460423,227.5,-900.0,600.0,-12.5
401468250,15,BetfairSportsbook|Caesars Sportsbook|Caesars Sportsbook (Colorado)|Caesars Sportsbook (New Jersey)|DraftKings|ESPN BET|Holland Casino|MGM|PointsBet|SugarHouse|Titanbets|Unibet|accuscore|consensus|teamrankings,2.5,0.4577377082170635,228.5,122.0,-145.0,2.5
401468251,15,BetfairSportsbook|Caesars Sportsbook|Caesars Sportsbook (Colorado)|Caesars Sportsbook (New Jersey)|DraftKings|ESPN BET|Holland Casino|MGM|PointsBet|SugarHouse|Titanbets|Unibet|accuscore|consensus|teamrankings,3.5,0.9722335600245938,231.5,138.0,-164.0,3.5
401468252,15,BetfairSportsbook|Caesars Sportsbook|Caesars Sportsbook (Colorado)|Caesars Sportsbook (New Jersey)|DraftKings|ESPN BET|Holland Casino|MGM|PointsBet|SugarHouse|Titanbets|Unibet|accuscore|consensus|teamrankings,2.5,0.8755950357709131,216.5,125.0,-145.0,2.5
401468253,15,BetfairSportsbook|Caesars Sportsbook|Caesars Sportsbook (Colorado)|Caesars Sportsbook (New Jersey)|DraftKings|ESPN BET|Holland Casino|MGM|PointsBet|SugarHouse|Titanbets|Unibet|accuscore|consensus|teamrankings,-7.5,0.3199702367110922,236.5,-320.0,260.0,-7.5
401468254,15,BetfairSportsbook|Caesars Sportsbook|Caesars Sportsbook (Colorado)|Caesars Sportsbook (New Jersey)|DraftKings|ESPN BET|Holland Casino|MGM|PointsBet|SugarHouse|Titanbets|Unibet|accuscore|consensus|teamrankings,-2.0,0.5300494136893097,222.5,-130.0,110.0,-2.0
401468255,15,BetfairSportsbook|Caesars Sportsbook|Caesars Sportsbook (Colorado)|Caesars Sportsbook (New Jersey)|DraftKings|ESPN BET|Holland Casino|MGM|PointsBet|SugarHouse|Titanbets|Unibet|accuscore|consensus|teamrankings,-13.5,0.3683941988065037,224.5,-900.0,589.0,-13.5
401468256,15,BetfairSportsbook|Caesars Sportsbook|Caesars Sportsbook (Colorado)|Caesars Sportsbook (New Jersey)|DraftKings|ESPN BET|Holland Casino|MGM|PointsBet|SugarHouse|Titanbets|Unibet|accuscore|consensus|teamrankings,2.5,0.3683941988065036,231.5,122.0,-147.0,2.5
401468257,15,BetfairSportsbook|Caesars Sportsbook|Caesars Sportsbook (Colorado)|Caesars Sportsbook (New Jersey)|DraftKings|ESPN BET|Holland Casino|MGM|PointsBet|SugarHouse|Titanbets|Unibet|accuscore|consensus|teamrankings,-8.5,0.29680841985233186,225.5,-370.0,292.0,-8.5
401468258,15,BetfairSportsbook|Caesars Sportsbook|Caesars Sportsbook (Colorado)|Caesars Sportsbook (New Jersey)|DraftKings|ESPN BET|Holland Casino|MGM|PointsBet|SugarHouse|Titanbets|Unibet|accuscore|consensus|teamrankings,-2.0,0.2968084198523318,232.5,-128.5,110.0,-2.0
401468259,15,BetfairSportsbook|Caesars Sportsbook|Caesars Sportsbook (Colorado)|Caesars Sportsbook (New Jersey)|DraftKings|ESPN BET|Holland Casino|MGM|PointsBet|SugarHouse|Titanbets|Unibet|accuscore|consensus|teamrankings,-1.0,0.25819888974716115,225.5,-117.0,-102.0,-1.0
401468260,15,BetfairSportsbook|Caesars Sportsbook|Caesars Sportsbook (Colorado)|Caesars Sportsbook (New Jersey)|DraftKings|ESPN BET|Holland Casino|MGM|PointsBet|SugarHouse|Titanbets|Unibet|accuscore|consensus|teamrankings,-3.0,0.24397501823713325,216.5,-155.0,130.0,-3.0
401468261,15,BetfairSportsbook|Caesars Sportsbook|Caesars Sportsbook (Colorado)|Caesars Sportsbook (New Jersey)|DraftKings|ESPN BET|Holland Casino|MGM|PointsBet|SugarHouse|Titanbets|Unibet|accuscore|consensus|teamrankings,-4.0,0.35186577527449836,228.0,-170.0,145.0,-4.0
401468262,14,BetfairSportsbook|Caesars Sportsbook|Caesars Sportsbook (Colorado)|Caesars Sportsbook (New Jersey)|DraftKings|ESPN BET|Holland Casino|MGM|SugarHouse|Titanbets|Unibet|accuscore|consensus|teamrankings,1.5,0.13363062095621223,220.0,105.0,-124.5,1.5
401468263,15,BetfairSportsbook|Caesars Sportsbook|Caesars Sportsbook (Colorado)|Caesars Sportsbook (New Jersey)|DraftKings|ESPN BET|Holland Casino|MGM|PointsBet|SugarHouse|Titanbets|Unibet|accuscore|consensus|teamrankings,-5.5,0.560611910581388,217.0,-225.0,185.0,-5.5
401468264,15,BetfairSportsbook|Caesars Sportsbook|Caesars Sportsbook (Colorado)|Caesars Sportsbook (New Jersey)|DraftKings|ESPN BET|Holland Casino|MGM|PointsBet|SugarHouse|Titanbets|Unibet|accuscore|consensus|teamrankings,-4.5,0.9036961141150641,220.5,-190.0,165.0,-4.5
401468265,15,BetfairSportsbook|Caesars Sportsbook|Caesars Sportsbook (Colorado)|Caesars Sportsbook (New Jersey)|DraftKings|ESPN BET|Holland Casino|MGM|PointsBet|SugarHouse|Titanbets|Unibet|accuscore|consensus|teamrankings,-2.5,0.12909944487358055,233.0,-135.0,115.0,-2.5
401468266,14,BetfairSportsbook|Caesars Sportsbook|Caesars Sportsbook (Colorado)|Caesars Sportsbook (New Jersey)|DraftKings|ESPN BET|Holland Casino|MGM|SugarHouse|Titanbets|Unibet|accuscore|consensus|teamrankings,-6.0,0.6112498455021267,224.5,-235.0,193.0,-5.5
401468267,15,BetfairSportsbook|Caesars Sportsbook|Caesars Sportsbook (Colorado)|Caesars Sportsbook (New Jersey)|DraftKings|ESPN BET|Holland Casino|MGM|PointsBet|SugarHouse|Titanbets|Unibet|accuscore|consensus|teamrankings,6.0,0.3086066999241839,223.0,185.0,-225.0,6.0
401468268,15,BetfairSportsbook|Caesars Sportsbook|Caesars Sportsbook (Colorado)|Caesars Sportsbook (New Jersey)|DraftKings|ESPN BET|Holland Casino|MGM|PointsBet|SugarHouse|Titanbets|Unibet|accuscore|consensus|teamrankings,-11.5,0.1759328876372492,223.0,-650.0,460.0,-11.5
401468269,15,BetfairSportsbook|Caesars Sportsbook|Caesars Sportsbook (Colorado)|Caesars Sportsbook (New Jersey)|DraftKings|ESPN BET|Holland Casino|MGM|PointsBet|SugarHouse|Titanbets|Unibet|accuscore|consensus|teamrankings,6.5,0.4140393356054125,223.5,220.0,-263.0,6.5
401468270,15,BetfairSportsbook|Caesars Sportsbook|Caesars Sportsbook (Colorado)|Caesars Sportsbook (New Jersey)|DraftKings|ESPN BET|Holland Casino|MGM|PointsBet|SugarHouse|Titanbets|Unibet|accuscore|consensus|teamrankings,-6.5,0.2803059552906941,222.0,-250.0,210.0,-6.5
401468271,15,BetfairSportsbook|Caesars Sportsbook|Caesars Sportsbook (Colorado)|Caesars Sportsbook (New Jersey)|DraftKings|ESPN BET|Holland Casino|MGM|PointsBet|SugarHouse|Titanbets|Unibet|accuscore|consensus|teamrankings,5.0,0.49521520093601246,227.5,175.0,-202.0,5.0
401468272,15,BetfairSportsbook|Caesars Sportsbook|Caesars Sportsbook (Colorado)|Caesars Sportsbook (New Jersey)|DraftKings|ESPN BET|Holland Casino|MGM|PointsBet|SugarHouse|Titanbets|Unibet|accuscore|consensus|teamrankings,2.5,0.2581988897471611,230.0,118.0,-140.0,2.5
401468273,15,BetfairSportsbook|Caesars Sportsbook|Caesars Sportsbook (Colorado)|Caesars Sportsbook (New Jersey)|DraftKings|ESPN BET|Holland Casino|MGM|PointsBet|SugarHouse|Titanbets|Unibet|accuscore|consensus|teamrankings,9.5,0.6210590034081188,226.0,333.0,-435.0,9.5
401468274,15,BetfairSportsbook|Caesars Sportsbook|Caesars Sportsbook (Colorado)|Caesars Sportsbook (New Jersey)|DraftKings|ESPN BET|Holland Casino|MGM|PointsBet|SugarHouse|Titanbets|Unibet|accuscore|consensus|teamrankings,6.5,0.2803059552906941,228.5,210.0,-250.0,6.5
401468275,15,BetfairSportsbook|Caesars Sportsbook|Caesars Sportsbook (Colorado)|Caesars Sportsbook (New Jersey)|DraftKings|ESPN BET|Holland Casino|MGM|PointsBet|SugarHouse|Titanbets|Unibet|accuscore|consensus|teamrankings,4.0,0.816496580927726,215.5,145.0,-170.0,3.5
401468276,15,BetfairSportsbook|Caesars Sportsbook|Caesars Sportsbook (Colorado)|Caesars Sportsbook (New Jersey)|DraftKings|ESPN BET|Holland Casino|MGM|PointsBet|SugarHouse|Titanbets|Unibet|accuscore|consensus|teamrankings,3.0,0.45512949491639976,225.5,130.0,-155.0,3.0
401468277,15,BetfairSportsbook|Caesars Sportsbook|Caesars Sportsbook (Colorado)|Caesars Sportsbook (New Jersey)|DraftKings|ESPN BET|Holland Casino|MGM|PointsBet|SugarHouse|Titanbets|Unibet|accuscore|consensus|teamrankings,-1.5,1.1094829340518857,221.0,-130.0,112.0,-1.5
401468278,15,BetfairSportsbook|Caesars Sportsbook|Caesars Sportsbook (Colorado)|Caesars Sportsbook (New Jersey)|DraftKings|ESPN BET|Holland Casino|MGM|PointsBet|SugarHouse|Titanbets|Unibet|accuscore|consensus|teamrankings,-3.0,0.20701966780270625,222.5,-150.0,125.0,-3.0
401468279,15,BetfairSportsbook|Caesars Sportsbook|Caesars Sportsbook (Colorado)|Caesars Sportsbook (New Jersey)|DraftKings|ESPN BET|Holland Casino|MGM|PointsBet|SugarHouse|Titanbets|Unibet|accuscore|consensus|teamrankings,-7.0,0.25354627641855493,223.5,-280.0,230.0,-7.0
401468280,15,BetfairSportsbook|Caesars Sportsbook|Caesars Sportsbook (Colorado)|Caesars Sportsbook (New Jersey)|DraftKings|ESPN BET|Holland Casino|MGM|PointsBet|SugarHouse|Titanbets|Unibet|accuscore|consensus|teamrankings,-11.5,0.25819888974716115,226.5,-650.0,460.0,-11.5
401468281,15,BetfairSportsbook|Caesars Sportsbook|Caesars Sportsbook (Colorado)|Caesars Sportsbook (New Jersey)|DraftKings|ESPN BET|Holland Casino|MGM|PointsBet|SugarHouse|Titanbets|Unibet|accuscore|consensus|teamrankings,3.5,0.2581988897471611,225.5,138.0,-165.0,3.5
401468282,15,BetfairSportsbook|Caesars Sportsbook|Caesars Sportsbook (Colorado)|Caesars Sportsbook (New Jersey)|DraftKings|ESPN BET|Holland Casino|MGM|PointsBet|SugarHouse|Titanbets|Unibet|accuscore|consensus|teamrankings,-4.0,0.25819888974716115,216.5,-178.0,150.0,-4.5
401468283,15,BetfairSportsbook|Caesars Sportsbook|Caesars Sportsbook (Colorado)|Caesars Sportsbook (New Jersey)|DraftKings|ESPN BET|Holland Casino|MGM|PointsBet|SugarHouse|Titanbets|Unibet|accuscore|consensus|teamrankings,-10.5,2.2350029295815466,226.5,-550.0,400.0,-10.5
401468284,15,BetfairSportsbook|Caesars Sportsbook|Caesars Sportsbook (Colorado)|Caesars Sportsbook (New Jersey)|DraftKings|ESPN BET|Holland Casino|MGM|PointsBet|SugarHouse|Titanbets|Unibet|accuscore|consensus|teamrankings,2.0,0.6491753010001007,225.5,110.0,-130.0,2.0
401468285,15,BetfairSportsbook|Caesars Sportsbook|Caesars Sportsbook (Colorado)|Caesars Sportsbook (New Jersey)|DraftKings|ESPN BET|Holland Casino|MGM|PointsBet|SugarHouse|Titanbets|Unibet|accuscore|consensus|teamrankings,-12.0,0.942388050696335,217.5,-704.0,500.0,-12.0
401468286,15,BetfairSportsbook|Caesars Sportsbook|Caesars Sportsbook (Colorado)|Caesars Sportsbook (New Jersey)|DraftKings|ESPN BET|Holland Casino|MGM|PointsBet|SugarHouse|Titanbets|Unibet|accuscore|consensus|teamrankings,-3.5,0.7511895328648518,228.5,-169.0,145.0,-3.5
401468287,15,BetfairSportsbook|Caesars Sportsbook|Caesars Sportsbook (Colorado)|Caesars Sportsbook (New Jersey)|DraftKings|ESPN BET|Holland Casino|MGM|PointsBet|SugarHouse|Titanbets|Unibet|accuscore|consensus|teamrankings,4.5,1.3156566348984757,228.5,156.0,-188.0,4.5
401468288,15,BetfairSportsbook|Caesars Sportsbook|Caesars Sportsbook (Colorado)|Caesars Sportsbook (New Jersey)|DraftKings|ESPN BET|Holland Casino|MGM|PointsBet|SugarHouse|Titanbets|Unibet|accuscore|consensus|teamrankings,3.5,0.4577377082170635,223.5,140.0,-165.0,3.5
401468289,15,BetfairSportsbook|Caesars Sportsbook|Caesars Sportsbook (Colorado)|Caesars Sportsbook (New Jersey)|DraftKings|ESPN BET|Holland Casino|MGM|PointsBet|SugarHouse|Titanbets|Unibet|accuscore|consensus|teamrankings,-2.0,0.4418575508442684,234.5,-130.0,110.0,-2.5
401468290,15,BetfairSportsbook|Caesars Sportsbook|Caesars Sportsbook (Colorado)|Caesars Sportsbook (New Jersey)|DraftKings|ESPN BET|Holland Casino|MGM|PointsBet|SugarHouse|Titanbets|Unibet|accuscore|consensus|teamrankings,4.0,0.2581988897471611,227.0,150.0,-175.0,4.0
401468291,15,BetfairSportsbook|Caesars Sportsbook|Caesars Sportsbook (Colorado)|Caesars Sportsbook (New Jersey)|DraftKings|ESPN BET|Holland Casino|MGM|PointsBet|SugarHouse|Titanbets|Unibet|accuscore|consensus|teamrankings,-5.5,1.0768118728560758,219.0,-220.0,180.0,-5.5
401468292,15,BetfairSportsbook|Caesars Sportsbook|Caesars Sportsbook (Colorado)|Caesars Sportsbook (New Jersey)|DraftKings|ESPN BET|Holland Casino|MGM|PointsBet|SugarHouse|Titanbets|Unibet|accuscore|consensus|teamrankings,-8.0,0.29680841985233186,234.5,-320.0,255.0,-8.0
401468293,15,BetfairSportsbook|Caesars Sportsbook|Caesars Sportsbook (Colorado)|Caesars Sportsbook (New Jersey)|DraftKings|ESPN BET|Holland Casino|MGM|PointsBet|SugarHouse|Titanbets|Unibet|accuscore|consensus|teamrankings,-11.5,0.2968084198523318,235.5,-600.0,450.0,-11.5
401468294,15,BetfairSportsbook|Caesars Sportsbook|Caesars Sportsbook (Colorado)|Caesars Sportsbook (New Jersey)|DraftKings|ESPN BET|Holland Casino|MGM|PointsBet|SugarHouse|Titanbets|Unibet|accuscore|consensus|teamrankings,-11.5,0.47056197405716016,215.5,-650.0,450.0,-12.0
401468295,15,BetfairSportsbook|Caesars Sportsbook|Caesars Sportsbook (Colorado)|Caesars Sportsbook (New Jersey)|DraftKings|ESPN BET|Holland Casino|MGM|PointsBet|SugarHouse|Titanbets|Unibet|accuscore|consensus|teamrankings,5.5,0.8632717389316619,222.5,180.0,-220.0,5.5
401468296,15,BetfairSportsbook|Caesars Sportsbook|Caesars Sportsbook (Colorado)|Caesars Sportsbook (New Jersey)|DraftKings|ESPN BET|Holland Casino|MGM|PointsBet|SugarHouse|Titanbets|Unibet|accuscore|consensus|teamrankings,-4.0,1.1254628677422753,219.5,-175.0,150.0,-4.0
401468297,15,BetfairSportsbook|Caesars Sportsbook|Caesars Sportsbook (Colorado)|Caesars Sportsbook (New Jersey)|DraftKings|ESPN BET|Holland Casino|MGM|PointsBet|SugarHouse|Titanbets|Unibet|accuscore|consensus|teamrankings,-9.5,0.5163977794943222,224.0,-430.0,330.0,-9.5
401468298,15,BetfairSportsbook|Caesars Sportsbook|Caesars Sportsbook (Colorado)|Caesars Sportsbook (New Jersey)|DraftKings|ESPN BET|Holland Casino|MGM|PointsBet|SugarHouse|Titanbets|Unibet|accuscore|consensus|teamrankings,-3.5,0.7761320457119087,218.5,-170.0,143.0,-3.5
401468299,15,BetfairSportsbook|Caesars Sportsbook|Caesars Sportsbook (Colorado)|Caesars Sportsbook (New Jersey)|DraftKings|ESPN BET|Holland Casino|MGM|PointsBet|SugarHouse|Titanbets|Unibet|accuscore|consensus|teamrankings,-2.0,0.20701966780270625,213.5,-130.0,110.0,-2.0
401468300,14,BetfairSportsbook|Caesars Sportsbook|Caesars Sportsbook (Colorado)|Caesars Sportsbook (New Jersey)|DraftKings|ESPN BET|Holland Casino|MGM|PointsBet|Titanbets|Unibet|accuscore|consensus|teamrankings,-4.75,0.2594372608313854,224.0,-195.0,165.0,-5.0
401468301,15,BetfairSportsbook|Caesars Sportsbook|Caesars Sportsbook (Colorado)|Caesars Sportsbook (New Jersey)|DraftKings|ESPN BET|Holland Casino|MGM|PointsBet|SugarHouse|Titanbets|Unibet|accuscore|consensus|teamrankings,2.0,1.105182596419511,223.5,110.0,-128.0,2.0
401468302,15,BetfairSportsbook|Caesars Sportsbook|Caesars Sportsbook (Colorado)|Caesars Sportsbook (New Jersey)|DraftKings|ESPN BET|Holland Casino|MGM|PointsBet|SugarHouse|Titanbets|Unibet|accuscore|consensus|teamrankings,5.0,0.3518657752744984,233.5,169.0,-200.0,5.0
401468303,15,BetfairSportsbook|Caesars Sportsbook|Caesars Sportsbook (Colorado)|Caesars Sportsbook (New Jersey)|DraftKings|ESPN BET|Holland Casino|MGM|PointsBet|SugarHouse|Titanbets|Unibet|accuscore|consensus|teamrankings,1.0,0.5163977794943222,215.0,104.0,-120.0,1.0
401468304,14,BetfairSportsbook|Caesars Sportsbook|Caesars Sportsbook (Colorado)|Caesars Sportsbook (New Jersey)|DraftKings|ESPN BET|Holland Casino|MGM|PointsBet|Titanbets|Unibet|accuscore|consensus|teamrankings,5.5,1.5517625568904005,220.0,180.0,-212.5,5.5
401468305,15,BetfairSportsbook|Caesars Sportsbook|Caesars Sportsbook (Colorado)|Caesars Sportsbook (New Jersey)|DraftKings|ESPN BET|Holland Casino|MGM|PointsBet|SugarHouse|Titanbets|Unibet|accuscore|consensus|teamrankings,-5.0,0.4309458036856673,216.5,-210.0,175.0,-5.0
401468306,15,BetfairSportsbook|Caesars Sportsbook|Caesars Sportsbook (Colorado)|Caesars Sportsbook (New Jersey)|DraftKings|ESPN BET|Holland Casino|MGM|PointsBet|SugarHouse|Titanbets|Unibet|accuscore|consensus|teamrankings,-2.5,0.4551294949163997,221.0,-135.0,115.0,-2.5
401468307,15,BetfairSportsbook|Caesars Sportsbook|Caesars Sportsbook (Colorado)|Caesars Sportsbook (New Jersey)|DraftKings|ESPN BET|Holland Casino|MGM|PointsBet|SugarHouse|Titanbets|Unibet|accuscore|consensus|teamrankings,3.5,0.12909944487358055,232.0,138.0,-160.0,3.5
401468308,15,BetfairSportsbook|Caesars Sportsbook|Caesars Sportsbook (Colorado)|Caesars Sportsbook (New Jersey)|DraftKings|ESPN BET|Holland Casino|MGM|PointsBet|SugarHouse|Titanbets|Unibet|accuscore|consensus|teamrankings,-2.5,0.5277986629117476,235.0,-141.0,120.0,-2.5
401468309,14,BetfairSportsbook|Caesars Sportsbook|Caesars Sportsbook (Colorado)|Caesars Sportsbook (New Jersey)|DraftKings|ESPN BET|Holland Casino|MGM|SugarHouse|Titanbets|Unibet|accuscore|consensus|teamrankings,7.5,0.2894671117609197,234.5,252.5,-311.5,7.5
401468310,15,BetfairSportsbook|Caesars Sportsbook|Caesars Sportsbook (Colorado)|Caesars Sportsbook (New Jersey)|DraftKings|ESPN BET|Holland Casino|MGM|PointsBet|SugarHouse|Titanbets|Unibet|accuscore|consensus|teamrankings,-6.0,0.2288688541085317,216.0,-227.0,188.0,-6.0
401468311,15,BetfairSportsbook|Caesars Sportsbook|Caesars Sportsbook (Colorado)|Caesars Sportsbook (New Jersey)|DraftKings|ESPN BET|Holland Casino|MGM|PointsBet|SugarHouse|Titanbets|Unibet|accuscore|consensus|teamrankings,-8.0,0.22886885410853172,235.5,-333.0,262.0,-8.0
401468312,15,BetfairSportsbook|Caesars Sportsbook|Caesars Sportsbook (Colorado)|Caesars Sportsbook (New Jersey)|DraftKings|ESPN BET|Holland Casino|MGM|PointsBet|SugarHouse|Titanbets|Unibet|accuscore|consensus|teamrankings,-7.0,1.5055453054181622,224.5,-266.0,220.0,-7.0
401468313,15,BetfairSportsbook|Caesars Sportsbook|Caesars Sportsbook (Colorado)|Caesars Sportsbook (New Jersey)|DraftKings|ESPN BET|Holland Casino|MGM|PointsBet|SugarHouse|Titanbets|Unibet|accuscore|consensus|teamrankings,4.0,1.0856202966836188,212.5,150.0,-175.0,4.0
401468314,15,BetfairSportsbook|Caesars Sportsbook|Caesars Sportsbook (Colorado)|Caesars Sportsbook (New Jersey)|DraftKings|ESPN BET|Holland Casino|MGM|PointsBet|SugarHouse|Titanbets|Unibet|accuscore|consensus|teamrankings,2.0,0.9599107101332767,221.0,110.0,-130.0,2.0
401468315,15,BetfairSportsbook|Caesars Sportsbook|Caesars Sportsbook (Colorado)|Caesars Sportsbook (New Jersey)|DraftKings|ESPN BET|Holland Casino|MGM|PointsBet|SugarHouse|Titanbets|Unibet|accuscore|consensus|teamrankings,5.0,0.24397501823713333,235.5,165.0,-198.0,5.0
401468316,15,BetfairSportsbook|Caesars Sportsbook|Caesars Sportsbook (Colorado)|Caesars Sportsbook (New Jersey)|DraftKings|ESPN BET|Holland Casino|MGM|PointsBet|SugarHouse|Titanbets|Unibet|accuscore|consensus|teamrankings,8.5,0.35186577527449836,213.0,300.0,-360.0,8.5
401468317,15,BetfairSportsbook|Caesars Sportsbook|Caesars Sportsbook (Colorado)|Caesars Sportsbook (New Jersey)|DraftKings|ESPN BET|Holland Casino|MGM|PointsBet|SugarHouse|Titanbets|Unibet|accuscore|consensus|teamrankings,-4.5,0.39940431835899015,231.5,-188.0,158.0,-4.5
401468318,15,BetfairSportsbook|Caesars Sportsbook|Caesars Sportsbook (Colorado)|Caesars Sportsbook (New Jersey)|DraftKings|ESPN BET|Holland Casino|MGM|PointsBet|SugarHouse|Titanbets|Unibet|accuscore|consensus|teamrankings,-13.5,0.8837151016885368,226.0,-900.0,600.0,-13.5
401468319,15,BetfairSportsbook|Caesars Sportsbook|Caesars Sportsbook (Colorado)|Caesars Sportsbook (New Jersey)|DraftKings|ESPN BET|Holland Casino|MGM|PointsBet|SugarHouse|Titanbets|Unibet|accuscore|consensus|teamrankings,-3.0,0.3380617018914066,221.0,-155.0,130.0,-3.5
401468320,15,BetfairSportsbook|Caesars Sportsbook|Caesars Sportsbook (Colorado)|Caesars Sportsbook (New Jersey)|DraftKings|ESPN BET|Holland Casino|MGM|PointsBet|SugarHouse|Titanbets|Unibet|accuscore|consensus|teamrankings,-10.0,0.4577377082170634,224.0,-480.0,361.0,-10.0
401468321,15,BetfairSportsbook|Caesars Sportsbook|Caesars Sportsbook (Colorado)|Caesars Sportsbook (New Jersey)|DraftKings|ESPN BET|Holland Casino|MGM|PointsBet|SugarHouse|Titanbets|Unibet|accuscore|consensus|teamrankings,2.0,0.25354627641855504,232.5,106.0,-125.0,2.0
401468322,15,BetfairSportsbook|Caesars Sportsbook|Caesars Sportsbook (Colorado)|Caesars Sportsbook (New Jersey)|DraftKings|ESPN BET|Holland Casino|MGM|PointsBet|SugarHouse|Titanbets|Unibet|accuscore|consensus|teamrankings,-2.0,1.5908967222772132,224.0,-130.0,110.0,-2.0
401468323,15,BetfairSportsbook|Caesars Sportsbook|Caesars Sportsbook (Colorado)|Caesars Sportsbook (New Jersey)|DraftKings|ESPN BET|Holland Casino|MGM|PointsBet|SugarHouse|Titanbets|Unibet|accuscore|consensus|teamrankings,1.0,1.7471064513592043,213.0,-103.0,-115.0,1.0
401468324,15,BetfairSportsbook|Caesars Sportsbook|Caesars Sportsbook (Colorado)|Caesars Sportsbook (New Jersey)|DraftKings|ESPN BET|Holland Casino|MGM|PointsBet|SugarHouse|Titanbets|Unibet|accuscore|consensus|teamrankings,5.5,0.408248290463863,234.5,185.0,-225.0,5.5
401468325,15,BetfairSportsbook|Caesars Sportsbook|Caesars Sportsbook (Colorado)|Caesars Sportsbook (New Jersey)|DraftKings|ESPN BET|Holland Casino|MGM|PointsBet|SugarHouse|Titanbets|Unibet|accuscore|consensus|teamrankings,-3.0,0.47056197405716016,219.0,-154.0,130.0,-3.0
401468326,15,BetfairSportsbook|Caesars Sportsbook|Caesars Sportsbook (Colorado)|Caesars Sportsbook (New Jersey)|DraftKings|ESPN BET|Holland Casino|MGM|PointsBet|SugarHouse|Titanbets|Unibet|accuscore|consensus|teamrankings,4.0,0.31997023671109226,228.0,150.0,-180.0,4.0
401468327,15,BetfairSportsbook|Caesars Sportsbook|Caesars Sportsbook (Colorado)|Caesars Sportsbook (New Jersey)|DraftKings|ESPN BET|Holland Casino|MGM|PointsBet|SugarHouse|Titanbets|Unibet|accuscore|consensus|teamrankings,5.5,0.870139561876632,209.0,188.0,-227.0,6.0
401468328,15,BetfairSportsbook|Caesars Sportsbook|Caesars Sportsbook (Colorado)|Caesars Sportsbook (New Jersey)|DraftKings|ESPN BET|Holland Casino|MGM|PointsBet|SugarHouse|Titanbets|Unibet|accuscore|consensus|teamrankings,-1.0,0.25819888974716115,222.0,-120.0,100.0,-1.0
401468329,15,BetfairSportsbook|Caesars Sportsbook|Caesars Sportsbook (Colorado)|Caesars Sportsbook (New Jersey)|DraftKings|ESPN BET|Holland Casino|MGM|PointsBet|SugarHouse|Titanbets|Unibet|accuscore|consensus|teamrankings,-11.0,0.5232681184722836,212.5,-560.0,420.0,-11.0
401468330,15,BetfairSportsbook|Caesars Sportsbook|Caesars Sportsbook (Colorado)|Caesars Sportsbook (New Jersey)|DraftKings|ESPN BET|Holland Casino|MGM|PointsBet|SugarHouse|Titanbets|Unibet|accuscore|consensus|teamrankings,-9.0,0.8208590157935307,222.0,-400.0,320.0,-9.0
401468331,15,BetfairSportsbook|Caesars Sportsbook|Caesars Sportsbook (Colorado)|Caesars Sportsbook (New Jersey)|DraftKings|ESPN BET|Holland Casino|MGM|PointsBet|SugarHouse|Titanbets|Unibet|accuscore|consensus|teamrankings,-4.0,0.4140393356054125,230.5,-178.0,150.0,-4.0
401468332,15,BetfairSportsbook|Caesars Sportsbook|Caesars Sportsbook (Colorado)|Caesars Sportsbook (New Jersey)|DraftKings|ESPN BET|Holland Casino|MGM|PointsBet|SugarHouse|Titanbets|Unibet|accuscore|consensus|teamrankings,7.5,1.2909944487358056,215.0,240.0,-294.0,7.5
401468333,15,BetfairSportsbook|Caesars Sportsbook|Caesars Sportsbook (Colorado)|Caesars Sportsbook (New Jersey)|DraftKings|ESPN BET|Holland Casino|MGM|PointsBet|SugarHouse|Titanbets|Unibet|accuscore|consensus|teamrankings,-9.0,0.39940431835899004,224.5,-400.0,320.0,-9.5
401468334,15,BetfairSportsbook|Caesars Sportsbook|Caesars Sportsbook (Colorado)|Caesars Sportsbook (New Jersey)|DraftKings|ESPN BET|Holland Casino|MGM|PointsBet|SugarHouse|Titanbets|Unibet|accuscore|consensus|teamrankings,5.0,0.3380617018914067,219.5,175.0,-208.0,5.0
401468335,15,BetfairSportsbook|Caesars Sportsbook|Caesars Sportsbook (Colorado)|Caesars Sportsbook (New Jersey)|DraftKings|ESPN BET|Holland Casino|MGM|PointsBet|SugarHouse|Titanbets|Unibet|accuscore|consensus|teamrankings,-1.5,0.32732683535398854,219.5,-125.0,105.0,-1.5
401468336,15,BetfairSportsbook|Caesars Sportsbook|Caesars Sportsbook (Colorado)|Caesars Sportsbook (New Jersey)|DraftKings|ESPN BET|Holland Casino|MGM|PointsBet|SugarHouse|Titanbets|Unibet|accuscore|consensus|teamrankings,-4.0,0.4140393356054125,233.5,-175.0,145.0,-4.0
401468337,15,BetfairSportsbook|Caesars Sportsbook|Caesars Sportsbook (Colorado)|Caesars Sportsbook (New Jersey)|DraftKings|ESPN BET|Holland Casino|MGM|PointsBet|SugarHouse|Titanbets|Unibet|accuscore|consensus|teamrankings,-3.0,0.2968084198523318,232.0,-155.0,130.0,-3.0
401468338,15,BetfairSportsbook|Caesars Sportsbook|Caesars Sportsbook (Colorado)|Caesars Sportsbook (New Jersey)|DraftKings|ESPN BET|Holland Casino|MGM|PointsBet|SugarHouse|Titanbets|Unibet|accuscore|consensus|teamrankings,4.0,0.39940431835899015,233.0,145.0,-168.0,3.5
401468339,15,BetfairSportsbook|Caesars Sportsbook|Caesars Sportsbook (Colorado)|Caesars Sportsbook (New Jersey)|DraftKings|ESPN BET|Holland Casino|MGM|PointsBet|SugarHouse|Titanbets|Unibet|accuscore|consensus|teamrankings,-1.5,0.5232681184722836,212.5,-120.0,101.0,-1.5
401468340,15,BetfairSportsbook|Caesars Sportsbook|Caesars Sportsbook (Colorado)|Caesars Sportsbook (New Jersey)|DraftKings|ESPN BET|Holland Casino|MGM|PointsBet|SugarHouse|Titanbets|Unibet|accuscore|consensus|teamrankings,4.5,0.408248290463863,221.5,147.0,-175.0,4.5
401468341,15,BetfairSportsbook|Caesars Sportsbook|Caesars Sportsbook (Colorado)|Caesars Sportsbook (New Jersey)|DraftKings|ESPN BET|Holland Casino|MGM|PointsBet|SugarHouse|Titanbets|Unibet|accuscore|consensus|teamrankings,8.5,0.4629100498862757,225.5,281.0,-365.0,8.5
401468342,15,BetfairSportsbook|Caesars Sportsbook|Caesars Sportsbook (Colorado)|Caesars Sportsbook (New Jersey)|DraftKings|ESPN BET|Holland Casino|MGM|PointsBet|SugarHouse|Titanbets|Unibet|accuscore|consensus|teamrankings,-2.5,1.869555587629877,229.5,-140.0,120.0,-2.5
401468343,15,BetfairSportsbook|Caesars Sportsbook|Caesars Sportsbook (Colorado)|Caesars Sportsbook (New Jersey)|DraftKings|ESPN BET|Holland Casino|MGM|PointsBet|SugarHouse|Titanbets|Unibet|accuscore|consensus|teamrankings,-3.0,0.2581988897471611,222.5,-148.0,125.0,-3.0
401468344,14,BetfairSportsbook|Caesars Sportsbook|Caesars Sportsbook (Colorado)|Caesars Sportsbook (New Jersey)|DraftKings|ESPN BET|Holland Casino|MGM|PointsBet|Titanbets|Unibet|accuscore|consensus|teamrankings,-8.0,0.6681531047810609,214.5,-345.0,272.5,-8.0
401468345,15,BetfairSportsbook|Caesars Sportsbook|Caesars Sportsbook (Colorado)|Caesars Sportsbook (New Jersey)|DraftKings|ESPN BET|Holland Casino|MGM|PointsBet|SugarHouse|Titanbets|Unibet|accuscore|consensus|teamrankings,-6.5,0.7761320457119087,218.5,-250.0,200.0,-6.5
401468346,15,BetfairSportsbook|Caesars Sportsbook|Caesars Sportsbook (Colorado)|Caesars Sportsbook (New Jersey)|DraftKings|ESPN BET|Holland Casino|MGM|PointsBet|SugarHouse|Titanbets|Unibet|accuscore|consensus|teamrankings,-10.5,0.20701966780270623,233.0,-550.0,400.0,-10.5
401468347,15,BetfairSportsbook|Caesars Sportsbook|Caesars Sportsbook (Colorado)|Caesars Sportsbook (New Jersey)|DraftKings|ESPN BET|Holland Casino|MGM|PointsBet|SugarHouse|Titanbets|Unibet|accuscore|consensus|teamrankings,-5.0,0.3086066999241838,226.5,-205.0,175.0,-5.0
401468348,15,BetfairSportsbook|Caesars Sportsbook|Caesars Sportsbook (Colorado)|Caesars Sportsbook (New Jersey)|DraftKings|ESPN BET|Holland Casino|MGM|PointsBet|SugarHouse|Titanbets|Unibet|accuscore|consensus|teamrankings,-1.0,1.594633858557237,221.0,-115.0,-105.0,-1.0
401468349,15,BetfairSportsbook|Caesars Sportsbook|Caesars Sportsbook (Colorado)|Caesars Sportsbook (New Jersey)|DraftKings|ESPN BET|Holland Casino|MGM|PointsBet|SugarHouse|Titanbets|Unibet|accuscore|consensus|teamrankings,-1.5,1.003565073696199,218.0,-125.0,105.0,-1.5
401468350,15,BetfairSportsbook|Caesars Sportsbook|Caesars Sportsbook (Colorado)|Caesars Sportsbook (New Jersey)|DraftKings|ESPN BET|Holland Casino|MGM|PointsBet|SugarHouse|Titanbets|Unibet|accuscore|consensus|teamrankings,-3.5,0.0,218.5,-165.0,138.0,-3.5
401468351,15,BetfairSportsbook|Caesars Sportsbook|Caesars Sportsbook (Colorado)|Caesars Sportsbook (New Jersey)|DraftKings|ESPN BET|Holland Casino|MGM|PointsBet|SugarHouse|Titanbets|Unibet|accuscore|consensus|teamrankings,1.5,0.1889822365046136,231.5,105.0,-124.0,1.5
401468352,15,BetfairSportsbook|Caesars Sportsbook|Caesars Sportsbook (Colorado)|Caesars Sportsbook (New Jersey)|DraftKings|ESPN BET|Holland Casino|MGM|PointsBet|SugarHouse|Titanbets|Unibet|accuscore|consensus|teamrankings,4.0,0.3199702367110922,237.0,150.0,-180.0,4.0
401468353,15,BetfairSportsbook|Caesars Sportsbook|Caesars Sportsbook (Colorado)|Caesars Sportsbook (New Jersey)|DraftKings|ESPN BET|Holland Casino|MGM|PointsBet|SugarHouse|Titanbets|Unibet|accuscore|consensus|teamrankings,5.0,1.0327955589886446,217.5,170.0,-200.0,5.0
401468354,15,BetfairSportsbook|Caesars Sportsbook|Caesars Sportsbook (Colorado)|Caesars Sportsbook (New Jersey)|DraftKings|ESPN BET|Holland Casino|MGM|PointsBet|SugarHouse|Titanbets|Unibet|accuscore|consensus|teamrankings,4.5,0.408248290463863,218.5,155.0,-185.0,4.5
401468355,15,BetfairSportsbook|Caesars Sportsbook|Caesars Sportsbook (Colorado)|Caesars Sportsbook (New Jersey)|DraftKings|ESPN BET|Holland Casino|MGM|PointsBet|SugarHouse|Titanbets|Unibet|accuscore|consensus|teamrankings,1.5,1.096531327587567,225.0,105.0,-125.0,1.5
401468356,15,BetfairSportsbook|Caesars Sportsbook|Caesars Sportsbook (Colorado)|Caesars Sportsbook (New Jersey)|DraftKings|ESPN BET|Holland Casino|MGM|PointsBet|SugarHouse|Titanbets|Unibet|accuscore|consensus|teamrankings,-12.0,0.44986770542121873,228.5,-700.0,480.0,-12.0
401468357,15,BetfairSportsbook|Caesars Sportsbook|Caesars Sportsbook (Colorado)|Caesars Sportsbook (New Jersey)|DraftKings|ESPN BET|Holland Casino|MGM|PointsBet|SugarHouse|Titanbets|Unibet|accuscore|consensus|teamrankings,-2.5,0.2581988897471611,216.0,-140.0,120.0,-2.5
401468358,15,BetfairSportsbook|Caesars Sportsbook|Caesars Sportsbook (Colorado)|Caesars Sportsbook (New Jersey)|DraftKings|ESPN BET|Holland Casino|MGM|PointsBet|SugarHouse|Titanbets|Unibet|accuscore|consensus|teamrankings,5.0,0.22886885410853172,219.5,170.0,-204.0,5.0
401468359,15,BetfairSportsbook|Caesars Sportsbook|Caesars Sportsbook (Colorado)|Caesars Sportsbook (New Jersey)|DraftKings|ESPN BET|Holland Casino|MGM|PointsBet|SugarHouse|Titanbets|Unibet|accuscore|consensus|teamrankings,-4.0,0.2288688541085317,225.5,-170.0,145.0,-4.0
401468360,15,BetfairSportsbook|Caesars Sportsbook|Caesars Sportsbook (Colorado)|Caesars Sportsbook (New Jersey)|DraftKings|ESPN BET|Holland Casino|MGM|PointsBet|SugarHouse|Titanbets|Unibet|accuscore|consensus|teamrankings,-8.5,0.253546276418555,234.0,-383.0,310.0,-8.5
401468361,14,BetfairSportsbook|Caesars Sportsbook|Caesars Sportsbook (Colorado)|Caesars Sportsbook (New Jersey)|DraftKings|ESPN BET|Holland Casino|MGM|SugarHouse|Titanbets|Unibet|accuscore|consensus|teamrankings,-1.5,0.2373155732746617,223.5,-120.0,100.0,-1.5
401468362,15,BetfairSportsbook|Caesars Sportsbook|Caesars Sportsbook (Colorado)|Caesars Sportsbook (New Jersey)|DraftKings|ESPN BET|Holland Casino|MGM|PointsBet|SugarHouse|Titanbets|Unibet|accuscore|consensus|teamrankings,-6.5,0.5163977794943222,212.0,-255.0,210.0,-6.5
401468363,15,BetfairSportsbook|Caesars Sportsbook|Caesars Sportsbook (Colorado)|Caesars Sportsbook (New Jersey)|DraftKings|ESPN BET|Holland Casino|MGM|PointsBet|SugarHouse|Titanbets|Unibet|accuscore|consensus|teamrankings,-4.0,0.24397501823713333,231.5,-182.0,155.0,-4.0
401468364,15,BetfairSportsbook|Caesars Sportsbook|Caesars Sportsbook (Colorado)|Caesars Sportsbook (New Jersey)|DraftKings|ESPN BET|Holland Casino|MGM|PointsBet|SugarHouse|Titanbets|Unibet|accuscore|consensus|teamrankings,-8.5,0.3683941988065037,226.0,-340.0,270.0,-8.5
401468365,15,BetfairSportsbook|Caesars Sportsbook|Caesars Sportsbook (Colorado)|Caesars Sportsbook (New Jersey)|DraftKings|ESPN BET|Holland Casino|MGM|PointsBet|SugarHouse|Titanbets|Unibet|accuscore|consensus|teamrankings,-1.5,0.25819888974716115,225.5,-125.0,107.5,-1.5
401468366,15,BetfairSportsbook|Caesars Sportsbook|Caesars Sportsbook (Colorado)|Caesars Sportsbook (New Jersey)|DraftKings|ESPN BET|Holland Casino|MGM|PointsBet|SugarHouse|Titanbets|Unibet|accuscore|consensus|teamrankings,1.0,1.2882250616735453,236.5,-108.0,-111.0,1.0
401468367,14,BetfairSportsbook|Caesars Sportsbook|Caesars Sportsbook (Colorado)|Caesars Sportsbook (New Jersey)|DraftKings|ESPN BET|Holland Casino|MGM|PointsBet|Titanbets|Unibet|accuscore|consensus|teamrankings,8.0,0.7809546144880058,224.0,260.0,-329.5,8.0
401468368,15,BetfairSportsbook|Caesars Sportsbook|Caesars Sportsbook (Colorado)|Caesars Sportsbook (New Jersey)|DraftKings|ESPN BET|Holland Casino|MGM|PointsBet|SugarHouse|Titanbets|Unibet|accuscore|consensus|teamrankings,-5.0,0.2288688541085317,230.5,-200.0,167.0,-5.0
401468369,15,BetfairSportsbook|Caesars Sportsbook|Caesars Sportsbook (Colorado)|Caesars Sportsbook (New Jersey)|DraftKings|ESPN BET|Holland Casino|MGM|PointsBet|SugarHouse|Titanbets|Unibet|accuscore|consensus|teamrankings,1.0,0.7378647873726218,234.5,-110.0,-110.0,1.0
401468370,15,BetfairSportsbook|Caesars Sportsbook|Caesars Sportsbook (Colorado)|Caesars Sportsbook (New Jersey)|DraftKings|ESPN BET|Holland Casino|MGM|PointsBet|SugarHouse|Titanbets|Unibet|accuscore|consensus|teamrankings,-3.0,1.632993161855452,216.0,-150.0,125.0,-3.0
401468371,15,BetfairSportsbook|Caesars Sportsbook|Caesars Sportsbook (Colorado)|Caesars Sportsbook (New Jersey)|DraftKings|ESPN BET|Holland Casino|MGM|PointsBet|SugarHouse|Titanbets|Unibet|accuscore|consensus|teamrankings,-2.0,0.5627314338711378,218.5,-133.0,110.0,-2.0
401468372,15,BetfairSportsbook|Caesars Sportsbook|Caesars Sportsbook (Colorado)|Caesars Sportsbook (New Jersey)|DraftKings|ESPN BET|Holland Casino|MGM|PointsBet|SugarHouse|Titanbets|Unibet|accuscore|consensus|teamrankings,-1.5,0.280305955290694,226.5,-125.0,105.0,-1.5
401468373,15,BetfairSportsbook|Caesars Sportsbook|Caesars Sportsbook (Colorado)|Caesars Sportsbook (New Jersey)|DraftKings|ESPN BET|Holland Casino|MGM|PointsBet|SugarHouse|Titanbets|Unibet|accuscore|consensus|teamrankings,-6.5,1.0327955589886446,218.5,-259.0,212.0,-6.5
401468374,15,BetfairSportsbook|Caesars Sportsbook|Caesars Sportsbook (Colorado)|Caesars Sportsbook (New Jersey)|DraftKings|ESPN BET|Holland Casino|MGM|PointsBet|SugarHouse|Titanbets|Unibet|accuscore|consensus|teamrankings,-2.0,0.5627314338711378,226.0,-130.0,110.0,-2.0
401468375,15,BetfairSportsbook|Caesars Sportsbook|Caesars Sportsbook (Colorado)|Caesars Sportsbook (New Jersey)|DraftKings|ESPN BET|Holland Casino|MGM|PointsBet|SugarHouse|Titanbets|Unibet|accuscore|consensus|teamrankings,2.5,1.398979219696582,227.0,118.0,-139.0,2.5
401468376,15,BetfairSportsbook|Caesars Sportsbook|Caesars Sportsbook (Colorado)|Caesars Sportsbook (New Jersey)|DraftKings|ESPN BET|Holland Casino|MGM|PointsBet|SugarHouse|Titanbets|Unibet|accuscore|consensus|teamrankings,-3.0,0.2439750182371333,220.5,-150.0,125.0,-3.0
401468377,15,BetfairSportsbook|Caesars Sportsbook|Caesars Sportsbook (Colorado)|Caesars Sportsbook (New Jersey)|DraftKings|ESPN BET|Holland Casino|MGM|PointsBet|SugarHouse|Titanbets|Unibet|accuscore|consensus|teamrankings,-7.0,0.3199702367110922,237.0,-280.0,235.0,-7.0
401468378,15,BetfairSportsbook|Caesars Sportsbook|Caesars Sportsbook (Colorado)|Caesars Sportsbook (New Jersey)|DraftKings|ESPN BET|Holland Casino|MGM|PointsBet|SugarHouse|Titanbets|Unibet|accuscore|consensus|teamrankings,-10.5,0.5669467095138409,219.0,-550.0,400.0,-11.0
401468379,15,BetfairSportsbook|Caesars Sportsbook|Caesars Sportsbook (Colorado)|Caesars Sportsbook (New Jersey)|DraftKings|ESPN BET|Holland Casino|MGM|PointsBet|SugarHouse|Titanbets|Unibet|accuscore|consensus|teamrankings,-7.5,0.36187343222787294,216.5,-300.0,240.0,-7.5
401468380,15,BetfairSportsbook|Caesars Sportsbook|Caesars Sportsbook (Colorado)|Caesars Sportsbook (New Jersey)|DraftKings|ESPN BET|Holland Casino|MGM|PointsBet|SugarHouse|Titanbets|Unibet|accuscore|consensus|teamrankings,-10.0,0.25819888974716115,220.0,-475.0,350.0,-10.0
401468381,14,BetfairSportsbook|Caesars Sportsbook|Caesars Sportsbook (Colorado)|Caesars Sportsbook (New Jersey)|DraftKings|ESPN BET|Holland Casino|MGM|PointsBet|Titanbets|Unibet|accuscore|consensus|teamrankings,1.0,1.1217137594956024,212.5,-103.0,-115.0,1.5
401468382,15,BetfairSportsbook|Caesars Sportsbook|Caesars Sportsbook (Colorado)|Caesars Sportsbook (New Jersey)|DraftKings|ESPN BET|Holland Casino|MGM|PointsBet|SugarHouse|Titanbets|Unibet|accuscore|consensus|teamrankings,-8.5,0.3683941988065037,221.0,-351.0,290.0,-8.5
401468383,15,BetfairSportsbook|Caesars Sportsbook|Caesars Sportsbook (Colorado)|Caesars Sportsbook (New Jersey)|DraftKings|ESPN BET|Holland Casino|MGM|PointsBet|SugarHouse|Titanbets|Unibet|accuscore|consensus|teamrankings,5.5,0.4418575508442684,236.5,185.0,-225.0,6.0
401468384,15,BetfairSportsbook|Caesars Sportsbook|Caesars Sportsbook (Colorado)|Caesars Sportsbook (New Jersey)|DraftKings|ESPN BET|Holland Casino|MGM|PointsBet|SugarHouse|Titanbets|Unibet|accuscore|consensus|teamrankings,-6.5,0.0,230.0,-250.0,200.0,-6.5
401468385,15,BetfairSportsbook|Caesars Sportsbook|Caesars Sportsbook (Colorado)|Caesars Sportsbook (New Jersey)|DraftKings|ESPN BET|Holland Casino|MGM|PointsBet|SugarHouse|Titanbets|Unibet|accuscore|consensus|teamrankings,-10.0,0.4952152009360125,216.0,-450.0,350.0,-10.0
401468386,15,BetfairSportsbook|Caesars Sportsbook|Caesars Sportsbook (Colorado)|Caesars Sportsbook (New Jersey)|DraftKings|ESPN BET|Holland Casino|MGM|PointsBet|SugarHouse|Titanbets|Unibet|accuscore|consensus|teamrankings,3.0,0.35186577527449836,227.0,130.0,-152.0,3.0
401468387,15,BetfairSportsbook|Caesars Sportsbook|Caesars Sportsbook (Colorado)|Caesars Sportsbook (New Jersey)|DraftKings|ESPN BET|Holland Casino|MGM|PointsBet|SugarHouse|Titanbets|Unibet|accuscore|consensus|teamrankings,1.0,0.6256864362310537,228.0,-105.0,-113.0,1.0
401468388,15,BetfairSportsbook|Caesars Sportsbook|Caesars Sportsbook (Colorado)|Caesars Sportsbook (New Jersey)|DraftKings|ESPN BET|Holland Casino|MGM|PointsBet|SugarHouse|Titanbets|Unibet|accuscore|consensus|teamrankings,-7.5,0.2581988897471611,234.5,-300.0,240.0,-7.5
401468389,14,BetfairSportsbook|Caesars Sportsbook|Caesars Sportsbook (Colorado)|Caesars Sportsbook (New Jersey)|DraftKings|ESPN BET|Holland Casino|MGM|SugarHouse|Titanbets|Unibet|accuscore|consensus|teamrankings,-6.5,0.3396831102433787,226.0,-250.0,200.5,-6.5
401468390,15,BetfairSportsbook|Caesars Sportsbook|Caesars Sportsbook (Colorado)|Caesars Sportsbook (New Jersey)|DraftKings|ESPN BET|Holland Casino|MGM|PointsBet|SugarHouse|Titanbets|Unibet|accuscore|consensus|teamrankings,-5.5,0.0,226.0,-210.0,177.0,-5.5
401468391,14,BetfairSportsbook|Caesars Sportsbook|Caesars Sportsbook (Colorado)|DraftKings|ESPN BET|Holland Casino|MGM|PointsBet|SugarHouse|Titanbets|Unibet|accuscore|consensus|teamrankings,-7.5,0.46880723093849547,226.25,-297.5,240.0,-7.5
401468392,15,BetfairSportsbook|Caesars Sportsbook|Caesars Sportsbook (Colorado)|Caesars Sportsbook (New Jersey)|DraftKings|ESPN BET|Holland Casino|MGM|PointsBet|SugarHouse|Titanbets|Unibet|accuscore|consensus|teamrankings,3.5,2.060397557569435,218.0,138.0,-161.0,3.5
401468393,15,BetfairSportsbook|Caesars Sportsbook|Caesars Sportsbook (Colorado)|Caesars Sportsbook (New Jersey)|DraftKings|ESPN BET|Holland Casino|MGM|PointsBet|SugarHouse|Titanbets|Unibet|accuscore|consensus|teamrankings,-4.0,0.2581988897471611,228.0,-175.0,150.0,-4.0
401468394,15,BetfairSportsbook|Caesars Sportsbook|Caesars Sportsbook (Colorado)|Caesars Sportsbook (New Jersey)|DraftKings|ESPN BET|Holland Casino|MGM|PointsBet|SugarHouse|Titanbets|Unibet|accuscore|consensus|teamrankings,-8.5,0.2439750182371333,221.0,-360.0,295.0,-8.5
401468395,15,BetfairSportsbook|Caesars Sportsbook|Caesars Sportsbook (Colorado)|Caesars Sportsbook (New Jersey)|DraftKings|ESPN BET|Holland Casino|MGM|PointsBet|SugarHouse|Titanbets|Unibet|accuscore|consensus|teamrankings,-6.0,0.2288688541085317,226.5,-238.0,195.0,-6.0
401468396,15,BetfairSportsbook|Caesars Sportsbook|Caesars Sportsbook (Colorado)|Caesars Sportsbook (New Jersey)|DraftKings|ESPN BET|Holland Casino|MGM|PointsBet|SugarHouse|Titanbets|Unibet|accuscore|consensus|teamrankings,-5.0,0.5163977794943222,220.5,-200.0,165.0,-4.5
401468397,15,BetfairSportsbook|Caesars Sportsbook|Caesars Sportsbook (Colorado)|Caesars Sportsbook (New Jersey)|DraftKings|ESPN BET|Holland Casino|MGM|PointsBet|SugarHouse|Titanbets|Unibet|accuscore|consensus|teamrankings,-10.5,0.7286647932708022,234.5,-515.0,400.0,-10.5
401468398,15,BetfairSportsbook|Caesars Sportsbook|Caesars Sportsbook (Colorado)|Caesars Sportsbook (New Jersey)|DraftKings|ESPN BET|Holland Casino|MGM|PointsBet|SugarHouse|Titanbets|Unibet|accuscore|consensus|teamrankings,-7.5,0.2581988897471611,223.5,-300.0,250.0,-7.5
401468399,15,BetfairSportsbook|Caesars Sportsbook|Caesars Sportsbook (Colorado)|Caesars Sportsbook (New Jersey)|DraftKings|ESPN BET|Holland Casino|MGM|PointsBet|SugarHouse|Titanbets|Unibet|accuscore|consensus|teamrankings,-7.5,1.0656989658033293,213.0,-303.0,240.0,-7.5
401468400,15,BetfairSportsbook|Caesars Sportsbook|Caesars Sportsbook (Colorado)|Caesars Sportsbook (New Jersey)|DraftKings|ESPN BET|Holland Casino|MGM|PointsBet|SugarHouse|Titanbets|Unibet|accuscore|consensus|teamrankings,10.5,0.8409178658720821,232.5,387.0,-500.0,10.5
401468401,15,BetfairSportsbook|Caesars Sportsbook|Caesars Sportsbook (Colorado)|Caesars Sportsbook (New Jersey)|DraftKings|ESPN BET|Holland Casino|MGM|PointsBet|SugarHouse|Titanbets|Unibet|accuscore|consensus|teamrankings,-10.5,0.3086066999241838,217.5,-525.0,390.0,-10.5
401468402,15,BetfairSportsbook|Caesars Sportsbook|Caesars Sportsbook (Colorado)|Caesars Sportsbook (New Jersey)|DraftKings|ESPN BET|Holland Casino|MGM|PointsBet|SugarHouse|Titanbets|Unibet|accuscore|consensus|teamrankings,-6.0,0.36187343222787294,228.5,-250.0,200.0,-6.0
401468403,15,BetfairSportsbook|Caesars Sportsbook|Caesars Sportsbook (Colorado)|Caesars Sportsbook (New Jersey)|DraftKings|ESPN BET|Holland Casino|MGM|PointsBet|SugarHouse|Titanbets|Unibet|accuscore|consensus|teamrankings,-3.5,0.29680841985233186,227.5,-156.0,135.0,-3.5
401468404,15,BetfairSportsbook|Caesars Sportsbook|Caesars Sportsbook (Colorado)|Caesars Sportsbook (New Jersey)|DraftKings|ESPN BET|Holland Casino|MGM|PointsBet|SugarHouse|Titanbets|Unibet|accuscore|consensus|teamrankings,-7.0,0.2288688541085317,225.5,-278.0,225.0,-7.0
401468405,15,BetfairSportsbook|Caesars Sportsbook|Caesars Sportsbook (Colorado)|Caesars Sportsbook (New Jersey)|DraftKings|ESPN BET|Holland Casino|MGM|PointsBet|SugarHouse|Titanbets|Unibet|accuscore|consensus|teamrankings,5.5,0.12909944487358055,229.5,180.0,-215.0,5.5
401468406,15,BetfairSportsbook|Caesars Sportsbook|Caesars Sportsbook (Colorado)|Caesars Sportsbook (New Jersey)|DraftKings|ESPN BET|Holland Casino|MGM|PointsBet|SugarHouse|Titanbets|Unibet|accuscore|consensus|teamrankings,-9.5,0.5814595756329396,213.5,-455.0,350.0,-9.5
401468407,15,BetfairSportsbook|Caesars Sportsbook|Caesars Sportsbook (Colorado)|Caesars Sportsbook (New Jersey)|DraftKings|ESPN BET|Holland Casino|MGM|PointsBet|SugarHouse|Titanbets|Unibet|accuscore|consensus|teamrankings,-8.5,0.0,220.5,-354.0,280.0,-8.5
401468408,15,BetfairSportsbook|Caesars Sportsbook|Caesars Sportsbook (Colorado)|Caesars Sportsbook (New Jersey)|DraftKings|ESPN BET|Holland Casino|MGM|PointsBet|SugarHouse|Titanbets|Unibet|accuscore|consensus|teamrankings,-11.0,2.7932742350834356,227.5,-556.0,408.0,-11.0
401468409,15,BetfairSportsbook|Caesars Sportsbook|Caesars Sportsbook (Colorado)|Caesars Sportsbook (New Jersey)|DraftKings|ESPN BET|Holland Casino|MGM|PointsBet|SugarHouse|Titanbets|Unibet|accuscore|consensus|teamrankings,-1.5,0.48057505236162745,227.5,-125.0,105.0,-1.5
401468410,15,BetfairSportsbook|Caesars Sportsbook|Caesars Sportsbook (Colorado)|Caesars Sportsbook (New Jersey)|DraftKings|ESPN BET|Holland Casino|MGM|PointsBet|SugarHouse|Titanbets|Unibet|accuscore|consensus|teamrankings,-2.5,0.48057505236162745,222.5,-135.0,115.0,-2.5
401468411,15,BetfairSportsbook|Caesars Sportsbook|Caesars Sportsbook (Colorado)|Caesars Sportsbook (New Jersey)|DraftKings|ESPN BET|Holland Casino|MGM|PointsBet|SugarHouse|Titanbets|Unibet|accuscore|consensus|teamrankings,7.5,1.3469542361512192,217.5,260.0,-333.0,7.5
401468412,15,BetfairSportsbook|Caesars Sportsbook|Caesars Sportsbook (Colorado)|Caesars Sportsbook (New Jersey)|DraftKings|ESPN BET|Holland Casino|MGM|PointsBet|SugarHouse|Titanbets|Unibet|accuscore|consensus|teamrankings,-3.0,0.8957571949925673,237.0,-140.0,120.0,-3.0
401468413,15,BetfairSportsbook|Caesars Sportsbook|Caesars Sportsbook (Colorado)|Caesars Sportsbook (New Jersey)|DraftKings|ESPN BET|Holland Casino|MGM|PointsBet|SugarHouse|Titanbets|Unibet|accuscore|consensus|teamrankings,-11.5,2.433887738538802,227.5,-645.0,450.0,-12.0
401468414,15,BetfairSportsbook|Caesars Sportsbook|Caesars Sportsbook (Colorado)|Caesars Sportsbook (New Jersey)|DraftKings|ESPN BET|Holland Casino|MGM|PointsBet|SugarHouse|Titanbets|Unibet|accuscore|consensus|teamrankings,-9.5,0.7943251103624892,227.0,-436.0,345.0,-9.5
401468415,15,BetfairSportsbook|Caesars Sportsbook|Caesars Sportsbook (Colorado)|Caesars Sportsbook (New Jersey)|DraftKings|ESPN BET|Holland Casino|MGM|PointsBet|SugarHouse|Titanbets|Unibet|accuscore|consensus|teamrankings,-4.0,0.2803059552906941,215.5,-180.0,148.0,-4.0
401468416,15,BetfairSportsbook|Caesars Sportsbook|Caesars Sportsbook (Colorado)|Caesars Sportsbook (New Jersey)|DraftKings|ESPN BET|Holland Casino|MGM|PointsBet|SugarHouse|Titanbets|Unibet|accuscore|consensus|teamrankings,-7.5,0.49521520093601257,213.5,-300.0,240.0,-7.5
401468417,15,BetfairSportsbook|Caesars Sportsbook|Caesars Sportsbook (Colorado)|Caesars Sportsbook (New Jersey)|DraftKings|ESPN BET|Holland Casino|MGM|PointsBet|SugarHouse|Titanbets|Unibet|accuscore|consensus|teamrankings,1.5,0.408248290463863,237.5,108.0,-125.0,2.0
401468418,15,BetfairSportsbook|Caesars Sportsbook|Caesars Sportsbook (Colorado)|Caesars Sportsbook (New Jersey)|DraftKings|ESPN BET|Holland Casino|MGM|PointsBet|SugarHouse|Titanbets|Unibet|accuscore|consensus|teamrankings,-4.5,0.5498917642417936,241.0,-186.0,158.0,-4.5
401468419,15,BetfairSportsbook|Caesars Sportsbook|Caesars Sportsbook (Colorado)|Caesars Sportsbook (New Jersey)|DraftKings|ESPN BET|Holland Casino|MGM|PointsBet|SugarHouse|Titanbets|Unibet|accuscore|consensus|teamrankings,-6.0,0.4498677054212186,221.5,-222.0,183.0,-6.0
401468420,15,BetfairSportsbook|Caesars Sportsbook|Caesars Sportsbook (Colorado)|Caesars Sportsbook (New Jersey)|DraftKings|ESPN BET|Holland Casino|MGM|PointsBet|SugarHouse|Titanbets|Unibet|accuscore|consensus|teamrankings,-5.0,1.486446705914413,209.0,-195.0,163.0,-5.0
401468421,15,BetfairSportsbook|Caesars Sportsbook|Caesars Sportsbook (Colorado)|Caesars Sportsbook (New Jersey)|DraftKings|ESPN BET|Holland Casino|MGM|PointsBet|SugarHouse|Titanbets|Unibet|accuscore|consensus|teamrankings,2.5,1.3425278218275225,222.5,120.0,-140.0,2.5
401468422,15,BetfairSportsbook|Caesars Sportsbook|Caesars Sportsbook (Colorado)|Caesars Sportsbook (New Jersey)|DraftKings|ESPN BET|Holland Casino|MGM|PointsBet|SugarHouse|Titanbets|Unibet|accuscore|consensus|teamrankings,-7.0,0.2803059552906941,223.5,-278.0,225.0,-7.0
401468423,15,BetfairSportsbook|Caesars Sportsbook|Caesars Sportsbook (Colorado)|Caesars Sportsbook (New Jersey)|DraftKings|ESPN BET|Holland Casino|MGM|PointsBet|SugarHouse|Titanbets|Unibet|accuscore|consensus|teamrankings,-1.0,1.2535663410560174,230.0,-110.0,-110.0,-1.0
401468424,15,BetfairSportsbook|Caesars Sportsbook|Caesars Sportsbook (Colorado)|Caesars Sportsbook (New Jersey)|DraftKings|ESPN BET|Holland Casino|MGM|PointsBet|SugarHouse|Titanbets|Unibet|accuscore|consensus|teamrankings,5.5,0.5627314338711378,227.5,175.0,-210.0,5.5
401468425,15,BetfairSportsbook|Caesars Sportsbook|Caesars Sportsbook (Colorado)|Caesars Sportsbook (New Jersey)|DraftKings|ESPN BET|Holland Casino|MGM|PointsBet|SugarHouse|Titanbets|Unibet|accuscore|consensus|teamrankings,-12.0,0.22886885410853172,234.0,-650.0,475.0,-12.0
401468426,15,BetfairSportsbook|Caesars Sportsbook|Caesars Sportsbook (Colorado)|Caesars Sportsbook (New Jersey)|DraftKings|ESPN BET|Holland Casino|MGM|PointsBet|SugarHouse|Titanbets|Unibet|accuscore|consensus|teamrankings,-10.0,0.7121396331779725,223.0,-480.0,360.0,-10.0
401468427,15,BetfairSportsbook|Caesars Sportsbook|Caesars Sportsbook (Colorado)|Caesars Sportsbook (New Jersey)|DraftKings|ESPN BET|Holland Casino|MGM|PointsBet|SugarHouse|Titanbets|Unibet|accuscore|consensus|teamrankings,6.5,0.833809387832792,226.5,200.0,-241.0,6.5
401468428,15,BetfairSportsbook|Caesars Sportsbook|Caesars Sportsbook (Colorado)|Caesars Sportsbook (New Jersey)|DraftKings|ESPN BET|Holland Casino|MGM|PointsBet|SugarHouse|Titanbets|Unibet|accuscore|consensus|teamrankings,-1.5,0.7270291799999699,214.5,-125.0,105.0,-1.5
401468429,15,BetfairSportsbook|Caesars Sportsbook|Caesars Sportsbook (Colorado)|Caesars Sportsbook (New Jersey)|DraftKings|ESPN BET|Holland Casino|MGM|PointsBet|SugarHouse|Titanbets|Unibet|accuscore|consensus|teamrankings,-4.0,0.4418575508442684,217.0,-171.0,145.0,-4.0
401468430,15,BetfairSportsbook|Caesars Sportsbook|Caesars Sportsbook (Colorado)|Caesars Sportsbook (New Jersey)|DraftKings|ESPN BET|Holland Casino|MGM|PointsBet|SugarHouse|Titanbets|Unibet|accuscore|consensus|teamrankings,-7.5,0.2672612419124244,238.5,-300.0,245.0,-7.5
401468431,14,BetfairSportsbook|Caesars Sportsbook|Caesars Sportsbook (Colorado)|Caesars Sportsbook (New Jersey)|DraftKings|ESPN BET|Holland Casino|MGM|PointsBet|Titanbets|Unibet|accuscore|consensus|teamrankings,3.5,0.2672612419124244,233.5,136.0,-159.5,3.5
401468432,15,BetfairSportsbook|Caesars Sportsbook|Caesars Sportsbook (Colorado)|Caesars Sportsbook (New Jersey)|DraftKings|ESPN BET|Holland Casino|MGM|PointsBet|SugarHouse|Titanbets|Unibet|accuscore|consensus|teamrankings,-3.0,0.32732683535398854,214.5,-150.0,125.0,-3.0
401468433,15,BetfairSportsbook|Caesars Sportsbook|Caesars Sportsbook (Colorado)|Caesars Sportsbook (New Jersey)|DraftKings|ESPN BET|Holland Casino|MGM|PointsBet|SugarHouse|Titanbets|Unibet|accuscore|consensus|teamrankings,7.0,0.4082482904638631,232.5,235.0,-300.0,7.0
401468434,15,BetfairSportsbook|Caesars Sportsbook|Caesars Sportsbook (Colorado)|Caesars Sportsbook (New Jersey)|DraftKings|ESPN BET|Holland Casino|MGM|PointsBet|SugarHouse|Titanbets|Unibet|accuscore|consensus|teamrankings,-2.5,0.1759328876372492,227.0,-135.0,115.0,-2.5
401468435,15,BetfairSportsbook|Caesars Sportsbook|Caesars Sportsbook (Colorado)|Caesars Sportsbook (New Jersey)|DraftKings|ESPN BET|Holland Casino|MGM|PointsBet|SugarHouse|Titanbets|Unibet|accuscore|consensus|teamrankings,-4.0,0.9193683131575155,215.5,-175.0,150.0,-4.0
401468436,15,BetfairSportsbook|Caesars Sportsbook|Caesars Sportsbook (Colorado)|Caesars Sportsbook (New Jersey)|DraftKings|ESPN BET|Holland Casino|MGM|PointsBet|SugarHouse|Titanbets|Unibet|accuscore|consensus|teamrankings,3.0,0.6725927091345493,232.5,125.0,-150.0,3.0
401468437,15,BetfairSportsbook|Caesars Sportsbook|Caesars Sportsbook (Colorado)|Caesars Sportsbook (New Jersey)|DraftKings|ESPN BET|Holland Casino|MGM|PointsBet|SugarHouse|Titanbets|Unibet|accuscore|consensus|teamrankings,4.0,0.5976143046671968,234.5,145.0,-175.0,4.0
401468438,15,BetfairSportsbook|Caesars Sportsbook|Caesars Sportsbook (Colorado)|Caesars Sportsbook (New Jersey)|DraftKings|ESPN BET|Holland Casino|MGM|PointsBet|SugarHouse|Titanbets|Unibet|accuscore|consensus|teamrankings,-12.0,0.2439750182371333,224.5,-750.0,550.0,-12.0
401468439,15,BetfairSportsbook|Caesars Sportsbook|Caesars Sportsbook (Colorado)|Caesars Sportsbook (New Jersey)|DraftKings|ESPN BET|Holland Casino|MGM|PointsBet|SugarHouse|Titanbets|Unibet|accuscore|consensus|teamrankings,-8.0,0.24397501823713333,239.5,-333.0,261.0,-8.0
401468440,15,BetfairSportsbook|Caesars Sportsbook|Caesars Sportsbook (Colorado)|Caesars Sportsbook (New Jersey)|DraftKings|ESPN BET|Holland Casino|MGM|PointsBet|SugarHouse|Titanbets|Unibet|accuscore|consensus|teamrankings,4.0,0.30860669992418377,219.0,150.0,-175.0,4.0
401468441,15,BetfairSportsbook|Caesars Sportsbook|Caesars Sportsbook (Colorado)|Caesars Sportsbook (New Jersey)|DraftKings|ESPN BET|Holland Casino|MGM|PointsBet|SugarHouse|Titanbets|Unibet|accuscore|consensus|teamrankings,2.5,0.280305955290694,215.0,120.0,-142.0,2.5
401468442,15,BetfairSportsbook|Caesars Sportsbook|Caesars Sportsbook (Colorado)|Caesars Sportsbook (New Jersey)|DraftKings|ESPN BET|Holland Casino|MGM|PointsBet|SugarHouse|Titanbets|Unibet|accuscore|consensus|teamrankings,2.0,0.37161167647860327,231.5,110.0,-128.0,1.5
401468443,15,BetfairSportsbook|Caesars Sportsbook|Caesars Sportsbook (Colorado)|Caesars Sportsbook (New Jersey)|DraftKings|ESPN BET|Holland Casino|MGM|PointsBet|SugarHouse|Titanbets|Unibet|accuscore|consensus|teamrankings,-1.0,2.1202678402234265,231.0,-111.0,-105.5,
401468444,15,BetfairSportsbook|Caesars Sportsbook|Caesars Sportsbook (Colorado)|Caesars Sportsbook (New Jersey)|DraftKings|ESPN BET|Holland Casino|MGM|PointsBet|SugarHouse|Titanbets|Unibet|accuscore|consensus|teamrankings,-6.0,0.3086066999241838,232.0,-238.0,195.0,-6.0
401468445,15,BetfairSportsbook|Caesars Sportsbook|Caesars Sportsbook (Colorado)|Caesars Sportsbook (New Jersey)|DraftKings|ESPN BET|Holland Casino|MGM|PointsBet|SugarHouse|Titanbets|Unibet|accuscore|consensus|teamrankings,-8.0,0.5627314338711377,224.0,-321.0,260.0,-8.0
401468446,15,BetfairSportsbook|Caesars Sportsbook|Caesars Sportsbook (Colorado)|Caesars Sportsbook (New Jersey)|DraftKings|ESPN BET|Holland Casino|MGM|PointsBet|SugarHouse|Titanbets|Unibet|accuscore|consensus|teamrankings,1.5,0.49354811679282456,237.0,100.0,-120.0,1.0
401468447,15,BetfairSportsbook|Caesars Sportsbook|Caesars Sportsbook (Colorado)|Caesars Sportsbook (New Jersey)|DraftKings|ESPN BET|Holland Casino|MGM|PointsBet|SugarHouse|Titanbets|Unibet|accuscore|consensus|teamrankings,2.0,0.4498677054212186,220.5,110.0,-130.0,2.0
401468448,15,BetfairSportsbook|Caesars Sportsbook|Caesars Sportsbook (Colorado)|Caesars Sportsbook (New Jersey)|DraftKings|ESPN BET|Holland Casino|MGM|PointsBet|SugarHouse|Titanbets|Unibet|accuscore|consensus|teamrankings,-4.0,0.4879500364742666,226.0,-175.0,150.0,-4.0
401468449,15,BetfairSportsbook|Caesars Sportsbook|Caesars Sportsbook (Colorado)|Caesars Sportsbook (New Jersey)|DraftKings|ESPN BET|Holland Casino|MGM|PointsBet|SugarHouse|Titanbets|Unibet|accuscore|consensus|teamrankings,-8.0,0.2968084198523318,220.5,-345.0,270.0,-8.0
401468450,15,BetfairSportsbook|Caesars Sportsbook|Caesars Sportsbook (Colorado)|Caesars Sportsbook (New Jersey)|DraftKings|ESPN BET|Holland Casino|MGM|PointsBet|SugarHouse|Titanbets|Unibet|accuscore|consensus|teamrankings,7.5,0.541162769282166,218.5,250.0,-300.0,7.5
401468451,15,BetfairSportsbook|Caesars Sportsbook|Caesars Sportsbook (Colorado)|Caesars Sportsbook (New Jersey)|DraftKings|ESPN BET|Holland Casino|MGM|PointsBet|SugarHouse|Titanbets|Unibet|accuscore|consensus|teamrankings,1.5,0.7286647932708021,228.0,105.0,-125.0,1.5
401468452,15,BetfairSportsbook|Caesars Sportsbook|Caesars Sportsbook (Colorado)|Caesars Sportsbook (New Jersey)|DraftKings|ESPN BET|Holland Casino|MGM|PointsBet|SugarHouse|Titanbets|Unibet|accuscore|consensus|teamrankings,-1.0,1.1361818036340359,213.0,-110.0,-109.0,
401468453,15,BetfairSportsbook|Caesars Sportsbook|Caesars Sportsbook (Colorado)|Caesars Sportsbook (New Jersey)|DraftKings|ESPN BET|Holland Casino|MGM|PointsBet|SugarHouse|Titanbets|Unibet|accuscore|consensus|teamrankings,-6.0,0.31622776601683794,215.5,-235.0,191.0,-5.5
401468454,14,BetfairSportsbook|Caesars Sportsbook|Caesars Sportsbook (Colorado)|Caesars Sportsbook (New Jersey)|DraftKings|ESPN BET|Holland Casino|MGM|PointsBet|Titanbets|Unibet|accuscore|consensus|teamrankings,-3.0,1.5281246137553166,220.5,-150.0,125.0,-3.0
401468455,15,BetfairSportsbook|Caesars Sportsbook|Caesars Sportsbook (Colorado)|Caesars Sportsbook (New Jersey)|DraftKings|ESPN BET|Holland Casino|MGM|PointsBet|SugarHouse|Titanbets|Unibet|accuscore|consensus|teamrankings,-1.0,0.9903379376602872,227.5,-113.0,-105.0,-1.0
401468456,15,BetfairSportsbook|Caesars Sportsbook|Caesars Sportsbook (Colorado)|Caesars Sportsbook (New Jersey)|DraftKings|ESPN BET|Holland Casino|MGM|PointsBet|SugarHouse|Titanbets|Unibet|accuscore|consensus|teamrankings,-11.0,0.2439750182371333,225.0,-600.0,450.0,-11.0
401468457,15,BetfairSportsbook|Caesars Sportsbook|Caesars Sportsbook (Colorado)|Caesars Sportsbook (New Jersey)|DraftKings|ESPN BET|Holland Casino|MGM|PointsBet|SugarHouse|Titanbets|Unibet|accuscore|consensus|teamrankings,-12.0,0.8549575316659775,223.5,-675.0,480.0,-12.0
401468458,14,BetfairSportsbook|Caesars Sportsbook|Caesars Sportsbook (Colorado)|Caesars Sportsbook (New Jersey)|DraftKings|ESPN BET|Holland Casino|PointsBet|SugarHouse|Titanbets|Unibet|accuscore|consensus|teamrankings,-5.0,1.590234622263694,218.25,-198.0,164.0,-5.0
401468459,15,BetfairSportsbook|Caesars Sportsbook|Caesars Sportsbook (Colorado)|Caesars Sportsbook (New Jersey)|DraftKings|ESPN BET|Holland Casino|MGM|PointsBet|SugarHouse|Titanbets|Unibet|accuscore|consensus|teamrankings,-5.5,0.36187343222787294,232.5,-213.0,175.0,-5.5
401468460,15,BetfairSportsbook|Caesars Sportsbook|Caesars Sportsbook (Colorado)|Caesars Sportsbook (New Jersey)|DraftKings|ESPN BET|Holland Casino|MGM|PointsBet|SugarHouse|Titanbets|Unibet|accuscore|consensus|teamrankings,-11.0,0.22886885410853172,228.0,-591.0,430.0,-11.0
401468461,15,BetfairSportsbook|Caesars Sportsbook|Caesars Sportsbook (Colorado)|Caesars Sportsbook (New Jersey)|DraftKings|ESPN BET|Holland Casino|MGM|PointsBet|SugarHouse|Titanbets|Unibet|accuscore|consensus|teamrankings,-2.0,0.3518657752744984,235.0,-133.0,114.5,-2.5
401468462,15,BetfairSportsbook|Caesars Sportsbook|Caesars Sportsbook (Colorado)|Caesars Sportsbook (New Jersey)|DraftKings|ESPN BET|Holland Casino|MGM|PointsBet|SugarHouse|Titanbets|Unibet|accuscore|consensus|teamrankings,1.0,1.2309149097933274,234.0,-110.0,-110.0,1.0
401468463,15,BetfairSportsbook|Caesars Sportsbook|Caesars Sportsbook (Colorado)|Caesars Sportsbook (New Jersey)|DraftKings|ESPN BET|Holland Casino|MGM|PointsBet|SugarHouse|Titanbets|Unibet|accuscore|consensus|teamrankings,-3.5,0.280305955290694,237.5,-166.0,140.0,-3.5
401468464,15,BetfairSportsbook|Caesars Sportsbook|Caesars Sportsbook (Colorado)|Caesars Sportsbook (New Jersey)|DraftKings|ESPN BET|Holland Casino|MGM|PointsBet|SugarHouse|Titanbets|Unibet|accuscore|consensus|teamrankings,4.0,0.29680841985233186,226.5,155.0,-182.0,4.0
401468465,15,BetfairSportsbook|Caesars Sportsbook|Caesars Sportsbook (Colorado)|Caesars Sportsbook (New Jersey)|DraftKings|ESPN BET|Holland Casino|MGM|PointsBet|SugarHouse|Titanbets|Unibet|accuscore|consensus|teamrankings,-1.0,1.0834249045547752,227.0,-115.0,-105.0,-1.0
401468466,15,BetfairSportsbook|Caesars Sportsbook|Caesars Sportsbook (Colorado)|Caesars Sportsbook (New Jersey)|DraftKings|ESPN BET|Holland Casino|MGM|PointsBet|SugarHouse|Titanbets|Unibet|accuscore|consensus|teamrankings,-4.0,0.47056197405716016,211.0,-170.0,143.0,-4.0
401468467,15,BetfairSportsbook|Caesars Sportsbook|Caesars Sportsbook (Colorado)|Caesars Sportsbook (New Jersey)|DraftKings|ESPN BET|Holland Casino|MGM|PointsBet|SugarHouse|Titanbets|Unibet|accuscore|consensus|teamrankings,-4.0,0.31622776601683794,209.5,-165.0,139.0,-3.5
401468468,15,BetfairSportsbook|Caesars Sportsbook|Caesars Sportsbook (Colorado)|Caesars Sportsbook (New Jersey)|DraftKings|ESPN BET|Holland Casino|MGM|PointsBet|SugarHouse|Titanbets|Unibet|accuscore|consensus|teamrankings,6.5,0.35186577527449836,228.0,200.0,-250.0,6.5
401468469,15,BetfairSportsbook|Caesars Sportsbook|Caesars Sportsbook (Colorado)|Caesars Sportsbook (New Jersey)|DraftKings|ESPN BET|Holland Casino|MGM|PointsBet|SugarHouse|Titanbets|Unibet|accuscore|consensus|teamrankings,-9.5,0.32732683535398854,224.5,-435.0,333.0,-9.5
401468470,15,BetfairSportsbook|Caesars Sportsbook|Caesars Sportsbook (Colorado)|Caesars Sportsbook (New Jersey)|DraftKings|ESPN BET|Holland Casino|MGM|PointsBet|SugarHouse|Titanbets|Unibet|accuscore|consensus|teamrankings,-5.5,0.1759328876372492,228.0,-215.0,180.0,-5.5
401468471,15,BetfairSportsbook|Caesars Sportsbook|Caesars Sportsbook (Colorado)|Caesars Sportsbook (New Jersey)|DraftKings|ESPN BET|Holland Casino|MGM|PointsBet|SugarHouse|Titanbets|Unibet|accuscore|consensus|teamrankings,6.0,0.20701966780270625,227.5,194.0,-231.0,6.0
401468472,15,BetfairSportsbook|Caesars Sportsbook|Caesars Sportsbook (Colorado)|Caesars Sportsbook (New Jersey)|DraftKings|ESPN BET|Holland Casino|MGM|PointsBet|SugarHouse|Titanbets|Unibet|accuscore|consensus|teamrankings,3.0,0.38729833462074165,231.5,122.0,-150.0,2.5
401468473,15,BetfairSportsbook|Caesars Sportsbook|Caesars Sportsbook (Colorado)|Caesars Sportsbook (New Jersey)|DraftKings|ESPN BET|Holland Casino|MGM|PointsBet|SugarHouse|Titanbets|Unibet|accuscore|consensus|teamrankings,2.5,1.6344505411386943,221.5,120.0,-140.0,2.5
401468474,15,BetfairSportsbook|Caesars Sportsbook|Caesars Sportsbook (Colorado)|Caesars Sportsbook (New Jersey)|DraftKings|ESPN BET|Holland Casino|MGM|PointsBet|SugarHouse|Titanbets|Unibet|accuscore|consensus|teamrankings,-3.0,0.8997354108424372,230.0,-149.0,125.0,-3.0
401468475,15,BetfairSportsbook|Caesars Sportsbook|Caesars Sportsbook (Colorado)|Caesars Sportsbook (New Jersey)|DraftKings|ESPN BET|Holland Casino|MGM|PointsBet|SugarHouse|Titanbets|Unibet|accuscore|consensus|teamrankings,-11.5,0.253546276418555,230.0,-654.0,450.0,-11.5
401468476,15,BetfairSportsbook|Caesars Sportsbook|Caesars Sportsbook (Colorado)|Caesars Sportsbook (New Jersey)|DraftKings|ESPN BET|Holland Casino|MGM|PointsBet|SugarHouse|Titanbets|Unibet|accuscore|consensus|teamrankings,-5.5,0.12909944487358055,226.5,-220.0,180.0,-5.5
401468477,15,BetfairSportsbook|Caesars Sportsbook|Caesars Sportsbook (Colorado)|Caesars Sportsbook (New Jersey)|DraftKings|ESPN BET|Holland Casino|MGM|PointsBet|SugarHouse|Titanbets|Unibet|accuscore|consensus|teamrankings,-7.5,0.4309458036856673,223.0,-300.0,240.0,-7.5
401468478,15,BetfairSportsbook|Caesars Sportsbook|Caesars Sportsbook (Colorado)|Caesars Sportsbook (New Jersey)|DraftKings|ESPN BET|Holland Casino|MGM|PointsBet|SugarHouse|Titanbets|Unibet|accuscore|consensus|teamrankings,-4.5,0.0,242.5,-190.0,158.0,-4.5
401468479,15,BetfairSportsbook|Caesars Sportsbook|Caesars Sportsbook (Colorado)|Caesars Sportsbook (New Jersey)|DraftKings|ESPN BET|Holland Casino|MGM|PointsBet|SugarHouse|Titanbets|Unibet|accuscore|consensus|teamrankings,-6.0,0.2581988897471611,224.0,-240.0,196.0,-6.0
401468480,15,BetfairSportsbook|Caesars Sportsbook|Caesars Sportsbook (Colorado)|Caesars Sportsbook (New Jersey)|DraftKings|ESPN BET|Holland Casino|MGM|PointsBet|SugarHouse|Titanbets|Unibet|accuscore|consensus|teamrankings,8.0,0.5916079783099616,221.5,260.0,-330.0,8.0
401468481,15,BetfairSportsbook|Caesars Sportsbook|Caesars Sportsbook (Colorado)|Caesars Sportsbook (New Jersey)|DraftKings|ESPN BET|Holland Casino|MGM|PointsBet|SugarHouse|Titanbets|Unibet|accuscore|consensus|teamrankings,4.0,0.41690469391639595,225.5,145.0,-175.0,4.0
401468482,15,BetfairSportsbook|Caesars Sportsbook|Caesars Sportsbook (Colorado)|Caesars Sportsbook (New Jersey)|DraftKings|ESPN BET|Holland Casino|MGM|PointsBet|SugarHouse|Titanbets|Unibet|accuscore|consensus|teamrankings,5.0,1.3074875944053197,225.0,165.0,-200.0,5.0
401468483,15,BetfairSportsbook|Caesars Sportsbook|Caesars Sportsbook (Colorado)|Caesars Sportsbook (New Jersey)|DraftKings|ESPN BET|Holland Casino|MGM|PointsBet|SugarHouse|Titanbets|Unibet|accuscore|consensus|teamrankings,-7.0,0.560611910581388,227.0,-281.0,228.0,-7.0
401468484,15,BetfairSportsbook|Caesars Sportsbook|Caesars Sportsbook (Colorado)|Caesars Sportsbook (New Jersey)|DraftKings|ESPN BET|Holland Casino|MGM|PointsBet|SugarHouse|Titanbets|Unibet|accuscore|consensus|teamrankings,-1.5,0.25819888974716115,223.0,-125.0,105.0,-1.5
401468485,15,BetfairSportsbook|Caesars Sportsbook|Caesars Sportsbook (Colorado)|Caesars Sportsbook (New Jersey)|DraftKings|ESPN BET|Holland Casino|MGM|PointsBet|SugarHouse|Titanbets|Unibet|accuscore|consensus|teamrankings,-11.0,0.253546276418555,218.0,-600.0,430.0,-11.0
401468486,15,BetfairSportsbook|Caesars Sportsbook|Caesars Sportsbook (Colorado)|Caesars Sportsbook (New Jersey)|DraftKings|ESPN BET|Holland Casino|MGM|PointsBet|SugarHouse|Titanbets|Unibet|accuscore|consensus|teamrankings,-8.5,1.6087558043703336,230.5,-362.0,285.0,-8.5
401468487,15,BetfairSportsbook|Caesars Sportsbook|Caesars Sportsbook (Colorado)|Caesars Sportsbook (New Jersey)|DraftKings|ESPN BET|Holland Casino|MGM|PointsBet|SugarHouse|Titanbets|Unibet|accuscore|consensus|teamrankings,-4.5,0.3086066999241838,218.0,-199.0,162.0,-4.5
401468488,15,BetfairSportsbook|Caesars Sportsbook|Caesars Sportsbook (Colorado)|Caesars Sportsbook (New Jersey)|DraftKings|ESPN BET|Holland Casino|MGM|PointsBet|SugarHouse|Titanbets|Unibet|accuscore|consensus|teamrankings,7.0,0.37161167647860327,233.0,230.0,-282.0,7.0
401468489,15,BetfairSportsbook|Caesars Sportsbook|Caesars Sportsbook (Colorado)|Caesars Sportsbook (New Jersey)|DraftKings|ESPN BET|Holland Casino|MGM|PointsBet|SugarHouse|Titanbets|Unibet|accuscore|consensus|teamrankings,-11.5,0.1759328876372492,229.5,-671.0,475.0,-11.5
401468490,15,BetfairSportsbook|Caesars Sportsbook|Caesars Sportsbook (Colorado)|Caesars Sportsbook (New Jersey)|DraftKings|ESPN BET|Holland Casino|MGM|PointsBet|SugarHouse|Titanbets|Unibet|accuscore|consensus|teamrankings,-4.0,0.39940431835899015,240.5,-172.0,145.0,-4.0
401468491,15,BetfairSportsbook|Caesars Sportsbook|Caesars Sportsbook (Colorado)|Caesars Sportsbook (New Jersey)|DraftKings|ESPN BET|Holland Casino|MGM|PointsBet|SugarHouse|Titanbets|Unibet|accuscore|consensus|teamrankings,-7.0,0.2581988897471611,237.5,-280.0,230.0,-7.0
401468492,15,BetfairSportsbook|Caesars Sportsbook|Caesars Sportsbook (Colorado)|Caesars Sportsbook (New Jersey)|DraftKings|ESPN BET|Holland Casino|MGM|PointsBet|SugarHouse|Titanbets|Unibet|accuscore|consensus|teamrankings,1.5,0.20701966780270625,224.0,100.0,-120.0,1.5
401468493,15,BetfairSportsbook|Caesars Sportsbook|Caesars Sportsbook (Colorado)|Caesars Sportsbook (New Jersey)|DraftKings|ESPN BET|Holland Casino|MGM|PointsBet|SugarHouse|Titanbets|Unibet|accuscore|consensus|teamrankings,3.5,1.8879315968238135,228.0,140.0,-163.0,3.5
401468494,15,BetfairSportsbook|Caesars Sportsbook|Caesars Sportsbook (Colorado)|Caesars Sportsbook (New Jersey)|DraftKings|ESPN BET|Holland Casino|MGM|PointsBet|SugarHouse|Titanbets|Unibet|accuscore|consensus|teamrankings,1.5,1.0082988974836116,220.5,106.0,-125.0,1.5
401468495,15,BetfairSportsbook|Caesars Sportsbook|Caesars Sportsbook (Colorado)|Caesars Sportsbook (New Jersey)|DraftKings|ESPN BET|Holland Casino|MGM|PointsBet|SugarHouse|Titanbets|Unibet|accuscore|consensus|teamrankings,-11.5,0.3683941988065037,220.5,-609.0,447.0,-11.5
401468496,15,BetfairSportsbook|Caesars Sportsbook|Caesars Sportsbook (Colorado)|Caesars Sportsbook (New Jersey)|DraftKings|ESPN BET|Holland Casino|MGM|PointsBet|SugarHouse|Titanbets|Unibet|accuscore|consensus|teamrankings,-5.5,0.31997023671109226,233.5,-207.0,175.0,-5.5
401468497,15,BetfairSportsbook|Caesars Sportsbook|Caesars Sportsbook (Colorado)|Caesars Sportsbook (New Jersey)|DraftKings|ESPN BET|Holland Casino|MGM|PointsBet|SugarHouse|Titanbets|Unibet|accuscore|consensus|teamrankings,-11.5,0.6935073041809877,235.0,-567.0,430.0,-11.5
401468498,15,BetfairSportsbook|Caesars Sportsbook|Caesars Sportsbook (Colorado)|Caesars Sportsbook (New Jersey)|DraftKings|ESPN BET|Holland Casino|MGM|PointsBet|SugarHouse|Titanbets|Unibet|accuscore|consensus|teamrankings,-5.0,0.4577377082170634,227.5,-205.0,170.0,-5.0
401468499,15,BetfairSportsbook|Caesars Sportsbook|Caesars Sportsbook (Colorado)|Caesars Sportsbook (New Jersey)|DraftKings|ESPN BET|Holland Casino|MGM|PointsBet|SugarHouse|Titanbets|Unibet|accuscore|consensus|teamrankings,-1.5,0.9036961141150641,230.5,-125.0,106.0,-1.5
401468500,15,BetfairSportsbook|Caesars Sportsbook|Caesars Sportsbook (Colorado)|Caesars Sportsbook (New Jersey)|DraftKings|ESPN BET|Holland Casino|MGM|PointsBet|SugarHouse|Titanbets|Unibet|accuscore|consensus|teamrankings,10.0,0.2803059552906941,230.5,366.0,-490.0,10.0
401468501,15,BetfairSportsbook|Caesars Sportsbook|Caesars Sportsbook (Colorado)|Caesars Sportsbook (New Jersey)|DraftKings|ESPN BET|Holland Casino|MGM|PointsBet|SugarHouse|Titanbets|Unibet|accuscore|consensus|teamrankings,2.5,0.2581988897471611,230.5,115.5,-138.0,2.5
401468502,15,BetfairSportsbook|Caesars Sportsbook|Caesars Sportsbook (Colorado)|Caesars Sportsbook (New Jersey)|DraftKings|ESPN BET|Holland Casino|MGM|PointsBet|SugarHouse|Titanbets|Unibet|accuscore|consensus|teamrankings,6.5,0.3199702367110922,228.5,215.0,-260.0,6.5
401468503,15,BetfairSportsbook|Caesars Sportsbook|Caesars Sportsbook (Colorado)|Caesars Sportsbook (New Jersey)|DraftKings|ESPN BET|Holland Casino|MGM|PointsBet|SugarHouse|Titanbets|Unibet|accuscore|consensus|teamrankings,2.5,0.2968084198523318,222.5,120.0,-143.0,2.5
401468504,15,BetfairSportsbook|Caesars Sportsbook|Caesars Sportsbook (Colorado)|Caesars Sportsbook (New Jersey)|DraftKings|ESPN BET|Holland Casino|MGM|PointsBet|SugarHouse|Titanbets|Unibet|accuscore|consensus|teamrankings,-1.5,0.2968084198523318,234.5,-124.0,105.0,-1.5
401468505,15,BetfairSportsbook|Caesars Sportsbook|Caesars Sportsbook (Colorado)|Caesars Sportsbook (New Jersey)|DraftKings|ESPN BET|Holland Casino|MGM|PointsBet|SugarHouse|Titanbets|Unibet|accuscore|consensus|teamrankings,-3.0,0.3199702367110922,239.5,-149.0,125.0,-3.0
401468506,15,BetfairSportsbook|Caesars Sportsbook|Caesars Sportsbook (Colorado)|Caesars Sportsbook (New Jersey)|DraftKings|ESPN BET|Holland Casino|MGM|PointsBet|SugarHouse|Titanbets|Unibet|accuscore|consensus|teamrankings,-5.0,0.806225774829855,232.5,-205.0,170.0,-5.0
401468507,15,BetfairSportsbook|Caesars Sportsbook|Caesars Sportsbook (Colorado)|Caesars Sportsbook (New Jersey)|DraftKings|ESPN BET|Holland Casino|MGM|PointsBet|SugarHouse|Titanbets|Unibet|accuscore|consensus|teamrankings,6.0,1.52206000757745,217.5,196.0,-238.0,6.0
401468508,15,BetfairSportsbook|Caesars Sportsbook|Caesars Sportsbook (Colorado)|Caesars Sportsbook (New Jersey)|DraftKings|ESPN BET|Holland Casino|MGM|PointsBet|SugarHouse|Titanbets|Unibet|accuscore|consensus|teamrankings,10.5,0.4952152009360125,226.5,400.0,-550.0,10.5
401468509,15,BetfairSportsbook|Caesars Sportsbook|Caesars Sportsbook (Colorado)|Caesars Sportsbook (New Jersey)|DraftKings|ESPN BET|Holland Casino|MGM|PointsBet|SugarHouse|Titanbets|Unibet|accuscore|consensus|teamrankings,-6.0,0.863271738931662,237.0,-244.0,195.0,-6.0
401468510,15,BetfairSportsbook|Caesars Sportsbook|Caesars Sportsbook (Colorado)|Caesars Sportsbook (New Jersey)|DraftKings|ESPN BET|Holland Casino|MGM|PointsBet|SugarHouse|Titanbets|Unibet|accuscore|consensus|teamrankings,-1.5,0.8618916073713345,228.5,-121.0,102.0,-1.5
401468511,15,BetfairSportsbook|Caesars Sportsbook|Caesars Sportsbook (Colorado)|Caesars Sportsbook (New Jersey)|DraftKings|ESPN BET|Holland Casino|MGM|PointsBet|SugarHouse|Titanbets|Unibet|accuscore|consensus|teamrankings,7.5,0.3716116764786033,222.5,270.0,-340.0,7.5
401468512,15,BetfairSportsbook|Caesars Sportsbook|Caesars Sportsbook (Colorado)|Caesars Sportsbook (New Jersey)|DraftKings|ESPN BET|Holland Casino|MGM|PointsBet|SugarHouse|Titanbets|Unibet|accuscore|consensus|teamrankings,5.0,2.7890090406041046,218.5,175.0,-210.0,5.0
401468513,15,BetfairSportsbook|Caesars Sportsbook|Caesars Sportsbook (Colorado)|Caesars Sportsbook (New Jersey)|DraftKings|ESPN BET|Holland Casino|MGM|PointsBet|SugarHouse|Titanbets|Unibet|accuscore|consensus|teamrankings,-3.0,0.24397501823713325,223.0,-151.0,130.0,-3.0
401468514,15,BetfairSportsbook|Caesars Sportsbook|Caesars Sportsbook (Colorado)|Caesars Sportsbook (New Jersey)|DraftKings|ESPN BET|Holland Casino|MGM|PointsBet|SugarHouse|Titanbets|Unibet|accuscore|consensus|teamrankings,-12.0,0.7480132415430957,240.5,-670.0,480.0,-12.0
401468515,15,BetfairSportsbook|Caesars Sportsbook|Caesars Sportsbook (Colorado)|Caesars Sportsbook (New Jersey)|DraftKings|ESPN BET|Holland Casino|MGM|PointsBet|SugarHouse|Titanbets|Unibet|accuscore|consensus|teamrankings,-6.0,0.416904693916396,224.5,-225.0,185.0,-6.0
401468516,14,BetfairSportsbook|Caesars Sportsbook|Caesars Sportsbook (Colorado)|Caesars Sportsbook (New Jersey)|DraftKings|ESPN BET|Holland Casino|MGM|PointsBet|Titanbets|Unibet|accuscore|consensus|teamrankings,-7.5,0.33149677206589795,220.0,-305.5,250.0,-7.5
401468517,15,BetfairSportsbook|Caesars Sportsbook|Caesars Sportsbook (Colorado)|Caesars Sportsbook (New Jersey)|DraftKings|ESPN BET|Holland Casino|MGM|PointsBet|SugarHouse|Titanbets|Unibet|accuscore|consensus|teamrankings,-4.0,0.25819888974716115,223.5,-185.0,159.0,-4.0
401468518,15,BetfairSportsbook|Caesars Sportsbook|Caesars Sportsbook (Colorado)|Caesars Sportsbook (New Jersey)|DraftKings|ESPN BET|Holland Casino|MGM|PointsBet|SugarHouse|Titanbets|Unibet|accuscore|consensus|teamrankings,6.5,0.12909944487358055,216.5,210.0,-260.0,6.5
401468519,15,BetfairSportsbook|Caesars Sportsbook|Caesars Sportsbook (Colorado)|Caesars Sportsbook (New Jersey)|DraftKings|ESPN BET|Holland Casino|MGM|PointsBet|SugarHouse|Titanbets|Unibet|accuscore|consensus|teamrankings,-10.0,0.38729833462074165,223.0,-500.0,375.0,-10.0
401468520,15,BetfairSportsbook|Caesars Sportsbook|Caesars Sportsbook (Colorado)|Caesars Sportsbook (New Jersey)|DraftKings|ESPN BET|Holland Casino|MGM|PointsBet|SugarHouse|Titanbets|Unibet|accuscore|consensus|teamrankings,-2.0,0.36187343222787294,232.5,-138.0,115.5,-2.5
401468521,15,BetfairSportsbook|Caesars Sportsbook|Caesars Sportsbook (Colorado)|Caesars Sportsbook (New Jersey)|DraftKings|ESPN BET|Holland Casino|MGM|PointsBet|SugarHouse|Titanbets|Unibet|accuscore|consensus|teamrankings,-12.5,2.637639637468101,229.0,-800.0,550.0,-12.5
401468522,15,BetfairSportsbook|Caesars Sportsbook|Caesars Sportsbook (Colorado)|Caesars Sportsbook (New Jersey)|DraftKings|ESPN BET|Holland Casino|MGM|PointsBet|SugarHouse|Titanbets|Unibet|accuscore|consensus|teamrankings,-5.0,0.22886885410853172,226.5,-200.0,165.0,-5.0
401468523,15,BetfairSportsbook|Caesars Sportsbook|Caesars Sportsbook (Colorado)|Caesars Sportsbook (New Jersey)|DraftKings|ESPN BET|Holland Casino|MGM|PointsBet|SugarHouse|Titanbets|Unibet|accuscore|consensus|teamrankings,-8.5,0.5232681184722836,233.0,-350.0,278.0,-8.5
401468524,15,BetfairSportsbook|Caesars Sportsbook|Caesars Sportsbook (Colorado)|Caesars Sportsbook (New Jersey)|DraftKings|ESPN BET|Holland Casino|MGM|PointsBet|SugarHouse|Titanbets|Unibet|accuscore|consensus|teamrankings,-6.5,0.12909944487358055,236.5,-250.0,210.0,-6.5
401468525,14,BetfairSportsbook|Caesars Sportsbook|Caesars Sportsbook (Colorado)|Caesars Sportsbook (New Jersey)|DraftKings|ESPN BET|Holland Casino|MGM|PointsBet|Titanbets|Unibet|accuscore|consensus|teamrankings,-4.0,0.43221891075378316,238.5,-179.5,155.0,-4.0
401468526,15,BetfairSportsbook|Caesars Sportsbook|Caesars Sportsbook (Colorado)|Caesars Sportsbook (New Jersey)|DraftKings|ESPN BET|Holland Casino|MGM|PointsBet|SugarHouse|Titanbets|Unibet|accuscore|consensus|teamrankings,-11.0,0.4498677054212187,229.0,-566.0,425.0,-11.0
401468527,15,BetfairSportsbook|Caesars Sportsbook|Caesars Sportsbook (Colorado)|Caesars Sportsbook (New Jersey)|DraftKings|ESPN BET|Holland Casino|MGM|PointsBet|SugarHouse|Titanbets|Unibet|accuscore|consensus|teamrankings,-5.5,0.2581988897471611,230.5,-222.0,180.0,-5.5
401468528,15,BetfairSportsbook|Caesars Sportsbook|Caesars Sportsbook (Colorado)|Caesars Sportsbook (New Jersey)|DraftKings|ESPN BET|Holland Casino|MGM|PointsBet|SugarHouse|Titanbets|Unibet|accuscore|consensus|teamrankings,-2.0,1.3318444067568567,230.5,-130.0,110.0,-2.0
401468529,15,BetfairSportsbook|Caesars Sportsbook|Caesars Sportsbook (Colorado)|Caesars Sportsbook (New Jersey)|DraftKings|ESPN BET|Holland Casino|MGM|PointsBet|SugarHouse|Titanbets|Unibet|accuscore|consensus|teamrankings,-6.5,0.7286647932708022,211.0,-252.0,210.0,-6.5
401468530,15,BetfairSportsbook|Caesars Sportsbook|Caesars Sportsbook (Colorado)|Caesars Sportsbook (New Jersey)|DraftKings|ESPN BET|Holland Casino|MGM|PointsBet|SugarHouse|Titanbets|Unibet|accuscore|consensus|teamrankings,2.0,0.35186577527449836,230.0,110.0,-130.0,2.0
401468531,15,BetfairSportsbook|Caesars Sportsbook|Caesars Sportsbook (Colorado)|Caesars Sportsbook (New Jersey)|DraftKings|ESPN BET|Holland Casino|MGM|PointsBet|SugarHouse|Titanbets|Unibet|accuscore|consensus|teamrankings,1.5,0.4309458036856673,227.5,105.0,-125.0,1.5
401468532,15,BetfairSportsbook|Caesars Sportsbook|Caesars Sportsbook (Colorado)|Caesars Sportsbook (New Jersey)|DraftKings|ESPN BET|Holland Casino|MGM|PointsBet|SugarHouse|Titanbets|Unibet|accuscore|consensus|teamrankings,4.0,0.2439750182371333,224.0,145.0,-170.0,4.0
401468533,15,BetfairSportsbook|Caesars Sportsbook|Caesars Sportsbook (Colorado)|Caesars Sportsbook (New Jersey)|DraftKings|ESPN BET|Holland Casino|MGM|PointsBet|SugarHouse|Titanbets|Unibet|accuscore|consensus|teamrankings,-4.0,0.4498677054212186,233.0,-174.0,145.0,-4.0
401468534,15,BetfairSportsbook|Caesars Sportsbook|Caesars Sportsbook (Colorado)|Caesars Sportsbook (New Jersey)|DraftKings|ESPN BET|Holland Casino|MGM|PointsBet|SugarHouse|Titanbets|Unibet|accuscore|consensus|teamrankings,8.0,0.7432233529572065,222.5,280.0,-351.0,8.5
401468535,15,BetfairSportsbook|Caesars Sportsbook|Caesars Sportsbook (Colorado)|Caesars Sportsbook (New Jersey)|DraftKings|ESPN BET|Holland Casino|MGM|PointsBet|SugarHouse|Titanbets|Unibet|accuscore|consensus|teamrankings,-7.5,0.12909944487358055,232.5,-300.0,240.0,-7.5
401468536,15,BetfairSportsbook|Caesars Sportsbook|Caesars Sportsbook (Colorado)|Caesars Sportsbook (New Jersey)|DraftKings|ESPN BET|Holland Casino|MGM|PointsBet|SugarHouse|Titanbets|Unibet|accuscore|consensus|teamrankings,-3.5,0.7286647932708021,217.0,-160.0,138.0,-3.5
401468537,15,BetfairSportsbook|Caesars Sportsbook|Caesars Sportsbook (Colorado)|Caesars Sportsbook (New Jersey)|DraftKings|ESPN BET|Holland Casino|MGM|PointsBet|SugarHouse|Titanbets|Unibet|accuscore|consensus|teamrankings,-5.0,0.5498917642417936,228.0,-195.0,162.0,-5.0
401468538,15,BetfairSportsbook|Caesars Sportsbook|Caesars Sportsbook (Colorado)|Caesars Sportsbook (New Jersey)|DraftKings|ESPN BET|Holland Casino|MGM|PointsBet|SugarHouse|Titanbets|Unibet|accuscore|consensus|teamrankings,-11.0,0.2439750182371333,227.5,-552.0,403.0,-11.0
401468539,15,BetfairSportsbook|Caesars Sportsbook|Caesars Sportsbook (Colorado)|Caesars Sportsbook (New Jersey)|DraftKings|ESPN BET|Holland Casino|MGM|PointsBet|SugarHouse|Titanbets|Unibet|accuscore|consensus|teamrankings,1.5,0.6935073041809877,229.0,100.0,-119.0,1.5
401468540,14,BetfairSportsbook|Caesars Sportsbook|Caesars Sportsbook (Colorado)|Caesars Sportsbook (New Jersey)|DraftKings|ESPN BET|Holland Casino|MGM|SugarHouse|Titanbets|Unibet|accuscore|consensus|teamrankings,-1.25,1.3133925536563698,234.5,-110.0,-110.0,1.0
401468541,14,BetfairSportsbook|Caesars Sportsbook|Caesars Sportsbook (Colorado)|Caesars Sportsbook (New Jersey)|DraftKings|ESPN BET|Holland Casino|MGM|SugarHouse|Titanbets|Unibet|accuscore|consensus|teamrankings,1.0,0.6033332321453783,224.5,-105.0,-112.5,1.0
401468542,15,BetfairSportsbook|Caesars Sportsbook|Caesars Sportsbook (Colorado)|Caesars Sportsbook (New Jersey)|DraftKings|ESPN BET|Holland Casino|MGM|PointsBet|SugarHouse|Titanbets|Unibet|accuscore|consensus|teamrankings,-12.0,0.2581988897471611,223.0,-728.0,525.0,-12.0
401468543,15,BetfairSportsbook|Caesars Sportsbook|Caesars Sportsbook (Colorado)|Caesars Sportsbook (New Jersey)|DraftKings|ESPN BET|Holland Casino|MGM|PointsBet|SugarHouse|Titanbets|Unibet|accuscore|consensus|teamrankings,-8.0,0.361873432227873,226.0,-335.0,260.0,-8.5
401468544,15,BetfairSportsbook|Caesars Sportsbook|Caesars Sportsbook (Colorado)|Caesars Sportsbook (New Jersey)|DraftKings|ESPN BET|Holland Casino|MGM|PointsBet|SugarHouse|Titanbets|Unibet|accuscore|consensus|teamrankings,5.0,0.2581988897471611,218.5,170.0,-205.0,5.0
401468545,15,BetfairSportsbook|Caesars Sportsbook|Caesars Sportsbook (Colorado)|Caesars Sportsbook (New Jersey)|DraftKings|ESPN BET|Holland Casino|MGM|PointsBet|SugarHouse|Titanbets|Unibet|accuscore|consensus|teamrankings,-4.5,0.5300494136893097,218.5,-195.0,163.0,-4.5
401468546,15,BetfairSportsbook|Caesars Sportsbook|Caesars Sportsbook (Colorado)|Caesars Sportsbook (New Jersey)|DraftKings|ESPN BET|Holland Casino|MGM|PointsBet|SugarHouse|Titanbets|Unibet|accuscore|consensus|teamrankings,-5.0,1.2516655570345725,220.0,-200.0,165.0,-5.5
401468547,15,BetfairSportsbook|Caesars Sportsbook|Caesars Sportsbook (Colorado)|Caesars Sportsbook (New Jersey)|DraftKings|ESPN BET|Holland Casino|MGM|PointsBet|SugarHouse|Titanbets|Unibet|accuscore|consensus|teamrankings,2.5,0.0,237.0,118.0,-140.0,2.5
401468548,15,BetfairSportsbook|Caesars Sportsbook|Caesars Sportsbook (Colorado)|Caesars Sportsbook (New Jersey)|DraftKings|ESPN BET|Holland Casino|MGM|PointsBet|SugarHouse|Titanbets|Unibet|accuscore|consensus|teamrankings,-11.5,0.0,228.5,-650.0,458.0,-11.5
401468549,15,BetfairSportsbook|Caesars Sportsbook|Caesars Sportsbook (Colorado)|Caesars Sportsbook (New Jersey)|DraftKings|ESPN BET|Holland Casino|MGM|PointsBet|SugarHouse|Titanbets|Unibet|accuscore|consensus|teamrankings,-5.5,0.1759328876372492,230.0,-213.0,175.0,-5.5
401468550,15,BetfairSportsbook|Caesars Sportsbook|Caesars Sportsbook (Colorado)|Caesars Sportsbook (New Jersey)|DraftKings|ESPN BET|Holland Casino|MGM|PointsBet|SugarHouse|Titanbets|Unibet|accuscore|consensus|teamrankings,-3.5,0.4629100498862757,227.0,-167.0,140.0,-3.5
401468551,15,BetfairSportsbook|Caesars Sportsbook|Caesars Sportsbook (Colorado)|Caesars Sportsbook (New Jersey)|DraftKings|ESPN BET|Holland Casino|MGM|PointsBet|SugarHouse|Titanbets|Unibet|accuscore|consensus|teamrankings,5.0,0.25819888974716115,233.5,173.0,-205.0,5.5
401468552,15,BetfairSportsbook|Caesars Sportsbook|Caesars Sportsbook (Colorado)|Caesars Sportsbook (New Jersey)|DraftKings|ESPN BET|Holland Casino|MGM|PointsBet|SugarHouse|Titanbets|Unibet|accuscore|consensus|teamrankings,-2.5,0.1889822365046136,226.0,-138.0,118.0,-2.5
401468553,15,BetfairSportsbook|Caesars Sportsbook|Caesars Sportsbook (Colorado)|Caesars Sportsbook (New Jersey)|DraftKings|ESPN BET|Holland Casino|MGM|PointsBet|SugarHouse|Titanbets|Unibet|accuscore|consensus|teamrankings,6.5,0.22886885410853172,223.0,210.0,-260.0,6.5
401468554,15,BetfairSportsbook|Caesars Sportsbook|Caesars Sportsbook (Colorado)|Caesars Sportsbook (New Jersey)|DraftKings|ESPN BET|Holland Casino|MGM|PointsBet|SugarHouse|Titanbets|Unibet|accuscore|consensus|teamrankings,-10.5,0.0,220.0,-526.0,400.0,-10.5
401468555,15,BetfairSportsbook|Caesars Sportsbook|Caesars Sportsbook (Colorado)|Caesars Sportsbook (New Jersey)|DraftKings|ESPN BET|Holland Casino|MGM|PointsBet|SugarHouse|Titanbets|Unibet|accuscore|consensus|teamrankings,-3.5,0.2968084198523318,235.0,-156.0,135.0,-3.5
401468556,15,BetfairSportsbook|Caesars Sportsbook|Caesars Sportsbook (Colorado)|Caesars Sportsbook (New Jersey)|DraftKings|ESPN BET|Holland Casino|MGM|PointsBet|SugarHouse|Titanbets|Unibet|accuscore|consensus|teamrankings,10.0,0.20701966780270625,227.0,370.0,-480.0,10.0
401468557,15,BetfairSportsbook|Caesars Sportsbook|Caesars Sportsbook (Colorado)|Caesars Sportsbook (New Jersey)|DraftKings|ESPN BET|Holland Casino|MGM|PointsBet|SugarHouse|Titanbets|Unibet|accuscore|consensus|teamrankings,3.5,0.2581988897471611,228.5,137.0,-161.0,3.5
401468558,15,BetfairSportsbook|Caesars Sportsbook|Caesars Sportsbook (Colorado)|Caesars Sportsbook (New Jersey)|DraftKings|ESPN BET|Holland Casino|MGM|PointsBet|SugarHouse|Titanbets|Unibet|accuscore|consensus|teamrankings,5.5,0.20701966780270628,227.0,182.0,-224.0,5.5
401468559,15,BetfairSportsbook|Caesars Sportsbook|Caesars Sportsbook (Colorado)|Caesars Sportsbook (New Jersey)|DraftKings|ESPN BET|Holland Casino|MGM|PointsBet|SugarHouse|Titanbets|Unibet|accuscore|consensus|teamrankings,-9.5,1.1126972805283735,220.5,-450.0,341.0,-9.5
401468560,15,BetfairSportsbook|Caesars Sportsbook|Caesars Sportsbook (Colorado)|Caesars Sportsbook (New Jersey)|DraftKings|ESPN BET|Holland Casino|MGM|PointsBet|SugarHouse|Titanbets|Unibet|accuscore|consensus|teamrankings,-8.5,0.1759328876372492,227.5,-351.0,280.0,-8.5
401468561,15,BetfairSportsbook|Caesars Sportsbook|Caesars Sportsbook (Colorado)|Caesars Sportsbook (New Jersey)|DraftKings|ESPN BET|Holland Casino|MGM|PointsBet|SugarHouse|Titanbets|Unibet|accuscore|consensus|teamrankings,9.5,1.0327955589886444,221.5,330.0,-430.0,9.5
401468562,15,BetfairSportsbook|Caesars Sportsbook|Caesars Sportsbook (Colorado)|Caesars Sportsbook (New Jersey)|DraftKings|ESPN BET|Holland Casino|MGM|PointsBet|SugarHouse|Titanbets|Unibet|accuscore|consensus|teamrankings,-4.0,0.36187343222787294,229.5,-170.0,145.0,-3.5
401468563,15,BetfairSportsbook|Caesars Sportsbook|Caesars Sportsbook (Colorado)|Caesars Sportsbook (New Jersey)|DraftKings|ESPN BET|Holland Casino|MGM|PointsBet|SugarHouse|Titanbets|Unibet|accuscore|consensus|teamrankings,4.0,0.2968084198523318,225.0,151.0,-179.0,4.0
401468564,15,BetfairSportsbook|Caesars Sportsbook|Caesars Sportsbook (Colorado)|Caesars Sportsbook (New Jersey)|DraftKings|ESPN BET|Holland Casino|MGM|PointsBet|SugarHouse|Titanbets|Unibet|accuscore|consensus|teamrankings,-4.0,0.416904693916396,229.5,-180.0,152.0,-4.0
401468565,15,BetfairSportsbook|Caesars Sportsbook|Caesars Sportsbook (Colorado)|Caesars Sportsbook (New Jersey)|DraftKings|ESPN BET|Holland Casino|MGM|PointsBet|SugarHouse|Titanbets|Unibet|accuscore|consensus|teamrankings,-2.5,0.5232681184722836,232.5,-143.0,120.0,-2.5
401468566,15,BetfairSportsbook|Caesars Sportsbook|Caesars Sportsbook (Colorado)|Caesars Sportsbook (New Jersey)|DraftKings|ESPN BET|Holland Casino|MGM|PointsBet|SugarHouse|Titanbets|Unibet|accuscore|consensus|teamrankings,6.5,0.4418575508442684,224.0,210.0,-260.0,6.5
401468567,15,BetfairSportsbook|Caesars Sportsbook|Caesars Sportsbook (Colorado)|Caesars Sportsbook (New Jersey)|DraftKings|ESPN BET|Holland Casino|MGM|PointsBet|SugarHouse|Titanbets|Unibet|accuscore|consensus|teamrankings,2.0,0.2968084198523318,232.5,110.0,-130.0,2.0
401468568,15,BetfairSportsbook|Caesars Sportsbook|Caesars Sportsbook (Colorado)|Caesars Sportsbook (New Jersey)|DraftKings|ESPN BET|Holland Casino|MGM|PointsBet|SugarHouse|Titanbets|Unibet|accuscore|consensus|teamrankings,4.0,0.25354627641855493,236.5,145.0,-170.0,4.0
401468569,15,BetfairSportsbook|Caesars Sportsbook|Caesars Sportsbook (Colorado)|Caesars Sportsbook (New Jersey)|DraftKings|ESPN BET|Holland Casino|MGM|PointsBet|SugarHouse|Titanbets|Unibet|accuscore|consensus|teamrankings,-4.5,1.0768118728560758,230.0,-185.0,155.0,-4.5
401468570,14,BetfairSportsbook|Caesars Sportsbook|Caesars Sportsbook (Colorado)|Caesars Sportsbook (New Jersey)|DraftKings|ESPN BET|Holland Casino|MGM|SugarHouse|Titanbets|Unibet|accuscore|consensus|teamrankings,1.5,0.13363062095621223,239.0,103.0,-124.5,1.5
401468571,15,BetfairSportsbook|Caesars Sportsbook|Caesars Sportsbook (Colorado)|Caesars Sportsbook (New Jersey)|DraftKings|ESPN BET|Holland Casino|MGM|PointsBet|SugarHouse|Titanbets|Unibet|accuscore|consensus|teamrankings,3.0,0.3199702367110922,226.0,125.0,-147.0,3.0
401468572,15,BetfairSportsbook|Caesars Sportsbook|Caesars Sportsbook (Colorado)|Caesars Sportsbook (New Jersey)|DraftKings|ESPN BET|Holland Casino|MGM|PointsBet|SugarHouse|Titanbets|Unibet|accuscore|consensus|teamrankings,-5.0,0.33806170189140666,232.0,-200.0,165.0,-5.0
401468573,15,BetfairSportsbook|Caesars Sportsbook|Caesars Sportsbook (Colorado)|Caesars Sportsbook (New Jersey)|DraftKings|ESPN BET|Holland Casino|MGM|PointsBet|SugarHouse|Titanbets|Unibet|accuscore|consensus|teamrankings,-3.5,0.2968084198523318,226.5,-156.0,130.0,-3.5
401468574,15,BetfairSportsbook|Caesars Sportsbook|Caesars Sportsbook (Colorado)|Caesars Sportsbook (New Jersey)|DraftKings|ESPN BET|Holland Casino|MGM|PointsBet|SugarHouse|Titanbets|Unibet|accuscore|consensus|teamrankings,2.5,0.6113996432854079,222.5,120.0,-140.0,2.5
401468575,15,BetfairSportsbook|Caesars Sportsbook|Caesars Sportsbook (Colorado)|Caesars Sportsbook (New Jersey)|DraftKings|ESPN BET|Holland Casino|MGM|PointsBet|SugarHouse|Titanbets|Unibet|accuscore|consensus|teamrankings,7.5,0.4928053803045811,231.0,240.0,-300.0,7.5
401468576,15,BetfairSportsbook|Caesars Sportsbook|Caesars Sportsbook (Colorado)|Caesars Sportsbook (New Jersey)|DraftKings|ESPN BET|Holland Casino|MGM|PointsBet|SugarHouse|Titanbets|Unibet|accuscore|consensus|teamrankings,-2.5,0.3199702367110922,217.0,-139.0,117.0,-2.5
401468577,15,BetfairSportsbook|Caesars Sportsbook|Caesars Sportsbook (Colorado)|Caesars Sportsbook (New Jersey)|DraftKings|ESPN BET|Holland Casino|MGM|PointsBet|SugarHouse|Titanbets|Unibet|accuscore|consensus|teamrankings,-11.5,0.6986381310057719,224.5,-650.0,475.0,-11.5
401468578,15,BetfairSportsbook|Caesars Sportsbook|Caesars Sportsbook (Colorado)|Caesars Sportsbook (New Jersey)|DraftKings|ESPN BET|Holland Casino|MGM|PointsBet|SugarHouse|Titanbets|Unibet|accuscore|consensus|teamrankings,-7.0,0.47056197405716005,221.5,-278.0,224.0,-7.0
401468579,15,BetfairSportsbook|Caesars Sportsbook|Caesars Sportsbook (Colorado)|Caesars Sportsbook (New Jersey)|DraftKings|ESPN BET|Holland Casino|MGM|PointsBet|SugarHouse|Titanbets|Unibet|accuscore|consensus|teamrankings,3.0,0.8380817098475258,218.0,125.0,-150.0,3.0
401468580,15,BetfairSportsbook|Caesars Sportsbook|Caesars Sportsbook (Colorado)|Caesars Sportsbook (New Jersey)|DraftKings|ESPN BET|Holland Casino|MGM|PointsBet|SugarHouse|Titanbets|Unibet|accuscore|consensus|teamrankings,-3.5,0.8837151016885368,226.5,-155.0,130.0,-3.5
401468581,15,BetfairSportsbook|Caesars Sportsbook|Caesars Sportsbook (Colorado)|Caesars Sportsbook (New Jersey)|DraftKings|ESPN BET|Holland Casino|MGM|PointsBet|SugarHouse|Titanbets|Unibet|accuscore|consensus|teamrankings,1.5,0.5606119105813882,232.0,100.0,-120.0,1.5
401468582,15,BetfairSportsbook|Caesars Sportsbook|Caesars Sportsbook (Colorado)|Caesars Sportsbook (New Jersey)|DraftKings|ESPN BET|Holland Casino|MGM|PointsBet|SugarHouse|Titanbets|Unibet|accuscore|consensus|teamrankings,6.5,3.293210909619682,218.5,200.0,-250.0,6.5
401468583,14,BetfairSportsbook|Caesars Sportsbook|Caesars Sportsbook (Colorado)|Caesars Sportsbook (New Jersey)|DraftKings|ESPN BET|Holland Casino|MGM|SugarHouse|Titanbets|Unibet|accuscore|consensus|teamrankings,-2.5,0.0,240.5,-140.0,119.0,-2.5
401468584,14,BetfairSportsbook|Caesars Sportsbook|Caesars Sportsbook (Colorado)|Caesars Sportsbook (New Jersey)|DraftKings|ESPN BET|Holland Casino|MGM|SugarHouse|Titanbets|Unibet|accuscore|consensus|teamrankings,6.5,0.6844023622158193,238.0,201.0,-248.5,6.5
401468585,15,BetfairSportsbook|Caesars Sportsbook|Caesars Sportsbook (Colorado)|Caesars Sportsbook (New Jersey)|DraftKings|ESPN BET|Holland Casino|MGM|PointsBet|SugarHouse|Titanbets|Unibet|accuscore|consensus|teamrankings,-13.0,0.2968084198523318,226.0,-975.0,600.0,-13.0
401468586,15,BetfairSportsbook|Caesars Sportsbook|Caesars Sportsbook (Colorado)|Caesars Sportsbook (New Jersey)|DraftKings|ESPN BET|Holland Casino|MGM|PointsBet|SugarHouse|Titanbets|Unibet|accuscore|consensus|teamrankings,-8.0,0.2803059552906941,222.0,-329.0,260.0,-8.0
401468587,15,BetfairSportsbook|Caesars Sportsbook|Caesars Sportsbook (Colorado)|Caesars Sportsbook (New Jersey)|DraftKings|ESPN BET|Holland Casino|MGM|PointsBet|SugarHouse|Titanbets|Unibet|accuscore|consensus|teamrankings,-8.5,0.416904693916396,221.0,-385.0,300.0,-8.5
401468588,15,BetfairSportsbook|Caesars Sportsbook|Caesars Sportsbook (Colorado)|Caesars Sportsbook (New Jersey)|DraftKings|ESPN BET|Holland Casino|MGM|PointsBet|SugarHouse|Titanbets|Unibet|accuscore|consensus|teamrankings,1.5,0.25318484177091666,224.0,100.0,-120.0,1.5
401468589,15,BetfairSportsbook|Caesars Sportsbook|Caesars Sportsbook (Colorado)|Caesars Sportsbook (New Jersey)|DraftKings|ESPN BET|Holland Casino|MGM|PointsBet|SugarHouse|Titanbets|Unibet|accuscore|consensus|teamrankings,-2.5,0.2968084198523318,225.5,-140.0,120.0,-2.5
401468590,15,BetfairSportsbook|Caesars Sportsbook|Caesars Sportsbook (Colorado)|Caesars Sportsbook (New Jersey)|DraftKings|ESPN BET|Holland Casino|MGM|PointsBet|SugarHouse|Titanbets|Unibet|accuscore|consensus|teamrankings,-4.5,1.3469542361512192,234.5,-185.0,158.0,-4.5
401468591,15,BetfairSportsbook|Caesars Sportsbook|Caesars Sportsbook (Colorado)|Caesars Sportsbook (New Jersey)|DraftKings|ESPN BET|Holland Casino|MGM|PointsBet|SugarHouse|Titanbets|Unibet|accuscore|consensus|teamrankings,-4.0,0.35186577527449836,226.5,-180.0,151.0,-4.0
401468592,15,BetfairSportsbook|Caesars Sportsbook|Caesars Sportsbook (Colorado)|Caesars Sportsbook (New Jersey)|DraftKings|ESPN BET|Holland Casino|MGM|PointsBet|SugarHouse|Titanbets|Unibet|accuscore|consensus|teamrankings,1.5,0.280305955290694,236.5,105.5,-125.0,1.5
401468593,15,BetfairSportsbook|Caesars Sportsbook|Caesars Sportsbook (Colorado)|Caesars Sportsbook (New Jersey)|DraftKings|ESPN BET|Holland Casino|MGM|PointsBet|SugarHouse|Titanbets|Unibet|accuscore|consensus|teamrankings,-5.5,0.4418575508442684,219.0,-205.0,170.0,-5.5
401468594,15,BetfairSportsbook|Caesars Sportsbook|Caesars Sportsbook (Colorado)|Caesars Sportsbook (New Jersey)|DraftKings|ESPN BET|Holland Casino|MGM|PointsBet|SugarHouse|Titanbets|Unibet|accuscore|consensus|teamrankings,8.0,1.425114865880074,222.5,263.0,-333.0,8.0
401468595,15,BetfairSportsbook|Caesars Sportsbook|Caesars Sportsbook (Colorado)|Caesars Sportsbook (New Jersey)|DraftKings|ESPN BET|Holland Casino|MGM|PointsBet|SugarHouse|Titanbets|Unibet|accuscore|consensus|teamrankings,-8.5,2.0017849178028237,211.5,-356.0,286.0,-8.5
401468596,15,BetfairSportsbook|Caesars Sportsbook|Caesars Sportsbook (Colorado)|Caesars Sportsbook (New Jersey)|DraftKings|ESPN BET|Holland Casino|MGM|PointsBet|SugarHouse|Titanbets|Unibet|accuscore|consensus|teamrankings,3.5,0.30860669992418377,228.0,133.0,-155.0,3.5
401468597,15,BetfairSportsbook|Caesars Sportsbook|Caesars Sportsbook (Colorado)|Caesars Sportsbook (New Jersey)|DraftKings|ESPN BET|Holland Casino|MGM|PointsBet|SugarHouse|Titanbets|Unibet|accuscore|consensus|teamrankings,-2.0,1.26585186826143,227.5,-130.0,111.5,-2.0
401468598,15,BetfairSportsbook|Caesars Sportsbook|Caesars Sportsbook (Colorado)|Caesars Sportsbook (New Jersey)|DraftKings|ESPN BET|Holland Casino|MGM|PointsBet|SugarHouse|Titanbets|Unibet|accuscore|consensus|teamrankings,11.0,1.2051476890327395,230.0,425.0,-580.0,11.0
401468599,15,BetfairSportsbook|Caesars Sportsbook|Caesars Sportsbook (Colorado)|Caesars Sportsbook (New Jersey)|DraftKings|ESPN BET|Holland Casino|MGM|PointsBet|SugarHouse|Titanbets|Unibet|accuscore|consensus|teamrankings,-3.0,0.5814595756329396,227.5,-150.0,126.0,-3.0
401468600,15,BetfairSportsbook|Caesars Sportsbook|Caesars Sportsbook (Colorado)|Caesars Sportsbook (New Jersey)|DraftKings|ESPN BET|Holland Casino|MGM|PointsBet|SugarHouse|Titanbets|Unibet|accuscore|consensus|teamrankings,-10.5,0.12909944487358055,223.0,-540.0,400.0,-10.5
401468601,15,BetfairSportsbook|Caesars Sportsbook|Caesars Sportsbook (Colorado)|Caesars Sportsbook (New Jersey)|DraftKings|ESPN BET|Holland Casino|MGM|PointsBet|SugarHouse|Titanbets|Unibet|accuscore|consensus|teamrankings,1.0,1.0836246694508318,227.5,-110.0,-110.0,1.0
401468602,15,BetfairSportsbook|Caesars Sportsbook|Caesars Sportsbook (Colorado)|Caesars Sportsbook (New Jersey)|DraftKings|ESPN BET|Holland Casino|MGM|PointsBet|SugarHouse|Titanbets|Unibet|accuscore|consensus|teamrankings,8.0,0.6454972243679027,228.0,275.0,-350.0,8.0
401468603,15,BetfairSportsbook|Caesars Sportsbook|Caesars Sportsbook (Colorado)|Caesars Sportsbook (New Jersey)|DraftKings|ESPN BET|Holland Casino|MGM|PointsBet|SugarHouse|Titanbets|Unibet|accuscore|consensus|teamrankings,-6.0,0.2288688541085317,223.5,-230.0,190.0,-6.0
401468604,15,BetfairSportsbook|Caesars Sportsbook|Caesars Sportsbook (Colorado)|Caesars Sportsbook (New Jersey)|DraftKings|ESPN BET|Holland Casino|MGM|PointsBet|SugarHouse|Titanbets|Unibet|accuscore|consensus|teamrankings,1.5,0.2672612419124244,234.0,100.0,-120.0,1.5
401468605,15,BetfairSportsbook|Caesars Sportsbook|Caesars Sportsbook (Colorado)|Caesars Sportsbook (New Jersey)|DraftKings|ESPN BET|Holland Casino|MGM|PointsBet|SugarHouse|Titanbets|Unibet|accuscore|consensus|teamrankings,-9.0,0.4225771273642583,235.0,-400.0,310.0,-9.0
401468606,15,BetfairSportsbook|Caesars Sportsbook|Caesars Sportsbook (Colorado)|Caesars Sportsbook (New Jersey)|DraftKings|ESPN BET|Holland Casino|MGM|PointsBet|SugarHouse|Titanbets|Unibet|accuscore|consensus|teamrankings,-3.0,0.48057505236162745,237.0,-150.0,126.0,-3.0
401468607,15,BetfairSportsbook|Caesars Sportsbook|Caesars Sportsbook (Colorado)|Caesars Sportsbook (New Jersey)|DraftKings|ESPN BET|Holland Casino|MGM|PointsBet|SugarHouse|Titanbets|Unibet|accuscore|consensus|teamrankings,-6.5,0.1889822365046136,220.0,-252.0,210.0,-6.5
401468608,14,BetfairSportsbook|Caesars Sportsbook (Colorado)|Caesars Sportsbook (New Jersey)|DraftKings|ESPN BET|Holland Casino|MGM|PointsBet|SugarHouse|Titanbets|Unibet|accuscore|consensus|teamrankings,-6.5,0.1815682598006407,219.5,-263.0,217.0,-6.5
401468609,15,BetfairSportsbook|Caesars Sportsbook|Caesars Sportsbook (Colorado)|Caesars Sportsbook (New Jersey)|DraftKings|ESPN BET|Holland Casino|MGM|PointsBet|SugarHouse|Titanbets|Unibet|accuscore|consensus|teamrankings,-8.5,0.36187343222787294,230.0,-354.0,278.0,-8.5
401468610,15,BetfairSportsbook|Caesars Sportsbook|Caesars Sportsbook (Colorado)|Caesars Sportsbook (New Jersey)|DraftKings|ESPN BET|Holland Casino|MGM|PointsBet|SugarHouse|Titanbets|Unibet|accuscore|consensus|teamrankings,-4.5,0.4140393356054125,226.5,-185.0,158.0,-4.5
401468611,14,BetfairSportsbook|Caesars Sportsbook (Colorado)|Caesars Sportsbook (New Jersey)|DraftKings|ESPN BET|Holland Casino|MGM|PointsBet|SugarHouse|Titanbets|Unibet|accuscore|consensus|teamrankings,5.5,0.9473309334313419,231.0,180.0,-220.0,5.5
401468612,14,BetfairSportsbook|Caesars Sportsbook (Colorado)|Caesars Sportsbook (New Jersey)|DraftKings|ESPN BET|Holland Casino|MGM|PointsBet|SugarHouse|Titanbets|Unibet|accuscore|consensus|teamrankings,-1.0,0.9862693712811287,227.5,-110.0,-110.0,-1.0
401468613,14,BetfairSportsbook|Caesars Sportsbook (Colorado)|Caesars Sportsbook (New Jersey)|DraftKings|ESPN BET|Holland Casino|MGM|PointsBet|SugarHouse|Titanbets|Unibet|accuscore|consensus|teamrankings,4.0,1.231455852429764,232.5,151.0,-178.0,4.0
401468614,15,BetfairSportsbook|Caesars Sportsbook|Caesars Sportsbook (Colorado)|Caesars Sportsbook (New Jersey)|DraftKings|ESPN BET|Holland Casino|MGM|PointsBet|SugarHouse|Titanbets|Unibet|accuscore|consensus|teamrankings,-11.0,0.9856107606091623,224.0,-600.0,450.0,-11.0
401468615,15,BetfairSportsbook|Caesars Sportsbook|Caesars Sportsbook (Colorado)|Caesars Sportsbook (New Jersey)|DraftKings|ESPN BET|Holland Casino|MGM|PointsBet|SugarHouse|Titanbets|Unibet|accuscore|consensus|teamrankings,-10.0,0.4418575508442684,241.5,-480.0,360.0,-10.0
401468616,16,BetfairSportsbook|Caesars Sportsbook|Caesars Sportsbook (Colorado)|Caesars Sportsbook (New Jersey)|DraftKings|ESPN BET|Holland Casino|MGM|PointsBet|SugarHouse|Titanbets|Unibet|accuscore|betegy|consensus|teamrankings,2.5,0.3520771695712935,228.5,118.0,-140.0,2.5
401468617,16,BetfairSportsbook|Caesars Sportsbook|Caesars Sportsbook (Colorado)|Caesars Sportsbook (New Jersey)|DraftKings|ESPN BET|Holland Casino|MGM|PointsBet|SugarHouse|Titanbets|Unibet|accuscore|betegy|consensus|teamrankings,-1.5,1.3022416570411703,221.5,-120.0,101.0,-1.5
401468618,14,BetfairSportsbook|Caesars Sportsbook|Caesars Sportsbook (Colorado)|Caesars Sportsbook (New Jersey)|DraftKings|ESPN BET|Holland Casino|MGM|Titanbets|Unibet|accuscore|betegy|consensus|teamrankings,-6.0,0.575364194266515,220.5,-228.5,189.0,-5.5
401468619,16,BetfairSportsbook|Caesars Sportsbook|Caesars Sportsbook (Colorado)|Caesars Sportsbook (New Jersey)|DraftKings|ESPN BET|Holland Casino|MGM|PointsBet|SugarHouse|Titanbets|Unibet|accuscore|betegy|consensus|teamrankings,-7.0,0.3637192140465866,223.5,-297.5,236.0,-7.0
401468620,16,BetfairSportsbook|Caesars Sportsbook|Caesars Sportsbook (Colorado)|Caesars Sportsbook (New Jersey)|DraftKings|ESPN BET|Holland Casino|MGM|PointsBet|SugarHouse|Titanbets|Unibet|accuscore|betegy|consensus|teamrankings,1.5,0.9213893494789992,235.0,100.0,-120.0,1.5
401468621,15,BetfairSportsbook|Caesars Sportsbook|Caesars Sportsbook (Colorado)|Caesars Sportsbook (New Jersey)|DraftKings|ESPN BET|Holland Casino|MGM|PointsBet|SugarHouse|Titanbets|Unibet|accuscore|consensus|teamrankings,-2.5,0.280305955290694,216.0,-135.0,115.0,-2.5
401468622,15,BetfairSportsbook|Caesars Sportsbook|Caesars Sportsbook (Colorado)|Caesars Sportsbook (New Jersey)|DraftKings|ESPN BET|Holland Casino|MGM|PointsBet|SugarHouse|Titanbets|Unibet|accuscore|consensus|teamrankings,-12.0,0.2672612419124244,222.0,-700.0,492.0,-12.0
401468623,15,BetfairSportsbook|Caesars Sportsbook|Caesars Sportsbook (Colorado)|Caesars Sportsbook (New Jersey)|DraftKings|ESPN BET|Holland Casino|MGM|PointsBet|SugarHouse|Titanbets|Unibet|accuscore|consensus|teamrankings,-5.0,0.5300494136893097,236.0,-200.0,170.0,-5.0
401468624,15,BetfairSportsbook|Caesars Sportsbook|Caesars Sportsbook (Colorado)|Caesars Sportsbook (New Jersey)|DraftKings|ESPN BET|Holland Casino|MGM|PointsBet|SugarHouse|Titanbets|Unibet|accuscore|consensus|teamrankings,-9.5,0.1759328876372492,232.0,-450.0,335.0,-9.5
401468625,15,BetfairSportsbook|Caesars Sportsbook|Caesars Sportsbook (Colorado)|Caesars Sportsbook (New Jersey)|DraftKings|ESPN BET|Holland Casino|MGM|PointsBet|SugarHouse|Titanbets|Unibet|accuscore|consensus|teamrankings,-10.5,0.3518657752744984,223.5,-550.0,400.0,-10.5
401468626,15,BetfairSportsbook|Caesars Sportsbook|Caesars Sportsbook (Colorado)|Caesars Sportsbook (New Jersey)|DraftKings|ESPN BET|Holland Casino|MGM|PointsBet|SugarHouse|Titanbets|Unibet|accuscore|consensus|teamrankings,-2.0,0.22886885410853175,218.0,-130.0,110.0,-2.0
401468627,15,BetfairSportsbook|Caesars Sportsbook|Caesars Sportsbook (Colorado)|Caesars Sportsbook (New Jersey)|DraftKings|ESPN BET|Holland Casino|MGM|PointsBet|SugarHouse|Titanbets|Unibet|accuscore|consensus|teamrankings,-1.0,1.3601470508735445,223.5,-111.0,-105.0,-1.0
401468628,15,BetfairSportsbook|Caesars Sportsbook|Caesars Sportsbook (Colorado)|Caesars Sportsbook (New Jersey)|DraftKings|ESPN BET|Holland Casino|MGM|PointsBet|SugarHouse|Titanbets|Unibet|accuscore|consensus|teamrankings,2.5,0.4309458036856674,227.5,115.0,-135.0,2.5
401468629,15,BetfairSportsbook|Caesars Sportsbook|Caesars Sportsbook (Colorado)|Caesars Sportsbook (New Jersey)|DraftKings|ESPN BET|Holland Casino|MGM|PointsBet|SugarHouse|Titanbets|Unibet|accuscore|consensus|teamrankings,3.5,0.20701966780270625,234.5,140.0,-165.0,3.5
401468630,15,BetfairSportsbook|Caesars Sportsbook|Caesars Sportsbook (Colorado)|Caesars Sportsbook (New Jersey)|DraftKings|ESPN BET|Holland Casino|MGM|PointsBet|SugarHouse|Titanbets|Unibet|accuscore|consensus|teamrankings,-8.0,0.5936168397046636,240.0,-333.0,265.0,-8.0
401468631,15,BetfairSportsbook|Caesars Sportsbook|Caesars Sportsbook (Colorado)|Caesars Sportsbook (New Jersey)|DraftKings|ESPN BET|Holland Casino|MGM|PointsBet|SugarHouse|Titanbets|Unibet|accuscore|consensus|teamrankings,-9.0,0.7237468644557459,228.0,-380.0,300.0,-9.0
401468632,15,BetfairSportsbook|Caesars Sportsbook|Caesars Sportsbook (Colorado)|Caesars Sportsbook (New Jersey)|DraftKings|ESPN BET|Holland Casino|MGM|PointsBet|SugarHouse|Titanbets|Unibet|accuscore|consensus|teamrankings,-8.5,0.2581988897471611,228.0,-355.0,285.0,-8.5
401468633,15,BetfairSportsbook|Caesars Sportsbook|Caesars Sportsbook (Colorado)|Caesars Sportsbook (New Jersey)|DraftKings|ESPN BET|Holland Casino|MGM|PointsBet|SugarHouse|Titanbets|Unibet|accuscore|consensus|teamrankings,-7.0,0.3518657752744984,232.0,-278.0,225.0,-7.0
401468634,15,BetfairSportsbook|Caesars Sportsbook|Caesars Sportsbook (Colorado)|Caesars Sportsbook (New Jersey)|DraftKings|ESPN BET|Holland Casino|MGM|PointsBet|SugarHouse|Titanbets|Unibet|accuscore|consensus|teamrankings,-6.0,0.9722335600245935,228.0,-235.0,193.0,-6.5
401468635,15,BetfairSportsbook|Caesars Sportsbook|Caesars Sportsbook (Colorado)|Caesars Sportsbook (New Jersey)|DraftKings|ESPN BET|Holland Casino|MGM|PointsBet|SugarHouse|Titanbets|Unibet|accuscore|consensus|teamrankings,-3.5,0.0,214.0,-167.0,140.0,-3.5
401468636,15,BetfairSportsbook|Caesars Sportsbook|Caesars Sportsbook (Colorado)|Caesars Sportsbook (New Jersey)|DraftKings|ESPN BET|Holland Casino|MGM|PointsBet|SugarHouse|Titanbets|Unibet|accuscore|consensus|teamrankings,-9.5,0.0,233.5,-450.0,350.0,-9.5
401468637,15,BetfairSportsbook|Caesars Sportsbook|Caesars Sportsbook (Colorado)|Caesars Sportsbook (New Jersey)|DraftKings|ESPN BET|Holland Casino|MGM|PointsBet|SugarHouse|Titanbets|Unibet|accuscore|consensus|teamrankings,-9.5,0.1759328876372492,228.5,-445.0,333.0,-9.5
401468638,15,BetfairSportsbook|Caesars Sportsbook|Caesars Sportsbook (Colorado)|Caesars Sportsbook (New Jersey)|DraftKings|ESPN BET|Holland Casino|MGM|PointsBet|SugarHouse|Titanbets|Unibet|accuscore|consensus|teamrankings,-2.5,0.22886885410853175,230.0,-133.0,115.0,-2.5
401468639,15,BetfairSportsbook|Caesars Sportsbook|Caesars Sportsbook (Colorado)|Caesars Sportsbook (New Jersey)|DraftKings|ESPN BET|Holland Casino|MGM|PointsBet|SugarHouse|Titanbets|Unibet|accuscore|consensus|teamrankings,-4.5,0.3518657752744984,214.0,-194.0,162.0,-4.5
401468640,15,BetfairSportsbook|Caesars Sportsbook|Caesars Sportsbook (Colorado)|Caesars Sportsbook (New Jersey)|DraftKings|ESPN BET|Holland Casino|MGM|PointsBet|SugarHouse|Titanbets|Unibet|accuscore|consensus|teamrankings,-6.0,0.2581988897471611,225.0,-235.0,190.0,-6.0
401468641,15,BetfairSportsbook|Caesars Sportsbook|Caesars Sportsbook (Colorado)|Caesars Sportsbook (New Jersey)|DraftKings|ESPN BET|Holland Casino|MGM|PointsBet|SugarHouse|Titanbets|Unibet|accuscore|consensus|teamrankings,-6.0,1.1094829340518855,224.0,-238.0,194.0,-6.5
401468642,15,BetfairSportsbook|Caesars Sportsbook|Caesars Sportsbook (Colorado)|Caesars Sportsbook (New Jersey)|DraftKings|ESPN BET|Holland Casino|MGM|PointsBet|SugarHouse|Titanbets|Unibet|accuscore|consensus|teamrankings,7.0,0.31997023671109226,220.0,220.0,-275.0,7.0
401468643,15,BetfairSportsbook|Caesars Sportsbook|Caesars Sportsbook (Colorado)|Caesars Sportsbook (New Jersey)|DraftKings|ESPN BET|Holland Casino|MGM|PointsBet|SugarHouse|Titanbets|Unibet|accuscore|consensus|teamrankings,-1.5,0.416904693916396,233.0,-125.0,105.0,-1.5
401468644,15,BetfairSportsbook|Caesars Sportsbook|Caesars Sportsbook (Colorado)|Caesars Sportsbook (New Jersey)|DraftKings|ESPN BET|Holland Casino|MGM|PointsBet|SugarHouse|Titanbets|Unibet|accuscore|consensus|teamrankings,-5.5,0.29680841985233186,233.0,-210.0,178.0,-5.5
401468645,15,BetfairSportsbook|Caesars Sportsbook|Caesars Sportsbook (Colorado)|Caesars Sportsbook (New Jersey)|DraftKings|ESPN BET|Holland Casino|MGM|PointsBet|SugarHouse|Titanbets|Unibet|accuscore|consensus|teamrankings,2.5,0.6510065466717856,226.5,121.0,-145.0,2.5
401468646,15,BetfairSportsbook|Caesars Sportsbook|Caesars Sportsbook (Colorado)|Caesars Sportsbook (New Jersey)|DraftKings|ESPN BET|Holland Casino|MGM|PointsBet|SugarHouse|Titanbets|Unibet|accuscore|consensus|teamrankings,-7.5,0.280305955290694,239.0,-333.0,260.0,-7.5
401468647,15,BetfairSportsbook|Caesars Sportsbook|Caesars Sportsbook (Colorado)|Caesars Sportsbook (New Jersey)|DraftKings|ESPN BET|Holland Casino|MGM|PointsBet|SugarHouse|Titanbets|Unibet|accuscore|consensus|teamrankings,-3.0,0.37161167647860327,243.0,-145.0,123.0,-3.5
401468648,16,BetfairSportsbook|Caesars Sportsbook|Caesars Sportsbook (Colorado)|Caesars Sportsbook (New Jersey)|DraftKings|ESPN BET|Holland Casino|MGM|PointsBet|SugarHouse|Titanbets|Unibet|Westgate|accuscore|consensus|teamrankings,2.0,0.5467708234108083,215.5,105.0,-130.0,2.5
401468649,16,BetfairSportsbook|Caesars Sportsbook|Caesars Sportsbook (Colorado)|Caesars Sportsbook (New Jersey)|DraftKings|ESPN BET|Holland Casino|MGM|PointsBet|SugarHouse|Titanbets|Unibet|Westgate|accuscore|consensus|teamrankings,-7.5,0.9303897032964198,232.0,-307.0,247.0,-7.5
401468650,16,BetfairSportsbook|Caesars Sportsbook|Caesars Sportsbook (Colorado)|Caesars Sportsbook (New Jersey)|DraftKings|ESPN BET|Holland Casino|MGM|PointsBet|SugarHouse|Titanbets|Unibet|Westgate|accuscore|consensus|teamrankings,-5.5,1.2479149276559949,226.5,-213.0,176.0,-5.5
401468651,16,BetfairSportsbook|Caesars Sportsbook|Caesars Sportsbook (Colorado)|Caesars Sportsbook (New Jersey)|DraftKings|ESPN BET|Holland Casino|MGM|PointsBet|SugarHouse|Titanbets|Unibet|Westgate|accuscore|consensus|teamrankings,7.0,3.011090610836324,233.0,230.0,-286.0,7.0
401468652,16,BetfairSportsbook|Caesars Sportsbook|Caesars Sportsbook (Colorado)|Caesars Sportsbook (New Jersey)|DraftKings|ESPN BET|Holland Casino|MGM|PointsBet|SugarHouse|Titanbets|Unibet|Westgate|accuscore|consensus|teamrankings,-4.0,0.4366062299143245,229.5,-175.0,148.0,-4.0
401468653,15,BetfairSportsbook|Caesars Sportsbook|Caesars Sportsbook (Colorado)|Caesars Sportsbook (New Jersey)|DraftKings|ESPN BET|Holland Casino|MGM|PointsBet|SugarHouse|Titanbets|Unibet|accuscore|consensus|teamrankings,-2.0,0.2439750182371333,220.0,-130.0,110.0,-2.5
401468654,15,BetfairSportsbook|Caesars Sportsbook|Caesars Sportsbook (Colorado)|Caesars Sportsbook (New Jersey)|DraftKings|ESPN BET|Holland Casino|MGM|PointsBet|SugarHouse|Titanbets|Unibet|accuscore|consensus|teamrankings,5.5,0.4418575508442684,222.5,180.0,-222.0,5.5
401468655,14,BetfairSportsbook|Caesars Sportsbook (Colorado)|Caesars Sportsbook (New Jersey)|DraftKings|ESPN BET|Holland Casino|MGM|PointsBet|SugarHouse|Titanbets|Unibet|accuscore|consensus|teamrankings,1.0,1.8476028695681235,222.0,-110.0,-108.0,1.5
401468656,15,BetfairSportsbook|Caesars Sportsbook|Caesars Sportsbook (Colorado)|Caesars Sportsbook (New Jersey)|DraftKings|ESPN BET|Holland Casino|MGM|PointsBet|SugarHouse|Titanbets|Unibet|accuscore|consensus|teamrankings,-7.0,0.4309458036856673,231.5,-275.0,220.0,-7.0
401468657,15,BetfairSportsbook|Caesars Sportsbook|Caesars Sportsbook (Colorado)|Caesars Sportsbook (New Jersey)|DraftKings|ESPN BET|Holland Casino|MGM|PointsBet|SugarHouse|Titanbets|Unibet|accuscore|consensus|teamrankings,-2.0,1.2218253323847654,234.5,-130.0,110.0,-2.0
401468658,15,BetfairSportsbook|Caesars Sportsbook|Caesars Sportsbook (Colorado)|Caesars Sportsbook (New Jersey)|DraftKings|ESPN BET|Holland Casino|MGM|PointsBet|SugarHouse|Titanbets|Unibet|accuscore|consensus|teamrankings,4.5,0.3716116764786033,235.5,160.0,-194.0,4.5
401468659,15,BetfairSportsbook|Caesars Sportsbook|Caesars Sportsbook (Colorado)|Caesars Sportsbook (New Jersey)|DraftKings|ESPN BET|Holland Casino|MGM|PointsBet|SugarHouse|Titanbets|Unibet|accuscore|consensus|teamrankings,-5.5,0.2288688541085317,238.5,-210.0,175.0,-5.5
401468660,15,BetfairSportsbook|Caesars Sportsbook|Caesars Sportsbook (Colorado)|Caesars Sportsbook (New Jersey)|DraftKings|ESPN BET|Holland Casino|MGM|PointsBet|SugarHouse|Titanbets|Unibet|accuscore|consensus|teamrankings,-3.5,0.6672616392676078,237.0,-150.0,128.0,-3.0
401468661,15,BetfairSportsbook|Caesars Sportsbook|Caesars Sportsbook (Colorado)|Caesars Sportsbook (New Jersey)|DraftKings|ESPN BET|Holland Casino|MGM|PointsBet|SugarHouse|Titanbets|Unibet|accuscore|consensus|teamrankings,4.5,0.1889822365046136,225.0,160.0,-190.0,4.5
401468662,15,BetfairSportsbook|Caesars Sportsbook|Caesars Sportsbook (Colorado)|Caesars Sportsbook (New Jersey)|DraftKings|ESPN BET|Holland Casino|MGM|PointsBet|SugarHouse|Titanbets|Unibet|accuscore|consensus|teamrankings,-15.0,0.280305955290694,229.5,-1408.0,800.0,-15.0
401468663,15,BetfairSportsbook|Caesars Sportsbook|Caesars Sportsbook (Colorado)|Caesars Sportsbook (New Jersey)|DraftKings|ESPN BET|Holland Casino|MGM|PointsBet|SugarHouse|Titanbets|Unibet|accuscore|consensus|teamrankings,1.5,1.2021805585011325,238.5,104.5,-122.0,1.5
401468664,15,BetfairSportsbook|Caesars Sportsbook|Caesars Sportsbook (Colorado)|Caesars Sportsbook (New Jersey)|DraftKings|ESPN BET|Holland Casino|MGM|PointsBet|SugarHouse|Titanbets|Unibet|accuscore|consensus|teamrankings,-4.0,0.667261639267608,218.5,-169.0,143.0,-3.5
401468665,15,BetfairSportsbook|Caesars Sportsbook|Caesars Sportsbook (Colorado)|Caesars Sportsbook (New Jersey)|DraftKings|ESPN BET|Holland Casino|MGM|PointsBet|SugarHouse|Titanbets|Unibet|accuscore|consensus|teamrankings,-8.0,0.4498677054212186,224.5,-333.0,260.0,-8.0
401468666,15,BetfairSportsbook|Caesars Sportsbook|Caesars Sportsbook (Colorado)|Caesars Sportsbook (New Jersey)|DraftKings|ESPN BET|Holland Casino|MGM|PointsBet|SugarHouse|Titanbets|Unibet|accuscore|consensus|teamrankings,-7.0,0.29680841985233186,236.5,-275.0,220.0,-7.0
401468667,15,BetfairSportsbook|Caesars Sportsbook|Caesars Sportsbook (Colorado)|Caesars Sportsbook (New Jersey)|DraftKings|ESPN BET|Holland Casino|MGM|PointsBet|SugarHouse|Titanbets|Unibet|accuscore|consensus|teamrankings,-5.5,1.082325538564332,216.0,-225.0,185.0,-5.5
401468668,15,BetfairSportsbook|Caesars Sportsbook|Caesars Sportsbook (Colorado)|Caesars Sportsbook (New Jersey)|DraftKings|ESPN BET|Holland Casino|MGM|PointsBet|SugarHouse|Titanbets|Unibet|accuscore|consensus|teamrankings,-5.0,0.32732683535398854,240.0,-205.0,170.0,-5.0
401468669,15,BetfairSportsbook|Caesars Sportsbook|Caesars Sportsbook (Colorado)|Caesars Sportsbook (New Jersey)|DraftKings|ESPN BET|Holland Casino|MGM|PointsBet|SugarHouse|Titanbets|Unibet|accuscore|consensus|teamrankings,3.0,0.5163977794943223,237.5,131.0,-154.0,3.0
401468670,15,BetfairSportsbook|Caesars Sportsbook|Caesars Sportsbook (Colorado)|Caesars Sportsbook (New Jersey)|DraftKings|ESPN BET|Holland Casino|MGM|PointsBet|SugarHouse|Titanbets|Unibet|accuscore|consensus|teamrankings,1.0,0.4805750523616275,229.0,-105.0,-113.0,1.5
401468671,15,BetfairSportsbook|Caesars Sportsbook|Caesars Sportsbook (Colorado)|Caesars Sportsbook (New Jersey)|DraftKings|ESPN BET|Holland Casino|MGM|PointsBet|SugarHouse|Titanbets|Unibet|accuscore|consensus|teamrankings,2.5,0.5875696513930032,220.5,112.0,-135.0,2.0
401468672,15,BetfairSportsbook|Caesars Sportsbook|Caesars Sportsbook (Colorado)|Caesars Sportsbook (New Jersey)|DraftKings|ESPN BET|Holland Casino|MGM|PointsBet|SugarHouse|Titanbets|Unibet|accuscore|consensus|teamrankings,7.5,0.8549575316659775,231.5,250.0,-309.0,7.5
401468673,15,BetfairSportsbook|Caesars Sportsbook|Caesars Sportsbook (Colorado)|Caesars Sportsbook (New Jersey)|DraftKings|ESPN BET|Holland Casino|MGM|PointsBet|SugarHouse|Titanbets|Unibet|accuscore|consensus|teamrankings,-9.0,0.5606119105813882,227.5,-400.0,310.0,-9.0
401468674,15,BetfairSportsbook|Caesars Sportsbook|Caesars Sportsbook (Colorado)|Caesars Sportsbook (New Jersey)|DraftKings|ESPN BET|Holland Casino|MGM|PointsBet|SugarHouse|Titanbets|Unibet|accuscore|consensus|teamrankings,2.5,0.5232681184722836,230.5,119.0,-140.0,2.5
401468675,15,BetfairSportsbook|Caesars Sportsbook|Caesars Sportsbook (Colorado)|Caesars Sportsbook (New Jersey)|DraftKings|ESPN BET|Holland Casino|MGM|PointsBet|SugarHouse|Titanbets|Unibet|accuscore|consensus|teamrankings,-6.5,0.2581988897471611,233.5,-250.0,207.0,-6.5
401468676,15,BetfairSportsbook|Caesars Sportsbook|Caesars Sportsbook (Colorado)|Caesars Sportsbook (New Jersey)|DraftKings|ESPN BET|Holland Casino|MGM|PointsBet|SugarHouse|Titanbets|Unibet|accuscore|consensus|teamrankings,4.5,0.5300494136893097,232.0,152.0,-180.0,4.5
401468677,14,BetfairSportsbook|Caesars Sportsbook (Colorado)|Caesars Sportsbook (New Jersey)|DraftKings|ESPN BET|Holland Casino|MGM|PointsBet|SugarHouse|Titanbets|Unibet|accuscore|consensus|teamrankings,-2.5,2.416745609421757,237.0,-142.5,117.5,-3.0
401468678,15,BetfairSportsbook|Caesars Sportsbook|Caesars Sportsbook (Colorado)|Caesars Sportsbook (New Jersey)|DraftKings|ESPN BET|Holland Casino|MGM|PointsBet|SugarHouse|Titanbets|Unibet|accuscore|consensus|teamrankings,-2.5,0.35186577527449836,238.5,-138.0,115.0,-2.5
401468679,15,BetfairSportsbook|Caesars Sportsbook|Caesars Sportsbook (Colorado)|Caesars Sportsbook (New Jersey)|DraftKings|ESPN BET|Holland Casino|MGM|PointsBet|SugarHouse|Titanbets|Unibet|accuscore|consensus|teamrankings,4.0,0.6725927091345492,225.5,145.0,-175.0,4.0
401468680,15,BetfairSportsbook|Caesars Sportsbook|Caesars Sportsbook (Colorado)|Caesars Sportsbook (New Jersey)|DraftKings|ESPN BET|Holland Casino|MGM|PointsBet|SugarHouse|Titanbets|Unibet|accuscore|consensus|teamrankings,-6.5,0.32732683535398854,227.5,-265.0,217.0,-6.5
401468681,15,BetfairSportsbook|Caesars Sportsbook|Caesars Sportsbook (Colorado)|Caesars Sportsbook (New Jersey)|DraftKings|ESPN BET|Holland Casino|MGM|PointsBet|SugarHouse|Titanbets|Unibet|accuscore|consensus|teamrankings,4.0,0.9599107101332767,230.0,150.0,-178.0,4.0
401468682,15,BetfairSportsbook|Caesars Sportsbook|Caesars Sportsbook (Colorado)|Caesars Sportsbook (New Jersey)|DraftKings|ESPN BET|Holland Casino|MGM|PointsBet|SugarHouse|Titanbets|Unibet|accuscore|consensus|teamrankings,4.5,0.29680841985233186,222.0,160.0,-190.0,4.5
401468683,13,BetfairSportsbook|Caesars Sportsbook|Caesars Sportsbook (Colorado)|Caesars Sportsbook (New Jersey)|DraftKings|ESPN BET|Holland Casino|MGM|PointsBet|Titanbets|accuscore|consensus|teamrankings,-10.0,0.2041241452319315,227.0,-500.0,370.0,-10.0
401468684,15,BetfairSportsbook|Caesars Sportsbook|Caesars Sportsbook (Colorado)|Caesars Sportsbook (New Jersey)|DraftKings|ESPN BET|Holland Casino|MGM|PointsBet|SugarHouse|Titanbets|Unibet|accuscore|consensus|teamrankings,4.5,0.12909944487358055,226.5,155.0,-185.0,4.5
401468685,15,BetfairSportsbook|Caesars Sportsbook|Caesars Sportsbook (Colorado)|Caesars Sportsbook (New Jersey)|DraftKings|ESPN BET|Holland Casino|MGM|PointsBet|SugarHouse|Titanbets|Unibet|accuscore|consensus|teamrankings,-6.0,0.32732683535398854,243.0,-240.0,200.0,-6.0
401468686,14,BetfairSportsbook|Caesars Sportsbook (Colorado)|Caesars Sportsbook (New Jersey)|DraftKings|ESPN BET|Holland Casino|MGM|PointsBet|SugarHouse|Titanbets|Unibet|accuscore|consensus|teamrankings,-2.0,0.23440361546924773,221.5,-130.0,110.0,-2.5
401468687,15,BetfairSportsbook|Caesars Sportsbook|Caesars Sportsbook (Colorado)|Caesars Sportsbook (New Jersey)|DraftKings|ESPN BET|Holland Casino|MGM|PointsBet|SugarHouse|Titanbets|Unibet|accuscore|consensus|teamrankings,-7.5,0.280305955290694,230.5,-300.0,245.0,-7.5
401468688,15,BetfairSportsbook|Caesars Sportsbook|Caesars Sportsbook (Colorado)|Caesars Sportsbook (New Jersey)|DraftKings|ESPN BET|Holland Casino|MGM|PointsBet|SugarHouse|Titanbets|Unibet|accuscore|consensus|teamrankings,-7.5,0.5498917642417936,229.5,-301.0,244.0,-7.5
401468689,15,BetfairSportsbook|Caesars Sportsbook|Caesars Sportsbook (Colorado)|Caesars Sportsbook (New Jersey)|DraftKings|ESPN BET|Holland Casino|MGM|PointsBet|SugarHouse|Titanbets|Unibet|accuscore|consensus|teamrankings,1.0,0.9944903161976938,229.5,-104.0,-115.0,1.0
401468690,15,BetfairSportsbook|Caesars Sportsbook|Caesars Sportsbook (Colorado)|Caesars Sportsbook (New Jersey)|DraftKings|ESPN BET|Holland Casino|MGM|PointsBet|SugarHouse|Titanbets|Unibet|accuscore|consensus|teamrankings,-4.0,0.29680841985233186,224.0,-178.0,150.0,-4.5
401468691,15,BetfairSportsbook|Caesars Sportsbook|Caesars Sportsbook (Colorado)|Caesars Sportsbook (New Jersey)|DraftKings|ESPN BET|Holland Casino|MGM|PointsBet|SugarHouse|Titanbets|Unibet|accuscore|consensus|teamrankings,1.0,0.8208590157935306,233.5,-105.0,-115.0,1.0
401468692,15,BetfairSportsbook|Caesars Sportsbook|Caesars Sportsbook (Colorado)|Caesars Sportsbook (New Jersey)|DraftKings|ESPN BET|Holland Casino|MGM|PointsBet|SugarHouse|Titanbets|Unibet|accuscore|consensus|teamrankings,-3.0,0.24397501823713325,242.0,-151.0,130.0,-3.5
401468693,15,BetfairSportsbook|Caesars Sportsbook|Caesars Sportsbook (Colorado)|Caesars Sportsbook (New Jersey)|DraftKings|ESPN BET|Holland Casino|MGM|PointsBet|SugarHouse|Titanbets|Unibet|accuscore|consensus|teamrankings,2.5,0.2968084198523318,231.5,120.0,-140.0,2.5
401468694,15,BetfairSportsbook|Caesars Sportsbook|Caesars Sportsbook (Colorado)|Caesars Sportsbook (New Jersey)|DraftKings|ESPN BET|Holland Casino|MGM|PointsBet|SugarHouse|Titanbets|Unibet|accuscore|consensus|teamrankings,6.5,0.4418575508442684,237.5,200.0,-250.0,6.0
401468695,15,BetfairSportsbook|Caesars Sportsbook|Caesars Sportsbook (Colorado)|Caesars Sportsbook (New Jersey)|DraftKings|ESPN BET|Holland Casino|MGM|PointsBet|SugarHouse|Titanbets|Unibet|accuscore|consensus|teamrankings,2.5,0.8956549571111646,224.0,105.0,-125.0,2.5
401468696,15,BetfairSportsbook|Caesars Sportsbook|Caesars Sportsbook (Colorado)|Caesars Sportsbook (New Jersey)|DraftKings|ESPN BET|Holland Casino|MGM|PointsBet|SugarHouse|Titanbets|Unibet|accuscore|consensus|teamrankings,4.0,0.5,222.5,143.0,-170.0,4.0
401468697,15,BetfairSportsbook|Caesars Sportsbook|Caesars Sportsbook (Colorado)|Caesars Sportsbook (New Jersey)|DraftKings|ESPN BET|Holland Casino|MGM|PointsBet|SugarHouse|Titanbets|Unibet|accuscore|consensus|teamrankings,7.5,0.12909944487358055,231.5,240.0,-300.0,7.5
401468698,15,BetfairSportsbook|Caesars Sportsbook|Caesars Sportsbook (Colorado)|Caesars Sportsbook (New Jersey)|DraftKings|ESPN BET|Holland Casino|MGM|PointsBet|SugarHouse|Titanbets|Unibet|accuscore|consensus|teamrankings,-6.5,0.29680841985233186,237.0,-250.0,204.0,-6.5
401468699,15,BetfairSportsbook|Caesars Sportsbook|Caesars Sportsbook (Colorado)|Caesars Sportsbook (New Jersey)|DraftKings|ESPN BET|Holland Casino|MGM|PointsBet|SugarHouse|Titanbets|Unibet|accuscore|consensus|teamrankings,-7.5,0.5232681184722836,233.0,-303.0,240.0,-7.5
401468700,15,BetfairSportsbook|Caesars Sportsbook|Caesars Sportsbook (Colorado)|Caesars Sportsbook (New Jersey)|DraftKings|ESPN BET|Holland Casino|MGM|PointsBet|SugarHouse|Titanbets|Unibet|accuscore|consensus|teamrankings,2.5,0.5627314338711377,225.0,120.0,-141.0,2.5
401468701,15,BetfairSportsbook|Caesars Sportsbook|Caesars Sportsbook (Colorado)|Caesars Sportsbook (New Jersey)|DraftKings|ESPN BET|Holland Casino|MGM|PointsBet|SugarHouse|Titanbets|Unibet|accuscore|consensus|teamrankings,-4.0,1.105182596419511,225.0,-180.0,151.0,-4.0
401468702,15,BetfairSportsbook|Caesars Sportsbook|Caesars Sportsbook (Colorado)|Caesars Sportsbook (New Jersey)|DraftKings|ESPN BET|Holland Casino|MGM|PointsBet|SugarHouse|Titanbets|Unibet|accuscore|consensus|teamrankings,-4.0,0.2968084198523318,239.5,-175.0,150.0,-4.5
401468703,15,BetfairSportsbook|Caesars Sportsbook|Caesars Sportsbook (Colorado)|Caesars Sportsbook (New Jersey)|DraftKings|ESPN BET|Holland Casino|MGM|PointsBet|SugarHouse|Titanbets|Unibet|accuscore|consensus|teamrankings,-2.5,2.1536237457121516,220.5,-140.0,120.0,-2.5
401468704,15,BetfairSportsbook|Caesars Sportsbook|Caesars Sportsbook (Colorado)|Caesars Sportsbook (New Jersey)|DraftKings|ESPN BET|Holland Casino|MGM|PointsBet|SugarHouse|Titanbets|Unibet|accuscore|consensus|teamrankings,3.5,0.8493695140682714,234.0,138.0,-162.0,3.5
401468705,14,BetfairSportsbook|Caesars Sportsbook|Caesars Sportsbook (Colorado)|Caesars Sportsbook (New Jersey)|DraftKings|ESPN BET|Holland Casino|MGM|SugarHouse|Titanbets|Unibet|accuscore|consensus|teamrankings,-2.5,0.7186678763403276,219.5,-137.0,117.5,-3.0
401468706,15,BetfairSportsbook|Caesars Sportsbook|Caesars Sportsbook (Colorado)|Caesars Sportsbook (New Jersey)|DraftKings|ESPN BET|Holland Casino|MGM|PointsBet|SugarHouse|Titanbets|Unibet|accuscore|consensus|teamrankings,-2.0,1.2658518682614301,241.5,-130.0,110.0,-2.0
401468707,15,BetfairSportsbook|Caesars Sportsbook|Caesars Sportsbook (Colorado)|Caesars Sportsbook (New Jersey)|DraftKings|ESPN BET|Holland Casino|MGM|PointsBet|SugarHouse|Titanbets|Unibet|accuscore|consensus|teamrankings,-4.0,1.0889050857234002,225.0,-170.0,145.0,-4.0
401468708,15,BetfairSportsbook|Caesars Sportsbook|Caesars Sportsbook (Colorado)|Caesars Sportsbook (New Jersey)|DraftKings|ESPN BET|Holland Casino|MGM|PointsBet|SugarHouse|Titanbets|Unibet|accuscore|consensus|teamrankings,2.0,1.533747356112131,233.0,108.5,-130.0,2.0
401468709,15,BetfairSportsbook|Caesars Sportsbook|Caesars Sportsbook (Colorado)|Caesars Sportsbook (New Jersey)|DraftKings|ESPN BET|Holland Casino|MGM|PointsBet|SugarHouse|Titanbets|Unibet|accuscore|consensus|teamrankings,-5.0,0.3872983346207417,229.5,-210.0,175.0,-5.5
401468710,15,BetfairSportsbook|Caesars Sportsbook|Caesars Sportsbook (Colorado)|Caesars Sportsbook (New Jersey)|DraftKings|ESPN BET|Holland Casino|MGM|PointsBet|SugarHouse|Titanbets|Unibet|accuscore|consensus|teamrankings,-12.0,0.5,237.0,-800.0,550.0,-12.0
401468711,15,BetfairSportsbook|Caesars Sportsbook|Caesars Sportsbook (Colorado)|Caesars Sportsbook (New Jersey)|DraftKings|ESPN BET|Holland Casino|MGM|PointsBet|SugarHouse|Titanbets|Unibet|accuscore|consensus|teamrankings,7.5,0.28030595529069413,227.5,236.0,-296.0,7.5
401468712,15,BetfairSportsbook|Caesars Sportsbook|Caesars Sportsbook (Colorado)|Caesars Sportsbook (New Jersey)|DraftKings|ESPN BET|Holland Casino|MGM|PointsBet|SugarHouse|Titanbets|Unibet|accuscore|consensus|teamrankings,4.0,0.5345224838248488,231.5,150.0,-180.0,4.0
401468713,15,BetfairSportsbook|Caesars Sportsbook|Caesars Sportsbook (Colorado)|Caesars Sportsbook (New Jersey)|DraftKings|ESPN BET|Holland Casino|MGM|PointsBet|SugarHouse|Titanbets|Unibet|accuscore|consensus|teamrankings,-1.5,0.35186577527449836,236.5,-125.0,105.0,-1.5
401468714,15,BetfairSportsbook|Caesars Sportsbook|Caesars Sportsbook (Colorado)|Caesars Sportsbook (New Jersey)|DraftKings|ESPN BET|Holland Casino|MGM|PointsBet|SugarHouse|Titanbets|Unibet|accuscore|consensus|teamrankings,-9.5,1.6994396835708048,231.5,-450.0,333.0,-9.5
401468715,14,BetfairSportsbook|Caesars Sportsbook (Colorado)|Caesars Sportsbook (New Jersey)|DraftKings|ESPN BET|Holland Casino|MGM|PointsBet|SugarHouse|Titanbets|Unibet|accuscore|consensus|teamrankings,1.0,1.5588281030777753,218.0,-105.0,-115.0,1.0
401468716,15,BetfairSportsbook|Caesars Sportsbook|Caesars Sportsbook (Colorado)|Caesars Sportsbook (New Jersey)|DraftKings|ESPN BET|Holland Casino|MGM|PointsBet|SugarHouse|Titanbets|Unibet|accuscore|consensus|teamrankings,-7.5,0.2288688541085317,232.5,-300.0,240.0,-7.5
401468717,15,BetfairSportsbook|Caesars Sportsbook|Caesars Sportsbook (Colorado)|Caesars Sportsbook (New Jersey)|DraftKings|ESPN BET|Holland Casino|MGM|PointsBet|SugarHouse|Titanbets|Unibet|accuscore|consensus|teamrankings,11.0,0.9154754164341268,228.5,445.0,-602.0,11.0
401468718,15,BetfairSportsbook|Caesars Sportsbook|Caesars Sportsbook (Colorado)|Caesars Sportsbook (New Jersey)|DraftKings|ESPN BET|Holland Casino|MGM|PointsBet|SugarHouse|Titanbets|Unibet|accuscore|consensus|teamrankings,-3.0,0.2581988897471611,242.5,-154.0,130.0,-3.0
401468719,15,BetfairSportsbook|Caesars Sportsbook|Caesars Sportsbook (Colorado)|Caesars Sportsbook (New Jersey)|DraftKings|ESPN BET|Holland Casino|MGM|PointsBet|SugarHouse|Titanbets|Unibet|accuscore|consensus|teamrankings,7.5,0.3716116764786033,236.5,240.0,-291.0,7.5
401468720,15,BetfairSportsbook|Caesars Sportsbook|Caesars Sportsbook (Colorado)|Caesars Sportsbook (New Jersey)|DraftKings|ESPN BET|Holland Casino|MGM|PointsBet|SugarHouse|Titanbets|Unibet|accuscore|consensus|teamrankings,-5.0,0.3518657752744984,216.0,-208.0,175.0,-5.0
401468721,15,BetfairSportsbook|Caesars Sportsbook|Caesars Sportsbook (Colorado)|Caesars Sportsbook (New Jersey)|DraftKings|ESPN BET|Holland Casino|MGM|PointsBet|SugarHouse|Titanbets|Unibet|accuscore|consensus|teamrankings,1.0,1.4351041110399654,230.0,100.0,-120.0,1.0
401468722,15,BetfairSportsbook|Caesars Sportsbook|Caesars Sportsbook (Colorado)|Caesars Sportsbook (New Jersey)|DraftKings|ESPN BET|Holland Casino|MGM|PointsBet|SugarHouse|Titanbets|Unibet|accuscore|consensus|teamrankings,-5.0,0.6725927091345493,233.0,-200.0,165.0,-5.0
401468723,15,BetfairSportsbook|Caesars Sportsbook|Caesars Sportsbook (Colorado)|Caesars Sportsbook (New Jersey)|DraftKings|ESPN BET|Holland Casino|MGM|PointsBet|SugarHouse|Titanbets|Unibet|accuscore|consensus|teamrankings,-10.0,0.2288688541085317,225.5,-455.0,350.0,-10.0
401468724,15,BetfairSportsbook|Caesars Sportsbook|Caesars Sportsbook (Colorado)|Caesars Sportsbook (New Jersey)|DraftKings|ESPN BET|Holland Casino|MGM|PointsBet|SugarHouse|Titanbets|Unibet|accuscore|consensus|teamrankings,-5.5,1.245945806357946,223.5,-210.0,175.0,-5.5
401468725,15,BetfairSportsbook|Caesars Sportsbook|Caesars Sportsbook (Colorado)|Caesars Sportsbook (New Jersey)|DraftKings|ESPN BET|Holland Casino|MGM|PointsBet|SugarHouse|Titanbets|Unibet|accuscore|consensus|teamrankings,5.0,0.2803059552906941,234.0,170.0,-203.0,5.0
401468726,15,BetfairSportsbook|Caesars Sportsbook|Caesars Sportsbook (Colorado)|Caesars Sportsbook (New Jersey)|DraftKings|ESPN BET|Holland Casino|MGM|PointsBet|SugarHouse|Titanbets|Unibet|accuscore|consensus|teamrankings,1.5,1.0258562045340236,234.0,105.0,-125.0,1.5
401468727,15,BetfairSportsbook|Caesars Sportsbook|Caesars Sportsbook (Colorado)|Caesars Sportsbook (New Jersey)|DraftKings|ESPN BET|Holland Casino|MGM|PointsBet|SugarHouse|Titanbets|Unibet|accuscore|consensus|teamrankings,-7.0,0.25354627641855493,229.5,-278.0,230.0,-7.5
401468728,15,BetfairSportsbook|Caesars Sportsbook|Caesars Sportsbook (Colorado)|Caesars Sportsbook (New Jersey)|DraftKings|ESPN BET|Holland Casino|MGM|PointsBet|SugarHouse|Titanbets|Unibet|accuscore|consensus|teamrankings,-6.5,0.3162277660168379,231.5,-267.0,220.0,-6.5
401468729,15,BetfairSportsbook|Caesars Sportsbook|Caesars Sportsbook (Colorado)|Caesars Sportsbook (New Jersey)|DraftKings|ESPN BET|Holland Casino|MGM|PointsBet|SugarHouse|Titanbets|Unibet|accuscore|consensus|teamrankings,8.5,1.5864005379054391,224.0,280.0,-355.0,8.5
401468730,15,BetfairSportsbook|Caesars Sportsbook|Caesars Sportsbook (Colorado)|Caesars Sportsbook (New Jersey)|DraftKings|ESPN BET|Holland Casino|MGM|PointsBet|SugarHouse|Titanbets|Unibet|accuscore|consensus|teamrankings,-1.5,0.2672612419124244,245.0,-125.0,104.5,-1.5
401468731,15,BetfairSportsbook|Caesars Sportsbook|Caesars Sportsbook (Colorado)|Caesars Sportsbook (New Jersey)|DraftKings|ESPN BET|Holland Casino|MGM|PointsBet|SugarHouse|Titanbets|Unibet|accuscore|consensus|teamrankings,6.5,0.4309458036856673,230.0,205.0,-250.0,7.0
401468732,15,BetfairSportsbook|Caesars Sportsbook|Caesars Sportsbook (Colorado)|Caesars Sportsbook (New Jersey)|DraftKings|ESPN BET|Holland Casino|MGM|PointsBet|SugarHouse|Titanbets|Unibet|accuscore|consensus|teamrankings,3.0,0.39940431835899015,231.5,126.0,-148.0,3.5
401468733,15,BetfairSportsbook|Caesars Sportsbook|Caesars Sportsbook (Colorado)|Caesars Sportsbook (New Jersey)|DraftKings|ESPN BET|Holland Casino|MGM|PointsBet|SugarHouse|Titanbets|Unibet|accuscore|consensus|teamrankings,7.0,0.6113996432854077,231.5,225.0,-278.0,7.0
401468734,15,BetfairSportsbook|Caesars Sportsbook|Caesars Sportsbook (Colorado)|Caesars Sportsbook (New Jersey)|DraftKings|ESPN BET|Holland Casino|MGM|PointsBet|SugarHouse|Titanbets|Unibet|accuscore|consensus|teamrankings,-4.5,0.39940431835899015,229.5,-195.0,160.0,-4.5
401468735,15,BetfairSportsbook|Caesars Sportsbook|Caesars Sportsbook (Colorado)|Caesars Sportsbook (New Jersey)|DraftKings|ESPN BET|Holland Casino|MGM|PointsBet|SugarHouse|Titanbets|Unibet|accuscore|consensus|teamrankings,-1.5,0.2968084198523318,237.5,-117.0,-102.0,-1.5
401468736,15,BetfairSportsbook|Caesars Sportsbook|Caesars Sportsbook (Colorado)|Caesars Sportsbook (New Jersey)|DraftKings|ESPN BET|Holland Casino|MGM|PointsBet|SugarHouse|Titanbets|Unibet|accuscore|consensus|teamrankings,-5.0,0.408248290463863,233.5,-196.0,165.0,-5.0
401468737,15,BetfairSportsbook|Caesars Sportsbook|Caesars Sportsbook (Colorado)|Caesars Sportsbook (New Jersey)|DraftKings|ESPN BET|Holland Casino|MGM|PointsBet|SugarHouse|Titanbets|Unibet|accuscore|consensus|teamrankings,-3.5,0.7432233529572067,216.0,-167.0,140.0,-3.5
401468738,15,BetfairSportsbook|Caesars Sportsbook|Caesars Sportsbook (Colorado)|Caesars Sportsbook (New Jersey)|DraftKings|ESPN BET|Holland Casino|MGM|PointsBet|SugarHouse|Titanbets|Unibet|accuscore|consensus|teamrankings,-10.0,0.22886885410853172,230.0,-480.0,360.0,-10.5
401468739,15,BetfairSportsbook|Caesars Sportsbook|Caesars Sportsbook (Colorado)|Caesars Sportsbook (New Jersey)|DraftKings|ESPN BET|Holland Casino|MGM|PointsBet|SugarHouse|Titanbets|Unibet|accuscore|consensus|teamrankings,-1.0,0.9964221709983891,231.5,-110.0,-106.0,-1.5
401468740,15,BetfairSportsbook|Caesars Sportsbook|Caesars Sportsbook (Colorado)|Caesars Sportsbook (New Jersey)|DraftKings|ESPN BET|Holland Casino|MGM|PointsBet|SugarHouse|Titanbets|Unibet|accuscore|consensus|teamrankings,-1.5,0.37161167647860327,236.5,-120.0,100.0,-1.5
401468741,15,BetfairSportsbook|Caesars Sportsbook|Caesars Sportsbook (Colorado)|Caesars Sportsbook (New Jersey)|DraftKings|ESPN BET|Holland Casino|MGM|PointsBet|SugarHouse|Titanbets|Unibet|accuscore|consensus|teamrankings,4.5,0.1889822365046136,231.5,158.0,-188.0,4.5
401468742,15,BetfairSportsbook|Caesars Sportsbook|Caesars Sportsbook (Colorado)|Caesars Sportsbook (New Jersey)|DraftKings|ESPN BET|Holland Casino|MGM|PointsBet|SugarHouse|Titanbets|Unibet|accuscore|consensus|teamrankings,-5.5,0.4140393356054125,224.0,-220.0,180.0,-5.5
401468743,15,BetfairSportsbook|Caesars Sportsbook|Caesars Sportsbook (Colorado)|Caesars Sportsbook (New Jersey)|DraftKings|ESPN BET|Holland Casino|MGM|PointsBet|SugarHouse|Titanbets|Unibet|accuscore|consensus|teamrankings,-5.5,0.8755950357709131,221.5,-208.0,175.0,-5.0
401468744,15,BetfairSportsbook|Caesars Sportsbook|Caesars Sportsbook (Colorado)|Caesars Sportsbook (New Jersey)|DraftKings|ESPN BET|Holland Casino|MGM|PointsBet|SugarHouse|Titanbets|Unibet|accuscore|consensus|teamrankings,1.0,0.7458677371482703,210.5,100.0,-118.0,1.5
401468745,15,BetfairSportsbook|Caesars Sportsbook|Caesars Sportsbook (Colorado)|Caesars Sportsbook (New Jersey)|DraftKings|ESPN BET|Holland Casino|MGM|PointsBet|SugarHouse|Titanbets|Unibet|accuscore|consensus|teamrankings,2.5,0.6510065466717856,242.0,120.0,-140.0,2.5
401468746,15,BetfairSportsbook|Caesars Sportsbook|Caesars Sportsbook (Colorado)|Caesars Sportsbook (New Jersey)|DraftKings|ESPN BET|Holland Casino|MGM|PointsBet|SugarHouse|Titanbets|Unibet|accuscore|consensus|teamrankings,15.0,0.8904252595569955,234.5,764.0,-1250.0,15.0
401468747,15,BetfairSportsbook|Caesars Sportsbook|Caesars Sportsbook (Colorado)|Caesars Sportsbook (New Jersey)|DraftKings|ESPN BET|Holland Casino|MGM|PointsBet|SugarHouse|Titanbets|Unibet|accuscore|consensus|teamrankings,2.5,2.2280677086403173,239.0,115.0,-140.0,2.5
401468748,15,BetfairSportsbook|Caesars Sportsbook|Caesars Sportsbook (Colorado)|Caesars Sportsbook (New Jersey)|DraftKings|ESPN BET|Holland Casino|MGM|PointsBet|SugarHouse|Titanbets|Unibet|accuscore|consensus|teamrankings,-9.0,1.7572977090109798,222.5,-400.0,304.0,-9.5
401468749,15,BetfairSportsbook|Caesars Sportsbook|Caesars Sportsbook (Colorado)|Caesars Sportsbook (New Jersey)|DraftKings|ESPN BET|Holland Casino|MGM|PointsBet|SugarHouse|Titanbets|Unibet|accuscore|consensus|teamrankings,-6.5,0.2288688541085317,231.0,-250.0,210.0,-6.5
401468750,15,BetfairSportsbook|Caesars Sportsbook|Caesars Sportsbook (Colorado)|Caesars Sportsbook (New Jersey)|DraftKings|ESPN BET|Holland Casino|MGM|PointsBet|SugarHouse|Titanbets|Unibet|accuscore|consensus|teamrankings,-7.5,0.5163977794943222,242.5,-305.0,245.0,-7.5
401468751,15,BetfairSportsbook|Caesars Sportsbook|Caesars Sportsbook (Colorado)|Caesars Sportsbook (New Jersey)|DraftKings|ESPN BET|Holland Casino|MGM|PointsBet|SugarHouse|Titanbets|Unibet|accuscore|consensus|teamrankings,5.5,0.1759328876372492,229.5,180.0,-218.0,5.5
401468752,15,BetfairSportsbook|Caesars Sportsbook|Caesars Sportsbook (Colorado)|Caesars Sportsbook (New Jersey)|DraftKings|ESPN BET|Holland Casino|MGM|PointsBet|SugarHouse|Titanbets|Unibet|accuscore|consensus|teamrankings,-3.0,0.2288688541085317,226.5,-150.0,129.0,-3.0
401468753,15,BetfairSportsbook|Caesars Sportsbook|Caesars Sportsbook (Colorado)|Caesars Sportsbook (New Jersey)|DraftKings|ESPN BET|Holland Casino|MGM|PointsBet|SugarHouse|Titanbets|Unibet|accuscore|consensus|teamrankings,-5.5,0.408248290463863,240.5,-208.0,175.0,-5.5
401468754,15,BetfairSportsbook|Caesars Sportsbook|Caesars Sportsbook (Colorado)|Caesars Sportsbook (New Jersey)|DraftKings|ESPN BET|Holland Casino|MGM|PointsBet|SugarHouse|Titanbets|Unibet|accuscore|consensus|teamrankings,2.0,0.560611910581388,223.5,115.0,-136.0,2.0
401468755,15,BetfairSportsbook|Caesars Sportsbook|Caesars Sportsbook (Colorado)|Caesars Sportsbook (New Jersey)|DraftKings|ESPN BET|Holland Casino|MGM|PointsBet|SugarHouse|Titanbets|Unibet|accuscore|consensus|teamrankings,-5.5,0.5232681184722836,234.0,-222.0,180.0,-5.5
401468756,15,BetfairSportsbook|Caesars Sportsbook|Caesars Sportsbook (Colorado)|Caesars Sportsbook (New Jersey)|DraftKings|ESPN BET|Holland Casino|MGM|PointsBet|SugarHouse|Titanbets|Unibet|accuscore|consensus|teamrankings,3.5,0.12909944487358055,232.5,140.0,-165.0,3.5
401468757,15,BetfairSportsbook|Caesars Sportsbook|Caesars Sportsbook (Colorado)|Caesars Sportsbook (New Jersey)|DraftKings|ESPN BET|Holland Casino|MGM|PointsBet|SugarHouse|Titanbets|Unibet|accuscore|consensus|teamrankings,-4.0,0.8632717389316618,227.0,-175.0,150.0,-4.0
401468758,15,BetfairSportsbook|Caesars Sportsbook|Caesars Sportsbook (Colorado)|Caesars Sportsbook (New Jersey)|DraftKings|ESPN BET|Holland Casino|MGM|PointsBet|SugarHouse|Titanbets|Unibet|accuscore|consensus|teamrankings,6.0,0.5627314338711377,215.5,190.0,-233.0,6.0
