espn_id,tipoff_utc,season,season_type,home,away,home_pts,away_pts,date
401358773,2021-10-19T23:30Z,2022,regular-season,MIL,BKN,127,104,2021-10-19
401358774,2021-10-20T02:00Z,2022,regular-season,LAL,GSW,114,121,2021-10-19
401359833,2021-10-20T23:00Z,2022,regular-season,CHA,IND,123,122,2021-10-20
401359834,2021-10-20T23:00Z,2022,regular-season,DET,CHI,88,94,2021-10-20
401358775,2021-10-20T23:30Z,2022,regular-season,NYK,BOS,138,134,2021-10-20
401359835,2021-10-20T23:30Z,2022,regular-season,TOR,WAS,83,98,2021-10-20
401359836,2021-10-21T00:00Z,2022,regular-season,MEM,CLE,132,121,2021-10-20
401359837,2021-10-21T00:00Z,2022,regular-season,MIN,HOU,124,106,2021-10-20
401359838,2021-10-21T00:00Z,2022,regular-season,NOP,PHI,97,117,2021-10-20
401359839,2021-10-21T00:30Z,2022,regular-season,SAS,ORL,123,97,2021-10-20
401359840,2021-10-21T01:00Z,2022,regular-season,UTA,OKC,107,86,2021-10-20
401358776,2021-10-21T02:00Z,2022,regular-season,PHX,DEN,98,110,2021-10-20
401359841,2021-10-21T02:00Z,2022,regular-season,POR,SAC,121,124,2021-10-20
401358777,2021-10-21T23:30Z,2022,regular-season,ATL,DAL,113,87,2021-10-21
401359842,2021-10-22T00:00Z,2022,regular-season,MIA,MIL,137,95,2021-10-21
401358778,2021-10-22T02:00Z,2022,regular-season,GSW,LAC,115,113,2021-10-21
401359843,2021-10-22T23:00Z,2022,regular-season,CLE,CHA,112,123,2021-10-22
401359844,2021-10-22T23:00Z,2022,regular-season,ORL,NYK,96,121,2021-10-22
401359845,2021-10-22T23:00Z,2022,regular-season,WAS,IND,135,134,2021-10-22
401358779,2021-10-22T23:30Z,2022,regular-season,PHI,BKN,109,114,2021-10-22
401359846,2021-10-22T23:30Z,2022,regular-season,BOS,TOR,83,115,2021-10-22
401359847,2021-10-23T00:00Z,2022,regular-season,CHI,NOP,128,112,2021-10-22
401359848,2021-10-23T00:00Z,2022,regular-season,HOU,OKC,124,91,2021-10-22
401359849,2021-10-23T01:00Z,2022,regular-season,DEN,SAS,102,96,2021-10-22
401358780,2021-10-23T02:00Z,2022,regular-season,LAL,PHX,105,115,2021-10-22
401359850,2021-10-23T02:00Z,2022,regular-season,SAC,UTA,101,110,2021-10-22
401359851,2021-10-23T22:00Z,2022,regular-season,CLE,ATL,101,95,2021-10-23
401359852,2021-10-23T23:00Z,2022,regular-season,IND,MIA,102,91,2021-10-23
401359853,2021-10-23T23:30Z,2022,regular-season,TOR,DAL,95,103,2021-10-23
401359854,2021-10-24T00:00Z,2022,regular-season,CHI,DET,97,82,2021-10-23
401359855,2021-10-24T00:00Z,2022,regular-season,MIN,NOP,96,89,2021-10-23
401359856,2021-10-24T00:30Z,2022,regular-season,SAS,MIL,111,121,2021-10-23
401359857,2021-10-24T02:00Z,2022,regular-season,POR,PHX,134,105,2021-10-23
401359858,2021-10-24T02:30Z,2022,regular-season,LAC,MEM,114,120,2021-10-23
401359859,2021-10-24T20:00Z,2022,regular-season,BKN,CHA,95,111,2021-10-24
401359860,2021-10-24T23:00Z,2022,regular-season,NYK,ORL,104,110,2021-10-24
401359861,2021-10-24T23:00Z,2022,regular-season,HOU,BOS,97,107,2021-10-24
401359862,2021-10-24T23:00Z,2022,regular-season,OKC,PHI,103,115,2021-10-24
401359863,2021-10-25T01:00Z,2022,regular-season,SAC,GSW,107,119,2021-10-24
401359864,2021-10-25T01:30Z,2022,regular-season,LAL,MEM,121,118,2021-10-24
401359865,2021-10-25T23:00Z,2022,regular-season,CHA,BOS,129,140,2021-10-25
401359866,2021-10-25T23:00Z,2022,regular-season,IND,MIL,109,119,2021-10-25
401359867,2021-10-25T23:30Z,2022,regular-season,ATL,DET,122,104,2021-10-25
401359868,2021-10-25T23:30Z,2022,regular-season,BKN,WAS,104,90,2021-10-25
401359869,2021-10-25T23:30Z,2022,regular-season,MIA,ORL,107,90,2021-10-25
401359870,2021-10-25T23:30Z,2022,regular-season,TOR,CHI,108,111,2021-10-25
401359871,2021-10-26T00:00Z,2022,regular-season,MIN,NOP,98,107,2021-10-25
401359872,2021-10-26T01:00Z,2022,regular-season,DEN,CLE,87,99,2021-10-25
401359873,2021-10-26T02:30Z,2022,regular-season,LAC,POR,116,86,2021-10-25
401359874,2021-10-26T23:30Z,2022,regular-season,NYK,PHI,112,99,2021-10-26
401359875,2021-10-27T00:00Z,2022,regular-season,OKC,GSW,98,106,2021-10-26
401359876,2021-10-27T00:30Z,2022,regular-season,DAL,HOU,116,106,2021-10-26
401359877,2021-10-27T00:30Z,2022,regular-season,SAS,LAL,121,125,2021-10-26
401359878,2021-10-27T02:00Z,2022,regular-season,UTA,DEN,122,110,2021-10-26
401359879,2021-10-27T23:00Z,2022,regular-season,ORL,CHA,111,120,2021-10-27
401359880,2021-10-27T23:30Z,2022,regular-season,BOS,WAS,107,116,2021-10-27
401359881,2021-10-27T23:30Z,2022,regular-season,BKN,MIA,93,106,2021-10-27
401359882,2021-10-27T23:30Z,2022,regular-season,TOR,IND,118,100,2021-10-27
401359883,2021-10-27T23:30Z,2022,regular-season,NOP,ATL,99,102,2021-10-27
401359884,2021-10-28T00:00Z,2022,regular-season,MIL,MIN,108,113,2021-10-27
401359885,2021-10-28T00:00Z,2022,regular-season,OKC,LAL,123,115,2021-10-27
401359886,2021-10-28T02:00Z,2022,regular-season,PHX,SAC,107,110,2021-10-27
401359887,2021-10-28T02:00Z,2022,regular-season,POR,MEM,116,96,2021-10-27
401359888,2021-10-28T02:30Z,2022,regular-season,LAC,CLE,79,92,2021-10-27
401359889,2021-10-28T23:00Z,2022,regular-season,PHI,DET,110,102,2021-10-28
401359890,2021-10-28T23:00Z,2022,regular-season,WAS,ATL,122,111,2021-10-28
401359891,2021-10-29T00:00Z,2022,regular-season,CHI,NYK,103,104,2021-10-28
401359892,2021-10-29T00:00Z,2022,regular-season,HOU,UTA,91,122,2021-10-28
401359893,2021-10-29T00:30Z,2022,regular-season,DAL,SAS,104,99,2021-10-28
401359894,2021-10-29T02:00Z,2022,regular-season,GSW,MEM,101,104,2021-10-28
401359895,2021-10-29T23:00Z,2022,regular-season,TOR,ORL,110,109,2021-10-29
401359896,2021-10-29T23:30Z,2022,regular-season,BKN,IND,105,98,2021-10-29
401359897,2021-10-29T23:30Z,2022,regular-season,MIA,CHA,114,99,2021-10-29
401359898,2021-10-30T00:00Z,2022,regular-season,NOP,SAC,109,113,2021-10-29
401359899,2021-10-30T02:00Z,2022,regular-season,DEN,DAL,106,75,2021-10-29
401359900,2021-10-30T02:00Z,2022,regular-season,POR,LAC,111,92,2021-10-29
401359901,2021-10-30T02:30Z,2022,regular-season,LAL,CLE,113,101,2021-10-29
401359902,2021-10-30T21:00Z,2022,regular-season,WAS,BOS,115,112,2021-10-30
401359903,2021-10-30T23:00Z,2022,regular-season,DET,ORL,110,103,2021-10-30
401359904,2021-10-30T23:00Z,2022,regular-season,NOP,NYK,117,123,2021-10-30
401359905,2021-10-30T23:30Z,2022,regular-season,IND,TOR,94,97,2021-10-30
401359906,2021-10-30T23:30Z,2022,regular-season,PHI,ATL,122,94,2021-10-30
401359907,2021-10-31T00:00Z,2022,regular-season,CHI,UTA,107,99,2021-10-30
401359908,2021-10-31T00:00Z,2022,regular-season,MEM,MIA,103,129,2021-10-30
401359909,2021-10-31T00:00Z,2022,regular-season,MIL,SAS,93,102,2021-10-30
401359910,2021-10-31T00:30Z,2022,regular-season,GSW,OKC,103,82,2021-10-30
401359911,2021-10-31T01:00Z,2022,regular-season,MIN,DEN,91,93,2021-10-30
401359912,2021-10-31T02:00Z,2022,regular-season,PHX,CLE,101,92,2021-10-30
401359913,2021-10-31T19:30Z,2022,regular-season,DAL,SAC,105,99,2021-10-31
401359914,2021-10-31T23:00Z,2022,regular-season,CHA,POR,125,113,2021-10-31
401359915,2021-10-31T23:00Z,2022,regular-season,MIL,UTA,95,107,2021-10-31
401359916,2021-10-31T23:30Z,2022,regular-season,BKN,DET,117,91,2021-10-31
401359917,2021-11-01T02:30Z,2022,regular-season,LAL,HOU,95,85,2021-10-31
401359918,2021-11-01T23:00Z,2022,regular-season,CHA,CLE,110,113,2021-11-01
401359919,2021-11-01T23:00Z,2022,regular-season,IND,SAS,131,118,2021-11-01
401359920,2021-11-01T23:00Z,2022,regular-season,PHI,POR,113,103,2021-11-01
401359921,2021-11-01T23:30Z,2022,regular-season,ATL,WAS,118,111,2021-11-01
401359922,2021-11-01T23:30Z,2022,regular-season,BOS,CHI,114,128,2021-11-01
401359923,2021-11-01T23:30Z,2022,regular-season,NYK,TOR,104,113,2021-11-01
401359924,2021-11-02T00:00Z,2022,regular-season,MEM,DEN,106,97,2021-11-01
401359925,2021-11-02T00:00Z,2022,regular-season,MIN,ORL,97,115,2021-11-01
401359926,2021-11-02T02:30Z,2022,regular-season,LAC,OKC,99,94,2021-11-01
401359927,2021-11-02T23:00Z,2022,regular-season,DET,MIL,89,117,2021-11-02
401359928,2021-11-02T23:30Z,2022,regular-season,DAL,MIA,110,125,2021-11-02
401359929,2021-11-03T01:00Z,2022,regular-season,UTA,SAC,119,113,2021-11-02
401359930,2021-11-03T02:00Z,2022,regular-season,PHX,NOP,112,100,2021-11-02
401359931,2021-11-03T02:30Z,2022,regular-season,LAL,HOU,119,117,2021-11-02
401359932,2021-11-03T23:00Z,2022,regular-season,CLE,POR,107,104,2021-11-03
401359933,2021-11-03T23:00Z,2022,regular-season,IND,NYK,111,98,2021-11-03
401359934,2021-11-03T23:00Z,2022,regular-season,ORL,BOS,79,92,2021-11-03
401359935,2021-11-03T23:00Z,2022,regular-season,PHI,CHI,103,98,2021-11-03
401359936,2021-11-03T23:00Z,2022,regular-season,WAS,TOR,100,109,2021-11-03
401359937,2021-11-03T23:30Z,2022,regular-season,BKN,ATL,117,108,2021-11-03
401359938,2021-11-04T00:00Z,2022,regular-season,MEM,DEN,108,106,2021-11-03
401359939,2021-11-04T00:00Z,2022,regular-season,MIN,LAC,115,126,2021-11-03
401359940,2021-11-04T00:30Z,2022,regular-season,SAS,DAL,108,109,2021-11-03
401359941,2021-11-04T02:00Z,2022,regular-season,GSW,CHA,114,92,2021-11-03
401359942,2021-11-04T02:00Z,2022,regular-season,SAC,NOP,112,99,2021-11-03
401359943,2021-11-04T23:00Z,2022,regular-season,DET,PHI,98,109,2021-11-04
401359944,2021-11-04T23:30Z,2022,regular-season,ATL,UTA,98,116,2021-11-04
401359945,2021-11-04T23:30Z,2022,regular-season,MIA,BOS,78,95,2021-11-04
401359946,2021-11-05T02:00Z,2022,regular-season,PHX,HOU,123,111,2021-11-04
401359947,2021-11-05T02:30Z,2022,regular-season,LAL,OKC,104,107,2021-11-04
401359948,2021-11-05T23:00Z,2022,regular-season,DET,BKN,90,96,2021-11-05
401359949,2021-11-05T23:00Z,2022,regular-season,ORL,SAS,89,102,2021-11-05
401359950,2021-11-05T23:00Z,2022,regular-season,WAS,MEM,115,87,2021-11-05
401359951,2021-11-05T23:30Z,2022,regular-season,TOR,CLE,101,102,2021-11-05
401359952,2021-11-05T23:30Z,2022,regular-season,MIL,NYK,98,113,2021-11-05
401359953,2021-11-06T00:00Z,2022,regular-season,MIN,LAC,84,104,2021-11-05
401359954,2021-11-06T02:00Z,2022,regular-season,GSW,NOP,126,85,2021-11-05
401359955,2021-11-06T02:00Z,2022,regular-season,POR,IND,110,106,2021-11-05
401359956,2021-11-06T02:00Z,2022,regular-season,SAC,CHA,140,110,2021-11-05
401359957,2021-11-06T21:00Z,2022,regular-season,DEN,HOU,95,94,2021-11-06
401359958,2021-11-06T23:30Z,2022,regular-season,MIA,UTA,118,115,2021-11-06
401359959,2021-11-07T00:00Z,2022,regular-season,CHI,PHI,105,114,2021-11-06
401359960,2021-11-07T00:30Z,2022,regular-season,DAL,BOS,107,104,2021-11-06
401359961,2021-11-07T02:00Z,2022,regular-season,PHX,ATL,121,117,2021-11-06
401359962,2021-11-07T02:30Z,2022,regular-season,POR,LAL,105,90,2021-11-06
401359963,2021-11-07T20:30Z,2022,regular-season,TOR,BKN,103,116,2021-11-07
401359964,2021-11-07T23:00Z,2022,regular-season,NYK,CLE,109,126,2021-11-07
401359965,2021-11-07T23:00Z,2022,regular-season,ORL,UTA,107,100,2021-11-07
401359966,2021-11-07T23:00Z,2022,regular-season,WAS,MIL,101,94,2021-11-07
401359967,2021-11-07T23:00Z,2022,regular-season,SAC,IND,91,94,2021-11-07
401359968,2021-11-08T00:00Z,2022,regular-season,OKC,SAS,99,94,2021-11-07
401359969,2021-11-08T01:30Z,2022,regular-season,GSW,HOU,120,107,2021-11-07
401359970,2021-11-08T02:00Z,2022,regular-season,LAC,CHA,120,106,2021-11-07
401359971,2021-11-09T00:00Z,2022,regular-season,PHI,NYK,96,103,2021-11-08
401359972,2021-11-09T01:00Z,2022,regular-season,CHI,BKN,118,95,2021-11-08
401359973,2021-11-09T01:00Z,2022,regular-season,MEM,MIN,125,118,2021-11-08
401359974,2021-11-09T01:30Z,2022,regular-season,DAL,NOP,108,92,2021-11-08
401359975,2021-11-09T02:00Z,2022,regular-season,DEN,MIA,113,96,2021-11-08
401359976,2021-11-09T03:00Z,2022,regular-season,GSW,ATL,127,113,2021-11-08
401359977,2021-11-09T03:00Z,2022,regular-season,SAC,PHX,104,109,2021-11-08
401359978,2021-11-09T03:30Z,2022,regular-season,LAL,CHA,126,123,2021-11-08
401359979,2021-11-10T00:30Z,2022,regular-season,PHI,MIL,109,118,2021-11-09
401359980,2021-11-10T02:00Z,2022,regular-season,UTA,ATL,110,98,2021-11-09
401359981,2021-11-10T03:00Z,2022,regular-season,LAC,POR,117,109,2021-11-09
401359982,2021-11-11T00:00Z,2022,regular-season,CLE,WAS,94,97,2021-11-10
401359983,2021-11-11T00:00Z,2022,regular-season,ORL,BKN,90,123,2021-11-10
401359984,2021-11-11T00:30Z,2022,regular-season,BOS,TOR,104,88,2021-11-10
401359985,2021-11-11T00:30Z,2022,regular-season,NYK,MIL,100,112,2021-11-10
401359986,2021-11-11T00:30Z,2022,regular-season,HOU,DET,104,112,2021-11-10
401359987,2021-11-11T01:00Z,2022,regular-season,CHI,DAL,117,107,2021-11-10
401359988,2021-11-11T01:00Z,2022,regular-season,MEM,CHA,108,118,2021-11-10
401359989,2021-11-11T01:00Z,2022,regular-season,NOP,OKC,100,108,2021-11-10
401359990,2021-11-11T01:30Z,2022,regular-season,SAS,SAC,136,117,2021-11-10
401359991,2021-11-11T02:00Z,2022,regular-season,DEN,IND,101,98,2021-11-10
401359992,2021-11-11T02:00Z,2022,regular-season,PHX,POR,119,109,2021-11-10
401359993,2021-11-11T03:00Z,2022,regular-season,GSW,MIN,123,110,2021-11-10
401359994,2021-11-11T03:00Z,2022,regular-season,LAL,MIA,120,117,2021-11-10
401359995,2021-11-12T00:00Z,2022,regular-season,PHI,TOR,109,115,2021-11-11
401359996,2021-11-12T02:00Z,2022,regular-season,UTA,IND,100,111,2021-11-11
401359997,2021-11-12T03:30Z,2022,regular-season,LAC,MIA,112,109,2021-11-11
401359998,2021-11-13T00:00Z,2022,regular-season,CHA,NYK,104,96,2021-11-12
401359999,2021-11-13T00:30Z,2022,regular-season,BOS,MIL,122,113,2021-11-12
401360000,2021-11-13T00:30Z,2022,regular-season,CLE,DET,98,78,2021-11-12
401360001,2021-11-13T01:00Z,2022,regular-season,HOU,POR,92,104,2021-11-12
401360002,2021-11-13T01:00Z,2022,regular-season,MEM,PHX,94,119,2021-11-12
401360003,2021-11-13T01:00Z,2022,regular-season,NOP,BKN,112,120,2021-11-12
401360004,2021-11-13T01:00Z,2022,regular-season,OKC,SAC,105,103,2021-11-12
401360005,2021-11-13T01:30Z,2022,regular-season,SAS,DAL,109,123,2021-11-12
401360006,2021-11-13T02:00Z,2022,regular-season,DEN,ATL,105,96,2021-11-12
401360007,2021-11-13T03:00Z,2022,regular-season,GSW,CHI,119,93,2021-11-12
401360008,2021-11-13T03:30Z,2022,regular-season,LAL,MIN,83,107,2021-11-12
401360009,2021-11-13T22:00Z,2022,regular-season,UTA,MIA,105,111,2021-11-13
401360010,2021-11-14T00:00Z,2022,regular-season,IND,PHI,118,113,2021-11-13
401360011,2021-11-14T00:00Z,2022,regular-season,ORL,WAS,92,104,2021-11-13
401360012,2021-11-14T00:00Z,2022,regular-season,NOP,MEM,112,101,2021-11-13
401360013,2021-11-14T00:30Z,2022,regular-season,TOR,DET,121,127,2021-11-13
401360014,2021-11-14T01:00Z,2022,regular-season,CLE,BOS,91,89,2021-11-13
401360015,2021-11-14T03:30Z,2022,regular-season,LAC,MIN,129,102,2021-11-13
401360016,2021-11-14T20:30Z,2022,regular-season,LAL,SAS,114,106,2021-11-14
401360017,2021-11-14T23:00Z,2022,regular-season,ATL,MIL,120,100,2021-11-14
401360018,2021-11-15T00:00Z,2022,regular-season,CHA,GSW,106,102,2021-11-14
401360019,2021-11-15T00:00Z,2022,regular-season,HOU,PHX,89,115,2021-11-14
401360020,2021-11-15T00:00Z,2022,regular-season,OKC,BKN,96,120,2021-11-14
401360021,2021-11-15T01:00Z,2022,regular-season,DEN,POR,124,95,2021-11-14
401360022,2021-11-15T02:30Z,2022,regular-season,LAC,CHI,90,100,2021-11-14
401360023,2021-11-16T00:00Z,2022,regular-season,CLE,BOS,92,98,2021-11-15
401360024,2021-11-16T00:00Z,2022,regular-season,DET,SAC,107,129,2021-11-15
401360025,2021-11-16T00:00Z,2022,regular-season,WAS,NOP,105,100,2021-11-15
401360026,2021-11-16T00:30Z,2022,regular-season,ATL,ORL,129,111,2021-11-15
401360027,2021-11-16T00:30Z,2022,regular-season,NYK,IND,92,84,2021-11-15
401360028,2021-11-16T01:00Z,2022,regular-season,DAL,DEN,111,101,2021-11-15
401360029,2021-11-16T01:00Z,2022,regular-season,MEM,HOU,136,102,2021-11-15
401360030,2021-11-16T01:00Z,2022,regular-season,MIN,PHX,96,99,2021-11-15
401360031,2021-11-16T01:00Z,2022,regular-season,OKC,MIA,90,103,2021-11-15
401360032,2021-11-16T03:00Z,2022,regular-season,POR,TOR,118,113,2021-11-15
401360033,2021-11-16T03:30Z,2022,regular-season,LAL,CHI,103,121,2021-11-15
401360034,2021-11-17T00:30Z,2022,regular-season,BKN,GSW,99,117,2021-11-16
401360035,2021-11-17T03:00Z,2022,regular-season,UTA,PHI,120,85,2021-11-16
401360036,2021-11-17T03:30Z,2022,regular-season,LAC,SAS,106,92,2021-11-16
401360037,2021-11-18T00:00Z,2022,regular-season,CHA,WAS,97,87,2021-11-17
401360038,2021-11-18T00:00Z,2022,regular-season,DET,IND,97,89,2021-11-17
401360039,2021-11-18T00:30Z,2022,regular-season,ATL,BOS,110,99,2021-11-17
401360040,2021-11-18T00:30Z,2022,regular-season,BKN,CLE,109,99,2021-11-17
401360041,2021-11-18T00:30Z,2022,regular-season,MIA,NOP,113,98,2021-11-17
401360042,2021-11-18T00:30Z,2022,regular-season,NYK,ORL,98,104,2021-11-17
401360043,2021-11-18T00:30Z,2022,regular-season,MIL,LAL,109,102,2021-11-17
401360044,2021-11-18T01:00Z,2022,regular-season,MIN,SAC,107,97,2021-11-17
401360045,2021-11-18T01:00Z,2022,regular-season,OKC,HOU,101,89,2021-11-17
401360046,2021-11-18T03:00Z,2022,regular-season,PHX,DAL,105,98,2021-11-17
401360047,2021-11-18T03:00Z,2022,regular-season,POR,CHI,112,107,2021-11-17
401360048,2021-11-19T00:30Z,2022,regular-season,CLE,GSW,89,104,2021-11-18
401360049,2021-11-19T00:30Z,2022,regular-season,MIA,WAS,112,97,2021-11-18
401360050,2021-11-19T01:00Z,2022,regular-season,MEM,LAC,120,108,2021-11-18
401360051,2021-11-19T01:00Z,2022,regular-season,MIN,SAS,115,90,2021-11-18
401360052,2021-11-19T02:00Z,2022,regular-season,DEN,PHI,89,103,2021-11-18
401360053,2021-11-19T02:00Z,2022,regular-season,UTA,TOR,119,103,2021-11-18
401360054,2021-11-20T00:00Z,2022,regular-season,CHA,IND,121,118,2021-11-19
401360055,2021-11-20T00:00Z,2022,regular-season,DET,GSW,102,105,2021-11-19
401360056,2021-11-20T00:30Z,2022,regular-season,BOS,LAL,130,108,2021-11-19
401360057,2021-11-20T00:30Z,2022,regular-season,BKN,ORL,115,113,2021-11-19
401360058,2021-11-20T01:00Z,2022,regular-season,MIL,OKC,96,89,2021-11-19
401360059,2021-11-20T01:00Z,2022,regular-season,NOP,LAC,94,81,2021-11-19
401360060,2021-11-20T02:00Z,2022,regular-season,DEN,CHI,108,114,2021-11-19
401360061,2021-11-20T03:00Z,2022,regular-season,PHX,DAL,112,104,2021-11-19
401360062,2021-11-20T03:00Z,2022,regular-season,SAC,TOR,89,108,2021-11-19
401360063,2021-11-20T22:00Z,2022,regular-season,NYK,HOU,106,99,2021-11-20
401360064,2021-11-21T00:00Z,2022,regular-season,IND,NOP,111,94,2021-11-20
401360065,2021-11-21T00:00Z,2022,regular-season,WAS,MIA,103,100,2021-11-20
401360066,2021-11-21T00:30Z,2022,regular-season,ATL,CHA,115,105,2021-11-20
401360067,2021-11-21T00:30Z,2022,regular-season,BOS,OKC,111,105,2021-11-20
401360068,2021-11-21T01:00Z,2022,regular-season,MIL,ORL,117,108,2021-11-20
401360069,2021-11-21T01:00Z,2022,regular-season,MIN,MEM,138,95,2021-11-20
401360070,2021-11-21T03:00Z,2022,regular-season,POR,PHI,118,111,2021-11-20
401360071,2021-11-21T03:00Z,2022,regular-season,SAC,UTA,105,123,2021-11-20
401360072,2021-11-21T20:30Z,2022,regular-season,LAC,DAL,97,91,2021-11-21
401360073,2021-11-21T23:00Z,2022,regular-season,DET,LAL,116,121,2021-11-21
401360074,2021-11-22T01:00Z,2022,regular-season,CHI,NYK,109,103,2021-11-21
401360075,2021-11-22T01:00Z,2022,regular-season,PHX,DEN,126,97,2021-11-21
401360076,2021-11-22T01:30Z,2022,regular-season,GSW,TOR,119,104,2021-11-21
401360077,2021-11-23T00:00Z,2022,regular-season,CLE,BKN,112,117,2021-11-22
401360078,2021-11-23T00:00Z,2022,regular-season,WAS,CHA,103,109,2021-11-22
401360079,2021-11-23T00:30Z,2022,regular-season,ATL,OKC,113,101,2021-11-22
401360080,2021-11-23T00:30Z,2022,regular-season,BOS,HOU,108,90,2021-11-22
401360081,2021-11-23T01:00Z,2022,regular-season,CHI,IND,77,109,2021-11-22
401360082,2021-11-23T01:00Z,2022,regular-season,MIL,ORL,123,92,2021-11-22
401360083,2021-11-23T01:00Z,2022,regular-season,NOP,MIN,96,110,2021-11-22
401360084,2021-11-23T01:30Z,2022,regular-season,SAS,PHX,111,115,2021-11-22
401360085,2021-11-23T02:00Z,2022,regular-season,UTA,MEM,118,119,2021-11-22
401360086,2021-11-23T03:00Z,2022,regular-season,SAC,PHI,94,102,2021-11-22
401360087,2021-11-24T00:00Z,2022,regular-season,DET,MIA,92,100,2021-11-23
401360088,2021-11-24T00:30Z,2022,regular-season,NYK,LAL,106,100,2021-11-23
401360089,2021-11-24T03:00Z,2022,regular-season,POR,DEN,119,100,2021-11-23
401360090,2021-11-24T03:30Z,2022,regular-season,LAC,DAL,104,112,2021-11-23
401360091,2021-11-25T00:00Z,2022,regular-season,CLE,PHX,115,120,2021-11-24
401360092,2021-11-25T00:00Z,2022,regular-season,IND,LAL,116,124,2021-11-24
401360093,2021-11-25T00:00Z,2022,regular-season,ORL,CHA,99,106,2021-11-24
401360094,2021-11-25T00:30Z,2022,regular-season,BOS,BKN,104,123,2021-11-24
401360095,2021-11-25T01:00Z,2022,regular-season,HOU,CHI,118,113,2021-11-24
401360096,2021-11-25T01:00Z,2022,regular-season,MEM,TOR,113,126,2021-11-24
401360097,2021-11-25T01:00Z,2022,regular-season,MIL,DET,114,93,2021-11-24
401360098,2021-11-25T01:00Z,2022,regular-season,MIN,MIA,113,101,2021-11-24
401360099,2021-11-25T01:00Z,2022,regular-season,NOP,WAS,127,102,2021-11-24
401360100,2021-11-25T01:00Z,2022,regular-season,OKC,UTA,104,110,2021-11-24
401360101,2021-11-25T01:30Z,2022,regular-season,SAS,ATL,106,124,2021-11-24
401360102,2021-11-25T03:00Z,2022,regular-season,GSW,PHI,116,96,2021-11-24
401360103,2021-11-25T03:00Z,2022,regular-season,SAC,POR,125,121,2021-11-24
401360104,2021-11-26T20:30Z,2022,regular-season,LAC,DET,107,96,2021-11-26
401360105,2021-11-27T00:00Z,2022,regular-season,CHA,MIN,133,115,2021-11-26
401360106,2021-11-27T00:00Z,2022,regular-season,NYK,PHX,97,118,2021-11-26
401360107,2021-11-27T00:00Z,2022,regular-season,ORL,CHI,88,123,2021-11-26
401360108,2021-11-27T01:00Z,2022,regular-season,IND,TOR,114,97,2021-11-26
401360109,2021-11-27T01:00Z,2022,regular-season,MEM,ATL,100,132,2021-11-26
401360110,2021-11-27T01:00Z,2022,regular-season,OKC,WAS,99,101,2021-11-26
401360111,2021-11-27T01:30Z,2022,regular-season,SAS,BOS,96,88,2021-11-26
401360112,2021-11-27T02:00Z,2022,regular-season,DEN,MIL,109,120,2021-11-26
401360113,2021-11-27T02:00Z,2022,regular-season,UTA,NOP,97,98,2021-11-26
401360114,2021-11-27T03:00Z,2022,regular-season,GSW,POR,118,103,2021-11-26
401360115,2021-11-27T03:30Z,2022,regular-season,LAL,SAC,137,141,2021-11-26
401360116,2021-11-27T23:00Z,2022,regular-season,PHI,MIN,120,121,2021-11-27
401360117,2021-11-28T00:30Z,2022,regular-season,ATL,NYK,90,99,2021-11-27
401360118,2021-11-28T00:30Z,2022,regular-season,BKN,PHX,107,113,2021-11-27
401360119,2021-11-28T01:00Z,2022,regular-season,CLE,ORL,105,92,2021-11-27
401360120,2021-11-28T01:00Z,2022,regular-season,CHI,MIA,104,107,2021-11-27
401360121,2021-11-28T01:00Z,2022,regular-season,HOU,CHA,146,143,2021-11-27
401360122,2021-11-28T01:30Z,2022,regular-season,DAL,WAS,114,120,2021-11-27
401360123,2021-11-28T02:00Z,2022,regular-season,UTA,NOP,127,105,2021-11-27
401360124,2021-11-28T20:30Z,2022,regular-season,LAC,GSW,90,105,2021-11-28
401360125,2021-11-28T22:00Z,2022,regular-season,IND,MIL,100,118,2021-11-28
401360126,2021-11-28T23:00Z,2022,regular-season,TOR,BOS,97,109,2021-11-28
401360127,2021-11-28T23:00Z,2022,regular-season,MEM,SAC,128,101,2021-11-28
401360128,2021-11-29T02:30Z,2022,regular-season,LAL,DET,110,106,2021-11-28
401360129,2021-11-30T00:00Z,2022,regular-season,PHI,ORL,101,96,2021-11-29
401360130,2021-11-30T00:30Z,2022,regular-season,MIA,DEN,111,120,2021-11-29
401360131,2021-11-30T01:00Z,2022,regular-season,CHI,CHA,133,119,2021-11-29
401360132,2021-11-30T01:00Z,2022,regular-season,HOU,OKC,102,89,2021-11-29
401360133,2021-11-30T01:00Z,2022,regular-season,MIN,IND,100,98,2021-11-29
401360134,2021-11-30T01:30Z,2022,regular-season,DAL,CLE,96,114,2021-11-29
401360135,2021-11-30T01:30Z,2022,regular-season,SAS,WAS,116,99,2021-11-29
401360136,2021-11-30T02:00Z,2022,regular-season,UTA,POR,129,107,2021-11-29
401360137,2021-11-30T03:30Z,2022,regular-season,LAC,NOP,104,123,2021-11-29
401360138,2021-12-01T00:30Z,2022,regular-season,BKN,NYK,112,110,2021-11-30
401360139,2021-12-01T00:30Z,2022,regular-season,TOR,MEM,91,98,2021-11-30
401360140,2021-12-01T03:00Z,2022,regular-season,PHX,GSW,104,96,2021-11-30
401360141,2021-12-01T03:00Z,2022,regular-season,POR,DET,110,92,2021-11-30
401360142,2021-12-01T03:00Z,2022,regular-season,SAC,LAL,92,117,2021-11-30
401360143,2021-12-02T00:00Z,2022,regular-season,IND,ATL,111,114,2021-12-01
401360144,2021-12-02T00:00Z,2022,regular-season,ORL,DEN,108,103,2021-12-01
401360145,2021-12-02T00:00Z,2022,regular-season,WAS,MIN,115,107,2021-12-01
401360146,2021-12-02T00:30Z,2022,regular-season,BOS,PHI,88,87,2021-12-01
401360147,2021-12-02T00:30Z,2022,regular-season,MIA,CLE,85,111,2021-12-01
401360148,2021-12-02T01:00Z,2022,regular-season,MIL,CHA,127,125,2021-12-01
401360149,2021-12-02T01:00Z,2022,regular-season,NOP,DAL,107,139,2021-12-01
401360150,2021-12-02T01:00Z,2022,regular-season,OKC,HOU,110,114,2021-12-01
401360151,2021-12-02T03:30Z,2022,regular-season,LAC,SAC,115,124,2021-12-01
401360152,2021-12-03T00:30Z,2022,regular-season,NYK,CHI,115,119,2021-12-02
401360153,2021-12-03T00:30Z,2022,regular-season,TOR,MIL,97,93,2021-12-02
401360154,2021-12-03T01:00Z,2022,regular-season,MEM,OKC,152,79,2021-12-02
401360155,2021-12-03T02:00Z,2022,regular-season,PHX,DET,114,103,2021-12-02
401360156,2021-12-03T03:00Z,2022,regular-season,POR,SAS,83,114,2021-12-02
401360157,2021-12-04T00:00Z,2022,regular-season,IND,MIA,104,113,2021-12-03
401360158,2021-12-04T00:00Z,2022,regular-season,WAS,CLE,101,116,2021-12-03
401360159,2021-12-04T00:30Z,2022,regular-season,ATL,PHI,96,98,2021-12-03
401360160,2021-12-04T00:30Z,2022,regular-season,BKN,MIN,110,105,2021-12-03
401360161,2021-12-04T01:00Z,2022,regular-season,HOU,ORL,118,116,2021-12-03
401360162,2021-12-04T01:30Z,2022,regular-season,DAL,NOP,91,107,2021-12-03
401360163,2021-12-04T02:00Z,2022,regular-season,UTA,BOS,137,130,2021-12-03
401360164,2021-12-04T03:00Z,2022,regular-season,GSW,PHX,118,96,2021-12-03
401360165,2021-12-04T03:00Z,2022,regular-season,LAL,LAC,115,119,2021-12-03
401360166,2021-12-04T18:00Z,2022,regular-season,NYK,DEN,99,113,2021-12-04
401360167,2021-12-05T01:00Z,2022,regular-season,BKN,CHI,107,111,2021-12-04
401360168,2021-12-05T01:00Z,2022,regular-season,MIL,MIA,124,102,2021-12-04
401360169,2021-12-05T01:30Z,2022,regular-season,DAL,MEM,90,97,2021-12-04
401360170,2021-12-05T01:30Z,2022,regular-season,GSW,SAS,107,112,2021-12-04
401360171,2021-12-05T03:00Z,2022,regular-season,POR,BOS,117,145,2021-12-04
401360172,2021-12-05T03:00Z,2022,regular-season,SAC,LAC,104,99,2021-12-04
401360173,2021-12-05T20:30Z,2022,regular-season,CLE,UTA,108,109,2021-12-05
401360174,2021-12-05T23:00Z,2022,regular-season,ATL,CHA,127,130,2021-12-05
401360175,2021-12-05T23:00Z,2022,regular-season,TOR,WAS,102,90,2021-12-05
401360176,2021-12-06T00:00Z,2022,regular-season,HOU,NOP,118,108,2021-12-05
401360177,2021-12-07T00:00Z,2022,regular-season,CHA,PHI,124,127,2021-12-06
401360178,2021-12-07T00:00Z,2022,regular-season,DET,OKC,103,114,2021-12-06
401360179,2021-12-07T00:00Z,2022,regular-season,IND,WAS,116,110,2021-12-06
401360180,2021-12-07T00:30Z,2022,regular-season,MIA,MEM,90,105,2021-12-06
401360181,2021-12-07T01:00Z,2022,regular-season,CHI,DEN,109,97,2021-12-06
401360182,2021-12-07T01:00Z,2022,regular-season,MIL,CLE,112,104,2021-12-06
401360183,2021-12-07T01:00Z,2022,regular-season,MIN,ATL,110,121,2021-12-06
401360184,2021-12-07T02:00Z,2022,regular-season,PHX,SAS,108,104,2021-12-06
401360185,2021-12-07T03:00Z,2022,regular-season,GSW,ORL,126,95,2021-12-06
401360186,2021-12-07T03:00Z,2022,regular-season,POR,LAC,90,102,2021-12-06
401360187,2021-12-08T00:30Z,2022,regular-season,DAL,BKN,99,102,2021-12-07
401360188,2021-12-08T01:30Z,2022,regular-season,SAS,NYK,109,121,2021-12-07
401360189,2021-12-08T03:00Z,2022,regular-season,LAL,BOS,117,102,2021-12-07
401360190,2021-12-09T00:00Z,2022,regular-season,CHA,PHI,106,110,2021-12-08
401360191,2021-12-09T00:00Z,2022,regular-season,CLE,CHI,115,92,2021-12-08
401360192,2021-12-09T00:00Z,2022,regular-season,DET,WAS,116,119,2021-12-08
401360193,2021-12-09T00:00Z,2022,regular-season,IND,NYK,122,102,2021-12-08
401360194,2021-12-09T00:30Z,2022,regular-season,MIA,MIL,113,104,2021-12-08
401360195,2021-12-09T00:30Z,2022,regular-season,TOR,OKC,109,110,2021-12-08
401360196,2021-12-09T01:00Z,2022,regular-season,HOU,BKN,114,104,2021-12-08
401360197,2021-12-09T01:00Z,2022,regular-season,MEM,DAL,96,104,2021-12-08
401360198,2021-12-09T01:00Z,2022,regular-season,MIN,UTA,104,136,2021-12-08
401360199,2021-12-09T01:00Z,2022,regular-season,NOP,DEN,114,120,2021-12-08
401360200,2021-12-09T03:00Z,2022,regular-season,GSW,POR,104,94,2021-12-08
401360201,2021-12-09T03:00Z,2022,regular-season,SAC,ORL,142,130,2021-12-08
401360202,2021-12-09T03:30Z,2022,regular-season,LAC,BOS,114,111,2021-12-08
401360203,2021-12-10T00:00Z,2022,regular-season,PHI,UTA,96,118,2021-12-09
401360204,2021-12-10T01:00Z,2022,regular-season,MEM,LAL,108,95,2021-12-09
401360205,2021-12-10T01:30Z,2022,regular-season,SAS,DEN,123,111,2021-12-09
401360206,2021-12-11T00:00Z,2022,regular-season,CHA,SAC,124,123,2021-12-10
401360207,2021-12-11T00:00Z,2022,regular-season,IND,DAL,106,93,2021-12-10
401360208,2021-12-11T00:30Z,2022,regular-season,ATL,BKN,105,113,2021-12-10
401360209,2021-12-11T00:30Z,2022,regular-season,TOR,NYK,90,87,2021-12-10
401360210,2021-12-11T01:00Z,2022,regular-season,HOU,MIL,114,123,2021-12-10
401360211,2021-12-11T01:00Z,2022,regular-season,MIN,CLE,106,123,2021-12-10
401360212,2021-12-11T01:00Z,2022,regular-season,NOP,DET,109,93,2021-12-10
401360213,2021-12-11T01:00Z,2022,regular-season,OKC,LAL,95,116,2021-12-10
401360214,2021-12-11T03:00Z,2022,regular-season,PHX,BOS,111,90,2021-12-10
401360215,2021-12-11T20:30Z,2022,regular-season,LAC,ORL,106,104,2021-12-11
401360216,2021-12-12T00:00Z,2022,regular-season,WAS,UTA,98,123,2021-12-11
401360217,2021-12-12T01:00Z,2022,regular-season,CLE,SAC,117,103,2021-12-11
401360218,2021-12-12T01:00Z,2022,regular-season,MIA,CHI,118,92,2021-12-11
401360219,2021-12-12T01:00Z,2022,regular-season,MEM,HOU,113,106,2021-12-11
401360220,2021-12-12T01:30Z,2022,regular-season,PHI,GSW,102,93,2021-12-11
401360221,2021-12-12T01:30Z,2022,regular-season,SAS,DEN,112,127,2021-12-11
401360222,2021-12-12T17:00Z,2022,regular-season,NYK,MIL,97,112,2021-12-12
401360223,2021-12-12T23:00Z,2022,regular-season,DET,BKN,104,116,2021-12-12
401360224,2021-12-13T00:00Z,2022,regular-season,OKC,DAL,84,103,2021-12-12
401360225,2021-12-13T00:00Z,2022,regular-season,SAS,NOP,112,97,2021-12-12
401360226,2021-12-13T02:00Z,2022,regular-season,POR,MIN,111,116,2021-12-12
401360227,2021-12-13T02:30Z,2022,regular-season,LAL,ORL,106,94,2021-12-12
401360228,2021-12-14T00:00Z,2022,regular-season,CLE,MIA,105,94,2021-12-13
401360229,2021-12-14T00:00Z,2022,regular-season,IND,GSW,100,102,2021-12-13
401360230,2021-12-14T00:00Z,2022,regular-season,TOR,SAC,124,101,2021-12-13
401360231,2021-12-14T00:30Z,2022,regular-season,ATL,HOU,126,132,2021-12-13
401360232,2021-12-14T00:30Z,2022,regular-season,BOS,MIL,117,103,2021-12-13
401360233,2021-12-14T01:00Z,2022,regular-season,MEM,PHI,126,91,2021-12-13
401360234,2021-12-14T01:30Z,2022,regular-season,DAL,CHA,120,96,2021-12-13
401360235,2021-12-14T02:00Z,2022,regular-season,DEN,WAS,113,107,2021-12-13
401360236,2021-12-14T03:30Z,2022,regular-season,LAC,PHX,111,95,2021-12-13
401360237,2021-12-15T00:30Z,2022,regular-season,BKN,TOR,131,129,2021-12-14
401360238,2021-12-15T00:30Z,2022,regular-season,NYK,GSW,96,105,2021-12-14
401360240,2021-12-15T03:00Z,2022,regular-season,POR,PHX,107,111,2021-12-14
401360241,2021-12-16T00:00Z,2022,regular-season,CLE,HOU,124,89,2021-12-15
401360242,2021-12-16T00:00Z,2022,regular-season,ORL,ATL,99,111,2021-12-15
401360243,2021-12-16T00:00Z,2022,regular-season,PHI,MIA,96,101,2021-12-15
401360244,2021-12-16T00:30Z,2022,regular-season,DAL,LAL,104,107,2021-12-15
401360245,2021-12-16T01:00Z,2022,regular-season,MIL,IND,114,99,2021-12-15
401360246,2021-12-16T01:00Z,2022,regular-season,OKC,NOP,110,113,2021-12-15
401360247,2021-12-16T01:30Z,2022,regular-season,SAS,CHA,115,131,2021-12-15
401360248,2021-12-16T02:00Z,2022,regular-season,DEN,MIN,107,124,2021-12-15
401360249,2021-12-16T03:00Z,2022,regular-season,UTA,LAC,124,103,2021-12-15
401360250,2021-12-16T03:00Z,2022,regular-season,POR,MEM,103,113,2021-12-15
401360251,2021-12-16T03:00Z,2022,regular-season,SAC,WAS,119,105,2021-12-15
401360252,2021-12-17T00:00Z,2022,regular-season,IND,DET,122,113,2021-12-16
401360253,2021-12-17T00:30Z,2022,regular-season,BKN,PHI,114,105,2021-12-16
401360255,2021-12-17T01:00Z,2022,regular-season,HOU,NYK,103,116,2021-12-16
401360256,2021-12-17T02:00Z,2022,regular-season,PHX,WAS,118,98,2021-12-16
401360257,2021-12-18T00:00Z,2022,regular-season,ORL,MIA,105,115,2021-12-17
401360258,2021-12-18T00:30Z,2022,regular-season,ATL,DEN,115,133,2021-12-17
401360259,2021-12-18T00:30Z,2022,regular-season,BOS,GSW,107,111,2021-12-17
401360262,2021-12-18T01:00Z,2022,regular-season,NOP,MIL,116,112,2021-12-17
401360261,2021-12-18T02:00Z,2022,regular-season,UTA,SAS,126,128,2021-12-17
401360260,2021-12-18T03:00Z,2022,regular-season,MIN,LAL,110,92,2021-12-17
401360263,2021-12-18T03:00Z,2022,regular-season,POR,CHA,125,116,2021-12-17
401360264,2021-12-18T03:00Z,2022,regular-season,SAC,MEM,105,124,2021-12-17
401360265,2021-12-18T17:00Z,2022,regular-season,DET,HOU,107,116,2021-12-18
401360269,2021-12-19T00:00Z,2022,regular-season,BOS,NYK,114,107,2021-12-18
401360266,2021-12-19T00:30Z,2022,regular-season,BKN,ORL,93,100,2021-12-18
401360267,2021-12-19T00:30Z,2022,regular-season,TOR,GSW,119,100,2021-12-18
401360268,2021-12-19T01:00Z,2022,regular-season,OKC,LAC,104,103,2021-12-18
401360270,2021-12-19T02:00Z,2022,regular-season,MIL,CLE,90,119,2021-12-18
401360271,2021-12-19T02:00Z,2022,regular-season,UTA,WAS,103,109,2021-12-18
401360273,2021-12-19T23:00Z,2022,regular-season,DET,MIA,100,90,2021-12-19
401360274,2021-12-19T23:00Z,2022,regular-season,MEM,POR,100,105,2021-12-19
401360275,2021-12-19T23:00Z,2022,regular-season,SAC,SAS,121,114,2021-12-19
401360272,2021-12-20T01:00Z,2022,regular-season,CHI,LAL,115,110,2021-12-19
401360279,2021-12-20T01:00Z,2022,regular-season,MIN,DAL,111,105,2021-12-19
401360280,2021-12-20T01:00Z,2022,regular-season,PHX,CHA,137,106,2021-12-19
401360281,2021-12-21T00:30Z,2022,regular-season,BOS,PHI,103,108,2021-12-20
401360283,2021-12-21T01:00Z,2022,regular-season,CHI,HOU,133,118,2021-12-20
401360284,2021-12-21T01:00Z,2022,regular-season,MEM,OKC,99,102,2021-12-20
401360285,2021-12-21T02:00Z,2022,regular-season,UTA,CHA,112,102,2021-12-20
401360286,2021-12-21T03:00Z,2022,regular-season,GSW,SAC,113,98,2021-12-20
401360287,2021-12-21T03:30Z,2022,regular-season,LAC,SAS,92,116,2021-12-20
401360289,2021-12-22T00:30Z,2022,regular-season,MIA,IND,125,96,2021-12-21
401360290,2021-12-22T00:30Z,2022,regular-season,NYK,DET,105,91,2021-12-21
401360291,2021-12-22T01:00Z,2022,regular-season,NOP,POR,111,97,2021-12-21
401360292,2021-12-22T01:30Z,2022,regular-season,DAL,MIN,114,102,2021-12-21
401360293,2021-12-22T03:00Z,2022,regular-season,LAL,PHX,90,108,2021-12-21
401360294,2021-12-23T00:30Z,2022,regular-season,ATL,ORL,98,104,2021-12-22
401360295,2021-12-23T00:30Z,2022,regular-season,BOS,CLE,111,101,2021-12-22
401360297,2021-12-23T01:00Z,2022,regular-season,MIL,HOU,126,106,2021-12-22
401360298,2021-12-23T01:00Z,2022,regular-season,OKC,DEN,108,94,2021-12-22
401360299,2021-12-23T03:00Z,2022,regular-season,SAC,LAC,89,105,2021-12-22
401360300,2021-12-24T00:00Z,2022,regular-season,IND,HOU,118,106,2021-12-23
401360301,2021-12-24T00:00Z,2022,regular-season,ORL,NOP,104,110,2021-12-23
401360302,2021-12-24T00:00Z,2022,regular-season,PHI,ATL,96,98,2021-12-23
401360303,2021-12-24T00:30Z,2022,regular-season,MIA,DET,115,112,2021-12-23
401360304,2021-12-24T00:30Z,2022,regular-season,NYK,WAS,117,124,2021-12-23
401360305,2021-12-24T01:30Z,2022,regular-season,DAL,MIL,95,102,2021-12-23
401360306,2021-12-24T02:00Z,2022,regular-season,DEN,CHA,107,115,2021-12-23
401360307,2021-12-24T02:00Z,2022,regular-season,PHX,OKC,113,101,2021-12-23
401360308,2021-12-24T02:00Z,2022,regular-season,UTA,MIN,128,116,2021-12-23
401360309,2021-12-24T03:00Z,2022,regular-season,GSW,MEM,113,104,2021-12-23
401360311,2021-12-24T03:30Z,2022,regular-season,LAL,SAS,110,138,2021-12-23
401358781,2021-12-25T17:00Z,2022,regular-season,NYK,ATL,101,87,2021-12-25
401358782,2021-12-25T19:30Z,2022,regular-season,MIL,BOS,117,113,2021-12-25
401358783,2021-12-25T22:00Z,2022,regular-season,PHX,GSW,107,116,2021-12-25
401358784,2021-12-26T01:00Z,2022,regular-season,LAL,BKN,115,122,2021-12-25
401358785,2021-12-26T03:30Z,2022,regular-season,UTA,DAL,120,116,2021-12-25
401360312,2021-12-26T20:30Z,2022,regular-season,MIA,ORL,93,83,2021-12-26
401360313,2021-12-26T23:00Z,2022,regular-season,CLE,TOR,144,99,2021-12-26
401360314,2021-12-26T23:00Z,2022,regular-season,WAS,PHI,96,117,2021-12-26
401360315,2021-12-26T23:00Z,2022,regular-season,SAC,MEM,102,127,2021-12-26
401360316,2021-12-27T00:00Z,2022,regular-season,OKC,NOP,117,112,2021-12-26
401360317,2021-12-27T00:00Z,2022,regular-season,SAS,DET,144,109,2021-12-26
401360318,2021-12-27T01:00Z,2022,regular-season,CHI,IND,113,105,2021-12-26
401360319,2021-12-27T02:00Z,2022,regular-season,LAC,DEN,100,103,2021-12-26
401360320,2021-12-28T00:00Z,2022,regular-season,CHA,HOU,123,99,2021-12-27
401360321,2021-12-28T00:30Z,2022,regular-season,ATL,CHI,118,130,2021-12-27
401360322,2021-12-28T01:00Z,2022,regular-season,MIN,BOS,108,103,2021-12-27
401360323,2021-12-28T01:30Z,2022,regular-season,SAS,UTA,104,110,2021-12-27
401360324,2021-12-28T02:00Z,2022,regular-season,PHX,MEM,113,114,2021-12-27
401360325,2021-12-28T03:00Z,2022,regular-season,POR,DAL,117,132,2021-12-27
401360326,2021-12-28T03:30Z,2022,regular-season,LAC,BKN,108,124,2021-12-27
401360327,2021-12-29T00:00Z,2022,regular-season,ORL,MIL,110,127,2021-12-28
401360328,2021-12-29T00:30Z,2022,regular-season,MIA,WAS,119,112,2021-12-28
401360329,2021-12-29T00:30Z,2022,regular-season,TOR,PHI,109,114,2021-12-28
401360330,2021-12-29T01:00Z,2022,regular-season,HOU,LAL,123,132,2021-12-28
401360331,2021-12-29T01:00Z,2022,regular-season,MIN,NYK,88,96,2021-12-28
401360332,2021-12-29T01:00Z,2022,regular-season,NOP,CLE,108,104,2021-12-28
401360333,2021-12-29T03:00Z,2022,regular-season,GSW,DEN,86,89,2021-12-28
401360334,2021-12-29T03:00Z,2022,regular-season,SAC,OKC,117,111,2021-12-28
401360335,2021-12-30T00:00Z,2022,regular-season,DET,NYK,85,94,2021-12-29
401360336,2021-12-30T00:00Z,2022,regular-season,IND,CHA,108,116,2021-12-29
401360337,2021-12-30T00:30Z,2022,regular-season,BOS,LAC,82,91,2021-12-29
401360338,2021-12-30T01:00Z,2022,regular-season,CHI,ATL,131,117,2021-12-29
401360339,2021-12-30T01:00Z,2022,regular-season,MEM,LAL,104,99,2021-12-29
401360341,2021-12-30T02:00Z,2022,regular-season,PHX,OKC,115,97,2021-12-29
401360342,2021-12-30T03:00Z,2022,regular-season,POR,UTA,105,120,2021-12-29
401360343,2021-12-30T03:30Z,2022,regular-season,SAC,DAL,95,94,2021-12-29
401360344,2021-12-31T00:00Z,2022,regular-season,BKN,PHI,102,110,2021-12-30
401360345,2021-12-31T00:00Z,2022,regular-season,ORL,MIL,118,136,2021-12-30
401360346,2021-12-31T00:00Z,2022,regular-season,WAS,CLE,110,93,2021-12-30
401360348,2021-12-31T18:00Z,2022,regular-season,BOS,PHX,123,108,2021-12-31
401360349,2021-12-31T20:00Z,2022,regular-season,IND,CHI,106,108,2021-12-31
401360350,2021-12-31T23:00Z,2022,regular-season,SAC,DAL,96,112,2021-12-31
401360351,2022-01-01T00:00Z,2022,regular-season,HOU,MIA,110,120,2021-12-31
401360352,2022-01-01T00:30Z,2022,regular-season,CLE,ATL,118,121,2021-12-31
401360353,2022-01-01T00:30Z,2022,regular-season,TOR,LAC,116,108,2021-12-31
401360354,2022-01-01T01:00Z,2022,regular-season,MEM,SAS,118,105,2021-12-31
401360355,2022-01-01T01:00Z,2022,regular-season,OKC,NYK,95,80,2021-12-31
401360356,2022-01-01T02:00Z,2022,regular-season,UTA,MIN,120,108,2021-12-31
401360357,2022-01-01T03:30Z,2022,regular-season,LAL,POR,139,106,2021-12-31
401360358,2022-01-01T23:30Z,2022,regular-season,MIL,NOP,136,113,2022-01-01
401360359,2022-01-02T00:00Z,2022,regular-season,DET,SAS,117,116,2022-01-01
401360360,2022-01-02T00:00Z,2022,regular-season,WAS,CHI,119,120,2022-01-01
401360361,2022-01-02T00:30Z,2022,regular-season,BKN,LAC,116,120,2022-01-01
401360362,2022-01-02T01:00Z,2022,regular-season,HOU,DEN,111,124,2022-01-01
401360363,2022-01-02T02:00Z,2022,regular-season,UTA,GSW,116,123,2022-01-01
401360364,2022-01-02T20:30Z,2022,regular-season,TOR,NYK,120,105,2022-01-02
401360365,2022-01-02T23:00Z,2022,regular-season,BOS,ORL,116,111,2022-01-02
401360366,2022-01-02T23:00Z,2022,regular-season,CLE,IND,108,104,2022-01-02
401360367,2022-01-02T23:00Z,2022,regular-season,SAC,MIA,115,113,2022-01-02
401360368,2022-01-03T00:00Z,2022,regular-season,CHA,PHX,99,133,2022-01-02
401360369,2022-01-03T00:00Z,2022,regular-season,OKC,DAL,86,95,2022-01-02
401360370,2022-01-03T02:30Z,2022,regular-season,LAL,MIN,108,103,2022-01-02
401360371,2022-01-04T00:00Z,2022,regular-season,PHI,HOU,133,113,2022-01-03
401360372,2022-01-04T00:00Z,2022,regular-season,WAS,CHA,124,121,2022-01-03
401360373,2022-01-04T00:30Z,2022,regular-season,BKN,MEM,104,118,2022-01-03
401360374,2022-01-04T01:00Z,2022,regular-season,CHI,ORL,102,98,2022-01-03
401360375,2022-01-04T01:00Z,2022,regular-season,MIL,DET,106,115,2022-01-03
401360376,2022-01-04T01:00Z,2022,regular-season,NOP,UTA,104,115,2022-01-03
401360377,2022-01-04T01:30Z,2022,regular-season,DAL,DEN,103,89,2022-01-03
401360378,2022-01-04T03:00Z,2022,regular-season,GSW,MIA,115,108,2022-01-03
401360379,2022-01-04T03:00Z,2022,regular-season,POR,ATL,136,131,2022-01-03
401360380,2022-01-04T03:30Z,2022,regular-season,LAC,MIN,104,122,2022-01-03
401360381,2022-01-05T00:00Z,2022,regular-season,CLE,MEM,106,110,2022-01-04
401360382,2022-01-05T00:00Z,2022,regular-season,TOR,SAS,129,104,2022-01-04
401360383,2022-01-05T00:30Z,2022,regular-season,NYK,IND,104,94,2022-01-04
401360384,2022-01-05T01:00Z,2022,regular-season,NOP,PHX,110,123,2022-01-04
401360385,2022-01-05T03:30Z,2022,regular-season,LAL,SAC,122,114,2022-01-04
401360386,2022-01-06T00:00Z,2022,regular-season,CHA,DET,140,111,2022-01-05
401360387,2022-01-06T00:00Z,2022,regular-season,ORL,PHI,106,116,2022-01-05
401360388,2022-01-06T00:00Z,2022,regular-season,WAS,HOU,111,114,2022-01-05
401360389,2022-01-06T00:30Z,2022,regular-season,BOS,SAS,97,99,2022-01-05
401360390,2022-01-06T00:30Z,2022,regular-season,IND,BKN,121,129,2022-01-05
401360391,2022-01-06T00:30Z,2022,regular-season,DAL,GSW,99,82,2022-01-05
401360392,2022-01-06T01:00Z,2022,regular-season,MIL,TOR,111,117,2022-01-05
401360393,2022-01-06T01:00Z,2022,regular-season,MIN,OKC,98,90,2022-01-05
401360394,2022-01-06T03:00Z,2022,regular-season,DEN,UTA,109,115,2022-01-05
401360395,2022-01-06T03:00Z,2022,regular-season,POR,MIA,109,115,2022-01-05
401360396,2022-01-06T03:00Z,2022,regular-season,SAC,ATL,102,108,2022-01-05
401360397,2022-01-07T00:30Z,2022,regular-season,NYK,BOS,108,105,2022-01-06
401360398,2022-01-07T01:00Z,2022,regular-season,MEM,DET,118,88,2022-01-06
401360399,2022-01-07T01:00Z,2022,regular-season,NOP,GSW,101,96,2022-01-06
401360400,2022-01-07T03:00Z,2022,regular-season,PHX,LAC,106,89,2022-01-06
401360401,2022-01-08T00:00Z,2022,regular-season,PHI,SAS,119,100,2022-01-07
401360402,2022-01-08T00:30Z,2022,regular-season,BKN,MIL,109,121,2022-01-07
401360403,2022-01-08T00:30Z,2022,regular-season,TOR,UTA,122,108,2022-01-07
401360404,2022-01-08T01:00Z,2022,regular-season,CHI,WAS,130,122,2022-01-07
401360405,2022-01-08T01:00Z,2022,regular-season,HOU,DAL,106,130,2022-01-07
401360406,2022-01-08T01:00Z,2022,regular-season,OKC,MIN,105,135,2022-01-07
401360407,2022-01-08T02:00Z,2022,regular-season,DEN,SAC,121,111,2022-01-07
401360408,2022-01-08T03:00Z,2022,regular-season,LAL,ATL,134,118,2022-01-07
401360409,2022-01-08T03:00Z,2022,regular-season,POR,CLE,101,114,2022-01-07
401360410,2022-01-08T20:30Z,2022,regular-season,LAC,MEM,108,123,2022-01-08
401360411,2022-01-09T00:00Z,2022,regular-season,CHA,MIL,114,106,2022-01-08
401360412,2022-01-09T00:00Z,2022,regular-season,DET,ORL,97,92,2022-01-08
401360413,2022-01-09T00:00Z,2022,regular-season,IND,UTA,125,113,2022-01-08
401360414,2022-01-09T00:30Z,2022,regular-season,BOS,NYK,99,75,2022-01-08
401360415,2022-01-09T02:00Z,2022,regular-season,PHX,MIA,100,123,2022-01-08
401360421,2022-01-09T17:00Z,2022,regular-season,BKN,SAS,121,119,2022-01-09
401360416,2022-01-09T20:30Z,2022,regular-season,LAC,ATL,106,93,2022-01-09
401360417,2022-01-09T23:00Z,2022,regular-season,ORL,WAS,100,102,2022-01-09
401360418,2022-01-09T23:00Z,2022,regular-season,TOR,NOP,105,101,2022-01-09
401360419,2022-01-10T00:00Z,2022,regular-season,HOU,MIN,123,141,2022-01-09
401360420,2022-01-10T00:00Z,2022,regular-season,OKC,DEN,95,99,2022-01-09
401360422,2022-01-10T00:30Z,2022,regular-season,DAL,CHI,113,99,2022-01-09
401360423,2022-01-10T01:30Z,2022,regular-season,GSW,CLE,96,82,2022-01-09
401360424,2022-01-10T02:00Z,2022,regular-season,POR,SAC,103,88,2022-01-09
401360425,2022-01-10T02:30Z,2022,regular-season,LAL,MEM,119,127,2022-01-09
401360426,2022-01-11T00:00Z,2022,regular-season,CHA,MIL,103,99,2022-01-10
401360427,2022-01-11T00:00Z,2022,regular-season,DET,UTA,126,116,2022-01-10
401360428,2022-01-11T00:30Z,2022,regular-season,BOS,IND,101,98,2022-01-10
401360429,2022-01-11T00:30Z,2022,regular-season,NYK,SAS,111,96,2022-01-10
401360530,2022-01-11T01:00Z,2022,regular-season,HOU,PHI,91,111,2022-01-10
401360430,2022-01-11T03:00Z,2022,regular-season,SAC,CLE,108,109,2022-01-10
401401133,2022-01-11T03:00Z,2022,regular-season,POR,BKN,114,108,2022-01-10
401360431,2022-01-12T00:00Z,2022,regular-season,WAS,OKC,122,118,2022-01-11
401360432,2022-01-12T00:30Z,2022,regular-season,TOR,PHX,95,99,2022-01-11
401360433,2022-01-12T01:00Z,2022,regular-season,MEM,GSW,116,108,2022-01-11
401360434,2022-01-12T01:00Z,2022,regular-season,NOP,MIN,128,125,2022-01-11
401401138,2022-01-12T01:00Z,2022,regular-season,CHI,DET,133,87,2022-01-11
401360435,2022-01-12T03:30Z,2022,regular-season,LAC,DEN,87,85,2022-01-11
401360437,2022-01-13T00:00Z,2022,regular-season,IND,BOS,100,119,2022-01-12
401360438,2022-01-13T00:00Z,2022,regular-season,PHI,CHA,98,109,2022-01-12
401360439,2022-01-13T00:00Z,2022,regular-season,WAS,ORL,112,106,2022-01-12
401360440,2022-01-13T00:30Z,2022,regular-season,ATL,MIA,91,115,2022-01-12
401360441,2022-01-13T00:30Z,2022,regular-season,NYK,DAL,108,85,2022-01-12
401360442,2022-01-13T01:30Z,2022,regular-season,SAS,HOU,124,128,2022-01-12
401360443,2022-01-13T02:00Z,2022,regular-season,UTA,CLE,91,111,2022-01-12
401360444,2022-01-13T03:00Z,2022,regular-season,CHI,BKN,112,138,2022-01-12
401360445,2022-01-13T03:00Z,2022,regular-season,SAC,LAL,125,116,2022-01-12
401360446,2022-01-14T00:30Z,2022,regular-season,MIL,GSW,118,99,2022-01-13
401360447,2022-01-14T01:00Z,2022,regular-season,MEM,MIN,116,108,2022-01-13
401360448,2022-01-14T01:00Z,2022,regular-season,NOP,LAC,113,89,2022-01-13
401360449,2022-01-14T01:30Z,2022,regular-season,BKN,OKC,109,130,2022-01-13
401360450,2022-01-14T03:00Z,2022,regular-season,DEN,POR,140,108,2022-01-13
401360451,2022-01-15T00:00Z,2022,regular-season,CHA,ORL,109,116,2022-01-14
401360452,2022-01-15T00:00Z,2022,regular-season,DET,TOR,103,87,2022-01-14
401360453,2022-01-15T00:00Z,2022,regular-season,IND,PHX,94,112,2022-01-14
401360454,2022-01-15T00:00Z,2022,regular-season,PHI,BOS,111,99,2022-01-14
401360456,2022-01-15T00:30Z,2022,regular-season,CHI,GSW,96,138,2022-01-14
401360455,2022-01-15T01:00Z,2022,regular-season,MIA,ATL,124,118,2022-01-14
401360457,2022-01-15T01:30Z,2022,regular-season,SAS,CLE,109,114,2022-01-14
401360458,2022-01-15T03:00Z,2022,regular-season,MEM,DAL,85,112,2022-01-14
401360459,2022-01-15T03:00Z,2022,regular-season,SAC,HOU,126,114,2022-01-14
401360460,2022-01-15T23:30Z,2022,regular-season,MIL,TOR,96,103,2022-01-15
401360461,2022-01-16T00:00Z,2022,regular-season,WAS,POR,110,115,2022-01-15
401360462,2022-01-16T00:30Z,2022,regular-season,ATL,NYK,108,117,2022-01-15
401360463,2022-01-16T00:30Z,2022,regular-season,BKN,NOP,120,105,2022-01-15
401360464,2022-01-16T01:00Z,2022,regular-season,MIA,PHI,98,109,2022-01-15
401360465,2022-01-16T01:00Z,2022,regular-season,OKC,CLE,102,107,2022-01-15
401360466,2022-01-16T01:30Z,2022,regular-season,BOS,CHI,114,112,2022-01-15
401360467,2022-01-16T01:30Z,2022,regular-season,SAS,LAC,101,94,2022-01-15
401360468,2022-01-16T02:00Z,2022,regular-season,DEN,LAL,133,96,2022-01-15
401360469,2022-01-16T02:30Z,2022,regular-season,DAL,ORL,108,92,2022-01-15
401360436,2022-01-16T18:00Z,2022,regular-season,DET,PHX,108,135,2022-01-16
401360470,2022-01-16T23:00Z,2022,regular-season,SAC,HOU,112,118,2022-01-16
401360471,2022-01-17T01:00Z,2022,regular-season,MIN,GSW,119,99,2022-01-16
401360472,2022-01-17T01:00Z,2022,regular-season,DEN,UTA,102,125,2022-01-16
401360473,2022-01-17T17:30Z,2022,regular-season,BOS,NOP,104,92,2022-01-17
401360474,2022-01-17T18:00Z,2022,regular-season,NYK,CHA,87,97,2022-01-17
401360475,2022-01-17T19:00Z,2022,regular-season,WAS,PHI,117,98,2022-01-17
401360476,2022-01-17T20:00Z,2022,regular-season,CLE,BKN,114,107,2022-01-17
401360477,2022-01-17T20:30Z,2022,regular-season,MEM,CHI,119,106,2022-01-17
401360478,2022-01-17T20:30Z,2022,regular-season,LAC,IND,139,133,2022-01-17
401360479,2022-01-17T23:00Z,2022,regular-season,ATL,MIL,121,114,2022-01-17
401360480,2022-01-18T00:00Z,2022,regular-season,ORL,POR,88,98,2022-01-17
401360481,2022-01-18T00:30Z,2022,regular-season,MIA,TOR,104,99,2022-01-17
401360482,2022-01-18T01:30Z,2022,regular-season,DAL,OKC,104,102,2022-01-17
401360483,2022-01-18T01:30Z,2022,regular-season,SAS,PHX,107,121,2022-01-17
401360484,2022-01-18T03:30Z,2022,regular-season,LAL,UTA,101,95,2022-01-17
401360485,2022-01-19T00:30Z,2022,regular-season,NYK,MIN,110,112,2022-01-18
401360486,2022-01-19T03:00Z,2022,regular-season,GSW,DET,102,86,2022-01-18
401360487,2022-01-20T00:00Z,2022,regular-season,PHI,ORL,123,110,2022-01-19
401360488,2022-01-20T00:00Z,2022,regular-season,WAS,BKN,118,119,2022-01-19
401360489,2022-01-20T00:30Z,2022,regular-season,ATL,MIN,134,122,2022-01-19
401360490,2022-01-20T00:30Z,2022,regular-season,BOS,CHA,102,111,2022-01-19
401360491,2022-01-20T00:30Z,2022,regular-season,MIA,POR,104,92,2022-01-19
401360492,2022-01-20T01:00Z,2022,regular-season,CHI,CLE,117,104,2022-01-19
401360493,2022-01-20T01:00Z,2022,regular-season,MIL,MEM,126,114,2022-01-19
401360494,2022-01-20T01:30Z,2022,regular-season,DAL,TOR,102,98,2022-01-19
401360495,2022-01-20T01:30Z,2022,regular-season,SAS,OKC,118,96,2022-01-19
401360496,2022-01-20T02:00Z,2022,regular-season,UTA,HOU,111,116,2022-01-19
401360497,2022-01-20T03:00Z,2022,regular-season,DEN,LAC,130,128,2022-01-19
401360498,2022-01-20T03:00Z,2022,regular-season,SAC,DET,131,133,2022-01-19
401360499,2022-01-20T03:30Z,2022,regular-season,LAL,IND,104,111,2022-01-19
401360500,2022-01-21T00:30Z,2022,regular-season,NYK,NOP,91,102,2022-01-20
401360501,2022-01-21T00:30Z,2022,regular-season,DAL,PHX,101,109,2022-01-20
401360502,2022-01-21T03:00Z,2022,regular-season,GSW,IND,117,121,2022-01-20
401360503,2022-01-22T00:00Z,2022,regular-season,CHA,OKC,121,98,2022-01-21
401360504,2022-01-22T00:00Z,2022,regular-season,ORL,LAL,105,116,2022-01-21
401360505,2022-01-22T00:00Z,2022,regular-season,PHI,LAC,101,102,2022-01-21
401360506,2022-01-22T00:30Z,2022,regular-season,ATL,MIA,110,108,2022-01-21
401360507,2022-01-22T00:30Z,2022,regular-season,BOS,POR,105,109,2022-01-21
401360508,2022-01-22T01:00Z,2022,regular-season,WAS,TOR,105,109,2022-01-21
401360509,2022-01-22T01:00Z,2022,regular-season,MIL,CHI,94,90,2022-01-21
401360510,2022-01-22T01:30Z,2022,regular-season,SAS,BKN,102,117,2022-01-21
401360511,2022-01-22T02:00Z,2022,regular-season,DEN,MEM,118,122,2022-01-21
401360512,2022-01-22T02:00Z,2022,regular-season,UTA,DET,111,101,2022-01-21
401360513,2022-01-22T03:00Z,2022,regular-season,GSW,HOU,105,103,2022-01-21
401360515,2022-01-23T00:00Z,2022,regular-season,MIL,SAC,133,127,2022-01-22
401360514,2022-01-23T01:00Z,2022,regular-season,CLE,OKC,94,87,2022-01-22
401360516,2022-01-23T02:00Z,2022,regular-season,PHX,IND,113,103,2022-01-22
401360517,2022-01-23T18:00Z,2022,regular-season,NYK,LAC,110,102,2022-01-23
401360518,2022-01-23T20:30Z,2022,regular-season,WAS,BOS,87,116,2022-01-23
401360519,2022-01-23T23:00Z,2022,regular-season,MIA,LAL,113,107,2022-01-23
401360520,2022-01-23T23:00Z,2022,regular-season,ORL,CHI,114,95,2022-01-23
401360521,2022-01-23T23:00Z,2022,regular-season,TOR,POR,105,114,2022-01-23
401360522,2022-01-24T00:00Z,2022,regular-season,CHA,ATL,91,113,2022-01-23
401360523,2022-01-24T00:00Z,2022,regular-season,SAS,PHI,109,115,2022-01-23
401360524,2022-01-24T00:30Z,2022,regular-season,DAL,MEM,104,91,2022-01-23
401360525,2022-01-24T01:00Z,2022,regular-season,MIN,BKN,136,125,2022-01-23
401360526,2022-01-24T01:00Z,2022,regular-season,DEN,DET,117,111,2022-01-23
401360527,2022-01-24T01:30Z,2022,regular-season,GSW,UTA,94,92,2022-01-23
401360528,2022-01-25T00:00Z,2022,regular-season,CLE,NYK,95,93,2022-01-24
401360531,2022-01-25T01:00Z,2022,regular-season,NOP,IND,117,113,2022-01-24
401360549,2022-01-25T01:00Z,2022,regular-season,OKC,CHI,110,111,2022-01-24
401360532,2022-01-25T02:00Z,2022,regular-season,PHX,UTA,115,109,2022-01-24
401360533,2022-01-26T00:00Z,2022,regular-season,DET,DEN,105,110,2022-01-25
401360534,2022-01-26T00:00Z,2022,regular-season,TOR,CHA,125,113,2022-01-25
401360535,2022-01-26T00:00Z,2022,regular-season,WAS,LAC,115,116,2022-01-25
401401137,2022-01-26T00:00Z,2022,regular-season,PHI,NOP,117,107,2022-01-25
401360536,2022-01-26T00:30Z,2022,regular-season,BOS,SAC,128,75,2022-01-25
401360537,2022-01-26T00:30Z,2022,regular-season,BKN,LAL,96,106,2022-01-25
401360538,2022-01-26T01:00Z,2022,regular-season,HOU,SAS,104,134,2022-01-25
401360539,2022-01-26T03:00Z,2022,regular-season,GSW,DAL,130,92,2022-01-25
401360540,2022-01-26T03:00Z,2022,regular-season,POR,MIN,107,109,2022-01-25
401360541,2022-01-27T00:00Z,2022,regular-season,CLE,MIL,115,99,2022-01-26
401360542,2022-01-27T00:00Z,2022,regular-season,IND,CHA,126,158,2022-01-26
401360543,2022-01-27T00:00Z,2022,regular-season,ORL,LAC,102,111,2022-01-26
401360544,2022-01-27T00:30Z,2022,regular-season,ATL,SAC,121,104,2022-01-26
401360546,2022-01-27T00:30Z,2022,regular-season,MIA,NYK,110,96,2022-01-26
401401134,2022-01-27T01:00Z,2022,regular-season,BKN,DEN,118,124,2022-01-26
401401140,2022-01-27T01:00Z,2022,regular-season,CHI,TOR,111,105,2022-01-26
401360547,2022-01-27T01:30Z,2022,regular-season,SAS,MEM,110,118,2022-01-26
401360550,2022-01-27T03:00Z,2022,regular-season,UTA,PHX,97,105,2022-01-26
401360551,2022-01-27T03:00Z,2022,regular-season,POR,DAL,112,132,2022-01-26
401360552,2022-01-28T00:30Z,2022,regular-season,PHI,LAL,105,87,2022-01-27
401360553,2022-01-28T03:00Z,2022,regular-season,GSW,MIN,124,115,2022-01-27
401360555,2022-01-29T00:00Z,2022,regular-season,ORL,DET,119,103,2022-01-28
401360554,2022-01-29T00:30Z,2022,regular-season,CHA,LAL,117,114,2022-01-28
401360556,2022-01-29T00:30Z,2022,regular-season,ATL,BOS,108,92,2022-01-28
401360548,2022-01-29T01:00Z,2022,regular-season,NOP,DEN,105,116,2022-01-28
401360557,2022-01-29T01:00Z,2022,regular-season,MIA,LAC,121,114,2022-01-28
401360558,2022-01-29T01:00Z,2022,regular-season,HOU,POR,110,125,2022-01-28
401360559,2022-01-29T01:00Z,2022,regular-season,MEM,UTA,119,109,2022-01-28
401360560,2022-01-29T01:00Z,2022,regular-season,OKC,IND,110,113,2022-01-28
401360561,2022-01-29T01:30Z,2022,regular-season,SAS,CHI,131,122,2022-01-28
401360562,2022-01-29T02:00Z,2022,regular-season,PHX,MIN,134,124,2022-01-28
401360563,2022-01-29T03:00Z,2022,regular-season,MIL,NYK,123,108,2022-01-28
401360564,2022-01-30T00:00Z,2022,regular-season,NOP,BOS,97,107,2022-01-29
401360565,2022-01-30T00:00Z,2022,regular-season,DAL,IND,132,105,2022-01-29
401360566,2022-01-30T00:30Z,2022,regular-season,PHI,SAC,103,101,2022-01-29
401360567,2022-01-30T01:00Z,2022,regular-season,MIA,TOR,120,124,2022-01-29
401360568,2022-01-30T01:00Z,2022,regular-season,MEM,WAS,115,95,2022-01-29
401360569,2022-01-30T01:30Z,2022,regular-season,GSW,BKN,110,106,2022-01-29
401360570,2022-01-30T18:00Z,2022,regular-season,ATL,LAL,129,121,2022-01-30
401360571,2022-01-30T18:00Z,2022,regular-season,CHA,LAC,90,115,2022-01-30
401360572,2022-01-30T20:30Z,2022,regular-season,CHI,POR,130,116,2022-01-30
401360573,2022-01-30T23:00Z,2022,regular-season,DET,CLE,115,105,2022-01-30
401360574,2022-01-31T00:00Z,2022,regular-season,ORL,DAL,110,108,2022-01-30
401360575,2022-01-31T00:00Z,2022,regular-season,MIL,DEN,100,136,2022-01-30
401360576,2022-01-31T01:00Z,2022,regular-season,MIN,UTA,126,106,2022-01-30
401360577,2022-01-31T01:00Z,2022,regular-season,PHX,SAS,115,110,2022-01-30
401360578,2022-02-01T00:00Z,2022,regular-season,CLE,NOP,93,90,2022-01-31
401360579,2022-02-01T00:00Z,2022,regular-season,IND,LAC,122,116,2022-01-31
401360580,2022-02-01T00:00Z,2022,regular-season,PHI,MEM,122,119,2022-01-31
401360581,2022-02-01T00:30Z,2022,regular-season,BOS,MIA,122,92,2022-01-31
401360582,2022-02-01T00:30Z,2022,regular-season,NYK,SAC,116,96,2022-01-31
401360586,2022-02-01T00:30Z,2022,regular-season,ATL,TOR,100,106,2022-01-31
401360583,2022-02-01T01:00Z,2022,regular-season,HOU,GSW,108,122,2022-01-31
401360584,2022-02-01T01:00Z,2022,regular-season,OKC,POR,98,81,2022-01-31
401360585,2022-02-02T00:00Z,2022,regular-season,DET,NOP,101,111,2022-02-01
401360587,2022-02-02T00:30Z,2022,regular-season,MIL,WAS,112,98,2022-02-01
401360603,2022-02-02T00:30Z,2022,regular-season,TOR,MIA,110,106,2022-02-01
401360588,2022-02-02T01:00Z,2022,regular-season,CHI,ORL,126,115,2022-02-01
401360589,2022-02-02T01:00Z,2022,regular-season,MIN,DEN,130,115,2022-02-01
401360590,2022-02-02T01:30Z,2022,regular-season,SAS,GSW,120,124,2022-02-01
401360591,2022-02-02T03:00Z,2022,regular-season,PHX,BKN,121,111,2022-02-01
401360592,2022-02-03T00:00Z,2022,regular-season,IND,ORL,118,119,2022-02-02
401360593,2022-02-03T00:00Z,2022,regular-season,PHI,WAS,103,106,2022-02-02
401360594,2022-02-03T00:30Z,2022,regular-season,BOS,CHA,113,107,2022-02-02
401360595,2022-02-03T00:30Z,2022,regular-season,NYK,MEM,108,120,2022-02-02
401360596,2022-02-03T01:00Z,2022,regular-season,HOU,CLE,115,104,2022-02-02
401360597,2022-02-03T01:30Z,2022,regular-season,DAL,OKC,114,120,2022-02-02
401360598,2022-02-03T03:00Z,2022,regular-season,UTA,DEN,108,104,2022-02-02
401360599,2022-02-03T03:00Z,2022,regular-season,SAC,BKN,112,101,2022-02-02
401360600,2022-02-03T03:30Z,2022,regular-season,LAL,POR,99,94,2022-02-02
401360601,2022-02-04T00:00Z,2022,regular-season,DET,MIN,117,128,2022-02-03
401401143,2022-02-04T00:00Z,2022,regular-season,SAS,MIA,95,112,2022-02-03
401360602,2022-02-04T00:30Z,2022,regular-season,ATL,PHX,124,115,2022-02-03
401401141,2022-02-04T00:30Z,2022,regular-season,TOR,CHI,127,120,2022-02-03
401360604,2022-02-04T03:00Z,2022,regular-season,GSW,SAC,126,114,2022-02-03
401360605,2022-02-04T03:00Z,2022,regular-season,LAC,LAL,111,110,2022-02-03
401360606,2022-02-05T00:00Z,2022,regular-season,CHA,CLE,101,102,2022-02-04
401360607,2022-02-05T00:00Z,2022,regular-season,DET,BOS,93,102,2022-02-04
401360608,2022-02-05T00:00Z,2022,regular-season,IND,CHI,115,122,2022-02-04
401360609,2022-02-05T00:30Z,2022,regular-season,TOR,ATL,125,114,2022-02-04
401360611,2022-02-05T01:30Z,2022,regular-season,SAS,HOU,131,106,2022-02-04
401360612,2022-02-05T02:00Z,2022,regular-season,UTA,BKN,125,102,2022-02-04
401360613,2022-02-05T02:00Z,2022,regular-season,DEN,NOP,105,113,2022-02-04
401360610,2022-02-05T03:00Z,2022,regular-season,DAL,PHI,107,98,2022-02-04
401360614,2022-02-05T03:00Z,2022,regular-season,POR,OKC,93,96,2022-02-04
401360615,2022-02-05T22:00Z,2022,regular-season,ORL,MEM,115,135,2022-02-05
401360616,2022-02-06T00:00Z,2022,regular-season,CHA,MIA,86,104,2022-02-05
401360617,2022-02-06T00:00Z,2022,regular-season,WAS,PHX,80,95,2022-02-05
401360618,2022-02-06T01:30Z,2022,regular-season,LAL,NYK,122,115,2022-02-05
401360619,2022-02-06T03:00Z,2022,regular-season,POR,MIL,108,137,2022-02-05
401360620,2022-02-06T03:00Z,2022,regular-season,SAC,OKC,113,103,2022-02-05
401360621,2022-02-06T20:30Z,2022,regular-season,CHI,PHI,108,119,2022-02-06
401360622,2022-02-06T20:30Z,2022,regular-season,MIN,DET,118,105,2022-02-06
401360623,2022-02-06T20:30Z,2022,regular-season,DEN,BKN,124,104,2022-02-06
401360624,2022-02-06T23:00Z,2022,regular-season,CLE,IND,98,85,2022-02-06
401360625,2022-02-06T23:00Z,2022,regular-season,ORL,BOS,83,116,2022-02-06
401360626,2022-02-06T23:00Z,2022,regular-season,DAL,ATL,103,94,2022-02-06
401360627,2022-02-07T00:00Z,2022,regular-season,HOU,NOP,107,120,2022-02-06
401360628,2022-02-07T02:00Z,2022,regular-season,LAC,MIL,113,137,2022-02-06
401360629,2022-02-08T00:00Z,2022,regular-season,CHA,TOR,101,116,2022-02-07
401360630,2022-02-08T00:00Z,2022,regular-season,WAS,MIA,100,121,2022-02-07
401360631,2022-02-08T01:00Z,2022,regular-season,CHI,PHX,124,127,2022-02-07
401360632,2022-02-08T01:00Z,2022,regular-season,OKC,GSW,98,110,2022-02-07
401360633,2022-02-08T02:00Z,2022,regular-season,UTA,NYK,113,104,2022-02-07
401360634,2022-02-09T00:00Z,2022,regular-season,PHI,PHX,109,114,2022-02-08
401360635,2022-02-09T00:30Z,2022,regular-season,ATL,IND,133,112,2022-02-08
401360636,2022-02-09T00:30Z,2022,regular-season,BKN,BOS,91,126,2022-02-08
401360637,2022-02-09T01:00Z,2022,regular-season,MEM,LAC,135,109,2022-02-08
401360638,2022-02-09T01:00Z,2022,regular-season,NOP,HOU,110,97,2022-02-08
401360639,2022-02-09T01:30Z,2022,regular-season,DAL,DET,116,86,2022-02-08
401360640,2022-02-09T02:00Z,2022,regular-season,DEN,NYK,132,115,2022-02-08
401360641,2022-02-09T03:00Z,2022,regular-season,LAL,MIL,116,131,2022-02-08
401360642,2022-02-09T03:00Z,2022,regular-season,POR,ORL,95,113,2022-02-08
401360643,2022-02-09T03:00Z,2022,regular-season,SAC,MIN,114,134,2022-02-08
401360644,2022-02-10T00:00Z,2022,regular-season,CLE,SAS,105,92,2022-02-09
401360645,2022-02-10T00:30Z,2022,regular-season,CHA,CHI,109,121,2022-02-09
401360646,2022-02-10T01:00Z,2022,regular-season,OKC,TOR,98,117,2022-02-09
401360647,2022-02-10T03:00Z,2022,regular-season,UTA,GSW,111,85,2022-02-09
401360648,2022-02-10T03:00Z,2022,regular-season,POR,LAL,107,105,2022-02-09
401360649,2022-02-10T03:00Z,2022,regular-season,SAC,MIN,132,119,2022-02-09
401360650,2022-02-11T00:00Z,2022,regular-season,DET,MEM,107,132,2022-02-10
401360651,2022-02-11T00:30Z,2022,regular-season,WAS,BKN,113,112,2022-02-10
401360652,2022-02-11T00:30Z,2022,regular-season,NOP,MIA,97,112,2022-02-10
401360653,2022-02-11T01:00Z,2022,regular-season,HOU,TOR,120,139,2022-02-10
401360654,2022-02-11T01:30Z,2022,regular-season,DAL,LAC,112,105,2022-02-10
401360655,2022-02-11T03:00Z,2022,regular-season,PHX,MIL,131,107,2022-02-10
401360656,2022-02-11T03:00Z,2022,regular-season,GSW,NYK,114,116,2022-02-10
401360657,2022-02-12T00:00Z,2022,regular-season,DET,CHA,119,141,2022-02-11
401360658,2022-02-12T00:00Z,2022,regular-season,IND,CLE,113,120,2022-02-11
401360659,2022-02-12T00:00Z,2022,regular-season,PHI,OKC,100,87,2022-02-11
401360660,2022-02-12T00:30Z,2022,regular-season,ATL,SAS,121,136,2022-02-11
401360661,2022-02-12T00:30Z,2022,regular-season,BOS,DEN,108,102,2022-02-11
401360662,2022-02-12T01:00Z,2022,regular-season,CHI,MIN,134,122,2022-02-11
401360663,2022-02-12T02:00Z,2022,regular-season,UTA,ORL,114,99,2022-02-11
401360664,2022-02-12T22:00Z,2022,regular-season,POR,NYK,112,103,2022-02-12
401360665,2022-02-13T00:00Z,2022,regular-season,CHA,MEM,118,125,2022-02-12
401360666,2022-02-13T00:00Z,2022,regular-season,WAS,SAC,110,123,2022-02-12
401360667,2022-02-13T00:00Z,2022,regular-season,NOP,SAS,114,124,2022-02-12
401360668,2022-02-13T00:30Z,2022,regular-season,PHI,CLE,103,93,2022-02-12
401360669,2022-02-13T00:30Z,2022,regular-season,TOR,DEN,109,110,2022-02-12
401360670,2022-02-13T01:00Z,2022,regular-season,MIA,BKN,115,111,2022-02-12
401360671,2022-02-13T01:00Z,2022,regular-season,CHI,OKC,106,101,2022-02-12
401360672,2022-02-13T01:30Z,2022,regular-season,DAL,LAC,97,99,2022-02-12
401360673,2022-02-13T01:30Z,2022,regular-season,GSW,LAL,117,115,2022-02-12
401360674,2022-02-13T02:00Z,2022,regular-season,PHX,ORL,132,105,2022-02-12
401360675,2022-02-13T19:00Z,2022,regular-season,BOS,ATL,105,95,2022-02-13
401360676,2022-02-13T20:00Z,2022,regular-season,IND,MIN,120,129,2022-02-13
401360677,2022-02-15T00:00Z,2022,regular-season,WAS,DET,103,94,2022-02-14
401360678,2022-02-15T00:30Z,2022,regular-season,BKN,SAC,109,85,2022-02-14
401360679,2022-02-15T00:30Z,2022,regular-season,NYK,OKC,123,127,2022-02-14
401360680,2022-02-15T01:00Z,2022,regular-season,CHI,SAS,120,109,2022-02-14
401360681,2022-02-15T01:00Z,2022,regular-season,MIL,POR,107,122,2022-02-14
401360682,2022-02-15T01:00Z,2022,regular-season,NOP,TOR,120,90,2022-02-14
401360683,2022-02-15T02:00Z,2022,regular-season,DEN,ORL,121,111,2022-02-14
401360684,2022-02-15T02:00Z,2022,regular-season,UTA,HOU,135,101,2022-02-14
401360685,2022-02-15T03:30Z,2022,regular-season,LAC,GSW,119,104,2022-02-14
401360686,2022-02-16T00:30Z,2022,regular-season,ATL,CLE,124,116,2022-02-15
401360687,2022-02-16T00:30Z,2022,regular-season,MIA,DAL,99,107,2022-02-15
401360688,2022-02-16T00:30Z,2022,regular-season,PHI,BOS,87,135,2022-02-15
401360689,2022-02-16T01:00Z,2022,regular-season,MIL,IND,128,119,2022-02-15
401360690,2022-02-16T01:00Z,2022,regular-season,MIN,CHA,126,120,2022-02-15
401360691,2022-02-16T01:00Z,2022,regular-season,NOP,MEM,109,121,2022-02-15
401360692,2022-02-16T03:00Z,2022,regular-season,PHX,LAC,103,96,2022-02-15
401360693,2022-02-17T00:00Z,2022,regular-season,ORL,ATL,109,130,2022-02-16
401360694,2022-02-17T00:30Z,2022,regular-season,BOS,DET,111,112,2022-02-16
401360695,2022-02-17T00:30Z,2022,regular-season,IND,WAS,113,108,2022-02-16
401360696,2022-02-17T00:30Z,2022,regular-season,NYK,BKN,106,111,2022-02-16
401360697,2022-02-17T01:00Z,2022,regular-season,CHI,SAC,125,118,2022-02-16
401360698,2022-02-17T01:00Z,2022,regular-season,MEM,POR,119,123,2022-02-16
401360699,2022-02-17T01:00Z,2022,regular-season,MIN,TOR,91,103,2022-02-16
401360700,2022-02-17T01:00Z,2022,regular-season,OKC,SAS,106,114,2022-02-16
401360701,2022-02-17T02:00Z,2022,regular-season,PHX,HOU,124,121,2022-02-16
401360702,2022-02-17T03:00Z,2022,regular-season,GSW,DEN,116,117,2022-02-16
401360703,2022-02-17T03:00Z,2022,regular-season,LAL,UTA,106,101,2022-02-16
401360704,2022-02-18T00:00Z,2022,regular-season,CHA,MIA,107,111,2022-02-17
401401136,2022-02-18T00:30Z,2022,regular-season,BKN,WAS,103,117,2022-02-17
401360705,2022-02-18T01:00Z,2022,regular-season,NOP,DAL,118,125,2022-02-17
401360706,2022-02-18T01:30Z,2022,regular-season,MIL,PHI,120,123,2022-02-17
401360707,2022-02-18T03:30Z,2022,regular-season,LAC,HOU,142,111,2022-02-17
401410564,2022-02-21T01:00Z,2022,regular-season,LEB,DUR,163,160,2022-02-20
401360708,2022-02-25T00:00Z,2022,regular-season,DET,CLE,106,103,2022-02-24
401360709,2022-02-25T00:30Z,2022,regular-season,BKN,BOS,106,129,2022-02-24
401360710,2022-02-25T01:00Z,2022,regular-season,CHI,ATL,112,108,2022-02-24
401360711,2022-02-25T01:00Z,2022,regular-season,MIN,MEM,119,114,2022-02-24
401360712,2022-02-25T01:00Z,2022,regular-season,OKC,PHX,104,124,2022-02-24
401360713,2022-02-25T03:00Z,2022,regular-season,POR,GSW,95,132,2022-02-24
401360714,2022-02-25T03:00Z,2022,regular-season,SAC,DEN,110,128,2022-02-24
401360715,2022-02-26T00:00Z,2022,regular-season,CHA,TOR,125,93,2022-02-25
401360716,2022-02-26T00:00Z,2022,regular-season,IND,OKC,125,129,2022-02-25
401360717,2022-02-26T00:00Z,2022,regular-season,ORL,HOU,119,111,2022-02-25
401360718,2022-02-26T00:00Z,2022,regular-season,WAS,SAS,153,157,2022-02-25
401360719,2022-02-26T00:30Z,2022,regular-season,NYK,MIA,100,115,2022-02-25
401360720,2022-02-26T01:00Z,2022,regular-season,MIN,PHI,102,133,2022-02-25
401360721,2022-02-26T02:00Z,2022,regular-season,PHX,NOP,102,117,2022-02-25
401360722,2022-02-26T02:00Z,2022,regular-season,UTA,DAL,114,109,2022-02-25
401360723,2022-02-26T03:00Z,2022,regular-season,LAL,LAC,102,105,2022-02-25
401360724,2022-02-26T17:00Z,2022,regular-season,DET,BOS,104,113,2022-02-26
401360725,2022-02-27T00:30Z,2022,regular-season,ATL,TOR,127,100,2022-02-26
401360726,2022-02-27T01:00Z,2022,regular-season,CLE,WAS,92,86,2022-02-26
401360727,2022-02-27T01:00Z,2022,regular-season,MIA,SAS,133,129,2022-02-26
401360728,2022-02-27T01:00Z,2022,regular-season,CHI,MEM,110,116,2022-02-26
401360729,2022-02-27T01:30Z,2022,regular-season,MIL,BKN,123,126,2022-02-26
401360730,2022-02-27T02:00Z,2022,regular-season,DEN,SAC,115,110,2022-02-26
401360731,2022-02-27T18:00Z,2022,regular-season,NYK,PHI,109,125,2022-02-27
401360732,2022-02-27T20:30Z,2022,regular-season,PHX,UTA,114,118,2022-02-27
401360733,2022-02-27T22:00Z,2022,regular-season,IND,BOS,128,107,2022-02-27
401360734,2022-02-28T00:00Z,2022,regular-season,CHA,DET,126,127,2022-02-27
401360735,2022-02-28T00:00Z,2022,regular-season,HOU,LAC,98,99,2022-02-27
401360736,2022-02-28T00:30Z,2022,regular-season,GSW,DAL,101,107,2022-02-27
401360737,2022-02-28T02:00Z,2022,regular-season,POR,DEN,92,124,2022-02-27
401360738,2022-02-28T03:00Z,2022,regular-season,LAL,NOP,95,123,2022-02-27
401360739,2022-03-01T00:00Z,2022,regular-season,CLE,MIN,122,127,2022-02-28
401360740,2022-03-01T00:00Z,2022,regular-season,ORL,IND,119,103,2022-02-28
401360545,2022-03-01T00:30Z,2022,regular-season,BKN,TOR,97,133,2022-02-28
401360741,2022-03-01T00:30Z,2022,regular-season,MIA,CHI,112,99,2022-02-28
401360742,2022-03-01T01:00Z,2022,regular-season,MEM,SAS,118,105,2022-02-28
401360743,2022-03-01T01:00Z,2022,regular-season,MIL,CHA,130,106,2022-02-28
401360744,2022-03-01T01:00Z,2022,regular-season,OKC,SAC,110,131,2022-02-28
401360745,2022-03-02T00:00Z,2022,regular-season,WAS,DET,116,113,2022-03-01
401360746,2022-03-02T00:30Z,2022,regular-season,BOS,ATL,107,98,2022-03-01
401360747,2022-03-02T00:30Z,2022,regular-season,TOR,BKN,109,108,2022-03-01
401360748,2022-03-02T01:00Z,2022,regular-season,HOU,LAC,100,113,2022-03-01
401360749,2022-03-02T01:00Z,2022,regular-season,MIN,GSW,129,114,2022-03-01
401360750,2022-03-02T03:00Z,2022,regular-season,LAL,DAL,104,109,2022-03-01
401360751,2022-03-03T00:00Z,2022,regular-season,CLE,CHA,98,119,2022-03-02
401360752,2022-03-03T00:00Z,2022,regular-season,ORL,IND,114,122,2022-03-02
401360753,2022-03-03T00:30Z,2022,regular-season,PHI,NYK,123,108,2022-03-02
401360754,2022-03-03T01:00Z,2022,regular-season,HOU,UTA,127,132,2022-03-02
401360755,2022-03-03T01:00Z,2022,regular-season,MIL,MIA,120,119,2022-03-02
401360756,2022-03-03T01:00Z,2022,regular-season,NOP,SAC,125,95,2022-03-02
401360757,2022-03-03T02:00Z,2022,regular-season,DEN,OKC,107,119,2022-03-02
401360758,2022-03-03T03:00Z,2022,regular-season,PHX,POR,120,90,2022-03-02
401360529,2022-03-04T00:00Z,2022,regular-season,ATL,CHI,130,124,2022-03-03
401360759,2022-03-04T00:30Z,2022,regular-season,BOS,MEM,120,107,2022-03-03
401360760,2022-03-04T00:30Z,2022,regular-season,BKN,MIA,107,113,2022-03-03
401360761,2022-03-04T00:30Z,2022,regular-season,TOR,DET,106,108,2022-03-03
401360762,2022-03-04T01:30Z,2022,regular-season,DAL,GSW,122,113,2022-03-03
401360763,2022-03-04T01:30Z,2022,regular-season,SAS,SAC,112,115,2022-03-03
401360764,2022-03-04T03:00Z,2022,regular-season,LAC,LAL,132,111,2022-03-03
401360765,2022-03-05T00:00Z,2022,regular-season,DET,IND,111,106,2022-03-04
401360766,2022-03-05T00:00Z,2022,regular-season,PHI,CLE,125,119,2022-03-04
401360767,2022-03-05T00:00Z,2022,regular-season,WAS,ATL,114,117,2022-03-04
401360768,2022-03-05T00:30Z,2022,regular-season,CHI,MIL,112,118,2022-03-04
401401142,2022-03-05T00:30Z,2022,regular-season,TOR,ORL,97,103,2022-03-04
401360769,2022-03-05T01:00Z,2022,regular-season,NOP,UTA,124,90,2022-03-04
401360770,2022-03-05T01:00Z,2022,regular-season,OKC,MIN,101,138,2022-03-04
401360771,2022-03-05T02:00Z,2022,regular-season,DEN,HOU,116,101,2022-03-04
401360772,2022-03-05T03:00Z,2022,regular-season,PHX,NYK,115,114,2022-03-04
401360773,2022-03-05T22:00Z,2022,regular-season,DAL,SAC,114,113,2022-03-05
401360774,2022-03-06T00:00Z,2022,regular-season,CHA,SAS,123,117,2022-03-05
401360775,2022-03-06T01:00Z,2022,regular-season,MIA,PHI,99,82,2022-03-05
401360776,2022-03-06T01:00Z,2022,regular-season,MEM,ORL,124,96,2022-03-05
401360777,2022-03-06T01:00Z,2022,regular-season,MIN,POR,135,121,2022-03-05
401360778,2022-03-06T01:30Z,2022,regular-season,LAL,GSW,124,116,2022-03-05
401360779,2022-03-06T18:00Z,2022,regular-season,BOS,BKN,126,120,2022-03-06
401360780,2022-03-06T20:30Z,2022,regular-season,MIL,PHX,132,122,2022-03-06
401360782,2022-03-06T23:00Z,2022,regular-season,WAS,IND,133,123,2022-03-06
401360783,2022-03-07T00:00Z,2022,regular-season,HOU,MEM,123,112,2022-03-06
401360784,2022-03-07T00:00Z,2022,regular-season,OKC,UTA,103,116,2022-03-06
401360781,2022-03-07T00:30Z,2022,regular-season,CLE,TOR,104,96,2022-03-06
401360786,2022-03-07T01:00Z,2022,regular-season,DEN,NOP,138,130,2022-03-06
401360785,2022-03-07T03:00Z,2022,regular-season,LAC,NYK,93,116,2022-03-06
401360787,2022-03-08T00:00Z,2022,regular-season,DET,ATL,113,110,2022-03-07
401360788,2022-03-08T00:00Z,2022,regular-season,PHI,CHI,121,106,2022-03-07
401360789,2022-03-08T00:30Z,2022,regular-season,MIA,HOU,123,106,2022-03-07
401360790,2022-03-08T01:00Z,2022,regular-season,MIN,POR,124,81,2022-03-07
401360791,2022-03-08T01:30Z,2022,regular-season,DAL,UTA,111,103,2022-03-07
401360792,2022-03-08T01:30Z,2022,regular-season,SAS,LAL,117,110,2022-03-07
401401144,2022-03-08T02:00Z,2022,regular-season,DEN,GSW,131,124,2022-03-07
401360793,2022-03-08T03:30Z,2022,regular-season,SAC,NYK,115,131,2022-03-07
401360794,2022-03-09T00:00Z,2022,regular-season,CHA,BKN,121,132,2022-03-08
401360795,2022-03-09T00:00Z,2022,regular-season,IND,CLE,124,127,2022-03-08
401360796,2022-03-09T00:00Z,2022,regular-season,ORL,PHX,99,102,2022-03-08
401360797,2022-03-09T00:30Z,2022,regular-season,MEM,NOP,132,111,2022-03-08
401360798,2022-03-09T01:00Z,2022,regular-season,OKC,MIL,115,142,2022-03-08
401360799,2022-03-09T03:00Z,2022,regular-season,GSW,LAC,112,97,2022-03-08
401360800,2022-03-10T00:00Z,2022,regular-season,CHA,BOS,101,115,2022-03-09
401360801,2022-03-10T00:00Z,2022,regular-season,DET,CHI,108,114,2022-03-09
401360802,2022-03-10T00:30Z,2022,regular-season,MIA,PHX,90,111,2022-03-09
401360803,2022-03-10T01:00Z,2022,regular-season,MIL,ATL,124,115,2022-03-09
401360804,2022-03-10T01:00Z,2022,regular-season,HOU,LAL,139,130,2022-03-09
401360805,2022-03-10T01:00Z,2022,regular-season,MIN,OKC,132,102,2022-03-09
401360806,2022-03-10T01:00Z,2022,regular-season,NOP,ORL,102,108,2022-03-09
401360807,2022-03-10T01:30Z,2022,regular-season,DAL,NYK,77,107,2022-03-09
401360808,2022-03-10T01:30Z,2022,regular-season,SAS,TOR,104,119,2022-03-09
401360809,2022-03-10T03:00Z,2022,regular-season,UTA,POR,123,85,2022-03-09
401360810,2022-03-10T03:00Z,2022,regular-season,SAC,DEN,100,106,2022-03-09
401360811,2022-03-10T03:30Z,2022,regular-season,LAC,WAS,115,109,2022-03-09
401360812,2022-03-11T00:30Z,2022,regular-season,PHI,BKN,100,129,2022-03-10
401360813,2022-03-11T03:00Z,2022,regular-season,DEN,GSW,102,113,2022-03-10
401360814,2022-03-12T00:00Z,2022,regular-season,ORL,MIN,118,110,2022-03-11
401360815,2022-03-12T00:30Z,2022,regular-season,ATL,LAC,112,106,2022-03-11
401360816,2022-03-12T00:30Z,2022,regular-season,BOS,DET,114,103,2022-03-11
401360817,2022-03-12T01:00Z,2022,regular-season,MIA,CLE,117,105,2022-03-11
401360818,2022-03-12T01:00Z,2022,regular-season,HOU,DAL,100,113,2022-03-11
401360819,2022-03-12T01:00Z,2022,regular-season,MEM,NYK,118,114,2022-03-11
401360820,2022-03-12T01:00Z,2022,regular-season,NOP,CHA,120,142,2022-03-11
401360821,2022-03-12T01:30Z,2022,regular-season,SAS,UTA,104,102,2022-03-11
401360822,2022-03-12T02:00Z,2022,regular-season,PHX,TOR,112,117,2022-03-11
401360823,2022-03-12T03:30Z,2022,regular-season,LAL,WAS,122,109,2022-03-11
401360824,2022-03-13T01:00Z,2022,regular-season,MIA,MIN,104,113,2022-03-12
401360825,2022-03-13T01:00Z,2022,regular-season,CHI,CLE,101,91,2022-03-12
401360826,2022-03-13T01:00Z,2022,regular-season,SAS,IND,108,119,2022-03-12
401360827,2022-03-13T01:30Z,2022,regular-season,GSW,MIL,122,109,2022-03-12
401360828,2022-03-13T02:00Z,2022,regular-season,DEN,TOR,115,127,2022-03-12
401360829,2022-03-13T02:00Z,2022,regular-season,UTA,SAC,134,125,2022-03-12
401360830,2022-03-13T03:00Z,2022,regular-season,POR,WAS,127,118,2022-03-12
401360831,2022-03-13T17:00Z,2022,regular-season,BKN,NYK,110,107,2022-03-13
401360832,2022-03-13T19:00Z,2022,regular-season,DET,LAC,102,106,2022-03-13
401360833,2022-03-13T19:30Z,2022,regular-season,BOS,DAL,92,95,2022-03-13
401360834,2022-03-13T22:00Z,2022,regular-season,ORL,PHI,114,116,2022-03-13
401360835,2022-03-13T23:00Z,2022,regular-season,ATL,IND,131,128,2022-03-13
401360836,2022-03-13T23:00Z,2022,regular-season,NOP,HOU,130,105,2022-03-13
401360837,2022-03-13T23:00Z,2022,regular-season,OKC,MEM,118,125,2022-03-13
401360838,2022-03-14T01:00Z,2022,regular-season,PHX,LAL,140,111,2022-03-13
401360839,2022-03-14T23:00Z,2022,regular-season,CLE,LAC,120,111,2022-03-14
401360840,2022-03-14T23:30Z,2022,regular-season,ATL,POR,122,113,2022-03-14
401360841,2022-03-14T23:30Z,2022,regular-season,PHI,DEN,110,114,2022-03-14
401360842,2022-03-15T00:00Z,2022,regular-season,OKC,CHA,116,134,2022-03-14
401360843,2022-03-15T00:30Z,2022,regular-season,SAS,MIN,139,149,2022-03-14
401360844,2022-03-15T02:00Z,2022,regular-season,GSW,WAS,126,112,2022-03-14
401360845,2022-03-15T02:00Z,2022,regular-season,SAC,CHI,112,103,2022-03-14
401360846,2022-03-15T02:00Z,2022,regular-season,UTA,MIL,111,117,2022-03-14
401360847,2022-03-15T02:30Z,2022,regular-season,LAL,TOR,103,114,2022-03-14
401360848,2022-03-15T23:00Z,2022,regular-season,IND,MEM,102,135,2022-03-15
401360849,2022-03-15T23:00Z,2022,regular-season,ORL,BKN,108,150,2022-03-15
401360850,2022-03-15T23:30Z,2022,regular-season,MIA,DET,105,98,2022-03-15
401360851,2022-03-16T00:00Z,2022,regular-season,NOP,PHX,115,131,2022-03-15
401360852,2022-03-16T23:00Z,2022,regular-season,CHA,ATL,116,106,2022-03-16
401360853,2022-03-16T23:00Z,2022,regular-season,CLE,PHI,114,118,2022-03-16
401360854,2022-03-16T23:00Z,2022,regular-season,WAS,DEN,109,127,2022-03-16
401360855,2022-03-16T23:30Z,2022,regular-season,BKN,DAL,111,113,2022-03-16
401360856,2022-03-16T23:30Z,2022,regular-season,NYK,POR,128,98,2022-03-16
401360857,2022-03-17T00:00Z,2022,regular-season,HOU,PHX,112,129,2022-03-16
401360858,2022-03-17T00:00Z,2022,regular-season,MIN,LAL,124,104,2022-03-16
401360859,2022-03-17T00:30Z,2022,regular-season,SAS,OKC,122,120,2022-03-16
401360860,2022-03-17T01:00Z,2022,regular-season,UTA,CHI,125,110,2022-03-16
401360861,2022-03-17T02:00Z,2022,regular-season,GSW,BOS,88,110,2022-03-16
401360862,2022-03-17T02:00Z,2022,regular-season,SAC,MIL,126,135,2022-03-16
401360863,2022-03-17T02:30Z,2022,regular-season,LAC,TOR,100,103,2022-03-16
401360864,2022-03-17T23:00Z,2022,regular-season,ORL,DET,120,134,2022-03-17
401360875,2022-03-18T23:00Z,2022,regular-season,PHI,DAL,111,101,2022-03-18
401360865,2022-03-18T23:30Z,2022,regular-season,NYK,WAS,100,97,2022-03-18
401360866,2022-03-18T23:30Z,2022,regular-season,TOR,LAL,123,128,2022-03-18
401360872,2022-03-18T23:30Z,2022,regular-season,ATL,MEM,120,105,2022-03-18
401360873,2022-03-18T23:30Z,2022,regular-season,BKN,POR,128,123,2022-03-18
401360874,2022-03-18T23:30Z,2022,regular-season,CLE,DEN,119,116,2022-03-18
401360867,2022-03-19T00:00Z,2022,regular-season,MIA,OKC,120,108,2022-03-18
401360868,2022-03-19T00:00Z,2022,regular-season,HOU,IND,118,121,2022-03-18
401360869,2022-03-19T00:30Z,2022,regular-season,SAS,NOP,91,124,2022-03-18
401360870,2022-03-19T01:00Z,2022,regular-season,UTA,LAC,121,92,2022-03-18
401360871,2022-03-19T02:00Z,2022,regular-season,SAC,BOS,97,126,2022-03-18
401360876,2022-03-19T02:00Z,2022,regular-season,PHX,CHI,129,102,2022-03-18
401360877,2022-03-19T21:00Z,2022,regular-season,MIN,MIL,138,119,2022-03-19
401360878,2022-03-19T23:00Z,2022,regular-season,CHA,DAL,129,108,2022-03-19
401360879,2022-03-20T00:00Z,2022,regular-season,CLE,DET,113,109,2022-03-19
401360880,2022-03-20T00:00Z,2022,regular-season,WAS,LAL,127,119,2022-03-19
401360881,2022-03-20T19:30Z,2022,regular-season,IND,POR,129,98,2022-03-20
401360882,2022-03-20T19:30Z,2022,regular-season,HOU,MEM,98,122,2022-03-20
401360883,2022-03-20T22:00Z,2022,regular-season,ATL,NOP,112,117,2022-03-20
401360884,2022-03-20T22:00Z,2022,regular-season,ORL,OKC,90,85,2022-03-20
401360885,2022-03-20T22:00Z,2022,regular-season,SAC,PHX,124,127,2022-03-20
401360886,2022-03-20T23:30Z,2022,regular-season,NYK,UTA,93,108,2022-03-20
401360887,2022-03-21T00:00Z,2022,regular-season,DEN,BOS,104,124,2022-03-20
401360888,2022-03-21T00:30Z,2022,regular-season,PHI,TOR,88,93,2022-03-20
401360889,2022-03-21T00:30Z,2022,regular-season,GSW,SAS,108,110,2022-03-20
401360890,2022-03-21T23:00Z,2022,regular-season,CHA,NOP,106,103,2022-03-21
401360891,2022-03-21T23:00Z,2022,regular-season,CLE,LAL,120,131,2022-03-21
401360892,2022-03-21T23:00Z,2022,regular-season,DET,POR,115,119,2022-03-21
401360893,2022-03-21T23:30Z,2022,regular-season,PHI,MIA,113,106,2022-03-21
401360894,2022-03-21T23:30Z,2022,regular-season,BKN,UTA,114,106,2022-03-21
401360895,2022-03-22T00:00Z,2022,regular-season,CHI,TOR,113,99,2022-03-21
401360896,2022-03-22T00:00Z,2022,regular-season,HOU,WAS,115,97,2022-03-21
401360897,2022-03-22T00:00Z,2022,regular-season,OKC,BOS,123,132,2022-03-21
401360898,2022-03-22T00:30Z,2022,regular-season,DAL,MIN,110,108,2022-03-21
401360899,2022-03-22T23:00Z,2022,regular-season,ORL,GSW,94,90,2022-03-22
401360900,2022-03-22T23:30Z,2022,regular-season,NYK,ATL,111,117,2022-03-22
401360901,2022-03-23T00:00Z,2022,regular-season,MIL,CHI,126,98,2022-03-22
401360902,2022-03-23T02:00Z,2022,regular-season,DEN,LAC,127,115,2022-03-22
401360903,2022-03-23T23:00Z,2022,regular-season,CHA,NYK,106,121,2022-03-23
401360904,2022-03-23T23:00Z,2022,regular-season,DET,ATL,122,101,2022-03-23
401360905,2022-03-23T23:00Z,2022,regular-season,IND,SAC,109,110,2022-03-23
401360906,2022-03-23T23:30Z,2022,regular-season,BOS,UTA,125,97,2022-03-23
401360907,2022-03-23T23:30Z,2022,regular-season,MIA,GSW,104,118,2022-03-23
401360908,2022-03-23T23:30Z,2022,regular-season,MEM,BKN,132,120,2022-03-23
401360909,2022-03-24T00:00Z,2022,regular-season,MIN,PHX,116,125,2022-03-23
401360910,2022-03-24T00:00Z,2022,regular-season,OKC,ORL,118,102,2022-03-23
401360911,2022-03-24T00:30Z,2022,regular-season,DAL,HOU,110,91,2022-03-23
401360912,2022-03-24T02:00Z,2022,regular-season,LAL,PHI,121,126,2022-03-23
401360913,2022-03-24T02:00Z,2022,regular-season,POR,SAS,96,133,2022-03-23
401360914,2022-03-24T23:30Z,2022,regular-season,TOR,CLE,117,104,2022-03-24
401360915,2022-03-25T00:00Z,2022,regular-season,MEM,IND,133,103,2022-03-24
401360916,2022-03-25T00:00Z,2022,regular-season,MIL,WAS,114,102,2022-03-24
401360917,2022-03-25T00:00Z,2022,regular-season,NOP,CHI,126,109,2022-03-24
401360918,2022-03-25T01:00Z,2022,regular-season,DEN,PHX,130,140,2022-03-24
401360919,2022-03-25T23:00Z,2022,regular-season,CHA,UTA,107,101,2022-03-25
401360920,2022-03-25T23:00Z,2022,regular-season,DET,WAS,97,100,2022-03-25
401360921,2022-03-25T23:30Z,2022,regular-season,ATL,GSW,121,110,2022-03-25
401360922,2022-03-26T00:00Z,2022,regular-season,MIA,NYK,103,111,2022-03-25
401360923,2022-03-26T00:00Z,2022,regular-season,MIN,DAL,116,95,2022-03-25
401360924,2022-03-26T02:00Z,2022,regular-season,POR,HOU,106,125,2022-03-25
401360925,2022-03-26T02:30Z,2022,regular-season,LAC,PHI,97,122,2022-03-25
401360926,2022-03-26T21:00Z,2022,regular-season,NOP,SAS,103,107,2022-03-26
401360927,2022-03-26T23:00Z,2022,regular-season,ORL,SAC,110,114,2022-03-26
401360928,2022-03-26T23:30Z,2022,regular-season,TOR,IND,131,91,2022-03-26
401360929,2022-03-27T00:00Z,2022,regular-season,CLE,CHI,94,98,2022-03-26
401360930,2022-03-27T00:00Z,2022,regular-season,MIA,BKN,95,110,2022-03-26
401360931,2022-03-27T00:00Z,2022,regular-season,MEM,MIL,127,102,2022-03-26
401360932,2022-03-27T01:00Z,2022,regular-season,DEN,OKC,113,107,2022-03-26
401360933,2022-03-27T02:00Z,2022,regular-season,POR,HOU,98,115,2022-03-26
401360934,2022-03-27T19:30Z,2022,regular-season,DET,NYK,102,104,2022-03-27
401360935,2022-03-27T22:00Z,2022,regular-season,BOS,MIN,134,112,2022-03-27
401360936,2022-03-27T22:00Z,2022,regular-season,WAS,GSW,123,115,2022-03-27
401360937,2022-03-27T22:00Z,2022,regular-season,PHX,PHI,114,104,2022-03-27
401360938,2022-03-27T23:00Z,2022,regular-season,NOP,LAL,116,108,2022-03-27
401360939,2022-03-27T23:30Z,2022,regular-season,BKN,CHA,110,119,2022-03-27
401360940,2022-03-27T23:30Z,2022,regular-season,DAL,UTA,114,100,2022-03-27
401360941,2022-03-28T23:00Z,2022,regular-season,CHA,DEN,109,113,2022-03-28
401360942,2022-03-28T23:00Z,2022,regular-season,CLE,ORL,107,101,2022-03-28
401360943,2022-03-28T23:00Z,2022,regular-season,IND,ATL,123,132,2022-03-28
401360944,2022-03-28T23:30Z,2022,regular-season,MIA,SAC,123,100,2022-03-28
401360945,2022-03-28T23:30Z,2022,regular-season,NYK,CHI,109,104,2022-03-28
401360946,2022-03-28T23:30Z,2022,regular-season,TOR,BOS,115,112,2022-03-28
401360947,2022-03-29T00:00Z,2022,regular-season,HOU,SAS,120,123,2022-03-28
401360948,2022-03-29T00:00Z,2022,regular-season,MEM,GSW,123,95,2022-03-28
401360949,2022-03-29T02:00Z,2022,regular-season,POR,OKC,131,134,2022-03-28
401360950,2022-03-29T23:00Z,2022,regular-season,PHI,MIL,116,118,2022-03-29
401360951,2022-03-29T23:00Z,2022,regular-season,WAS,CHI,94,107,2022-03-29
401360952,2022-03-29T23:30Z,2022,regular-season,BKN,DET,130,123,2022-03-29
401360953,2022-03-29T23:30Z,2022,regular-season,DAL,LAL,128,110,2022-03-29
401360954,2022-03-30T02:00Z,2022,regular-season,LAC,UTA,121,115,2022-03-29
401360955,2022-03-30T23:00Z,2022,regular-season,CLE,DAL,112,120,2022-03-30
401360956,2022-03-30T23:00Z,2022,regular-season,IND,DEN,118,125,2022-03-30
401360957,2022-03-30T23:00Z,2022,regular-season,WAS,ORL,127,110,2022-03-30
401360958,2022-03-30T23:30Z,2022,regular-season,BOS,MIA,98,106,2022-03-30
401360959,2022-03-30T23:30Z,2022,regular-season,NYK,CHA,114,125,2022-03-30
401360960,2022-03-30T23:30Z,2022,regular-season,TOR,MIN,125,102,2022-03-30
401360961,2022-03-31T00:00Z,2022,regular-season,HOU,SAC,118,121,2022-03-30
401360962,2022-03-31T00:00Z,2022,regular-season,OKC,ATL,118,136,2022-03-30
401360963,2022-03-31T00:30Z,2022,regular-season,SAS,MEM,111,112,2022-03-30
401360964,2022-03-31T02:00Z,2022,regular-season,GSW,PHX,103,107,2022-03-30
401360965,2022-03-31T02:00Z,2022,regular-season,POR,NOP,107,117,2022-03-30
401360966,2022-03-31T23:00Z,2022,regular-season,DET,PHI,102,94,2022-03-31
401360967,2022-03-31T23:30Z,2022,regular-season,BKN,MIL,119,120,2022-03-31
401401145,2022-03-31T23:30Z,2022,regular-season,ATL,CLE,131,107,2022-03-31
401360968,2022-04-01T00:00Z,2022,regular-season,CHI,LAC,135,130,2022-03-31
401360969,2022-04-01T02:00Z,2022,regular-season,UTA,LAL,122,109,2022-03-31
401360970,2022-04-01T23:00Z,2022,regular-season,ORL,TOR,89,102,2022-04-01
401360971,2022-04-01T23:00Z,2022,regular-season,WAS,DAL,135,103,2022-04-01
401360972,2022-04-01T23:30Z,2022,regular-season,BOS,IND,128,123,2022-04-01
401360973,2022-04-02T00:00Z,2022,regular-season,HOU,SAC,117,122,2022-04-01
401360974,2022-04-02T00:00Z,2022,regular-season,MEM,PHX,122,114,2022-04-01
401360975,2022-04-02T00:00Z,2022,regular-season,MIL,LAC,119,153,2022-04-01
401360976,2022-04-02T00:00Z,2022,regular-season,OKC,DET,101,110,2022-04-01
401360977,2022-04-02T00:30Z,2022,regular-season,SAS,POR,130,111,2022-04-01
401360978,2022-04-02T01:00Z,2022,regular-season,DEN,MIN,130,136,2022-04-01
401360979,2022-04-02T02:30Z,2022,regular-season,LAL,NOP,111,114,2022-04-01
401360980,2022-04-02T16:30Z,2022,regular-season,PHI,CHA,144,114,2022-04-02
401360981,2022-04-02T17:00Z,2022,regular-season,NYK,CLE,101,119,2022-04-02
401360982,2022-04-02T23:30Z,2022,regular-season,ATL,BKN,122,115,2022-04-02
401360983,2022-04-03T00:00Z,2022,regular-season,CHI,MIA,109,127,2022-04-02
401360984,2022-04-03T00:30Z,2022,regular-season,GSW,UTA,111,107,2022-04-02
401360985,2022-04-03T17:00Z,2022,regular-season,BOS,WAS,144,102,2022-04-03
401360986,2022-04-03T17:00Z,2022,regular-season,MIL,DAL,112,118,2022-04-03
401360987,2022-04-03T19:30Z,2022,regular-season,LAL,DEN,118,129,2022-04-03
401360988,2022-04-03T21:00Z,2022,regular-season,IND,DET,117,121,2022-04-03
401360989,2022-04-03T22:00Z,2022,regular-season,CLE,PHI,108,112,2022-04-03
401360990,2022-04-03T22:00Z,2022,regular-season,ORL,NYK,88,118,2022-04-03
401360991,2022-04-03T23:00Z,2022,regular-season,TOR,MIA,109,114,2022-04-03
401360992,2022-04-03T23:00Z,2022,regular-season,HOU,MIN,132,139,2022-04-03
401360993,2022-04-03T23:00Z,2022,regular-season,OKC,PHX,117,96,2022-04-03
401360994,2022-04-03T23:00Z,2022,regular-season,SAS,POR,113,92,2022-04-03
401360995,2022-04-04T01:00Z,2022,regular-season,SAC,GSW,90,109,2022-04-03
401360996,2022-04-04T01:30Z,2022,regular-season,LAC,NOP,119,100,2022-04-03
401360997,2022-04-05T23:00Z,2022,regular-season,IND,PHI,122,131,2022-04-05
401360998,2022-04-05T23:00Z,2022,regular-season,ORL,CLE,120,115,2022-04-05
401360999,2022-04-05T23:30Z,2022,regular-season,BKN,HOU,118,105,2022-04-05
401361000,2022-04-05T23:30Z,2022,regular-season,MIA,CHA,144,115,2022-04-05
401361001,2022-04-05T23:30Z,2022,regular-season,TOR,ATL,118,108,2022-04-05
401361002,2022-04-06T00:00Z,2022,regular-season,CHI,MIL,106,127,2022-04-05
401361003,2022-04-06T00:00Z,2022,regular-season,MIN,WAS,114,132,2022-04-05
401361004,2022-04-06T00:00Z,2022,regular-season,OKC,POR,98,94,2022-04-05
401361005,2022-04-06T01:00Z,2022,regular-season,DEN,SAS,97,116,2022-04-05
401361006,2022-04-06T01:00Z,2022,regular-season,UTA,MEM,121,115,2022-04-05
401361007,2022-04-06T02:00Z,2022,regular-season,SAC,NOP,109,123,2022-04-05
401361008,2022-04-06T02:30Z,2022,regular-season,PHX,LAL,121,110,2022-04-05
401361009,2022-04-06T23:00Z,2022,regular-season,DET,DAL,113,131,2022-04-06
401361010,2022-04-06T23:30Z,2022,regular-season,NYK,BKN,98,110,2022-04-06
401361011,2022-04-07T00:00Z,2022,regular-season,ATL,WAS,118,103,2022-04-06
401361012,2022-04-07T00:00Z,2022,regular-season,CHI,BOS,94,117,2022-04-06
401361013,2022-04-07T01:00Z,2022,regular-season,UTA,OKC,137,101,2022-04-06
401361014,2022-04-07T02:00Z,2022,regular-season,LAC,PHX,113,109,2022-04-06
401361015,2022-04-07T23:00Z,2022,regular-season,CHA,ORL,128,101,2022-04-07
401361016,2022-04-07T23:30Z,2022,regular-season,TOR,PHI,119,114,2022-04-07
401361017,2022-04-07T23:30Z,2022,regular-season,MIL,BOS,127,121,2022-04-07
401361018,2022-04-08T00:00Z,2022,regular-season,MIN,SAS,127,121,2022-04-07
401361019,2022-04-08T00:00Z,2022,regular-season,NOP,POR,127,94,2022-04-07
401361020,2022-04-08T01:00Z,2022,regular-season,DEN,MEM,122,109,2022-04-07
401361021,2022-04-08T02:00Z,2022,regular-season,GSW,LAL,128,112,2022-04-07
401361022,2022-04-08T23:00Z,2022,regular-season,DET,MIL,101,131,2022-04-08
401361023,2022-04-08T23:00Z,2022,regular-season,WAS,NYK,92,114,2022-04-08
401361024,2022-04-08T23:30Z,2022,regular-season,BKN,CLE,118,107,2022-04-08
401361025,2022-04-08T23:30Z,2022,regular-season,TOR,HOU,117,115,2022-04-08
401361026,2022-04-09T00:00Z,2022,regular-season,MIA,ATL,113,109,2022-04-08
401361027,2022-04-09T00:00Z,2022,regular-season,CHI,CHA,117,133,2022-04-08
401361028,2022-04-09T00:30Z,2022,regular-season,DAL,POR,128,78,2022-04-08
401361029,2022-04-09T01:30Z,2022,regular-season,UTA,PHX,105,111,2022-04-08
401361030,2022-04-09T02:30Z,2022,regular-season,LAL,OKC,120,101,2022-04-08
401361033,2022-04-09T17:00Z,2022,regular-season,PHI,IND,133,120,2022-04-09
401361032,2022-04-09T22:00Z,2022,regular-season,MEM,NOP,141,114,2022-04-09
401361034,2022-04-10T00:30Z,2022,regular-season,SAS,GSW,94,100,2022-04-09
401361031,2022-04-10T01:30Z,2022,regular-season,LAC,SAC,117,98,2022-04-09
401361035,2022-04-10T19:30Z,2022,regular-season,BKN,IND,134,126,2022-04-10
401361036,2022-04-10T19:30Z,2022,regular-season,CHA,WAS,124,108,2022-04-10
401361037,2022-04-10T19:30Z,2022,regular-season,CLE,MIL,133,115,2022-04-10
401361040,2022-04-10T19:30Z,2022,regular-season,HOU,ATL,114,130,2022-04-10
401361042,2022-04-10T23:00Z,2022,regular-season,MEM,BOS,110,139,2022-04-10
401361045,2022-04-10T23:00Z,2022,regular-season,NYK,TOR,105,94,2022-04-10
401361046,2022-04-10T23:00Z,2022,regular-season,ORL,MIA,125,111,2022-04-10
401361047,2022-04-10T23:00Z,2022,regular-season,PHI,DET,118,106,2022-04-10
401361043,2022-04-11T00:30Z,2022,regular-season,MIN,CHI,120,124,2022-04-10
401361038,2022-04-11T01:30Z,2022,regular-season,DAL,SAS,130,120,2022-04-10
401361039,2022-04-11T01:30Z,2022,regular-season,DEN,LAL,141,146,2022-04-10
401361041,2022-04-11T01:30Z,2022,regular-season,LAC,OKC,138,88,2022-04-10
401361044,2022-04-11T01:30Z,2022,regular-season,NOP,GSW,107,128,2022-04-10
401361048,2022-04-11T01:30Z,2022,regular-season,PHX,SAC,109,116,2022-04-10
401361049,2022-04-11T01:30Z,2022,regular-season,POR,UTA,80,111,2022-04-10
401428070,2022-04-12T23:00Z,2022,play-in-season,BKN,CLE,115,108,2022-04-12
401428071,2022-04-13T01:30Z,2022,play-in-season,MIN,LAC,109,104,2022-04-12
401428072,2022-04-13T23:00Z,2022,play-in-season,ATL,CHA,132,103,2022-04-13
401428073,2022-04-14T01:30Z,2022,play-in-season,NOP,SAS,113,103,2022-04-13
401428074,2022-04-15T23:30Z,2022,play-in-season,CLE,ATL,101,107,2022-04-15
401428075,2022-04-16T02:00Z,2022,play-in-season,LAC,NOP,101,105,2022-04-15
401429872,2022-04-16T17:00Z,2022,post-season,DAL,UTA,93,99,2022-04-16
401429873,2022-04-16T19:30Z,2022,post-season,MEM,MIN,117,130,2022-04-16
401429874,2022-04-16T22:00Z,2022,post-season,PHI,TOR,131,111,2022-04-16
401429875,2022-04-17T00:30Z,2022,post-season,GSW,DEN,123,107,2022-04-16
401429891,2022-04-17T17:00Z,2022,post-season,MIA,ATL,115,91,2022-04-17
401429890,2022-04-17T19:30Z,2022,post-season,BOS,BKN,115,114,2022-04-17
401429892,2022-04-17T22:30Z,2022,post-season,MIL,CHI,93,86,2022-04-17
401429893,2022-04-18T01:00Z,2022,post-season,PHX,NOP,110,99,2022-04-17
401430233,2022-04-18T23:30Z,2022,post-season,PHI,TOR,112,97,2022-04-18
401430232,2022-04-19T00:30Z,2022,post-season,DAL,UTA,110,104,2022-04-18
401430247,2022-04-19T02:00Z,2022,post-season,GSW,DEN,126,106,2022-04-18
401430216,2022-04-19T23:30Z,2022,post-season,MIA,ATL,115,105,2022-04-19
401430223,2022-04-20T00:30Z,2022,post-season,MEM,MIN,124,96,2022-04-19
401430222,2022-04-20T02:00Z,2022,post-season,PHX,NOP,114,125,2022-04-19
401430210,2022-04-20T23:00Z,2022,post-season,BOS,BKN,114,107,2022-04-20
401430236,2022-04-21T00:00Z,2022,post-season,TOR,PHI,101,104,2022-04-20
401430246,2022-04-21T01:30Z,2022,post-season,MIL,CHI,110,114,2022-04-20
401430227,2022-04-21T23:30Z,2022,post-season,MIN,MEM,95,104,2022-04-21
401430235,2022-04-22T01:00Z,2022,post-season,UTA,DAL,118,126,2022-04-21
401430250,2022-04-22T02:00Z,2022,post-season,DEN,GSW,113,118,2022-04-21
401430217,2022-04-22T23:55Z,2022,post-season,ATL,MIA,111,110,2022-04-22
401430248,2022-04-23T00:30Z,2022,post-season,CHI,MIL,81,111,2022-04-22
401430224,2022-04-23T02:00Z,2022,post-season,NOP,PHX,111,114,2022-04-22
401430240,2022-04-23T18:00Z,2022,post-season,TOR,PHI,110,102,2022-04-23
401430237,2022-04-23T20:30Z,2022,post-season,UTA,DAL,100,99,2022-04-23
401430211,2022-04-23T23:30Z,2022,post-season,BKN,BOS,103,109,2022-04-23
401430230,2022-04-24T02:00Z,2022,post-season,MIN,MEM,119,118,2022-04-23
401430249,2022-04-24T17:00Z,2022,post-season,CHI,MIL,95,119,2022-04-24
401430253,2022-04-24T19:30Z,2022,post-season,DEN,GSW,126,121,2022-04-24
401430218,2022-04-24T23:00Z,2022,post-season,ATL,MIA,86,110,2022-04-24
401430225,2022-04-25T01:30Z,2022,post-season,NOP,PHX,118,103,2022-04-24
401430212,2022-04-25T23:00Z,2022,post-season,BKN,BOS,112,116,2022-04-25
401430243,2022-04-26T00:00Z,2022,post-season,PHI,TOR,88,103,2022-04-25
401430239,2022-04-26T01:30Z,2022,post-season,DAL,UTA,102,77,2022-04-25
401430219,2022-04-26T23:00Z,2022,post-season,MIA,ATL,97,94,2022-04-26
401430231,2022-04-26T23:30Z,2022,post-season,MEM,MIN,111,109,2022-04-26
401430226,2022-04-27T02:00Z,2022,post-season,PHX,NOP,112,97,2022-04-26
401430251,2022-04-27T23:30Z,2022,post-season,MIL,CHI,116,100,2022-04-27
401430255,2022-04-28T02:00Z,2022,post-season,GSW,DEN,102,98,2022-04-27
401430244,2022-04-28T23:00Z,2022,post-season,TOR,PHI,97,132,2022-04-28
401430228,2022-04-28T23:30Z,2022,post-season,NOP,PHX,109,115,2022-04-28
401430241,2022-04-29T02:00Z,2022,post-season,UTA,DAL,96,98,2022-04-28
401430234,2022-04-30T01:00Z,2022,post-season,MIN,MEM,106,114,2022-04-29
401433610,2022-05-01T17:00Z,2022,post-season,BOS,MIL,89,101,2022-05-01
401434770,2022-05-01T19:30Z,2022,post-season,MEM,GSW,116,117,2022-05-01
401434050,2022-05-02T23:30Z,2022,post-season,MIA,PHI,106,92,2022-05-02
401434070,2022-05-03T02:00Z,2022,post-season,PHX,DAL,121,114,2022-05-02
401433611,2022-05-03T23:00Z,2022,post-season,BOS,MIL,109,86,2022-05-03
401434771,2022-05-04T01:30Z,2022,post-season,MEM,GSW,106,101,2022-05-03
401434051,2022-05-04T23:30Z,2022,post-season,MIA,PHI,119,103,2022-05-04
401434110,2022-05-05T02:00Z,2022,post-season,PHX,DAL,129,109,2022-05-04
401434052,2022-05-06T23:00Z,2022,post-season,PHI,MIA,99,79,2022-05-06
401434111,2022-05-07T01:30Z,2022,post-season,DAL,PHX,103,94,2022-05-06
401433612,2022-05-07T19:30Z,2022,post-season,MIL,BOS,103,101,2022-05-07
401434772,2022-05-08T00:30Z,2022,post-season,GSW,MEM,142,112,2022-05-07
401434112,2022-05-08T19:30Z,2022,post-season,DAL,PHX,111,101,2022-05-08
401434053,2022-05-09T00:00Z,2022,post-season,PHI,MIA,116,108,2022-05-08
401433613,2022-05-09T23:30Z,2022,post-season,MIL,BOS,108,116,2022-05-09
401434773,2022-05-10T02:00Z,2022,post-season,GSW,MEM,101,98,2022-05-09
401434054,2022-05-10T23:30Z,2022,post-season,MIA,PHI,120,85,2022-05-10
401434113,2022-05-11T02:00Z,2022,post-season,PHX,DAL,110,80,2022-05-10
401433614,2022-05-11T23:00Z,2022,post-season,BOS,MIL,107,110,2022-05-11
401434774,2022-05-12T01:30Z,2022,post-season,MEM,GSW,134,95,2022-05-11
401434055,2022-05-12T23:00Z,2022,post-season,PHI,MIA,90,99,2022-05-12
401434114,2022-05-13T01:30Z,2022,post-season,DAL,PHX,113,86,2022-05-12
401433615,2022-05-13T23:30Z,2022,post-season,MIL,BOS,95,108,2022-05-13
401434775,2022-05-14T02:20Z,2022,post-season,GSW,MEM,110,96,2022-05-13
401433616,2022-05-15T19:30Z,2022,post-season,BOS,MIL,109,81,2022-05-15
401434115,2022-05-16T00:00Z,2022,post-season,PHX,DAL,90,123,2022-05-15
401438130,2022-05-18T00:30Z,2022,post-season,MIA,BOS,118,107,2022-05-17
401438944,2022-05-19T01:00Z,2022,post-season,GSW,DAL,112,87,2022-05-18
401438131,2022-05-20T00:30Z,2022,post-season,MIA,BOS,102,127,2022-05-19
401438945,2022-05-21T01:00Z,2022,post-season,GSW,DAL,126,117,2022-05-20
401438132,2022-05-22T00:30Z,2022,post-season,BOS,MIA,103,109,2022-05-21
401438946,2022-05-23T01:00Z,2022,post-season,DAL,GSW,100,109,2022-05-22
401438133,2022-05-24T00:30Z,2022,post-season,BOS,MIA,102,82,2022-05-23
401438947,2022-05-25T01:00Z,2022,post-season,DAL,GSW,119,109,2022-05-24
401438134,2022-05-26T00:30Z,2022,post-season,MIA,BOS,80,93,2022-05-25
401438948,2022-05-27T01:00Z,2022,post-season,GSW,DAL,120,110,2022-05-26
401438135,2022-05-28T00:30Z,2022,post-season,BOS,MIA,103,111,2022-05-27
401438136,2022-05-30T00:30Z,2022,post-season,MIA,BOS,96,100,2022-05-29
401442530,2022-06-03T01:00Z,2022,post-season,GSW,BOS,108,120,2022-06-02
401442531,2022-06-06T00:00Z,2022,post-season,GSW,BOS,107,88,2022-06-05
401442532,2022-06-09T01:00Z,2022,post-season,BOS,GSW,116,100,2022-06-08
401442533,2022-06-11T01:00Z,2022,post-season,BOS,GSW,97,107,2022-06-10
401442534,2022-06-14T01:00Z,2022,post-season,GSW,BOS,104,94,2022-06-13
401442535,2022-06-17T01:00Z,2022,post-season,BOS,GSW,90,103,2022-06-16
401468016,2022-10-18T23:30Z,2023,regular-season,BOS,PHI,126,117,2022-10-18
401468017,2022-10-19T02:00Z,2023,regular-season,GSW,LAL,123,109,2022-10-18
401468018,2022-10-19T23:00Z,2023,regular-season,DET,ORL,113,109,2022-10-19
401468019,2022-10-19T23:00Z,2023,regular-season,IND,WAS,107,114,2022-10-19
401468020,2022-10-19T23:30Z,2023,regular-season,ATL,HOU,117,107,2022-10-19
401468021,2022-10-19T23:30Z,2023,regular-season,BKN,NOP,108,130,2022-10-19
401468022,2022-10-19T23:30Z,2023,regular-season,MIA,CHI,108,116,2022-10-19
401468023,2022-10-19T23:30Z,2023,regular-season,TOR,CLE,108,105,2022-10-19
401468024,2022-10-19T23:30Z,2023,regular-season,MEM,NYK,115,112,2022-10-19
401468025,2022-10-20T00:00Z,2023,regular-season,MIN,OKC,115,108,2022-10-19
401468026,2022-10-20T00:00Z,2023,regular-season,SAS,CHA,102,129,2022-10-19
401468027,2022-10-20T01:00Z,2023,regular-season,UTA,DEN,123,102,2022-10-19
401468028,2022-10-20T02:00Z,2023,regular-season,PHX,DAL,107,105,2022-10-19
401468029,2022-10-20T02:00Z,2023,regular-season,SAC,POR,108,115,2022-10-19
401468170,2022-10-20T23:30Z,2023,regular-season,PHI,MIL,88,90,2022-10-20
401468171,2022-10-21T02:00Z,2023,regular-season,LAL,LAC,97,103,2022-10-20
401468172,2022-10-21T23:00Z,2023,regular-season,CHA,NOP,112,124,2022-10-21
401468173,2022-10-21T23:00Z,2023,regular-season,IND,SAS,134,137,2022-10-21
401468174,2022-10-21T23:00Z,2023,regular-season,WAS,CHI,102,100,2022-10-21
401468175,2022-10-21T23:30Z,2023,regular-season,ATL,ORL,108,98,2022-10-21
401468176,2022-10-21T23:30Z,2023,regular-season,BKN,TOR,109,105,2022-10-21
401468177,2022-10-21T23:30Z,2023,regular-season,MIA,BOS,104,111,2022-10-21
401468178,2022-10-21T23:30Z,2023,regular-season,NYK,DET,130,106,2022-10-21
401468179,2022-10-22T00:00Z,2023,regular-season,HOU,MEM,122,129,2022-10-21
401468180,2022-10-22T00:00Z,2023,regular-season,MIN,UTA,126,132,2022-10-21
401468181,2022-10-22T02:00Z,2023,regular-season,GSW,DEN,123,128,2022-10-21
401468182,2022-10-22T02:00Z,2023,regular-season,POR,PHX,113,111,2022-10-21
401468183,2022-10-22T22:00Z,2023,regular-season,PHI,SAS,105,114,2022-10-22
401468184,2022-10-22T23:00Z,2023,regular-season,IND,DET,124,115,2022-10-22
401468185,2022-10-22T23:00Z,2023,regular-season,ORL,BOS,120,126,2022-10-22
401468186,2022-10-23T00:00Z,2023,regular-season,MIA,TOR,112,109,2022-10-22
401468187,2022-10-23T00:00Z,2023,regular-season,CHI,CLE,96,128,2022-10-22
401468188,2022-10-23T00:00Z,2023,regular-season,MIL,HOU,125,105,2022-10-22
401468189,2022-10-23T00:30Z,2023,regular-season,DAL,MEM,137,96,2022-10-22
401468190,2022-10-23T01:00Z,2023,regular-season,DEN,OKC,122,117,2022-10-22
401468191,2022-10-23T02:00Z,2023,regular-season,SAC,LAC,109,111,2022-10-22
401468192,2022-10-23T19:30Z,2023,regular-season,LAL,POR,104,106,2022-10-23
401468193,2022-10-23T21:00Z,2023,regular-season,ATL,CHA,109,126,2022-10-23
401468194,2022-10-23T23:00Z,2023,regular-season,CLE,WAS,117,107,2022-10-23
401468195,2022-10-23T23:00Z,2023,regular-season,NOP,UTA,121,122,2022-10-23
401468196,2022-10-24T00:00Z,2023,regular-season,OKC,MIN,106,116,2022-10-23
401468197,2022-10-24T00:30Z,2023,regular-season,GSW,SAC,130,125,2022-10-23
401468198,2022-10-24T02:00Z,2023,regular-season,LAC,PHX,95,112,2022-10-23
401468199,2022-10-24T23:00Z,2023,regular-season,PHI,IND,120,106,2022-10-24
401468200,2022-10-24T23:30Z,2023,regular-season,MIA,TOR,90,98,2022-10-24
401468201,2022-10-24T23:30Z,2023,regular-season,NYK,ORL,115,102,2022-10-24
401468202,2022-10-25T00:00Z,2023,regular-season,CHI,BOS,120,102,2022-10-24
401468203,2022-10-25T00:00Z,2023,regular-season,HOU,UTA,114,108,2022-10-24
401468204,2022-10-25T00:00Z,2023,regular-season,MEM,BKN,134,124,2022-10-24
401468205,2022-10-25T00:00Z,2023,regular-season,MIN,SAS,106,115,2022-10-24
401468206,2022-10-25T02:00Z,2023,regular-season,POR,DEN,135,110,2022-10-24
401468207,2022-10-25T23:00Z,2023,regular-season,WAS,DET,120,99,2022-10-25
401468208,2022-10-25T23:30Z,2023,regular-season,NOP,DAL,113,111,2022-10-25
401468209,2022-10-26T00:00Z,2023,regular-season,OKC,LAC,108,94,2022-10-25
401468210,2022-10-26T02:00Z,2023,regular-season,PHX,GSW,134,105,2022-10-25
401468211,2022-10-26T23:00Z,2023,regular-season,CLE,ORL,103,92,2022-10-26
401468212,2022-10-26T23:00Z,2023,regular-season,DET,ATL,113,118,2022-10-26
401468213,2022-10-26T23:30Z,2023,regular-season,NYK,CHA,134,131,2022-10-26
401468214,2022-10-26T23:30Z,2023,regular-season,TOR,PHI,119,109,2022-10-26
401468215,2022-10-26T23:30Z,2023,regular-season,MIL,BKN,110,99,2022-10-26
401468216,2022-10-27T00:00Z,2023,regular-season,CHI,IND,124,109,2022-10-26
401468217,2022-10-27T00:00Z,2023,regular-season,MIN,SAS,134,122,2022-10-26
401468218,2022-10-27T01:00Z,2023,regular-season,UTA,HOU,109,101,2022-10-26
401468220,2022-10-27T02:00Z,2023,regular-season,POR,MIA,98,119,2022-10-26
401468219,2022-10-27T02:15Z,2023,regular-season,DEN,LAL,110,99,2022-10-26
401468221,2022-10-27T23:30Z,2023,regular-season,BKN,DAL,125,129,2022-10-27
401468222,2022-10-28T00:00Z,2023,regular-season,OKC,LAC,118,110,2022-10-27
401468223,2022-10-28T02:00Z,2023,regular-season,GSW,MIA,123,110,2022-10-27
401468224,2022-10-28T02:00Z,2023,regular-season,SAC,MEM,110,125,2022-10-27
401468225,2022-10-28T23:00Z,2023,regular-season,DET,ATL,112,136,2022-10-28
401468226,2022-10-28T23:00Z,2023,regular-season,ORL,CHA,113,93,2022-10-28
401468227,2022-10-28T23:30Z,2023,regular-season,BOS,CLE,123,132,2022-10-28
401468228,2022-10-28T23:30Z,2023,regular-season,TOR,PHI,90,112,2022-10-28
401468229,2022-10-28T23:30Z,2023,regular-season,WAS,IND,117,127,2022-10-28
401468230,2022-10-29T00:00Z,2023,regular-season,MIL,NYK,119,108,2022-10-28
401468231,2022-10-29T00:00Z,2023,regular-season,MIN,LAL,111,102,2022-10-28
401468232,2022-10-29T00:30Z,2023,regular-season,SAS,CHI,129,124,2022-10-28
401468233,2022-10-29T01:00Z,2023,regular-season,DEN,UTA,117,101,2022-10-28
401468235,2022-10-29T02:00Z,2023,regular-season,POR,HOU,125,111,2022-10-28
401468234,2022-10-29T02:15Z,2023,regular-season,PHX,NOP,124,111,2022-10-28
401468236,2022-10-29T22:00Z,2023,regular-season,SAC,MIA,119,113,2022-10-29
401468237,2022-10-29T23:00Z,2023,regular-season,CHA,GSW,120,113,2022-10-29
401468238,2022-10-29T23:30Z,2023,regular-season,BKN,IND,116,125,2022-10-29
401468239,2022-10-30T00:00Z,2023,regular-season,CHI,PHI,109,114,2022-10-29
401468240,2022-10-30T00:00Z,2023,regular-season,MIL,ATL,123,115,2022-10-29
401468241,2022-10-30T01:00Z,2023,regular-season,DAL,OKC,111,117,2022-10-29
401468242,2022-10-30T01:00Z,2023,regular-season,UTA,MEM,124,123,2022-10-29
401468243,2022-10-30T19:00Z,2023,regular-season,LAC,NOP,91,112,2022-10-30
401468244,2022-10-30T22:00Z,2023,regular-season,BOS,WAS,112,94,2022-10-30
401468245,2022-10-30T22:00Z,2023,regular-season,CLE,NYK,121,108,2022-10-30
401468246,2022-10-30T22:00Z,2023,regular-season,DET,GSW,128,114,2022-10-30
401468247,2022-10-30T23:00Z,2023,regular-season,SAS,MIN,107,98,2022-10-30
401468248,2022-10-30T23:30Z,2023,regular-season,DAL,ORL,114,105,2022-10-30
401468249,2022-10-31T01:00Z,2023,regular-season,PHX,HOU,124,109,2022-10-30
401468250,2022-10-31T01:30Z,2023,regular-season,LAL,DEN,121,110,2022-10-30
401468251,2022-10-31T23:00Z,2023,regular-season,CHA,SAC,108,115,2022-10-31
401468252,2022-10-31T23:00Z,2023,regular-season,WAS,PHI,111,118,2022-10-31
401468253,2022-10-31T23:30Z,2023,regular-season,BKN,IND,116,109,2022-10-31
401468254,2022-10-31T23:30Z,2023,regular-season,TOR,ATL,139,109,2022-10-31
401468255,2022-11-01T00:00Z,2023,regular-season,MIL,DET,110,108,2022-10-31
401468256,2022-11-01T01:00Z,2023,regular-season,UTA,MEM,121,105,2022-10-31
401468257,2022-11-01T02:30Z,2023,regular-season,LAC,HOU,95,93,2022-10-31
401468258,2022-11-01T23:30Z,2023,regular-season,BKN,CHI,99,108,2022-11-01
401468259,2022-11-01T23:30Z,2023,regular-season,MIA,GSW,116,109,2022-11-01
401468260,2022-11-02T00:00Z,2023,regular-season,OKC,ORL,116,108,2022-11-01
401468261,2022-11-02T02:00Z,2023,regular-season,PHX,MIN,116,107,2022-11-01
401468263,2022-11-02T22:00Z,2023,regular-season,PHI,WAS,111,121,2022-11-02
401468262,2022-11-02T23:30Z,2023,regular-season,CLE,BOS,114,113,2022-11-02
401468264,2022-11-02T23:30Z,2023,regular-season,MIA,SAC,110,107,2022-11-02
401468265,2022-11-02T23:30Z,2023,regular-season,NYK,ATL,99,112,2022-11-02
401468266,2022-11-03T00:00Z,2023,regular-season,CHI,CHA,106,88,2022-11-02
401468267,2022-11-03T00:00Z,2023,regular-season,HOU,LAC,101,109,2022-11-02
401468268,2022-11-03T00:00Z,2023,regular-season,MIL,DET,116,91,2022-11-02
401468269,2022-11-03T00:00Z,2023,regular-season,SAS,TOR,100,143,2022-11-02
401468270,2022-11-03T00:30Z,2023,regular-season,DAL,UTA,103,100,2022-11-02
401468271,2022-11-03T02:00Z,2023,regular-season,POR,MEM,106,111,2022-11-02
401468272,2022-11-03T02:30Z,2023,regular-season,LAL,NOP,120,117,2022-11-02
401468273,2022-11-03T23:00Z,2023,regular-season,ORL,GSW,130,129,2022-11-03
401468274,2022-11-04T00:00Z,2023,regular-season,OKC,DEN,110,122,2022-11-03
401468275,2022-11-04T23:00Z,2023,regular-season,DET,CLE,88,112,2022-11-04
401468276,2022-11-04T23:00Z,2023,regular-season,IND,MIA,101,99,2022-11-04
401468277,2022-11-04T23:00Z,2023,regular-season,PHI,NYK,104,106,2022-11-04
401468278,2022-11-04T23:00Z,2023,regular-season,WAS,BKN,86,128,2022-11-04
401468279,2022-11-04T23:30Z,2023,regular-season,BOS,CHI,123,119,2022-11-04
401468280,2022-11-05T00:00Z,2023,regular-season,MEM,CHA,130,99,2022-11-04
401468281,2022-11-05T00:00Z,2023,regular-season,SAS,LAC,106,113,2022-11-04
401468282,2022-11-05T00:30Z,2023,regular-season,DAL,TOR,111,110,2022-11-04
401468283,2022-11-05T00:30Z,2023,regular-season,NOP,GSW,114,105,2022-11-04
401468284,2022-11-05T02:00Z,2023,regular-season,MIN,MIL,102,115,2022-11-04
401468285,2022-11-05T02:00Z,2023,regular-season,PHX,POR,106,108,2022-11-04
401468286,2022-11-05T02:30Z,2023,regular-season,LAL,UTA,116,130,2022-11-04
401468287,2022-11-05T21:00Z,2023,regular-season,ORL,SAC,123,126,2022-11-05
401468288,2022-11-05T23:00Z,2023,regular-season,CHA,BKN,94,98,2022-11-05
401468289,2022-11-05T23:30Z,2023,regular-season,ATL,NOP,124,121,2022-11-05
401468290,2022-11-05T23:30Z,2023,regular-season,NYK,BOS,118,133,2022-11-05
401468291,2022-11-06T00:00Z,2023,regular-season,MIL,OKC,108,94,2022-11-05
401468292,2022-11-06T00:00Z,2023,regular-season,MIN,HOU,129,117,2022-11-05
401468293,2022-11-06T01:00Z,2023,regular-season,DEN,SAS,126,101,2022-11-05
401468294,2022-11-06T02:00Z,2023,regular-season,PHX,POR,102,82,2022-11-05
401468295,2022-11-06T20:30Z,2023,regular-season,LAL,CLE,100,114,2022-11-06
401468296,2022-11-06T23:00Z,2023,regular-season,TOR,CHI,113,104,2022-11-06
401468297,2022-11-06T23:00Z,2023,regular-season,MEM,WAS,103,97,2022-11-06
401468298,2022-11-07T03:00Z,2023,regular-season,LAC,UTA,102,110,2022-11-06
401468299,2022-11-08T00:00Z,2023,regular-season,CHA,WAS,100,108,2022-11-07
401468300,2022-11-08T00:15Z,2023,regular-season,ORL,HOU,127,134,2022-11-07
401468301,2022-11-08T00:30Z,2023,regular-season,DET,OKC,112,103,2022-11-07
401468302,2022-11-08T00:45Z,2023,regular-season,IND,NOP,129,122,2022-11-07
401468303,2022-11-08T01:00Z,2023,regular-season,PHI,PHX,100,88,2022-11-07
401468304,2022-11-08T01:15Z,2023,regular-season,ATL,MIL,117,98,2022-11-07
401468305,2022-11-08T01:30Z,2023,regular-season,MIA,POR,107,110,2022-11-07
401468306,2022-11-08T01:45Z,2023,regular-season,CHI,TOR,111,97,2022-11-07
401468307,2022-11-08T02:00Z,2023,regular-season,MEM,BOS,106,109,2022-11-07
401468308,2022-11-08T02:15Z,2023,regular-season,MIN,NYK,107,120,2022-11-07
401468309,2022-11-08T02:30Z,2023,regular-season,SAS,DEN,109,115,2022-11-07
401468310,2022-11-08T02:45Z,2023,regular-season,DAL,BKN,96,94,2022-11-07
401468311,2022-11-08T03:00Z,2023,regular-season,GSW,SAC,116,113,2022-11-07
401468312,2022-11-08T03:15Z,2023,regular-season,UTA,LAL,139,116,2022-11-07
401468313,2022-11-08T03:30Z,2023,regular-season,LAC,CLE,119,117,2022-11-07
401468316,2022-11-09T22:30Z,2023,regular-season,ORL,DAL,94,87,2022-11-09
401468314,2022-11-10T00:00Z,2023,regular-season,CHA,POR,95,105,2022-11-09
401468315,2022-11-10T00:00Z,2023,regular-season,IND,DEN,119,122,2022-11-09
401468317,2022-11-10T00:30Z,2023,regular-season,ATL,UTA,119,125,2022-11-09
401468318,2022-11-10T00:30Z,2023,regular-season,BOS,DET,128,112,2022-11-09
401468319,2022-11-10T00:30Z,2023,regular-season,BKN,NYK,112,85,2022-11-09
401468320,2022-11-10T00:30Z,2023,regular-season,TOR,HOU,116,109,2022-11-09
401468321,2022-11-10T01:00Z,2023,regular-season,CHI,NOP,111,115,2022-11-09
401468322,2022-11-10T01:00Z,2023,regular-season,MIN,PHX,117,129,2022-11-09
401468323,2022-11-10T01:00Z,2023,regular-season,OKC,MIL,132,136,2022-11-09
401468324,2022-11-10T01:00Z,2023,regular-season,SAS,MEM,122,124,2022-11-09
401468325,2022-11-10T03:00Z,2023,regular-season,LAC,LAL,114,101,2022-11-09
401468326,2022-11-10T03:00Z,2023,regular-season,SAC,CLE,127,120,2022-11-09
401468327,2022-11-11T00:00Z,2023,regular-season,WAS,DAL,113,105,2022-11-10
401468328,2022-11-11T00:30Z,2023,regular-season,ATL,PHI,104,95,2022-11-10
401468329,2022-11-11T00:30Z,2023,regular-season,MIA,CHA,117,112,2022-11-10
401468330,2022-11-11T01:00Z,2023,regular-season,NOP,POR,95,106,2022-11-10
401468331,2022-11-12T00:00Z,2023,regular-season,BOS,DEN,131,112,2022-11-11
401468332,2022-11-12T00:00Z,2023,regular-season,ORL,PHX,114,97,2022-11-11
401468333,2022-11-12T00:30Z,2023,regular-season,NYK,DET,121,112,2022-11-11
401468334,2022-11-12T01:00Z,2023,regular-season,OKC,TOR,132,113,2022-11-11
401468335,2022-11-12T01:00Z,2023,regular-season,SAS,MIL,111,93,2022-11-11
401468336,2022-11-12T02:30Z,2023,regular-season,MEM,MIN,114,103,2022-11-11
401468337,2022-11-12T03:00Z,2023,regular-season,GSW,CLE,106,101,2022-11-11
401468338,2022-11-12T03:30Z,2023,regular-season,LAL,SAC,114,120,2022-11-11
401468339,2022-11-12T21:00Z,2023,regular-season,LAC,BKN,95,110,2022-11-12
401468340,2022-11-12T23:00Z,2023,regular-season,WAS,UTA,121,112,2022-11-12
401468341,2022-11-13T00:00Z,2023,regular-season,DET,BOS,108,117,2022-11-12
401468342,2022-11-13T00:00Z,2023,regular-season,IND,TOR,118,104,2022-11-12
401468343,2022-11-13T00:30Z,2023,regular-season,PHI,ATL,121,109,2022-11-12
401468344,2022-11-13T01:00Z,2023,regular-season,MIA,CHA,132,115,2022-11-12
401468345,2022-11-13T01:30Z,2023,regular-season,DAL,POR,117,112,2022-11-12
401468346,2022-11-13T01:30Z,2023,regular-season,NOP,HOU,119,106,2022-11-12
401468347,2022-11-13T17:00Z,2023,regular-season,NYK,OKC,135,145,2022-11-13
401468348,2022-11-13T23:00Z,2023,regular-season,CLE,MIN,124,129,2022-11-13
401468349,2022-11-13T23:00Z,2023,regular-season,WAS,MEM,102,92,2022-11-13
401468350,2022-11-14T00:30Z,2023,regular-season,PHI,UTA,105,98,2022-11-13
401468351,2022-11-14T01:00Z,2023,regular-season,CHI,DEN,103,126,2022-11-13
401468352,2022-11-14T02:00Z,2023,regular-season,SAC,GSW,122,115,2022-11-13
401468353,2022-11-14T02:30Z,2023,regular-season,LAL,BKN,116,103,2022-11-13
401468354,2022-11-15T00:00Z,2023,regular-season,DET,TOR,111,115,2022-11-14
401468355,2022-11-15T00:00Z,2023,regular-season,ORL,CHA,105,112,2022-11-14
401468356,2022-11-15T00:30Z,2023,regular-season,BOS,OKC,126,122,2022-11-14
401468357,2022-11-15T00:30Z,2023,regular-season,MIA,PHX,113,112,2022-11-14
401468358,2022-11-15T01:00Z,2023,regular-season,HOU,LAC,106,122,2022-11-14
401468359,2022-11-15T01:00Z,2023,regular-season,MIL,ATL,106,121,2022-11-14
401468360,2022-11-15T03:00Z,2023,regular-season,GSW,SAS,132,95,2022-11-14
401468361,2022-11-16T00:30Z,2023,regular-season,NOP,MEM,113,102,2022-11-15
401468362,2022-11-16T01:30Z,2023,regular-season,DAL,LAC,103,101,2022-11-15
401468363,2022-11-16T02:00Z,2023,regular-season,UTA,NYK,111,118,2022-11-15
401468364,2022-11-16T03:00Z,2023,regular-season,POR,SAS,117,110,2022-11-15
401468365,2022-11-16T03:00Z,2023,regular-season,SAC,BKN,153,121,2022-11-15
401468366,2022-11-17T00:00Z,2023,regular-season,CHA,IND,113,125,2022-11-16
401468367,2022-11-17T00:00Z,2023,regular-season,ORL,MIN,108,126,2022-11-16
401468368,2022-11-17T00:00Z,2023,regular-season,WAS,OKC,120,121,2022-11-16
401468369,2022-11-17T00:30Z,2023,regular-season,ATL,BOS,101,126,2022-11-16
401468370,2022-11-17T00:30Z,2023,regular-season,TOR,MIA,112,104,2022-11-16
401468371,2022-11-17T01:00Z,2023,regular-season,MIL,CLE,113,98,2022-11-16
401468372,2022-11-17T01:00Z,2023,regular-season,NOP,CHI,124,110,2022-11-16
401468373,2022-11-17T01:30Z,2023,regular-season,DAL,HOU,92,101,2022-11-16
401468374,2022-11-17T03:00Z,2023,regular-season,DEN,NYK,103,106,2022-11-16
401468375,2022-11-17T03:00Z,2023,regular-season,PHX,GSW,130,119,2022-11-16
401468376,2022-11-18T03:00Z,2023,regular-season,POR,BKN,107,109,2022-11-17
401468377,2022-11-18T03:00Z,2023,regular-season,SAC,SAS,130,112,2022-11-17
401468378,2022-11-18T03:30Z,2023,regular-season,LAC,DET,96,91,2022-11-17
401468379,2022-11-19T00:00Z,2023,regular-season,WAS,MIA,107,106,2022-11-18
401468380,2022-11-19T00:30Z,2023,regular-season,CLE,CHA,132,122,2022-11-18
401468381,2022-11-19T00:30Z,2023,regular-season,PHI,MIL,110,102,2022-11-18
401468382,2022-11-19T01:00Z,2023,regular-season,CHI,ORL,107,108,2022-11-18
401468383,2022-11-19T01:00Z,2023,regular-season,HOU,IND,91,99,2022-11-18
401468384,2022-11-19T01:00Z,2023,regular-season,MEM,OKC,121,110,2022-11-18
401468385,2022-11-19T01:30Z,2023,regular-season,DAL,DEN,127,99,2022-11-18
401468386,2022-11-19T01:30Z,2023,regular-season,NOP,BOS,109,117,2022-11-18
401468387,2022-11-19T02:00Z,2023,regular-season,UTA,PHX,134,133,2022-11-18
401468388,2022-11-19T03:00Z,2023,regular-season,GSW,NYK,111,101,2022-11-18
401468389,2022-11-19T03:30Z,2023,regular-season,LAL,DET,128,121,2022-11-18
401468390,2022-11-19T23:00Z,2023,regular-season,ATL,TOR,124,122,2022-11-19
401468391,2022-11-20T00:00Z,2023,regular-season,IND,ORL,114,113,2022-11-19
401468392,2022-11-20T00:30Z,2023,regular-season,PHI,MIN,109,112,2022-11-19
401468393,2022-11-20T03:00Z,2023,regular-season,POR,UTA,113,118,2022-11-19
401468394,2022-11-20T03:30Z,2023,regular-season,LAC,SAS,119,97,2022-11-19
401468395,2022-11-20T20:30Z,2023,regular-season,PHX,NYK,116,95,2022-11-20
401468396,2022-11-20T23:00Z,2023,regular-season,WAS,CHA,106,102,2022-11-20
401468397,2022-11-20T23:00Z,2023,regular-season,SAC,DET,137,129,2022-11-20
401468398,2022-11-21T00:00Z,2023,regular-season,BKN,MEM,127,115,2022-11-20
401468399,2022-11-21T00:00Z,2023,regular-season,CLE,MIA,113,87,2022-11-20
401468400,2022-11-21T00:00Z,2023,regular-season,HOU,GSW,120,127,2022-11-20
401468401,2022-11-21T00:30Z,2023,regular-season,DAL,DEN,97,98,2022-11-20
401468402,2022-11-21T02:30Z,2023,regular-season,LAL,SAS,123,92,2022-11-20
401468403,2022-11-22T00:00Z,2023,regular-season,CLE,ATL,114,102,2022-11-21
401468404,2022-11-22T00:00Z,2023,regular-season,IND,ORL,123,102,2022-11-21
401468405,2022-11-22T01:00Z,2023,regular-season,CHI,BOS,121,107,2022-11-21
401468406,2022-11-22T01:00Z,2023,regular-season,MIL,POR,119,111,2022-11-21
401468407,2022-11-22T01:00Z,2023,regular-season,MIN,MIA,105,101,2022-11-21
401468408,2022-11-22T01:00Z,2023,regular-season,NOP,GSW,128,83,2022-11-21
401468409,2022-11-22T01:00Z,2023,regular-season,OKC,NYK,119,129,2022-11-21
401468410,2022-11-22T03:30Z,2023,regular-season,LAC,UTA,121,114,2022-11-21
401468411,2022-11-23T00:30Z,2023,regular-season,PHI,BKN,115,106,2022-11-22
401468412,2022-11-23T01:00Z,2023,regular-season,MEM,SAC,109,113,2022-11-22
401468413,2022-11-23T02:00Z,2023,regular-season,DEN,DET,108,110,2022-11-22
401468414,2022-11-23T03:00Z,2023,regular-season,PHX,LAL,115,105,2022-11-22
401468415,2022-11-24T00:00Z,2023,regular-season,CHA,PHI,107,101,2022-11-23
401468416,2022-11-24T00:00Z,2023,regular-season,CLE,POR,114,96,2022-11-23
401468417,2022-11-24T00:00Z,2023,regular-season,IND,MIN,101,115,2022-11-23
401468418,2022-11-24T00:30Z,2023,regular-season,ATL,SAC,115,106,2022-11-23
401468419,2022-11-24T00:30Z,2023,regular-season,BOS,DAL,125,112,2022-11-23
401468420,2022-11-24T00:30Z,2023,regular-season,MIA,WAS,113,105,2022-11-23
401468421,2022-11-24T00:30Z,2023,regular-season,TOR,BKN,98,112,2022-11-23
401468422,2022-11-24T01:00Z,2023,regular-season,MIL,CHI,113,118,2022-11-23
401468423,2022-11-24T01:00Z,2023,regular-season,OKC,DEN,126,131,2022-11-23
401468424,2022-11-24T01:00Z,2023,regular-season,SAS,NOP,110,129,2022-11-23
401468425,2022-11-24T02:00Z,2023,regular-season,UTA,DET,116,125,2022-11-23
401468426,2022-11-24T03:00Z,2023,regular-season,GSW,LAC,124,107,2022-11-23
401468427,2022-11-25T22:00Z,2023,regular-season,CHA,MIN,110,108,2022-11-25
401468428,2022-11-26T00:00Z,2023,regular-season,ORL,PHI,99,107,2022-11-25
401468429,2022-11-26T00:30Z,2023,regular-season,NYK,POR,129,132,2022-11-25
401468430,2022-11-26T01:00Z,2023,regular-season,BOS,SAC,122,104,2022-11-25
401468431,2022-11-26T01:00Z,2023,regular-season,IND,BKN,128,117,2022-11-25
401468432,2022-11-26T01:00Z,2023,regular-season,MIA,WAS,110,107,2022-11-25
401468433,2022-11-26T01:00Z,2023,regular-season,HOU,ATL,128,122,2022-11-25
401468434,2022-11-26T01:00Z,2023,regular-season,MEM,NOP,132,111,2022-11-25
401468435,2022-11-26T01:00Z,2023,regular-season,MIL,CLE,117,102,2022-11-25
401468436,2022-11-26T01:00Z,2023,regular-season,OKC,CHI,123,119,2022-11-25
401468437,2022-11-26T01:00Z,2023,regular-season,SAS,LAL,94,105,2022-11-25
401468438,2022-11-26T02:00Z,2023,regular-season,PHX,DET,108,102,2022-11-25
401468439,2022-11-26T03:00Z,2023,regular-season,GSW,UTA,129,118,2022-11-25
401468440,2022-11-26T03:30Z,2023,regular-season,LAC,DEN,104,114,2022-11-25
401468441,2022-11-26T22:00Z,2023,regular-season,TOR,DAL,105,100,2022-11-26
401468442,2022-11-27T01:00Z,2023,regular-season,HOU,OKC,118,105,2022-11-26
401468443,2022-11-27T01:00Z,2023,regular-season,SAS,LAL,138,143,2022-11-26
401468444,2022-11-27T02:00Z,2023,regular-season,PHX,UTA,113,112,2022-11-26
401468445,2022-11-27T20:00Z,2023,regular-season,BKN,POR,111,97,2022-11-27
401468446,2022-11-27T20:30Z,2023,regular-season,MIN,GSW,114,137,2022-11-27
401468447,2022-11-27T21:00Z,2023,regular-season,LAC,IND,114,100,2022-11-27
401468448,2022-11-27T22:00Z,2023,regular-season,ATL,MIA,98,106,2022-11-27
401468449,2022-11-27T23:00Z,2023,regular-season,BOS,WAS,130,121,2022-11-27
401468450,2022-11-27T23:00Z,2023,regular-season,DET,CLE,94,102,2022-11-27
401468451,2022-11-27T23:00Z,2023,regular-season,NYK,MEM,123,127,2022-11-27
401468452,2022-11-27T23:00Z,2023,regular-season,ORL,PHI,103,133,2022-11-27
401468453,2022-11-28T01:00Z,2023,regular-season,MIL,DAL,124,115,2022-11-27
401468454,2022-11-29T00:00Z,2023,regular-season,PHI,ATL,104,101,2022-11-28
401468455,2022-11-29T00:00Z,2023,regular-season,WAS,MIN,142,127,2022-11-28
401468456,2022-11-29T00:30Z,2023,regular-season,BOS,CHA,140,105,2022-11-28
401468457,2022-11-29T00:30Z,2023,regular-season,BKN,ORL,109,102,2022-11-28
401468458,2022-11-29T00:30Z,2023,regular-season,TOR,CLE,100,88,2022-11-28
401468459,2022-11-29T01:00Z,2023,regular-season,NOP,OKC,105,101,2022-11-28
401468460,2022-11-29T02:00Z,2023,regular-season,DEN,HOU,129,113,2022-11-28
401468461,2022-11-29T02:00Z,2023,regular-season,UTA,CHI,107,114,2022-11-28
401468462,2022-11-29T03:00Z,2023,regular-season,SAC,PHX,117,122,2022-11-28
401468463,2022-11-29T03:30Z,2023,regular-season,LAL,IND,115,116,2022-11-28
401468464,2022-11-30T00:00Z,2023,regular-season,DET,NYK,110,140,2022-11-29
401468465,2022-11-30T00:30Z,2023,regular-season,DAL,GSW,116,113,2022-11-29
401468466,2022-11-30T03:00Z,2023,regular-season,POR,LAC,112,118,2022-11-29
401468467,2022-12-01T00:00Z,2023,regular-season,CLE,PHI,113,85,2022-11-30
401468468,2022-12-01T00:00Z,2023,regular-season,ORL,ATL,108,125,2022-11-30
401468469,2022-12-01T00:30Z,2023,regular-season,BOS,MIA,134,121,2022-11-30
401468470,2022-12-01T00:30Z,2023,regular-season,BKN,WAS,113,107,2022-11-30
401468471,2022-12-01T00:30Z,2023,regular-season,NYK,MIL,103,109,2022-11-30
401468472,2022-12-01T01:00Z,2023,regular-season,MIN,MEM,109,101,2022-11-30
401468473,2022-12-01T01:00Z,2023,regular-season,NOP,TOR,126,108,2022-11-30
401468474,2022-12-01T01:00Z,2023,regular-season,OKC,SAS,119,111,2022-11-30
401468475,2022-12-01T02:00Z,2023,regular-season,DEN,HOU,120,100,2022-11-30
401468476,2022-12-01T02:00Z,2023,regular-season,PHX,CHI,132,113,2022-11-30
401468477,2022-12-01T02:00Z,2023,regular-season,UTA,LAC,125,112,2022-11-30
401468478,2022-12-01T03:00Z,2023,regular-season,SAC,IND,137,114,2022-11-30
401468479,2022-12-01T03:30Z,2023,regular-season,LAL,POR,128,109,2022-11-30
401468480,2022-12-02T00:00Z,2023,regular-season,DET,DAL,131,125,2022-12-01
401468481,2022-12-03T00:00Z,2023,regular-season,CHA,WAS,117,116,2022-12-02
401468482,2022-12-03T00:30Z,2023,regular-season,ATL,DEN,117,109,2022-12-02
401468483,2022-12-03T00:30Z,2023,regular-season,BOS,MIA,116,120,2022-12-02
401468484,2022-12-03T00:30Z,2023,regular-season,BKN,TOR,114,105,2022-12-02
401468485,2022-12-03T00:30Z,2023,regular-season,CLE,ORL,107,96,2022-12-02
401468486,2022-12-03T00:30Z,2023,regular-season,MIL,LAL,129,133,2022-12-02
401468487,2022-12-03T01:00Z,2023,regular-season,MEM,PHI,117,109,2022-12-02
401468488,2022-12-03T01:00Z,2023,regular-season,SAS,NOP,99,117,2022-12-02
401468489,2022-12-03T02:00Z,2023,regular-season,PHX,HOU,121,122,2022-12-02
401468490,2022-12-03T02:00Z,2023,regular-season,UTA,IND,139,119,2022-12-02
401468491,2022-12-03T03:00Z,2023,regular-season,GSW,CHI,119,111,2022-12-02
401468492,2022-12-03T17:30Z,2023,regular-season,NYK,DAL,100,121,2022-12-03
401468493,2022-12-03T21:00Z,2023,regular-season,LAC,SAC,96,123,2022-12-03
401468494,2022-12-03T23:00Z,2023,regular-season,CHA,MIL,96,105,2022-12-03
401468495,2022-12-04T01:00Z,2023,regular-season,TOR,ORL,121,108,2022-12-03
401468496,2022-12-04T01:00Z,2023,regular-season,MIN,OKC,128,135,2022-12-03
401468497,2022-12-04T01:30Z,2023,regular-season,GSW,HOU,120,101,2022-12-03
401468498,2022-12-04T02:00Z,2023,regular-season,UTA,POR,111,116,2022-12-03
401468499,2022-12-04T20:30Z,2023,regular-season,NOP,DEN,121,106,2022-12-04
401468500,2022-12-04T21:00Z,2023,regular-season,SAS,PHX,95,133,2022-12-04
401468501,2022-12-04T23:00Z,2023,regular-season,BKN,BOS,92,103,2022-12-04
401468502,2022-12-04T23:00Z,2023,regular-season,DET,MEM,112,122,2022-12-04
401468503,2022-12-04T23:00Z,2023,regular-season,NYK,CLE,92,81,2022-12-04
401468504,2022-12-04T23:00Z,2023,regular-season,WAS,LAL,119,130,2022-12-04
401468505,2022-12-04T23:00Z,2023,regular-season,SAC,CHI,110,101,2022-12-04
401468506,2022-12-05T02:00Z,2023,regular-season,POR,IND,116,100,2022-12-04
401468507,2022-12-06T00:00Z,2023,regular-season,CHA,LAC,117,119,2022-12-05
401468508,2022-12-06T00:00Z,2023,regular-season,ORL,MIL,102,109,2022-12-05
401468509,2022-12-06T00:30Z,2023,regular-season,ATL,OKC,114,121,2022-12-05
401468510,2022-12-06T00:30Z,2023,regular-season,TOR,BOS,110,116,2022-12-05
401468511,2022-12-06T01:00Z,2023,regular-season,HOU,PHI,132,123,2022-12-05
401468512,2022-12-06T01:00Z,2023,regular-season,MEM,MIA,101,93,2022-12-05
401468513,2022-12-06T01:30Z,2023,regular-season,DAL,PHX,130,111,2022-12-05
401468514,2022-12-06T03:00Z,2023,regular-season,GSW,IND,104,112,2022-12-05
401468515,2022-12-07T00:30Z,2023,regular-season,CLE,LAL,116,102,2022-12-06
401468516,2022-12-07T00:30Z,2023,regular-season,MIA,DET,96,116,2022-12-06
401468517,2022-12-07T03:00Z,2023,regular-season,DEN,DAL,115,116,2022-12-06
401468518,2022-12-08T00:00Z,2023,regular-season,ORL,LAC,116,111,2022-12-07
401468519,2022-12-08T00:30Z,2023,regular-season,BKN,CHA,122,116,2022-12-07
401468520,2022-12-08T00:30Z,2023,regular-season,NYK,ATL,113,89,2022-12-07
401468521,2022-12-08T00:30Z,2023,regular-season,TOR,LAL,126,113,2022-12-07
401468522,2022-12-08T01:00Z,2023,regular-season,CHI,WAS,115,111,2022-12-07
401468523,2022-12-08T01:00Z,2023,regular-season,MEM,OKC,123,102,2022-12-07
401468524,2022-12-08T01:00Z,2023,regular-season,MIL,SAC,126,113,2022-12-07
401468525,2022-12-08T01:00Z,2023,regular-season,MIN,IND,121,115,2022-12-07
401468526,2022-12-08T01:00Z,2023,regular-season,NOP,DET,104,98,2022-12-07
401468527,2022-12-08T02:00Z,2023,regular-season,UTA,GSW,124,123,2022-12-07
401468528,2022-12-08T03:00Z,2023,regular-season,PHX,BOS,98,125,2022-12-07
401468529,2022-12-09T00:30Z,2023,regular-season,MIA,LAC,115,110,2022-12-08
401468530,2022-12-09T01:30Z,2023,regular-season,SAS,HOU,118,109,2022-12-08
401468531,2022-12-09T03:00Z,2023,regular-season,POR,DEN,120,121,2022-12-08
401468532,2022-12-10T00:00Z,2023,regular-season,CHA,NYK,102,121,2022-12-09
401468533,2022-12-10T00:00Z,2023,regular-season,IND,WAS,121,111,2022-12-09
401468534,2022-12-10T00:00Z,2023,regular-season,ORL,TOR,113,109,2022-12-09
401468535,2022-12-10T00:30Z,2023,regular-season,BKN,ATL,120,116,2022-12-09
401468536,2022-12-10T00:30Z,2023,regular-season,CLE,SAC,95,106,2022-12-09
401468537,2022-12-10T00:30Z,2023,regular-season,PHI,LAL,133,122,2022-12-09
401468538,2022-12-10T01:00Z,2023,regular-season,MEM,DET,114,103,2022-12-09
401468539,2022-12-10T01:30Z,2023,regular-season,NOP,PHX,128,117,2022-12-09
401468540,2022-12-10T02:00Z,2023,regular-season,UTA,MIN,108,118,2022-12-09
401468541,2022-12-10T03:00Z,2023,regular-season,DAL,MIL,105,106,2022-12-09
401468542,2022-12-10T22:00Z,2023,regular-season,MIA,SAS,111,115,2022-12-10
401468543,2022-12-11T00:00Z,2023,regular-season,IND,BKN,133,136,2022-12-10
401468544,2022-12-11T00:00Z,2023,regular-season,WAS,LAC,107,114,2022-12-10
401468545,2022-12-11T00:30Z,2023,regular-season,CLE,OKC,110,102,2022-12-10
401468546,2022-12-11T01:00Z,2023,regular-season,CHI,DAL,144,115,2022-12-10
401468547,2022-12-11T01:30Z,2023,regular-season,GSW,BOS,123,107,2022-12-10
401468548,2022-12-11T02:00Z,2023,regular-season,DEN,UTA,115,110,2022-12-10
401468549,2022-12-11T03:00Z,2023,regular-season,POR,MIN,124,118,2022-12-10
401468550,2022-12-11T20:30Z,2023,regular-season,NOP,PHX,129,124,2022-12-11
401468551,2022-12-11T23:00Z,2023,regular-season,DET,LAL,117,124,2022-12-11
401468552,2022-12-11T23:00Z,2023,regular-season,NYK,SAC,112,99,2022-12-11
401468553,2022-12-11T23:00Z,2023,regular-season,ORL,TOR,111,99,2022-12-11
401468554,2022-12-11T23:00Z,2023,regular-season,PHI,CHA,131,113,2022-12-11
401468555,2022-12-11T23:30Z,2023,regular-season,ATL,CHI,123,122,2022-12-11
401468556,2022-12-12T00:00Z,2023,regular-season,HOU,MIL,97,92,2022-12-11
401468557,2022-12-13T00:00Z,2023,regular-season,IND,MIA,82,87,2022-12-12
401468558,2022-12-13T00:00Z,2023,regular-season,WAS,BKN,100,112,2022-12-12
401468559,2022-12-13T01:00Z,2023,regular-season,MEM,ATL,128,103,2022-12-12
401468560,2022-12-13T01:30Z,2023,regular-season,DAL,OKC,121,114,2022-12-12
401468561,2022-12-13T01:30Z,2023,regular-season,SAS,CLE,112,111,2022-12-12
401468562,2022-12-13T03:00Z,2023,regular-season,POR,MIN,133,112,2022-12-12
401468563,2022-12-13T03:30Z,2023,regular-season,LAC,BOS,113,93,2022-12-12
401468564,2022-12-14T00:00Z,2023,regular-season,PHI,SAC,123,103,2022-12-13
401468565,2022-12-14T00:30Z,2023,regular-season,MIL,GSW,128,111,2022-12-13
401468566,2022-12-14T01:00Z,2023,regular-season,HOU,PHX,111,97,2022-12-13
401468567,2022-12-14T02:00Z,2023,regular-season,UTA,NOP,121,100,2022-12-13
401468568,2022-12-14T03:00Z,2023,regular-season,LAL,BOS,118,122,2022-12-13
401468569,2022-12-15T00:00Z,2023,regular-season,CHA,DET,134,141,2022-12-14
401468570,2022-12-15T00:00Z,2023,regular-season,IND,GSW,125,119,2022-12-14
401468571,2022-12-15T00:00Z,2023,regular-season,ORL,ATL,135,124,2022-12-14
401468572,2022-12-15T00:30Z,2023,regular-season,TOR,SAC,123,124,2022-12-14
401468573,2022-12-15T00:30Z,2023,regular-season,CHI,NYK,120,128,2022-12-14
401468574,2022-12-15T01:00Z,2023,regular-season,OKC,MIA,108,110,2022-12-14
401468575,2022-12-15T01:00Z,2023,regular-season,SAS,POR,112,128,2022-12-14
401468576,2022-12-15T02:00Z,2023,regular-season,DAL,CLE,90,105,2022-12-14
401468577,2022-12-15T02:00Z,2023,regular-season,DEN,WAS,141,128,2022-12-14
401468578,2022-12-15T03:00Z,2023,regular-season,LAC,MIN,99,88,2022-12-14
401468579,2022-12-16T01:00Z,2023,regular-season,HOU,MIA,108,111,2022-12-15
401468580,2022-12-16T01:00Z,2023,regular-season,MEM,MIL,142,101,2022-12-15
401468581,2022-12-16T02:00Z,2023,regular-season,UTA,NOP,132,129,2022-12-15
401468582,2022-12-16T03:30Z,2023,regular-season,LAC,PHX,95,111,2022-12-15
401468583,2022-12-17T00:00Z,2023,regular-season,CHA,ATL,106,125,2022-12-16
401468584,2022-12-17T00:00Z,2023,regular-season,DET,SAC,113,122,2022-12-16
401468585,2022-12-17T00:30Z,2023,regular-season,BOS,ORL,109,117,2022-12-16
401468586,2022-12-17T00:30Z,2023,regular-season,CLE,IND,118,112,2022-12-16
401468587,2022-12-17T00:30Z,2023,regular-season,PHI,GSW,118,106,2022-12-16
401468588,2022-12-17T00:30Z,2023,regular-season,TOR,BKN,116,119,2022-12-16
401468589,2022-12-17T01:00Z,2023,regular-season,CHI,NYK,91,114,2022-12-16
401468590,2022-12-17T01:00Z,2023,regular-season,OKC,MIN,110,112,2022-12-16
401468591,2022-12-17T01:30Z,2023,regular-season,DAL,POR,130,110,2022-12-16
401468592,2022-12-17T03:00Z,2023,regular-season,LAL,DEN,126,108,2022-12-16
401468593,2022-12-17T21:00Z,2023,regular-season,LAC,WAS,102,93,2022-12-17
401468594,2022-12-17T22:00Z,2023,regular-season,SAS,MIA,101,111,2022-12-17
401468595,2022-12-18T01:00Z,2023,regular-season,CLE,DAL,100,99,2022-12-17
401468596,2022-12-18T01:00Z,2023,regular-season,HOU,POR,95,107,2022-12-17
401468597,2022-12-18T01:00Z,2023,regular-season,MIL,UTA,123,97,2022-12-17
401468598,2022-12-18T01:00Z,2023,regular-season,OKC,MEM,115,109,2022-12-17
401468599,2022-12-18T02:00Z,2023,regular-season,PHX,NOP,118,114,2022-12-17
401468600,2022-12-18T20:00Z,2023,regular-season,BOS,ORL,92,95,2022-12-18
401468601,2022-12-18T22:00Z,2023,regular-season,IND,NYK,106,109,2022-12-18
401468602,2022-12-18T23:00Z,2023,regular-season,DET,BKN,121,124,2022-12-18
401468603,2022-12-18T23:00Z,2023,regular-season,TOR,GSW,110,126,2022-12-18
401468604,2022-12-19T00:00Z,2023,regular-season,MIN,CHI,150,126,2022-12-18
401468605,2022-12-19T01:00Z,2023,regular-season,DEN,CHA,119,115,2022-12-18
401468606,2022-12-19T02:30Z,2023,regular-season,LAL,WAS,119,117,2022-12-18
401468607,2022-12-20T00:00Z,2023,regular-season,CLE,UTA,122,99,2022-12-19
401468608,2022-12-20T00:00Z,2023,regular-season,PHI,TOR,104,101,2022-12-19
401468609,2022-12-20T00:30Z,2023,regular-season,ATL,ORL,126,125,2022-12-19
401468610,2022-12-20T01:00Z,2023,regular-season,HOU,SAS,105,124,2022-12-19
401468611,2022-12-20T01:00Z,2023,regular-season,MIN,DAL,116,106,2022-12-19
401468612,2022-12-20T01:00Z,2023,regular-season,NOP,MIL,119,128,2022-12-19
401468613,2022-12-20T01:00Z,2023,regular-season,OKC,POR,123,121,2022-12-19
401468614,2022-12-20T02:00Z,2023,regular-season,PHX,LAL,130,104,2022-12-19
401468615,2022-12-20T03:00Z,2023,regular-season,SAC,CHA,119,125,2022-12-19
401468616,2022-12-21T00:00Z,2023,regular-season,DET,UTA,111,126,2022-12-20
401468617,2022-12-21T00:30Z,2023,regular-season,MIA,CHI,103,113,2022-12-20
401468618,2022-12-21T00:30Z,2023,regular-season,NYK,GSW,132,94,2022-12-20
401468619,2022-12-21T02:00Z,2023,regular-season,PHX,WAS,110,113,2022-12-20
401468620,2022-12-21T03:00Z,2023,regular-season,DEN,MEM,105,91,2022-12-20
401468621,2022-12-22T00:00Z,2023,regular-season,CLE,MIL,114,106,2022-12-21
401468622,2022-12-22T00:00Z,2023,regular-season,PHI,DET,113,93,2022-12-21
401468623,2022-12-22T00:30Z,2023,regular-season,ATL,CHI,108,110,2022-12-21
401468624,2022-12-22T00:30Z,2023,regular-season,BOS,IND,112,117,2022-12-21
401468625,2022-12-22T00:30Z,2023,regular-season,BKN,GSW,143,113,2022-12-21
401468626,2022-12-22T00:30Z,2023,regular-season,NYK,TOR,106,113,2022-12-21
401468627,2022-12-22T01:00Z,2023,regular-season,HOU,ORL,110,116,2022-12-21
401468628,2022-12-22T01:00Z,2023,regular-season,MIN,DAL,99,104,2022-12-21
401468629,2022-12-22T01:00Z,2023,regular-season,OKC,POR,101,98,2022-12-21
401468630,2022-12-22T03:00Z,2023,regular-season,SAC,LAL,134,120,2022-12-21
401468631,2022-12-22T03:30Z,2023,regular-season,LAC,CHA,126,105,2022-12-21
401468632,2022-12-23T01:00Z,2023,regular-season,NOP,SAS,126,117,2022-12-22
401468633,2022-12-23T02:00Z,2023,regular-season,UTA,WAS,120,112,2022-12-22
401468634,2022-12-24T00:00Z,2023,regular-season,ORL,SAS,133,113,2022-12-23
401468635,2022-12-24T00:00Z,2023,regular-season,PHI,LAC,119,114,2022-12-23
401468636,2022-12-24T00:30Z,2023,regular-season,ATL,DET,130,105,2022-12-23
401468637,2022-12-24T00:30Z,2023,regular-season,BOS,MIN,121,109,2022-12-23
401468638,2022-12-24T00:30Z,2023,regular-season,BKN,MIL,118,100,2022-12-23
401468639,2022-12-24T00:30Z,2023,regular-season,CLE,TOR,107,118,2022-12-23
401468640,2022-12-24T00:30Z,2023,regular-season,NYK,CHI,117,118,2022-12-23
401468641,2022-12-24T01:00Z,2023,regular-season,MIA,IND,108,111,2022-12-23
401468642,2022-12-24T01:00Z,2023,regular-season,HOU,DAL,106,112,2022-12-23
401468643,2022-12-24T01:00Z,2023,regular-season,OKC,NOP,125,128,2022-12-23
401468644,2022-12-24T02:00Z,2023,regular-season,DEN,POR,120,107,2022-12-23
401468645,2022-12-24T03:00Z,2023,regular-season,PHX,MEM,100,125,2022-12-23
401468646,2022-12-24T03:00Z,2023,regular-season,SAC,WAS,111,125,2022-12-23
401468647,2022-12-24T03:30Z,2023,regular-season,LAL,CHA,130,134,2022-12-23
401468648,2022-12-25T17:00Z,2023,regular-season,NYK,PHI,112,119,2022-12-25
401468649,2022-12-25T19:30Z,2023,regular-season,DAL,LAL,124,115,2022-12-25
401468650,2022-12-25T22:00Z,2023,regular-season,BOS,MIL,139,118,2022-12-25
401468651,2022-12-26T01:00Z,2023,regular-season,GSW,MEM,123,109,2022-12-25
401468652,2022-12-26T03:30Z,2023,regular-season,DEN,PHX,128,125,2022-12-25
401468653,2022-12-27T00:00Z,2023,regular-season,CLE,BKN,117,125,2022-12-26
401468654,2022-12-27T00:00Z,2023,regular-season,DET,LAC,131,142,2022-12-26
401468655,2022-12-27T00:30Z,2023,regular-season,MIA,MIN,113,110,2022-12-26
401468656,2022-12-27T01:00Z,2023,regular-season,CHI,HOU,118,133,2022-12-26
401468657,2022-12-27T01:00Z,2023,regular-season,NOP,IND,113,93,2022-12-26
401468658,2022-12-27T01:30Z,2023,regular-season,SAS,UTA,126,122,2022-12-26
401468659,2022-12-27T03:00Z,2023,regular-season,POR,CHA,124,113,2022-12-26
401468660,2022-12-28T00:00Z,2023,regular-season,ORL,LAL,110,129,2022-12-27
401468661,2022-12-28T00:00Z,2023,regular-season,WAS,PHI,116,111,2022-12-27
401468662,2022-12-28T00:30Z,2023,regular-season,BOS,HOU,126,102,2022-12-27
401468663,2022-12-28T00:30Z,2023,regular-season,IND,ATL,129,114,2022-12-27
401468664,2022-12-28T00:30Z,2023,regular-season,TOR,LAC,113,124,2022-12-27
401468665,2022-12-28T01:00Z,2023,regular-season,MEM,PHX,108,125,2022-12-27
401468666,2022-12-28T01:00Z,2023,regular-season,OKC,SAS,130,114,2022-12-27
401468667,2022-12-28T01:30Z,2023,regular-season,DAL,NYK,126,121,2022-12-27
401468668,2022-12-28T03:00Z,2023,regular-season,GSW,CHA,110,105,2022-12-27
401468669,2022-12-28T03:00Z,2023,regular-season,SAC,DEN,106,113,2022-12-27
401468670,2022-12-29T00:00Z,2023,regular-season,DET,ORL,121,101,2022-12-28
401468671,2022-12-29T00:00Z,2023,regular-season,WAS,PHX,127,102,2022-12-28
401468672,2022-12-29T00:30Z,2023,regular-season,ATL,BKN,107,108,2022-12-28
401468673,2022-12-29T00:30Z,2023,regular-season,MIA,LAL,112,98,2022-12-28
401468674,2022-12-29T01:00Z,2023,regular-season,CHI,MIL,119,113,2022-12-28
401468675,2022-12-29T01:00Z,2023,regular-season,NOP,MIN,119,118,2022-12-28
401468676,2022-12-29T03:00Z,2023,regular-season,GSW,UTA,112,107,2022-12-28
401468677,2022-12-29T03:00Z,2023,regular-season,SAC,DEN,127,126,2022-12-28
401468678,2022-12-30T00:00Z,2023,regular-season,CHA,OKC,121,113,2022-12-29
401468679,2022-12-30T00:00Z,2023,regular-season,IND,CLE,135,126,2022-12-29
401468680,2022-12-30T00:30Z,2023,regular-season,BOS,LAC,116,110,2022-12-29
401468681,2022-12-30T00:30Z,2023,regular-season,TOR,MEM,106,119,2022-12-29
401468682,2022-12-30T01:00Z,2023,regular-season,SAS,NYK,122,115,2022-12-29
401468683,2022-12-30T01:30Z,2023,regular-season,DAL,HOU,129,114,2022-12-29
401468684,2022-12-31T00:00Z,2023,regular-season,ORL,WAS,100,119,2022-12-30
401468685,2022-12-31T00:30Z,2023,regular-season,ATL,LAL,121,130,2022-12-30
401468686,2022-12-31T00:30Z,2023,regular-season,TOR,PHX,113,104,2022-12-30
401468687,2022-12-31T01:00Z,2023,regular-season,CHI,DET,132,118,2022-12-30
401468688,2022-12-31T01:00Z,2023,regular-season,MIL,MIN,123,114,2022-12-30
401468689,2022-12-31T01:30Z,2023,regular-season,NOP,PHI,127,116,2022-12-30
401468690,2022-12-31T02:00Z,2023,regular-season,DEN,MIA,124,119,2022-12-30
401468691,2022-12-31T03:00Z,2023,regular-season,GSW,POR,118,112,2022-12-30
401468692,2022-12-31T03:00Z,2023,regular-season,SAC,UTA,126,125,2022-12-30
401468693,2022-12-31T20:00Z,2023,regular-season,IND,LAC,131,130,2022-12-31
401468694,2023-01-01T00:00Z,2023,regular-season,CHA,BKN,106,123,2022-12-31
401468695,2023-01-01T00:00Z,2023,regular-season,CHI,CLE,102,103,2022-12-31
401468696,2023-01-01T00:00Z,2023,regular-season,HOU,NYK,88,108,2022-12-31
401468697,2023-01-01T00:00Z,2023,regular-season,SAS,DAL,125,126,2022-12-31
401468698,2023-01-01T01:00Z,2023,regular-season,MEM,NOP,116,101,2022-12-31
401468699,2023-01-01T01:00Z,2023,regular-season,MIN,DET,104,116,2022-12-31
401468700,2023-01-01T01:00Z,2023,regular-season,OKC,PHI,96,115,2022-12-31
401468701,2023-01-01T02:00Z,2023,regular-season,UTA,MIA,123,126,2022-12-31
401468702,2023-01-02T01:00Z,2023,regular-season,MEM,SAC,118,108,2023-01-01
401468703,2023-01-02T01:00Z,2023,regular-season,MIL,WAS,95,118,2023-01-01
401468704,2023-01-02T01:00Z,2023,regular-season,DEN,BOS,123,111,2023-01-01
401468705,2023-01-02T20:00Z,2023,regular-season,NYK,PHX,102,83,2023-01-02
401468706,2023-01-03T00:00Z,2023,regular-season,CHA,LAL,115,121,2023-01-02
401468707,2023-01-03T00:00Z,2023,regular-season,CLE,CHI,145,134,2023-01-02
401468708,2023-01-03T00:00Z,2023,regular-season,IND,TOR,122,114,2023-01-02
401468709,2023-01-03T00:00Z,2023,regular-season,PHI,NOP,120,111,2023-01-02
401468710,2023-01-03T00:30Z,2023,regular-season,BKN,SAS,139,103,2023-01-02
401468711,2023-01-03T01:00Z,2023,regular-season,HOU,DAL,106,111,2023-01-02
401468712,2023-01-03T01:00Z,2023,regular-season,MIN,DEN,124,111,2023-01-02
401468713,2023-01-03T03:00Z,2023,regular-season,GSW,ATL,143,141,2023-01-02
401468714,2023-01-03T03:00Z,2023,regular-season,POR,DET,135,106,2023-01-02
401468715,2023-01-03T03:30Z,2023,regular-season,LAC,MIA,100,110,2023-01-02
401468716,2023-01-04T01:00Z,2023,regular-season,MIL,WAS,123,113,2023-01-03
401468717,2023-01-04T01:00Z,2023,regular-season,OKC,BOS,150,117,2023-01-03
401468718,2023-01-04T02:00Z,2023,regular-season,UTA,SAC,115,117,2023-01-03
401468719,2023-01-05T00:00Z,2023,regular-season,CHA,MEM,107,131,2023-01-04
401468720,2023-01-05T00:00Z,2023,regular-season,CLE,PHX,90,88,2023-01-04
401468721,2023-01-05T00:00Z,2023,regular-season,ORL,OKC,126,115,2023-01-04
401468722,2023-01-05T00:00Z,2023,regular-season,PHI,IND,129,126,2023-01-04
401468723,2023-01-05T00:30Z,2023,regular-season,NYK,SAS,117,114,2023-01-04
401468724,2023-01-05T00:30Z,2023,regular-season,TOR,MIL,101,104,2023-01-04
401468725,2023-01-05T01:00Z,2023,regular-season,CHI,BKN,121,112,2023-01-04
401468726,2023-01-05T01:00Z,2023,regular-season,MIN,POR,113,106,2023-01-04
401468727,2023-01-05T01:00Z,2023,regular-season,NOP,HOU,119,108,2023-01-04
401468728,2023-01-05T03:00Z,2023,regular-season,GSW,DET,119,122,2023-01-04
401468729,2023-01-05T03:00Z,2023,regular-season,LAL,MIA,112,109,2023-01-04
401468730,2023-01-05T03:00Z,2023,regular-season,SAC,ATL,117,120,2023-01-04
401468731,2023-01-06T00:00Z,2023,regular-season,ORL,MEM,115,123,2023-01-05
401468732,2023-01-06T00:30Z,2023,regular-season,DAL,BOS,95,124,2023-01-05
401468733,2023-01-06T01:00Z,2023,regular-season,HOU,UTA,114,131,2023-01-05
401468734,2023-01-06T03:00Z,2023,regular-season,DEN,LAC,122,91,2023-01-05
401468735,2023-01-07T00:00Z,2023,regular-season,IND,POR,108,99,2023-01-06
401468736,2023-01-07T00:00Z,2023,regular-season,PHI,CHI,112,126,2023-01-06
401468737,2023-01-07T00:30Z,2023,regular-season,TOR,NYK,108,112,2023-01-06
401468741,2023-01-07T00:30Z,2023,regular-season,NOP,BKN,102,108,2023-01-06
401468738,2023-01-07T01:00Z,2023,regular-season,MIL,CHA,109,138,2023-01-06
401468739,2023-01-07T01:00Z,2023,regular-season,OKC,WAS,127,110,2023-01-06
401468740,2023-01-07T01:00Z,2023,regular-season,SAS,DET,121,109,2023-01-06
401468742,2023-01-07T02:00Z,2023,regular-season,MIN,LAC,128,115,2023-01-06
401468743,2023-01-07T02:00Z,2023,regular-season,DEN,CLE,121,108,2023-01-06
401468744,2023-01-07T03:00Z,2023,regular-season,PHX,MIA,96,104,2023-01-06
401468745,2023-01-07T03:30Z,2023,regular-season,LAL,ATL,130,114,2023-01-06
401468746,2023-01-07T23:00Z,2023,regular-season,SAS,BOS,116,121,2023-01-07
401468747,2023-01-08T01:00Z,2023,regular-season,CHI,UTA,126,118,2023-01-07
401468748,2023-01-08T01:00Z,2023,regular-season,DAL,NOP,127,117,2023-01-07
401468749,2023-01-08T01:30Z,2023,regular-season,GSW,ORL,101,115,2023-01-07
401468750,2023-01-08T03:00Z,2023,regular-season,SAC,LAL,134,136,2023-01-07
401468751,2023-01-08T20:00Z,2023,regular-season,DET,PHI,111,123,2023-01-08
401468752,2023-01-08T20:30Z,2023,regular-season,TOR,POR,117,105,2023-01-08
401468753,2023-01-08T22:00Z,2023,regular-season,IND,CHA,116,111,2023-01-08
401468754,2023-01-08T23:00Z,2023,regular-season,MIA,BKN,101,102,2023-01-08
401468755,2023-01-08T23:00Z,2023,regular-season,MEM,UTA,123,118,2023-01-08
401468756,2023-01-09T00:00Z,2023,regular-season,HOU,MIN,96,104,2023-01-08
401468757,2023-01-09T00:00Z,2023,regular-season,OKC,DAL,120,109,2023-01-08
401468758,2023-01-09T01:00Z,2023,regular-season,PHX,CLE,98,112,2023-01-08
401468759,2023-01-09T02:00Z,2023,regular-season,LAC,ATL,108,112,2023-01-08
401468760,2023-01-10T00:00Z,2023,regular-season,WAS,NOP,112,132,2023-01-09
401468761,2023-01-10T00:30Z,2023,regular-season,BOS,CHI,107,99,2023-01-09
401468762,2023-01-10T00:30Z,2023,regular-season,NYK,MIL,107,111,2023-01-09
401468763,2023-01-10T01:00Z,2023,regular-season,MEM,SAS,121,113,2023-01-09
401468764,2023-01-10T02:00Z,2023,regular-season,DEN,LAL,122,109,2023-01-09
401468765,2023-01-10T03:00Z,2023,regular-season,SAC,ORL,136,111,2023-01-09
401468767,2023-01-11T00:00Z,2023,regular-season,PHI,DET,147,116,2023-01-10
401468766,2023-01-11T00:30Z,2023,regular-season,MIA,OKC,112,111,2023-01-10
401468768,2023-01-11T00:30Z,2023,regular-season,TOR,CHA,132,120,2023-01-10
401468769,2023-01-11T02:00Z,2023,regular-season,UTA,CLE,116,114,2023-01-10
401468770,2023-01-11T03:00Z,2023,regular-season,GSW,PHX,113,125,2023-01-10
401468771,2023-01-11T03:00Z,2023,regular-season,POR,ORL,106,109,2023-01-10
401468772,2023-01-11T03:30Z,2023,regular-season,LAC,DAL,113,101,2023-01-10
401468773,2023-01-12T00:00Z,2023,regular-season,DET,MIN,135,118,2023-01-11
401468774,2023-01-12T00:00Z,2023,regular-season,WAS,CHI,100,97,2023-01-11
401468775,2023-01-12T00:30Z,2023,regular-season,ATL,MIL,105,114,2023-01-11
401468776,2023-01-12T00:30Z,2023,regular-season,BOS,NOP,125,114,2023-01-11
401468777,2023-01-12T00:30Z,2023,regular-season,NYK,IND,119,113,2023-01-11
401468778,2023-01-12T01:00Z,2023,regular-season,MEM,SAS,135,129,2023-01-11
401468779,2023-01-12T03:00Z,2023,regular-season,DEN,PHX,126,97,2023-01-11
401468780,2023-01-12T03:00Z,2023,regular-season,SAC,HOU,135,115,2023-01-11
401468781,2023-01-13T00:00Z,2023,regular-season,PHI,OKC,114,133,2023-01-12
401468782,2023-01-13T00:30Z,2023,regular-season,BKN,BOS,98,109,2023-01-12
401468783,2023-01-13T00:30Z,2023,regular-season,MIA,MIL,108,102,2023-01-12
401468784,2023-01-13T00:30Z,2023,regular-season,TOR,CHA,124,114,2023-01-12
401468785,2023-01-13T03:00Z,2023,regular-season,LAL,DAL,115,119,2023-01-12
401468786,2023-01-13T03:00Z,2023,regular-season,POR,CLE,113,119,2023-01-12
401468787,2023-01-14T00:00Z,2023,regular-season,DET,NOP,110,116,2023-01-13
401468788,2023-01-14T00:00Z,2023,regular-season,IND,ATL,111,113,2023-01-13
401468789,2023-01-14T00:00Z,2023,regular-season,WAS,NYK,108,112,2023-01-13
401468790,2023-01-14T00:30Z,2023,regular-season,SAS,GSW,113,144,2023-01-13
401468791,2023-01-14T01:00Z,2023,regular-season,CHI,OKC,110,124,2023-01-13
401468792,2023-01-14T01:00Z,2023,regular-season,MIN,PHX,121,116,2023-01-13
401468793,2023-01-14T02:00Z,2023,regular-season,UTA,ORL,112,108,2023-01-13
401468794,2023-01-14T03:00Z,2023,regular-season,LAC,DEN,103,115,2023-01-13
401468795,2023-01-14T03:00Z,2023,regular-season,SAC,HOU,139,114,2023-01-13
401468796,2023-01-14T18:00Z,2023,regular-season,MIA,MIL,111,95,2023-01-14
401468797,2023-01-15T00:00Z,2023,regular-season,CHA,BOS,106,122,2023-01-14
401468798,2023-01-15T00:00Z,2023,regular-season,IND,MEM,112,130,2023-01-14
401468799,2023-01-15T00:30Z,2023,regular-season,TOR,ATL,103,114,2023-01-14
401468800,2023-01-15T01:00Z,2023,regular-season,MIN,CLE,110,102,2023-01-14
401468801,2023-01-15T02:00Z,2023,regular-season,UTA,PHI,117,118,2023-01-14
401468802,2023-01-15T03:00Z,2023,regular-season,POR,DAL,136,119,2023-01-14
401468803,2023-01-15T18:00Z,2023,regular-season,DET,NYK,104,117,2023-01-15
401468804,2023-01-15T20:00Z,2023,regular-season,LAC,HOU,121,100,2023-01-15
401468805,2023-01-15T20:30Z,2023,regular-season,CHI,GSW,132,118,2023-01-15
401468806,2023-01-15T23:00Z,2023,regular-season,BKN,OKC,102,112,2023-01-15
401468807,2023-01-16T00:00Z,2023,regular-season,SAS,SAC,119,132,2023-01-15
401468808,2023-01-16T01:00Z,2023,regular-season,DEN,ORL,119,116,2023-01-15
401468809,2023-01-16T02:00Z,2023,regular-season,POR,DAL,140,123,2023-01-15
401468810,2023-01-16T02:30Z,2023,regular-season,LAL,PHI,112,113,2023-01-15
401468811,2023-01-16T18:00Z,2023,regular-season,CHA,BOS,118,130,2023-01-16
401468812,2023-01-16T19:30Z,2023,regular-season,MIL,IND,132,119,2023-01-16
401468813,2023-01-16T20:00Z,2023,regular-season,CLE,NOP,113,103,2023-01-16
401468814,2023-01-16T20:00Z,2023,regular-season,NYK,TOR,121,123,2023-01-16
401468815,2023-01-16T20:00Z,2023,regular-season,WAS,GSW,118,127,2023-01-16
401468816,2023-01-16T20:30Z,2023,regular-season,ATL,MIA,121,113,2023-01-16
401468817,2023-01-16T21:00Z,2023,regular-season,MIN,UTA,125,126,2023-01-16
401468818,2023-01-16T23:00Z,2023,regular-season,MEM,PHX,136,106,2023-01-16
401468819,2023-01-17T03:30Z,2023,regular-season,LAL,HOU,140,132,2023-01-16
401468820,2023-01-18T00:30Z,2023,regular-season,MIL,TOR,130,122,2023-01-17
401468821,2023-01-18T01:00Z,2023,regular-season,SAS,BKN,106,98,2023-01-17
401468822,2023-01-18T02:00Z,2023,regular-season,DEN,POR,122,113,2023-01-17
401468823,2023-01-18T03:00Z,2023,regular-season,LAC,PHI,110,120,2023-01-17
401468824,2023-01-19T00:30Z,2023,regular-season,NYK,WAS,105,116,2023-01-18
401468825,2023-01-19T00:30Z,2023,regular-season,DAL,ATL,122,130,2023-01-18
401468826,2023-01-19T01:00Z,2023,regular-season,HOU,CHA,117,122,2023-01-18
401468827,2023-01-19T01:00Z,2023,regular-season,MEM,CLE,115,114,2023-01-18
401468828,2023-01-19T01:00Z,2023,regular-season,NOP,MIA,98,124,2023-01-18
401468829,2023-01-19T01:00Z,2023,regular-season,OKC,IND,126,106,2023-01-18
401468830,2023-01-19T02:00Z,2023,regular-season,UTA,LAC,126,103,2023-01-18
401468831,2023-01-19T03:12Z,2023,regular-season,DEN,MIN,122,118,2023-01-18
401468832,2023-01-19T03:30Z,2023,regular-season,LAL,SAC,111,116,2023-01-18
401468833,2023-01-19T20:00Z,2023,regular-season,DET,CHI,108,126,2023-01-19
401468834,2023-01-20T00:30Z,2023,regular-season,BOS,GSW,121,118,2023-01-19
401468835,2023-01-20T01:00Z,2023,regular-season,MIN,TOR,128,126,2023-01-19
401468836,2023-01-20T03:00Z,2023,regular-season,PHX,BKN,117,112,2023-01-19
401468837,2023-01-20T03:00Z,2023,regular-season,POR,PHI,95,105,2023-01-19
401468838,2023-01-21T00:00Z,2023,regular-season,ORL,NOP,123,110,2023-01-20
401468839,2023-01-21T00:30Z,2023,regular-season,ATL,NYK,139,124,2023-01-20
401468840,2023-01-21T00:30Z,2023,regular-season,CLE,GSW,114,120,2023-01-20
401468841,2023-01-21T00:30Z,2023,regular-season,DAL,MIA,115,90,2023-01-20
401468842,2023-01-21T01:00Z,2023,regular-season,SAS,LAC,126,131,2023-01-20
401468843,2023-01-21T02:00Z,2023,regular-season,DEN,IND,134,111,2023-01-20
401468844,2023-01-21T02:00Z,2023,regular-season,UTA,BKN,106,117,2023-01-20
401468845,2023-01-21T03:00Z,2023,regular-season,LAL,MEM,122,121,2023-01-20
401468846,2023-01-21T03:00Z,2023,regular-season,SAC,OKC,118,113,2023-01-20
401468847,2023-01-21T22:00Z,2023,regular-season,TOR,BOS,104,106,2023-01-21
401468848,2023-01-22T00:00Z,2023,regular-season,WAS,ORL,138,118,2023-01-21
401468849,2023-01-22T00:30Z,2023,regular-season,ATL,CHA,118,122,2023-01-21
401468850,2023-01-22T00:30Z,2023,regular-season,CLE,MIL,114,102,2023-01-21
401468851,2023-01-22T01:00Z,2023,regular-season,MIN,HOU,113,104,2023-01-21
401468852,2023-01-22T02:00Z,2023,regular-season,PHX,IND,112,107,2023-01-21
401468853,2023-01-22T03:00Z,2023,regular-season,SAC,PHI,127,129,2023-01-21
401468856,2023-01-22T19:30Z,2023,regular-season,DAL,LAC,98,112,2023-01-22
401468854,2023-01-22T20:30Z,2023,regular-season,MIA,NOP,100,96,2023-01-22
401468855,2023-01-22T23:00Z,2023,regular-season,TOR,NYK,125,116,2023-01-22
401468857,2023-01-23T01:00Z,2023,regular-season,DEN,OKC,99,101,2023-01-22
401468858,2023-01-23T01:00Z,2023,regular-season,PHX,MEM,112,110,2023-01-22
401468859,2023-01-23T01:30Z,2023,regular-season,GSW,BKN,116,120,2023-01-22
401468860,2023-01-23T02:00Z,2023,regular-season,POR,LAL,112,121,2023-01-22
401468861,2023-01-24T00:00Z,2023,regular-season,DET,MIL,130,150,2023-01-23
401468862,2023-01-24T00:00Z,2023,regular-season,ORL,BOS,113,98,2023-01-23
401468863,2023-01-24T01:00Z,2023,regular-season,CHI,ATL,111,100,2023-01-23
401468864,2023-01-24T01:00Z,2023,regular-season,HOU,MIN,119,114,2023-01-23
401468865,2023-01-24T02:00Z,2023,regular-season,UTA,CHA,120,102,2023-01-23
401468866,2023-01-24T03:00Z,2023,regular-season,POR,SAS,147,127,2023-01-23
401468867,2023-01-24T03:30Z,2023,regular-season,SAC,MEM,133,100,2023-01-23
401468868,2023-01-25T00:00Z,2023,regular-season,IND,CHI,116,110,2023-01-24
401468869,2023-01-25T00:30Z,2023,regular-season,MIA,BOS,98,95,2023-01-24
401468870,2023-01-25T00:30Z,2023,regular-season,NYK,CLE,105,103,2023-01-24
401468871,2023-01-25T01:00Z,2023,regular-season,NOP,DEN,98,99,2023-01-24
401468872,2023-01-25T01:30Z,2023,regular-season,DAL,WAS,126,127,2023-01-24
401468873,2023-01-25T02:00Z,2023,regular-season,PHX,CHA,128,97,2023-01-24
401468874,2023-01-25T03:00Z,2023,regular-season,LAL,LAC,115,133,2023-01-24
401468875,2023-01-26T00:00Z,2023,regular-season,ORL,IND,126,120,2023-01-25
401468876,2023-01-26T00:30Z,2023,regular-season,PHI,BKN,137,133,2023-01-25
401468877,2023-01-26T01:00Z,2023,regular-season,HOU,WAS,103,108,2023-01-25
401468878,2023-01-26T01:00Z,2023,regular-season,MIL,DEN,107,99,2023-01-25
401468879,2023-01-26T01:00Z,2023,regular-season,NOP,MIN,102,111,2023-01-25
401468880,2023-01-26T01:00Z,2023,regular-season,OKC,ATL,132,137,2023-01-25
401468881,2023-01-26T03:00Z,2023,regular-season,GSW,MEM,122,120,2023-01-25
401468882,2023-01-26T03:00Z,2023,regular-season,POR,UTA,134,124,2023-01-25
401468883,2023-01-26T03:00Z,2023,regular-season,SAC,TOR,95,113,2023-01-25
401468884,2023-01-26T03:30Z,2023,regular-season,LAL,SAS,113,104,2023-01-25
401468885,2023-01-27T00:30Z,2023,regular-season,BOS,NYK,117,120,2023-01-26
401468886,2023-01-27T00:30Z,2023,regular-season,BKN,DET,122,130,2023-01-26
401468887,2023-01-27T00:30Z,2023,regular-season,CHA,CHI,111,96,2023-01-26
401468888,2023-01-27T01:00Z,2023,regular-season,HOU,CLE,95,113,2023-01-26
401468889,2023-01-27T03:00Z,2023,regular-season,PHX,DAL,95,99,2023-01-26
401468890,2023-01-27T03:30Z,2023,regular-season,LAC,SAS,138,100,2023-01-26
401468891,2023-01-28T00:00Z,2023,regular-season,IND,MIL,131,141,2023-01-27
401468892,2023-01-28T00:30Z,2023,regular-season,MIN,MEM,111,100,2023-01-27
401468893,2023-01-28T01:00Z,2023,regular-season,MIA,ORL,110,105,2023-01-27
401468894,2023-01-28T01:00Z,2023,regular-season,OKC,CLE,112,100,2023-01-27
401468895,2023-01-28T03:00Z,2023,regular-season,GSW,TOR,129,117,2023-01-27
401468896,2023-01-28T20:00Z,2023,regular-season,PHI,DEN,126,119,2023-01-28
401468897,2023-01-28T22:30Z,2023,regular-season,BKN,NYK,122,115,2023-01-28
401468898,2023-01-29T00:00Z,2023,regular-season,DET,HOU,114,117,2023-01-28
401468899,2023-01-29T00:00Z,2023,regular-season,ORL,CHI,109,128,2023-01-28
401468900,2023-01-29T00:30Z,2023,regular-season,ATL,LAC,113,120,2023-01-28
401468901,2023-01-29T01:00Z,2023,regular-season,MIN,SAC,117,110,2023-01-28
401468902,2023-01-29T01:00Z,2023,regular-season,NOP,WAS,103,113,2023-01-28
401468903,2023-01-29T01:00Z,2023,regular-season,SAS,PHX,118,128,2023-01-28
401468904,2023-01-29T01:30Z,2023,regular-season,BOS,LAL,125,121,2023-01-28
401468905,2023-01-29T02:00Z,2023,regular-season,UTA,DAL,108,100,2023-01-28
401468906,2023-01-29T03:00Z,2023,regular-season,POR,TOR,105,123,2023-01-28
401468907,2023-01-29T18:00Z,2023,regular-season,CHA,MIA,122,117,2023-01-29
401468908,2023-01-29T23:00Z,2023,regular-season,MEM,IND,112,100,2023-01-29
401468909,2023-01-30T00:00Z,2023,regular-season,CLE,LAC,122,99,2023-01-29
401468910,2023-01-30T01:00Z,2023,regular-season,MIL,NOP,135,110,2023-01-29
401468911,2023-01-31T00:00Z,2023,regular-season,PHI,ORL,109,119,2023-01-30
401468912,2023-01-31T00:30Z,2023,regular-season,BKN,LAL,121,104,2023-01-30
401468913,2023-01-31T01:00Z,2023,regular-season,MIN,SAC,111,118,2023-01-30
401468914,2023-01-31T01:00Z,2023,regular-season,OKC,GSW,120,128,2023-01-30
401468915,2023-01-31T01:00Z,2023,regular-season,SAS,WAS,106,127,2023-01-30
401468916,2023-01-31T01:30Z,2023,regular-season,DAL,DET,111,105,2023-01-30
401468917,2023-01-31T02:00Z,2023,regular-season,PHX,TOR,114,106,2023-01-30
401468918,2023-01-31T03:00Z,2023,regular-season,POR,ATL,129,125,2023-01-30
401468919,2023-02-01T00:00Z,2023,regular-season,CLE,MIA,97,100,2023-01-31
401468920,2023-02-01T00:30Z,2023,regular-season,NYK,LAL,123,129,2023-01-31
401468921,2023-02-01T01:00Z,2023,regular-season,CHI,LAC,103,108,2023-01-31
401468922,2023-02-01T01:00Z,2023,regular-season,MIL,CHA,124,115,2023-01-31
401468923,2023-02-01T03:00Z,2023,regular-season,DEN,NOP,122,113,2023-01-31
401468925,2023-02-02T00:00Z,2023,regular-season,PHI,ORL,105,94,2023-02-01
401468926,2023-02-02T00:00Z,2023,regular-season,MEM,POR,112,122,2023-02-01
401468927,2023-02-02T00:30Z,2023,regular-season,BOS,BKN,139,96,2023-02-01
401468928,2023-02-02T01:00Z,2023,regular-season,HOU,OKC,112,106,2023-02-01
401468929,2023-02-02T01:00Z,2023,regular-season,MIN,GSW,119,114,2023-02-01
401468930,2023-02-02T01:00Z,2023,regular-season,SAS,SAC,109,119,2023-02-01
401468931,2023-02-02T02:00Z,2023,regular-season,UTA,TOR,131,128,2023-02-01
401468932,2023-02-02T03:00Z,2023,regular-season,PHX,ATL,100,132,2023-02-01
401468933,2023-02-03T00:00Z,2023,regular-season,IND,LAL,111,112,2023-02-02
401468934,2023-02-03T00:30Z,2023,regular-season,CLE,MEM,128,113,2023-02-02
401468935,2023-02-03T00:30Z,2023,regular-season,NYK,MIA,106,104,2023-02-02
401468936,2023-02-03T01:00Z,2023,regular-season,CHI,CHA,114,98,2023-02-02
401468937,2023-02-03T01:30Z,2023,regular-season,DAL,NOP,111,106,2023-02-02
401468938,2023-02-03T02:00Z,2023,regular-season,DEN,GSW,134,117,2023-02-02
401468939,2023-02-03T03:00Z,2023,regular-season,MIL,LAC,106,105,2023-02-02
401468940,2023-02-04T00:00Z,2023,regular-season,DET,CHA,118,112,2023-02-03
401468941,2023-02-04T00:00Z,2023,regular-season,IND,SAC,107,104,2023-02-03
401468942,2023-02-04T00:00Z,2023,regular-season,WAS,POR,116,124,2023-02-03
401468943,2023-02-04T00:30Z,2023,regular-season,BOS,PHX,94,106,2023-02-03
401468944,2023-02-04T01:00Z,2023,regular-season,HOU,TOR,111,117,2023-02-03
401468945,2023-02-04T01:00Z,2023,regular-season,MIN,ORL,120,127,2023-02-03
401468946,2023-02-04T01:00Z,2023,regular-season,SAS,PHI,125,137,2023-02-03
401468947,2023-02-04T02:00Z,2023,regular-season,UTA,ATL,108,115,2023-02-03
401468948,2023-02-04T23:00Z,2023,regular-season,BKN,WAS,125,123,2023-02-04
401468953,2023-02-04T23:00Z,2023,regular-season,NOP,LAL,131,126,2023-02-04
401468949,2023-02-05T00:00Z,2023,regular-season,DET,PHX,100,116,2023-02-04
401468950,2023-02-05T00:00Z,2023,regular-season,NYK,LAC,128,134,2023-02-04
401468951,2023-02-05T01:00Z,2023,regular-season,CHI,POR,129,121,2023-02-04
401468952,2023-02-05T01:00Z,2023,regular-season,MIL,MIA,123,115,2023-02-04
401468954,2023-02-05T01:00Z,2023,regular-season,OKC,HOU,153,121,2023-02-04
401468955,2023-02-05T01:30Z,2023,regular-season,GSW,DAL,119,113,2023-02-04
401468956,2023-02-05T02:00Z,2023,regular-season,DEN,ATL,128,108,2023-02-04
401468957,2023-02-05T18:00Z,2023,regular-season,CHA,ORL,113,119,2023-02-05
401468958,2023-02-05T22:00Z,2023,regular-season,IND,CLE,103,122,2023-02-05
401468959,2023-02-05T23:00Z,2023,regular-season,NYK,PHI,108,97,2023-02-05
401468960,2023-02-05T23:00Z,2023,regular-season,MEM,TOR,103,106,2023-02-05
401468961,2023-02-06T00:00Z,2023,regular-season,MIN,DEN,128,98,2023-02-05
401468962,2023-02-06T00:00Z,2023,regular-season,NOP,SAC,136,104,2023-02-05
401468963,2023-02-07T00:00Z,2023,regular-season,DET,BOS,99,111,2023-02-06
401468964,2023-02-07T00:00Z,2023,regular-season,WAS,CLE,91,114,2023-02-06
401468965,2023-02-07T00:30Z,2023,regular-season,BKN,LAC,116,124,2023-02-06
401468966,2023-02-07T01:00Z,2023,regular-season,CHI,SAS,128,104,2023-02-06
401468967,2023-02-07T01:00Z,2023,regular-season,HOU,SAC,120,140,2023-02-06
401468968,2023-02-07T02:00Z,2023,regular-season,UTA,DAL,111,124,2023-02-06
401468969,2023-02-07T03:00Z,2023,regular-season,GSW,OKC,141,114,2023-02-06
401468970,2023-02-07T03:00Z,2023,regular-season,POR,MIL,108,127,2023-02-06
401468971,2023-02-08T00:00Z,2023,regular-season,ORL,NYK,98,102,2023-02-07
401468972,2023-02-08T00:30Z,2023,regular-season,BKN,PHX,112,116,2023-02-07
401468973,2023-02-08T00:30Z,2023,regular-season,NOP,ATL,116,107,2023-02-07
401468974,2023-02-08T01:00Z,2023,regular-season,MEM,CHI,104,89,2023-02-07
401468975,2023-02-08T02:00Z,2023,regular-season,DEN,MIN,146,112,2023-02-07
401468976,2023-02-08T03:00Z,2023,regular-season,LAL,OKC,130,133,2023-02-07
401468977,2023-02-09T00:00Z,2023,regular-season,CLE,DET,113,85,2023-02-08
401468978,2023-02-09T00:00Z,2023,regular-season,WAS,CHA,118,104,2023-02-08
401468979,2023-02-09T00:30Z,2023,regular-season,BOS,PHI,106,99,2023-02-08
401468980,2023-02-09T00:30Z,2023,regular-season,MIA,IND,116,111,2023-02-08
401468981,2023-02-09T00:30Z,2023,regular-season,TOR,SAS,112,98,2023-02-08
401468982,2023-02-09T01:00Z,2023,regular-season,HOU,SAC,128,130,2023-02-08
401468983,2023-02-09T02:00Z,2023,regular-season,UTA,MIN,118,143,2023-02-08
401468984,2023-02-09T03:00Z,2023,regular-season,LAC,DAL,104,110,2023-02-08
401468985,2023-02-09T03:00Z,2023,regular-season,POR,GSW,125,122,2023-02-08
401468986,2023-02-10T00:00Z,2023,regular-season,ORL,DEN,115,104,2023-02-09
401468987,2023-02-10T00:30Z,2023,regular-season,ATL,PHX,116,107,2023-02-09
401468988,2023-02-10T00:30Z,2023,regular-season,BKN,CHI,116,105,2023-02-09
401468989,2023-02-10T03:00Z,2023,regular-season,LAL,MIL,106,115,2023-02-09
401468990,2023-02-11T00:00Z,2023,regular-season,DET,SAS,138,131,2023-02-10
401468991,2023-02-11T00:00Z,2023,regular-season,IND,PHX,104,117,2023-02-10
401468992,2023-02-11T00:00Z,2023,regular-season,PHI,NYK,119,108,2023-02-10
401468993,2023-02-11T00:30Z,2023,regular-season,BOS,CHA,127,116,2023-02-10
401468994,2023-02-11T00:30Z,2023,regular-season,TOR,UTA,116,122,2023-02-10
401468995,2023-02-11T01:00Z,2023,regular-season,MIA,HOU,97,95,2023-02-10
401468996,2023-02-11T01:00Z,2023,regular-season,MEM,MIN,128,107,2023-02-10
401468997,2023-02-11T03:00Z,2023,regular-season,NOP,CLE,107,118,2023-02-10
401468998,2023-02-11T03:00Z,2023,regular-season,POR,OKC,129,138,2023-02-10
401468999,2023-02-11T03:00Z,2023,regular-season,SAC,DAL,114,122,2023-02-10
401469000,2023-02-11T03:30Z,2023,regular-season,LAC,MIL,106,119,2023-02-10
401469001,2023-02-11T23:00Z,2023,regular-season,BKN,PHI,98,101,2023-02-11
401469002,2023-02-12T00:00Z,2023,regular-season,CHA,DEN,105,119,2023-02-11
401469003,2023-02-12T00:00Z,2023,regular-season,ORL,MIA,103,107,2023-02-11
401469004,2023-02-12T00:00Z,2023,regular-season,WAS,IND,127,113,2023-02-11
401469005,2023-02-12T00:30Z,2023,regular-season,ATL,SAS,125,106,2023-02-11
401469006,2023-02-12T00:30Z,2023,regular-season,NYK,UTA,126,120,2023-02-11
401469007,2023-02-12T01:00Z,2023,regular-season,CLE,CHI,97,89,2023-02-11
401469008,2023-02-12T01:30Z,2023,regular-season,GSW,LAL,103,109,2023-02-11
401469009,2023-02-12T03:00Z,2023,regular-season,SAC,DAL,133,128,2023-02-11
401469010,2023-02-12T19:00Z,2023,regular-season,BOS,MEM,119,109,2023-02-12
401469011,2023-02-12T20:00Z,2023,regular-season,TOR,DET,119,118,2023-02-12
401469012,2023-02-14T00:00Z,2023,regular-season,CHA,ATL,144,138,2023-02-13
401469013,2023-02-14T00:00Z,2023,regular-season,CLE,SAS,117,109,2023-02-13
401469014,2023-02-14T00:00Z,2023,regular-season,IND,UTA,117,123,2023-02-13
401469015,2023-02-14T00:00Z,2023,regular-season,PHI,HOU,123,104,2023-02-13
401469016,2023-02-14T00:30Z,2023,regular-season,MIA,DEN,108,112,2023-02-13
401469017,2023-02-14T00:30Z,2023,regular-season,NYK,BKN,124,106,2023-02-13
401469018,2023-02-14T01:00Z,2023,regular-season,CHI,ORL,91,100,2023-02-13
401469019,2023-02-14T01:00Z,2023,regular-season,OKC,NOP,100,103,2023-02-13
401469020,2023-02-14T01:30Z,2023,regular-season,DAL,MIN,121,124,2023-02-13
401469021,2023-02-14T03:00Z,2023,regular-season,GSW,WAS,135,126,2023-02-13
401469022,2023-02-14T03:00Z,2023,regular-season,POR,LAL,127,115,2023-02-13
401469023,2023-02-15T00:30Z,2023,regular-season,TOR,ORL,123,113,2023-02-14
401469024,2023-02-15T00:30Z,2023,regular-season,MIL,BOS,131,125,2023-02-14
401469025,2023-02-15T02:00Z,2023,regular-season,PHX,SAC,120,109,2023-02-14
401469026,2023-02-15T03:00Z,2023,regular-season,LAC,GSW,134,124,2023-02-14
401469027,2023-02-15T03:00Z,2023,regular-season,POR,WAS,101,126,2023-02-14
401469028,2023-02-16T00:00Z,2023,regular-season,CHA,SAS,120,110,2023-02-15
401469029,2023-02-16T00:00Z,2023,regular-season,IND,CHI,117,113,2023-02-15
401469030,2023-02-16T00:30Z,2023,regular-season,PHI,CLE,118,112,2023-02-15
401469031,2023-02-16T00:30Z,2023,regular-season,ATL,NYK,101,122,2023-02-15
401469032,2023-02-16T00:30Z,2023,regular-season,BOS,DET,127,109,2023-02-15
401469033,2023-02-16T00:30Z,2023,regular-season,BKN,MIA,116,105,2023-02-15
401469034,2023-02-16T01:00Z,2023,regular-season,MEM,UTA,117,111,2023-02-15
401469035,2023-02-16T01:00Z,2023,regular-season,OKC,HOU,133,96,2023-02-15
401469036,2023-02-16T02:00Z,2023,regular-season,DEN,DAL,118,109,2023-02-15
401469037,2023-02-16T03:00Z,2023,regular-season,LAL,NOP,120,102,2023-02-15
401469038,2023-02-17T00:30Z,2023,regular-season,CHI,MIL,100,112,2023-02-16
401469039,2023-02-17T01:00Z,2023,regular-season,MIN,WAS,106,114,2023-02-16
401469040,2023-02-17T03:00Z,2023,regular-season,PHX,LAC,107,116,2023-02-16
401524696,2023-02-20T00:30Z,2023,regular-season,LEB,GIA,175,184,2023-02-19
401469041,2023-02-24T00:00Z,2023,regular-season,CLE,DEN,109,115,2023-02-23
401469042,2023-02-24T00:00Z,2023,regular-season,IND,BOS,138,142,2023-02-23
401469043,2023-02-24T00:00Z,2023,regular-season,ORL,DET,108,106,2023-02-23
401469044,2023-02-24T00:30Z,2023,regular-season,PHI,MEM,110,105,2023-02-23
401469045,2023-02-24T00:30Z,2023,regular-season,TOR,NOP,115,110,2023-02-23
401469046,2023-02-24T01:30Z,2023,regular-season,DAL,SAS,142,116,2023-02-23
401469047,2023-02-24T02:00Z,2023,regular-season,UTA,OKC,120,119,2023-02-23
401469048,2023-02-24T03:00Z,2023,regular-season,LAL,GSW,124,111,2023-02-23
401469049,2023-02-24T03:00Z,2023,regular-season,SAC,POR,133,116,2023-02-23
401469050,2023-02-25T00:00Z,2023,regular-season,WAS,NYK,109,115,2023-02-24
401469051,2023-02-25T00:30Z,2023,regular-season,ATL,CLE,136,119,2023-02-24
401469052,2023-02-25T00:30Z,2023,regular-season,MIL,MIA,128,99,2023-02-24
401469053,2023-02-25T01:00Z,2023,regular-season,MIN,CHA,113,121,2023-02-24
401469055,2023-02-25T01:00Z,2023,regular-season,CHI,BKN,131,87,2023-02-24
401469054,2023-02-25T03:00Z,2023,regular-season,PHX,OKC,124,115,2023-02-24
401469056,2023-02-25T03:00Z,2023,regular-season,GSW,HOU,116,101,2023-02-24
401469057,2023-02-25T03:30Z,2023,regular-season,LAC,SAC,175,176,2023-02-24
401469058,2023-02-25T17:00Z,2023,regular-season,DET,TOR,91,95,2023-02-25
401469059,2023-02-26T00:00Z,2023,regular-season,CHA,MIA,108,103,2023-02-25
401469060,2023-02-26T00:00Z,2023,regular-season,ORL,IND,108,121,2023-02-25
401469061,2023-02-26T00:30Z,2023,regular-season,NYK,NOP,128,106,2023-02-25
401469062,2023-02-26T01:00Z,2023,regular-season,MEM,DEN,112,94,2023-02-25
401469063,2023-02-26T01:30Z,2023,regular-season,PHI,BOS,107,110,2023-02-25
401469064,2023-02-26T02:00Z,2023,regular-season,UTA,SAS,118,102,2023-02-25
401469065,2023-02-26T18:00Z,2023,regular-season,MIL,PHX,104,101,2023-02-26
401469066,2023-02-26T20:00Z,2023,regular-season,ATL,BKN,129,127,2023-02-26
401469067,2023-02-26T20:30Z,2023,regular-season,CHI,WAS,102,82,2023-02-26
401469068,2023-02-26T20:30Z,2023,regular-season,DAL,LAL,108,111,2023-02-26
401469069,2023-02-26T23:00Z,2023,regular-season,CLE,TOR,118,93,2023-02-26
401469070,2023-02-27T00:00Z,2023,regular-season,OKC,SAC,115,124,2023-02-26
401469071,2023-02-27T00:30Z,2023,regular-season,GSW,MIN,109,104,2023-02-26
401469072,2023-02-27T02:00Z,2023,regular-season,POR,HOU,131,114,2023-02-26
401469073,2023-02-27T03:00Z,2023,regular-season,DEN,LAC,134,124,2023-02-26
401469074,2023-02-28T00:00Z,2023,regular-season,CHA,DET,117,106,2023-02-27
401469075,2023-02-28T00:00Z,2023,regular-season,PHI,MIA,99,101,2023-02-27
401469076,2023-02-28T00:30Z,2023,regular-season,NYK,BOS,109,94,2023-02-27
401469077,2023-02-28T01:00Z,2023,regular-season,NOP,ORL,93,101,2023-02-27
401469078,2023-03-01T00:30Z,2023,regular-season,ATL,WAS,116,119,2023-02-28
401469079,2023-03-01T00:30Z,2023,regular-season,BKN,MIL,104,118,2023-02-28
401469080,2023-03-01T00:30Z,2023,regular-season,TOR,CHI,104,98,2023-02-28
401469082,2023-03-01T00:30Z,2023,regular-season,MEM,LAL,121,109,2023-02-28
401469081,2023-03-01T01:00Z,2023,regular-season,HOU,DEN,112,133,2023-02-28
401469083,2023-03-01T01:00Z,2023,regular-season,OKC,SAC,117,123,2023-02-28
401469084,2023-03-01T01:30Z,2023,regular-season,DAL,IND,122,124,2023-02-28
401469085,2023-03-01T02:00Z,2023,regular-season,UTA,SAS,94,102,2023-02-28
401469086,2023-03-01T03:00Z,2023,regular-season,GSW,POR,123,105,2023-02-28
401469087,2023-03-01T03:00Z,2023,regular-season,LAC,MIN,101,108,2023-02-28
401469088,2023-03-02T00:00Z,2023,regular-season,CHA,PHX,91,105,2023-03-01
401469089,2023-03-02T00:00Z,2023,regular-season,DET,CHI,115,117,2023-03-01
401469090,2023-03-02T00:30Z,2023,regular-season,BOS,CLE,117,113,2023-03-01
401469091,2023-03-02T00:30Z,2023,regular-season,MIA,PHI,96,119,2023-03-01
401469092,2023-03-02T00:30Z,2023,regular-season,NYK,BKN,142,118,2023-03-01
401469093,2023-03-02T01:00Z,2023,regular-season,HOU,MEM,99,113,2023-03-01
401469094,2023-03-02T01:00Z,2023,regular-season,MIL,ORL,139,117,2023-03-01
401469095,2023-03-02T01:00Z,2023,regular-season,OKC,LAL,117,123,2023-03-01
401469096,2023-03-02T03:00Z,2023,regular-season,POR,NOP,110,121,2023-03-01
401469097,2023-03-03T00:00Z,2023,regular-season,WAS,TOR,119,108,2023-03-02
401469098,2023-03-03T00:30Z,2023,regular-season,DAL,PHI,133,126,2023-03-02
401469099,2023-03-03T01:30Z,2023,regular-season,SAS,IND,110,99,2023-03-02
401469100,2023-03-03T03:00Z,2023,regular-season,GSW,LAC,115,91,2023-03-02
401469101,2023-03-04T00:00Z,2023,regular-season,CHA,ORL,106,117,2023-03-03
401469102,2023-03-04T00:30Z,2023,regular-season,ATL,POR,129,111,2023-03-03
401469103,2023-03-04T00:30Z,2023,regular-season,BOS,BKN,105,115,2023-03-03
401469104,2023-03-04T01:00Z,2023,regular-season,MIA,NYK,120,122,2023-03-03
401469105,2023-03-04T01:00Z,2023,regular-season,CHI,PHX,104,125,2023-03-03
401469106,2023-03-04T01:00Z,2023,regular-season,OKC,UTA,130,103,2023-03-03
401469107,2023-03-04T03:00Z,2023,regular-season,DEN,MEM,113,97,2023-03-03
401469108,2023-03-04T03:00Z,2023,regular-season,GSW,NOP,108,99,2023-03-03
401469109,2023-03-04T03:00Z,2023,regular-season,SAC,LAC,128,127,2023-03-03
401469110,2023-03-04T03:30Z,2023,regular-season,LAL,MIN,102,110,2023-03-03
401469111,2023-03-04T22:00Z,2023,regular-season,WAS,TOR,109,116,2023-03-04
401469112,2023-03-05T00:30Z,2023,regular-season,CLE,DET,114,90,2023-03-04
401469113,2023-03-05T01:00Z,2023,regular-season,MIA,ATL,117,109,2023-03-04
401469114,2023-03-05T01:00Z,2023,regular-season,SAS,HOU,110,122,2023-03-04
401469115,2023-03-05T01:30Z,2023,regular-season,MIL,PHI,130,133,2023-03-04
401469116,2023-03-05T03:00Z,2023,regular-season,SAC,MIN,134,138,2023-03-04
401469117,2023-03-05T18:00Z,2023,regular-season,DAL,PHX,126,130,2023-03-05
401469118,2023-03-05T20:30Z,2023,regular-season,CHI,IND,122,125,2023-03-05
401469119,2023-03-05T20:45Z,2023,regular-season,LAL,GSW,113,105,2023-03-05
401469120,2023-03-05T23:00Z,2023,regular-season,BKN,CHA,102,86,2023-03-05
401469121,2023-03-05T23:00Z,2023,regular-season,ORL,POR,119,122,2023-03-05
401469122,2023-03-06T00:00Z,2023,regular-season,HOU,SAS,142,110,2023-03-05
401469123,2023-03-06T00:00Z,2023,regular-season,OKC,UTA,129,119,2023-03-05
401469124,2023-03-06T00:30Z,2023,regular-season,BOS,NYK,129,131,2023-03-05
401469128,2023-03-06T00:30Z,2023,regular-season,WAS,MIL,111,117,2023-03-05
401469125,2023-03-06T03:00Z,2023,regular-season,LAC,MEM,135,129,2023-03-05
401469126,2023-03-07T00:00Z,2023,regular-season,CLE,BOS,118,114,2023-03-06
401469127,2023-03-07T00:00Z,2023,regular-season,IND,PHI,143,147,2023-03-06
401469132,2023-03-07T00:00Z,2023,regular-season,DET,POR,104,110,2023-03-06
401469129,2023-03-07T00:30Z,2023,regular-season,MIA,ATL,130,128,2023-03-06
401469130,2023-03-07T02:00Z,2023,regular-season,DEN,TOR,118,113,2023-03-06
401469131,2023-03-07T03:00Z,2023,regular-season,SAC,NOP,123,108,2023-03-06
401469133,2023-03-08T00:00Z,2023,regular-season,ORL,MIL,123,134,2023-03-07
401526670,2023-03-08T00:00Z,2023,regular-season,DET,WAS,117,119,2023-03-07
401469134,2023-03-08T00:30Z,2023,regular-season,NYK,CHA,105,112,2023-03-07
401469135,2023-03-08T00:30Z,2023,regular-season,MIN,PHI,94,117,2023-03-07
401469136,2023-03-08T01:00Z,2023,regular-season,HOU,BKN,96,118,2023-03-07
401469137,2023-03-08T01:00Z,2023,regular-season,OKC,GSW,137,128,2023-03-07
401469138,2023-03-08T01:30Z,2023,regular-season,DAL,UTA,120,116,2023-03-07
401469139,2023-03-08T03:00Z,2023,regular-season,LAL,MEM,112,103,2023-03-07
401469140,2023-03-09T00:00Z,2023,regular-season,WAS,ATL,120,122,2023-03-08
401469141,2023-03-09T00:30Z,2023,regular-season,BOS,POR,115,93,2023-03-08
401469142,2023-03-09T00:30Z,2023,regular-season,MIA,CLE,100,104,2023-03-08
401469143,2023-03-09T00:30Z,2023,regular-season,NOP,DAL,113,106,2023-03-08
401469144,2023-03-09T02:00Z,2023,regular-season,DEN,CHI,96,117,2023-03-08
401469145,2023-03-09T02:00Z,2023,regular-season,PHX,OKC,132,101,2023-03-08
401469146,2023-03-09T03:00Z,2023,regular-season,LAC,TOR,108,100,2023-03-08
401469147,2023-03-10T00:00Z,2023,regular-season,DET,CHA,103,113,2023-03-09
401469148,2023-03-10T00:00Z,2023,regular-season,IND,HOU,134,125,2023-03-09
401469149,2023-03-10T00:00Z,2023,regular-season,ORL,UTA,124,131,2023-03-09
401469151,2023-03-10T00:30Z,2023,regular-season,MEM,GSW,131,110,2023-03-09
401469150,2023-03-10T01:00Z,2023,regular-season,MIL,BKN,118,113,2023-03-09
401469152,2023-03-10T03:00Z,2023,regular-season,SAC,NYK,122,117,2023-03-09
401469153,2023-03-11T00:00Z,2023,regular-season,PHI,POR,120,119,2023-03-10
401469154,2023-03-11T00:00Z,2023,regular-season,WAS,ATL,107,114,2023-03-10
401469155,2023-03-11T01:00Z,2023,regular-season,MIA,CLE,119,115,2023-03-10
401469156,2023-03-11T01:00Z,2023,regular-season,MIN,BKN,123,124,2023-03-10
401469157,2023-03-11T01:00Z,2023,regular-season,SAS,DEN,128,120,2023-03-10
401469158,2023-03-11T03:30Z,2023,regular-season,LAL,TOR,122,112,2023-03-10
401469159,2023-03-11T21:00Z,2023,regular-season,LAC,NYK,106,95,2023-03-11
401469160,2023-03-12T00:00Z,2023,regular-season,CHA,UTA,111,119,2023-03-11
401469161,2023-03-12T00:00Z,2023,regular-season,DET,IND,115,121,2023-03-11
401469162,2023-03-12T00:00Z,2023,regular-season,ORL,MIA,126,114,2023-03-11
401469163,2023-03-12T00:30Z,2023,regular-season,ATL,BOS,125,134,2023-03-11
401469164,2023-03-12T01:00Z,2023,regular-season,HOU,CHI,111,119,2023-03-11
401469165,2023-03-12T01:00Z,2023,regular-season,MEM,DAL,112,108,2023-03-11
401469166,2023-03-12T01:30Z,2023,regular-season,NOP,OKC,96,110,2023-03-11
401469167,2023-03-12T01:30Z,2023,regular-season,GSW,MIL,125,116,2023-03-11
401469168,2023-03-12T02:00Z,2023,regular-season,PHX,SAC,119,128,2023-03-11
401469169,2023-03-12T19:30Z,2023,regular-season,DEN,BKN,120,122,2023-03-12
401469170,2023-03-12T21:00Z,2023,regular-season,CHA,CLE,108,114,2023-03-12
401469171,2023-03-12T22:00Z,2023,regular-season,PHI,WAS,112,93,2023-03-12
401469172,2023-03-12T23:00Z,2023,regular-season,NOP,POR,127,110,2023-03-12
401469173,2023-03-12T23:00Z,2023,regular-season,SAS,OKC,90,102,2023-03-12
401469174,2023-03-13T01:00Z,2023,regular-season,LAL,NYK,108,112,2023-03-12
401469175,2023-03-13T23:00Z,2023,regular-season,DET,IND,117,97,2023-03-13
401469176,2023-03-13T23:30Z,2023,regular-season,ATL,MIN,115,136,2023-03-13
401469177,2023-03-13T23:30Z,2023,regular-season,MIA,UTA,119,115,2023-03-13
401469178,2023-03-13T23:30Z,2023,regular-season,DAL,MEM,88,104,2023-03-13
401469179,2023-03-14T00:00Z,2023,regular-season,HOU,BOS,111,109,2023-03-13
401469180,2023-03-14T02:00Z,2023,regular-season,GSW,PHX,123,112,2023-03-13
401469181,2023-03-14T02:00Z,2023,regular-season,SAC,MIL,124,133,2023-03-13
401469182,2023-03-14T23:00Z,2023,regular-season,CHA,CLE,104,120,2023-03-14
401469183,2023-03-14T23:00Z,2023,regular-season,WAS,DET,117,97,2023-03-14
401469184,2023-03-14T23:30Z,2023,regular-season,TOR,DEN,125,110,2023-03-14
401469185,2023-03-15T00:00Z,2023,regular-season,NOP,LAL,108,123,2023-03-14
401469186,2023-03-15T00:00Z,2023,regular-season,OKC,BKN,121,107,2023-03-14
401469187,2023-03-15T00:00Z,2023,regular-season,SAS,ORL,132,114,2023-03-14
401469188,2023-03-15T02:00Z,2023,regular-season,PHX,MIL,104,116,2023-03-14
401469189,2023-03-15T02:00Z,2023,regular-season,POR,NYK,107,123,2023-03-14
401469190,2023-03-15T23:30Z,2023,regular-season,CLE,PHI,109,118,2023-03-15
401469191,2023-03-15T23:30Z,2023,regular-season,MIA,MEM,138,119,2023-03-15
401469192,2023-03-16T00:00Z,2023,regular-season,CHI,SAC,114,117,2023-03-15
401469193,2023-03-16T00:00Z,2023,regular-season,HOU,LAL,114,110,2023-03-15
401469194,2023-03-16T00:00Z,2023,regular-season,MIN,BOS,102,104,2023-03-15
401469195,2023-03-16T00:30Z,2023,regular-season,SAS,DAL,128,137,2023-03-15
401469196,2023-03-16T02:00Z,2023,regular-season,LAC,GSW,134,126,2023-03-15
401469197,2023-03-16T23:00Z,2023,regular-season,DET,DEN,100,119,2023-03-16
401469198,2023-03-16T23:30Z,2023,regular-season,BKN,SAC,96,101,2023-03-16
401469199,2023-03-16T23:30Z,2023,regular-season,TOR,OKC,128,111,2023-03-16
401469200,2023-03-17T00:00Z,2023,regular-season,MIL,IND,123,139,2023-03-16
401469201,2023-03-17T02:00Z,2023,regular-season,PHX,ORL,116,113,2023-03-16
401469202,2023-03-17T23:00Z,2023,regular-season,CHA,PHI,82,121,2023-03-17
401469203,2023-03-17T23:30Z,2023,regular-season,ATL,GSW,127,119,2023-03-17
401469204,2023-03-17T23:30Z,2023,regular-season,CLE,WAS,117,94,2023-03-17
401469205,2023-03-18T00:00Z,2023,regular-season,CHI,MIN,139,131,2023-03-17
401469206,2023-03-18T00:00Z,2023,regular-season,HOU,NOP,114,112,2023-03-17
401469207,2023-03-18T00:00Z,2023,regular-season,SAS,MEM,120,126,2023-03-17
401469208,2023-03-18T02:00Z,2023,regular-season,POR,BOS,112,126,2023-03-17
401469209,2023-03-18T02:30Z,2023,regular-season,LAL,DAL,110,111,2023-03-17
401469210,2023-03-18T17:00Z,2023,regular-season,NYK,DEN,116,110,2023-03-18
401469211,2023-03-18T19:00Z,2023,regular-season,LAC,ORL,108,113,2023-03-18
401469212,2023-03-18T23:00Z,2023,regular-season,IND,PHI,121,141,2023-03-18
401469213,2023-03-18T23:00Z,2023,regular-season,TOR,MIN,122,107,2023-03-18
401469214,2023-03-19T00:00Z,2023,regular-season,WAS,SAC,118,132,2023-03-18
401469215,2023-03-19T00:00Z,2023,regular-season,CHI,MIA,113,99,2023-03-18
401469216,2023-03-19T00:00Z,2023,regular-season,MEM,GSW,133,119,2023-03-18
401469217,2023-03-19T01:00Z,2023,regular-season,UTA,BOS,118,117,2023-03-18
401469218,2023-03-19T19:30Z,2023,regular-season,BKN,DEN,102,108,2023-03-19
401469219,2023-03-19T19:30Z,2023,regular-season,OKC,PHX,124,120,2023-03-19
401469220,2023-03-19T20:00Z,2023,regular-season,SAS,ATL,126,118,2023-03-19
401469221,2023-03-19T22:00Z,2023,regular-season,DET,MIA,100,112,2023-03-19
401469222,2023-03-19T23:00Z,2023,regular-season,HOU,NOP,107,117,2023-03-19
401469223,2023-03-20T00:00Z,2023,regular-season,MIL,TOR,118,111,2023-03-19
401469224,2023-03-20T01:00Z,2023,regular-season,POR,LAC,102,117,2023-03-19
401469225,2023-03-20T01:30Z,2023,regular-season,LAL,ORL,111,105,2023-03-19
401469226,2023-03-20T23:00Z,2023,regular-season,CHA,IND,115,109,2023-03-20
401469227,2023-03-20T23:00Z,2023,regular-season,PHI,CHI,105,109,2023-03-20
401469228,2023-03-20T23:30Z,2023,regular-season,NYK,MIN,134,140,2023-03-20
401469229,2023-03-21T00:00Z,2023,regular-season,HOU,GSW,108,121,2023-03-20
401469230,2023-03-21T00:00Z,2023,regular-season,MEM,DAL,112,108,2023-03-20
401469231,2023-03-21T01:00Z,2023,regular-season,UTA,SAC,128,120,2023-03-20
401469232,2023-03-21T23:00Z,2023,regular-season,ORL,WAS,122,112,2023-03-21
401469233,2023-03-21T23:30Z,2023,regular-season,ATL,DET,129,107,2023-03-21
401469234,2023-03-21T23:30Z,2023,regular-season,BKN,CLE,109,115,2023-03-21
401469235,2023-03-22T00:00Z,2023,regular-season,NOP,SAS,119,84,2023-03-21
401469236,2023-03-22T02:00Z,2023,regular-season,SAC,BOS,109,132,2023-03-21
401469237,2023-03-22T02:30Z,2023,regular-season,LAC,OKC,100,101,2023-03-21
401469238,2023-03-22T23:00Z,2023,regular-season,WAS,DEN,104,118,2023-03-22
401469239,2023-03-22T23:30Z,2023,regular-season,MIA,NYK,127,120,2023-03-22
401469240,2023-03-22T23:30Z,2023,regular-season,TOR,IND,114,118,2023-03-22
401469241,2023-03-22T23:30Z,2023,regular-season,DAL,GSW,125,127,2023-03-22
401469242,2023-03-23T00:00Z,2023,regular-season,CHI,PHI,91,116,2023-03-22
401469243,2023-03-23T00:00Z,2023,regular-season,MEM,HOU,130,125,2023-03-22
401469244,2023-03-23T00:00Z,2023,regular-season,MIL,SAS,130,94,2023-03-22
401469245,2023-03-23T00:00Z,2023,regular-season,MIN,ATL,125,124,2023-03-22
401469246,2023-03-23T01:00Z,2023,regular-season,UTA,POR,115,127,2023-03-22
401469247,2023-03-23T02:00Z,2023,regular-season,LAL,PHX,122,111,2023-03-22
401469248,2023-03-23T23:00Z,2023,regular-season,ORL,NYK,111,106,2023-03-23
401469249,2023-03-23T23:30Z,2023,regular-season,BKN,CLE,114,116,2023-03-23
401469250,2023-03-24T00:00Z,2023,regular-season,NOP,CHA,115,96,2023-03-23
401469251,2023-03-24T02:30Z,2023,regular-season,LAC,OKC,127,105,2023-03-23
401469252,2023-03-24T23:00Z,2023,regular-season,BOS,IND,120,95,2023-03-24
401469253,2023-03-24T23:00Z,2023,regular-season,WAS,SAS,136,124,2023-03-24
401469254,2023-03-24T23:30Z,2023,regular-season,TOR,DET,118,97,2023-03-24
401469255,2023-03-25T00:00Z,2023,regular-season,MEM,HOU,151,114,2023-03-24
401469256,2023-03-25T00:30Z,2023,regular-season,DAL,CHA,109,117,2023-03-24
401469257,2023-03-25T01:00Z,2023,regular-season,UTA,MIL,116,144,2023-03-24
401469258,2023-03-25T02:00Z,2023,regular-season,GSW,PHI,120,112,2023-03-24
401469259,2023-03-25T02:00Z,2023,regular-season,POR,CHI,96,124,2023-03-24
401469260,2023-03-25T02:00Z,2023,regular-season,SAC,PHX,135,127,2023-03-24
401469261,2023-03-25T02:30Z,2023,regular-season,LAL,OKC,116,111,2023-03-24
401469262,2023-03-25T21:00Z,2023,regular-season,ATL,IND,143,130,2023-03-25
401469263,2023-03-26T00:00Z,2023,regular-season,MIA,BKN,100,129,2023-03-25
401469264,2023-03-26T01:00Z,2023,regular-season,DEN,MIL,129,106,2023-03-25
401469265,2023-03-26T02:00Z,2023,regular-season,PHX,PHI,125,105,2023-03-25
401469266,2023-03-26T02:00Z,2023,regular-season,SAC,UTA,121,113,2023-03-25
401469267,2023-03-26T02:30Z,2023,regular-season,LAC,NOP,110,131,2023-03-25
401469268,2023-03-26T17:00Z,2023,regular-season,CHA,DAL,110,104,2023-03-26
401469269,2023-03-26T19:30Z,2023,regular-season,LAL,CHI,108,118,2023-03-26
401469270,2023-03-26T22:00Z,2023,regular-season,ATL,MEM,119,123,2023-03-26
401469271,2023-03-26T22:00Z,2023,regular-season,BOS,SAS,137,93,2023-03-26
401469272,2023-03-26T22:00Z,2023,regular-season,CLE,HOU,108,91,2023-03-26
401469273,2023-03-26T22:00Z,2023,regular-season,ORL,BKN,119,106,2023-03-26
401469274,2023-03-26T22:00Z,2023,regular-season,TOR,WAS,114,104,2023-03-26
401469275,2023-03-26T23:00Z,2023,regular-season,POR,OKC,112,118,2023-03-26
401469276,2023-03-27T00:30Z,2023,regular-season,GSW,MIN,96,99,2023-03-26
401469277,2023-03-27T23:00Z,2023,regular-season,DET,MIL,117,126,2023-03-27
401469278,2023-03-27T23:00Z,2023,regular-season,IND,DAL,104,127,2023-03-27
401469279,2023-03-27T23:30Z,2023,regular-season,NYK,HOU,137,115,2023-03-27
401469280,2023-03-28T01:00Z,2023,regular-season,UTA,PHX,103,117,2023-03-27
401469281,2023-03-28T01:30Z,2023,regular-season,DEN,PHI,116,111,2023-03-27
401469282,2023-03-28T02:00Z,2023,regular-season,POR,NOP,90,124,2023-03-27
401469283,2023-03-28T02:00Z,2023,regular-season,SAC,MIN,115,119,2023-03-27
401469284,2023-03-28T02:30Z,2023,regular-season,LAC,CHI,124,112,2023-03-27
401469285,2023-03-28T23:00Z,2023,regular-season,WAS,BOS,130,111,2023-03-28
401469286,2023-03-28T23:30Z,2023,regular-season,ATL,CLE,120,118,2023-03-28
401469287,2023-03-28T23:30Z,2023,regular-season,TOR,MIA,106,92,2023-03-28
401469288,2023-03-29T00:00Z,2023,regular-season,MEM,ORL,113,108,2023-03-28
401469289,2023-03-29T00:00Z,2023,regular-season,OKC,CHA,134,137,2023-03-28
401469290,2023-03-29T02:00Z,2023,regular-season,GSW,NOP,120,109,2023-03-28
401469291,2023-03-29T23:00Z,2023,regular-season,IND,MIL,136,149,2023-03-29
401469292,2023-03-29T23:30Z,2023,regular-season,BKN,HOU,123,114,2023-03-29
401469293,2023-03-29T23:30Z,2023,regular-season,NYK,MIA,101,92,2023-03-29
401469294,2023-03-29T23:30Z,2023,regular-season,PHI,DAL,116,108,2023-03-29
401469295,2023-03-30T00:00Z,2023,regular-season,CHI,LAL,110,121,2023-03-29
401469296,2023-03-30T00:00Z,2023,regular-season,MEM,LAC,132,141,2023-03-29
401469297,2023-03-30T00:00Z,2023,regular-season,OKC,DET,107,106,2023-03-29
401469298,2023-03-30T00:00Z,2023,regular-season,SAS,UTA,117,128,2023-03-29
401469300,2023-03-30T02:00Z,2023,regular-season,POR,SAC,80,120,2023-03-29
401469299,2023-03-30T02:15Z,2023,regular-season,PHX,MIN,107,100,2023-03-29
401469301,2023-03-30T23:30Z,2023,regular-season,MIL,BOS,99,140,2023-03-30
401469302,2023-03-31T02:00Z,2023,regular-season,DEN,NOP,88,107,2023-03-30
401469303,2023-03-31T23:00Z,2023,regular-season,CHA,CHI,91,121,2023-03-31
401469304,2023-03-31T23:00Z,2023,regular-season,IND,OKC,121,117,2023-03-31
401469305,2023-03-31T23:00Z,2023,regular-season,PHI,TOR,117,110,2023-03-31
401469306,2023-03-31T23:00Z,2023,regular-season,WAS,ORL,109,116,2023-03-31
401469307,2023-03-31T23:30Z,2023,regular-season,BOS,UTA,122,114,2023-03-31
401469308,2023-03-31T23:30Z,2023,regular-season,BKN,ATL,124,107,2023-03-31
401469309,2023-03-31T23:30Z,2023,regular-season,CLE,NYK,116,130,2023-03-31
401469310,2023-04-01T00:00Z,2023,regular-season,HOU,DET,121,115,2023-03-31
401469311,2023-04-01T00:00Z,2023,regular-season,MEM,LAC,108,94,2023-03-31
401469312,2023-04-01T00:00Z,2023,regular-season,MIN,LAL,111,123,2023-03-31
401469313,2023-04-01T02:00Z,2023,regular-season,GSW,SAS,130,115,2023-03-31
401469314,2023-04-01T02:00Z,2023,regular-season,POR,SAC,114,138,2023-03-31
401469315,2023-04-01T02:30Z,2023,regular-season,PHX,DEN,100,93,2023-03-31
401469316,2023-04-01T23:30Z,2023,regular-season,MIA,DAL,129,122,2023-04-01
401469317,2023-04-02T00:30Z,2023,regular-season,NOP,LAC,122,114,2023-04-01
401469318,2023-04-02T17:00Z,2023,regular-season,CHA,TOR,108,128,2023-04-02
401469319,2023-04-02T19:30Z,2023,regular-season,BKN,UTA,111,110,2023-04-02
401469320,2023-04-02T19:30Z,2023,regular-season,CHI,MEM,128,107,2023-04-02
401469321,2023-04-02T19:30Z,2023,regular-season,MIN,POR,105,107,2023-04-02
401469322,2023-04-02T22:00Z,2023,regular-season,ATL,DAL,132,130,2023-04-02
401469323,2023-04-02T22:00Z,2023,regular-season,NYK,WAS,118,109,2023-04-02
401469324,2023-04-02T22:00Z,2023,regular-season,ORL,DET,128,102,2023-04-02
401469325,2023-04-02T22:00Z,2023,regular-season,SAC,SAS,134,142,2023-04-02
401469326,2023-04-02T23:00Z,2023,regular-season,HOU,LAL,109,134,2023-04-02
401469327,2023-04-02T23:00Z,2023,regular-season,OKC,PHX,118,128,2023-04-02
401469328,2023-04-03T00:00Z,2023,regular-season,CLE,IND,115,105,2023-04-02
401469329,2023-04-03T00:00Z,2023,regular-season,MIL,PHI,117,104,2023-04-02
401469330,2023-04-03T00:30Z,2023,regular-season,DEN,GSW,112,110,2023-04-02
401469331,2023-04-04T23:00Z,2023,regular-season,CHA,TOR,100,120,2023-04-04
401469332,2023-04-04T23:00Z,2023,regular-season,DET,MIA,105,118,2023-04-04
401469333,2023-04-04T23:00Z,2023,regular-season,ORL,CLE,113,117,2023-04-04
401469334,2023-04-04T23:00Z,2023,regular-season,WAS,MIL,128,140,2023-04-04
401469335,2023-04-04T23:30Z,2023,regular-season,BKN,MIN,102,107,2023-04-04
401469336,2023-04-05T00:00Z,2023,regular-season,PHI,BOS,103,101,2023-04-04
401469337,2023-04-05T00:00Z,2023,regular-season,CHI,ATL,105,123,2023-04-04
401469338,2023-04-05T00:00Z,2023,regular-season,HOU,DEN,124,103,2023-04-04
401469339,2023-04-05T00:00Z,2023,regular-season,MEM,POR,119,109,2023-04-04
401469340,2023-04-05T00:00Z,2023,regular-season,NOP,SAC,103,121,2023-04-04
401469341,2023-04-05T01:00Z,2023,regular-season,UTA,LAL,133,135,2023-04-04
401469342,2023-04-05T02:00Z,2023,regular-season,GSW,OKC,136,125,2023-04-04
401469343,2023-04-05T02:00Z,2023,regular-season,PHX,SAS,115,94,2023-04-04
401469344,2023-04-05T23:00Z,2023,regular-season,DET,BKN,108,123,2023-04-05
401469345,2023-04-05T23:00Z,2023,regular-season,IND,NYK,129,138,2023-04-05
401469346,2023-04-05T23:30Z,2023,regular-season,ATL,WAS,134,116,2023-04-05
401469347,2023-04-05T23:30Z,2023,regular-season,BOS,TOR,97,93,2023-04-05
401469348,2023-04-05T23:30Z,2023,regular-season,MIL,CHI,105,92,2023-04-05
401469349,2023-04-06T00:00Z,2023,regular-season,NOP,MEM,138,131,2023-04-05
401469350,2023-04-06T00:30Z,2023,regular-season,DAL,SAC,123,119,2023-04-05
401469351,2023-04-06T02:00Z,2023,regular-season,LAC,LAL,125,118,2023-04-05
401469352,2023-04-06T23:00Z,2023,regular-season,ORL,CLE,94,118,2023-04-06
401469353,2023-04-06T23:30Z,2023,regular-season,PHI,MIA,101,129,2023-04-06
401469354,2023-04-07T00:00Z,2023,regular-season,SAS,POR,129,127,2023-04-06
401469355,2023-04-07T01:00Z,2023,regular-season,UTA,OKC,98,114,2023-04-06
401469356,2023-04-07T02:00Z,2023,regular-season,PHX,DEN,119,115,2023-04-06
401469357,2023-04-07T23:00Z,2023,regular-season,CHA,HOU,109,112,2023-04-07
401469358,2023-04-07T23:00Z,2023,regular-season,IND,DET,115,122,2023-04-07
401469359,2023-04-07T23:00Z,2023,regular-season,WAS,MIA,114,108,2023-04-07
401469360,2023-04-07T23:30Z,2023,regular-season,ATL,PHI,131,136,2023-04-07
401469361,2023-04-07T23:30Z,2023,regular-season,BOS,TOR,121,102,2023-04-07
401469362,2023-04-07T23:30Z,2023,regular-season,BKN,ORL,101,84,2023-04-07
401469363,2023-04-08T00:00Z,2023,regular-season,MIL,MEM,114,137,2023-04-07
401469364,2023-04-08T00:00Z,2023,regular-season,NOP,NYK,113,105,2023-04-07
401469365,2023-04-08T00:30Z,2023,regular-season,DAL,CHI,112,115,2023-04-07
401469366,2023-04-08T02:00Z,2023,regular-season,SAC,GSW,97,119,2023-04-07
401469367,2023-04-08T02:30Z,2023,regular-season,LAL,PHX,121,107,2023-04-07
401469368,2023-04-08T19:30Z,2023,regular-season,UTA,DEN,118,114,2023-04-08
401469369,2023-04-08T20:00Z,2023,regular-season,SAS,MIN,131,151,2023-04-08
401469370,2023-04-08T20:00Z,2023,regular-season,LAC,POR,136,125,2023-04-08
401469371,2023-04-09T17:00Z,2023,regular-season,BOS,ATL,120,114,2023-04-09
401469372,2023-04-09T17:00Z,2023,regular-season,BKN,PHI,105,134,2023-04-09
401469373,2023-04-09T17:00Z,2023,regular-season,CLE,CHA,95,106,2023-04-09
401469374,2023-04-09T17:00Z,2023,regular-season,MIA,ORL,123,110,2023-04-09
401469375,2023-04-09T17:00Z,2023,regular-season,NYK,IND,136,141,2023-04-09
401469376,2023-04-09T17:00Z,2023,regular-season,TOR,MIL,121,105,2023-04-09
401469377,2023-04-09T17:00Z,2023,regular-season,WAS,HOU,109,114,2023-04-09
401469378,2023-04-09T17:00Z,2023,regular-season,CHI,DET,103,81,2023-04-09
401469379,2023-04-09T19:30Z,2023,regular-season,DAL,SAS,117,138,2023-04-09
401469380,2023-04-09T19:30Z,2023,regular-season,MIN,NOP,113,108,2023-04-09
401469381,2023-04-09T19:30Z,2023,regular-season,OKC,MEM,115,100,2023-04-09
401469382,2023-04-09T19:30Z,2023,regular-season,DEN,SAC,109,95,2023-04-09
401469383,2023-04-09T19:30Z,2023,regular-season,LAL,UTA,128,117,2023-04-09
401469384,2023-04-09T19:30Z,2023,regular-season,PHX,LAC,114,119,2023-04-09
401469385,2023-04-09T19:30Z,2023,regular-season,POR,GSW,101,157,2023-04-09
401539671,2023-04-11T23:30Z,2023,play-in-season,MIA,ATL,105,116,2023-04-11
401539672,2023-04-12T02:00Z,2023,play-in-season,LAL,MIN,108,102,2023-04-11
401539673,2023-04-12T23:00Z,2023,play-in-season,TOR,CHI,105,109,2023-04-12
401539674,2023-04-13T01:50Z,2023,play-in-season,NOP,OKC,118,123,2023-04-12
401539675,2023-04-14T23:00Z,2023,play-in-season,MIA,CHI,102,91,2023-04-14
401539676,2023-04-15T01:50Z,2023,play-in-season,MIN,OKC,120,95,2023-04-14
401540750,2023-04-15T17:00Z,2023,post-season,PHI,BKN,121,101,2023-04-15
401540751,2023-04-15T19:30Z,2023,post-season,BOS,ATL,112,99,2023-04-15
401540752,2023-04-15T22:10Z,2023,post-season,CLE,NYK,97,101,2023-04-15
401540753,2023-04-16T00:30Z,2023,post-season,SAC,GSW,126,123,2023-04-15
401540756,2023-04-16T19:00Z,2023,post-season,MEM,LAL,112,128,2023-04-16
401540754,2023-04-16T21:30Z,2023,post-season,MIL,MIA,117,130,2023-04-16
401540757,2023-04-17T00:00Z,2023,post-season,PHX,LAC,110,115,2023-04-16
401540755,2023-04-17T02:30Z,2023,post-season,DEN,MIN,109,80,2023-04-16
401541173,2023-04-17T23:30Z,2023,post-season,PHI,BKN,96,84,2023-04-17
401541169,2023-04-18T02:00Z,2023,post-season,SAC,GSW,114,106,2023-04-17
401541172,2023-04-18T23:00Z,2023,post-season,BOS,ATL,119,106,2023-04-18
401541174,2023-04-18T23:30Z,2023,post-season,CLE,NYK,107,90,2023-04-18
401541170,2023-04-19T02:00Z,2023,post-season,PHX,LAC,123,109,2023-04-18
401541168,2023-04-19T23:30Z,2023,post-season,MEM,LAL,103,93,2023-04-19
401541171,2023-04-20T01:00Z,2023,post-season,MIL,MIA,138,122,2023-04-19
401541167,2023-04-20T02:00Z,2023,post-season,DEN,MIN,122,113,2023-04-19
401541181,2023-04-20T23:30Z,2023,post-season,BKN,PHI,97,102,2023-04-20
401541177,2023-04-21T02:00Z,2023,post-season,GSW,SAC,114,97,2023-04-20
401541178,2023-04-21T02:30Z,2023,post-season,LAC,PHX,124,129,2023-04-20
401541180,2023-04-21T23:00Z,2023,post-season,ATL,BOS,130,122,2023-04-21
401541182,2023-04-22T00:30Z,2023,post-season,NYK,CLE,99,79,2023-04-21
401541175,2023-04-22T01:43Z,2023,post-season,MIN,DEN,111,120,2023-04-21
401541189,2023-04-22T17:00Z,2023,post-season,BKN,PHI,88,96,2023-04-22
401541186,2023-04-22T19:30Z,2023,post-season,LAC,PHX,100,112,2023-04-22
401541179,2023-04-22T23:30Z,2023,post-season,MIA,MIL,121,99,2023-04-22
401541176,2023-04-23T02:10Z,2023,post-season,LAL,MEM,111,101,2023-04-22
401541190,2023-04-23T17:00Z,2023,post-season,NYK,CLE,102,93,2023-04-23
401541185,2023-04-23T19:30Z,2023,post-season,GSW,SAC,126,125,2023-04-23
401541188,2023-04-23T23:00Z,2023,post-season,ATL,BOS,121,129,2023-04-23
401541183,2023-04-24T01:30Z,2023,post-season,MIN,DEN,114,108,2023-04-23
401541187,2023-04-24T23:30Z,2023,post-season,MIA,MIL,119,114,2023-04-24
401541184,2023-04-25T02:00Z,2023,post-season,LAL,MEM,117,111,2023-04-24
401541243,2023-04-25T23:30Z,2023,post-season,BOS,ATL,117,119,2023-04-25
401541196,2023-04-26T01:00Z,2023,post-season,DEN,MIN,112,109,2023-04-25
401541237,2023-04-26T02:00Z,2023,post-season,PHX,LAC,136,130,2023-04-25
401541249,2023-04-26T23:00Z,2023,post-season,CLE,NYK,95,106,2023-04-26
401541231,2023-04-26T23:30Z,2023,post-season,MEM,LAL,116,99,2023-04-26
401541240,2023-04-27T01:30Z,2023,post-season,MIL,MIA,126,128,2023-04-26
401541234,2023-04-27T02:00Z,2023,post-season,SAC,GSW,116,123,2023-04-26
401541244,2023-04-28T00:30Z,2023,post-season,ATL,BOS,120,128,2023-04-27
401541235,2023-04-29T00:00Z,2023,post-season,GSW,SAC,99,118,2023-04-28
401541232,2023-04-29T02:50Z,2023,post-season,LAL,MEM,125,85,2023-04-28
401544334,2023-04-30T00:30Z,2023,post-season,DEN,PHX,125,107,2023-04-29
401544973,2023-04-30T17:00Z,2023,post-season,NYK,MIA,101,108,2023-04-30
401541236,2023-04-30T19:30Z,2023,post-season,SAC,GSW,100,120,2023-04-30
401545111,2023-05-01T23:30Z,2023,post-season,BOS,PHI,115,119,2023-05-01
401544335,2023-05-02T02:00Z,2023,post-season,DEN,PHX,97,87,2023-05-01
401544974,2023-05-02T23:30Z,2023,post-season,NYK,MIA,111,105,2023-05-02
401545231,2023-05-03T02:00Z,2023,post-season,GSW,LAL,112,117,2023-05-02
401545112,2023-05-04T00:00Z,2023,post-season,BOS,PHI,121,87,2023-05-03
401545232,2023-05-05T01:00Z,2023,post-season,GSW,LAL,127,100,2023-05-04
401545113,2023-05-05T23:30Z,2023,post-season,PHI,BOS,102,114,2023-05-05
401544336,2023-05-06T02:00Z,2023,post-season,PHX,DEN,121,114,2023-05-05
401544975,2023-05-06T19:30Z,2023,post-season,MIA,NYK,105,86,2023-05-06
401545233,2023-05-07T00:30Z,2023,post-season,LAL,GSW,127,97,2023-05-06
401545114,2023-05-07T19:30Z,2023,post-season,PHI,BOS,116,115,2023-05-07
401544337,2023-05-08T00:00Z,2023,post-season,PHX,DEN,129,124,2023-05-07
401544976,2023-05-08T23:30Z,2023,post-season,MIA,NYK,109,101,2023-05-08
401545234,2023-05-09T02:00Z,2023,post-season,LAL,GSW,104,101,2023-05-08
401545115,2023-05-09T23:30Z,2023,post-season,BOS,PHI,103,115,2023-05-09
401544338,2023-05-10T02:00Z,2023,post-season,DEN,PHX,118,102,2023-05-09
401544977,2023-05-10T23:30Z,2023,post-season,NYK,MIA,112,103,2023-05-10
401545235,2023-05-11T02:00Z,2023,post-season,GSW,LAL,121,106,2023-05-10
401545116,2023-05-11T23:30Z,2023,post-season,PHI,BOS,86,95,2023-05-11
401544339,2023-05-12T02:00Z,2023,post-season,PHX,DEN,100,125,2023-05-11
401544978,2023-05-12T23:30Z,2023,post-season,MIA,NYK,96,92,2023-05-12
401545236,2023-05-13T02:00Z,2023,post-season,LAL,GSW,122,101,2023-05-12
401545117,2023-05-14T19:30Z,2023,post-season,BOS,PHI,112,88,2023-05-14
401547679,2023-05-17T00:30Z,2023,post-season,DEN,LAL,132,126,2023-05-16
401547671,2023-05-18T00:30Z,2023,post-season,BOS,MIA,116,123,2023-05-17
401547682,2023-05-19T00:30Z,2023,post-season,DEN,LAL,108,103,2023-05-18
401547672,2023-05-20T00:30Z,2023,post-season,BOS,MIA,105,111,2023-05-19
401547683,2023-05-21T00:30Z,2023,post-season,LAL,DEN,108,119,2023-05-20
401547673,2023-05-22T00:30Z,2023,post-season,MIA,BOS,128,102,2023-05-21
401547684,2023-05-23T00:30Z,2023,post-season,LAL,DEN,111,113,2023-05-22
401547674,2023-05-24T00:30Z,2023,post-season,MIA,BOS,99,116,2023-05-23
401547675,2023-05-26T00:30Z,2023,post-season,BOS,MIA,110,97,2023-05-25
401547676,2023-05-28T00:30Z,2023,post-season,MIA,BOS,103,104,2023-05-27
401547678,2023-05-30T00:30Z,2023,post-season,BOS,MIA,84,103,2023-05-29
401544846,2023-06-02T00:30Z,2023,post-season,DEN,MIA,104,93,2023-06-01
401544847,2023-06-05T00:00Z,2023,post-season,DEN,MIA,108,111,2023-06-04
401544848,2023-06-08T00:30Z,2023,post-season,MIA,DEN,94,109,2023-06-07
401544849,2023-06-10T00:30Z,2023,post-season,MIA,DEN,95,108,2023-06-09
401544850,2023-06-13T00:30Z,2023,post-season,DEN,MIA,94,89,2023-06-12
401584689,2023-10-24T23:30Z,2024,regular-season,DEN,LAL,119,107,2023-10-24
401584690,2023-10-25T02:00Z,2024,regular-season,GSW,PHX,104,108,2023-10-24
401584691,2023-10-25T23:00Z,2024,regular-season,CHA,ATL,116,110,2023-10-25
401584692,2023-10-25T23:00Z,2024,regular-season,IND,WAS,143,120,2023-10-25
401584693,2023-10-25T23:00Z,2024,regular-season,NYK,BOS,104,108,2023-10-25
401584694,2023-10-25T23:00Z,2024,regular-season,ORL,HOU,116,86,2023-10-25
401584695,2023-10-25T23:30Z,2024,regular-season,BKN,CLE,113,114,2023-10-25
401584696,2023-10-25T23:30Z,2024,regular-season,MIA,DET,103,102,2023-10-25
401584697,2023-10-25T23:30Z,2024,regular-season,TOR,MIN,97,94,2023-10-25
401584698,2023-10-26T00:00Z,2024,regular-season,CHI,OKC,104,124,2023-10-25
401584699,2023-10-26T00:00Z,2024,regular-season,MEM,NOP,104,111,2023-10-25
401584700,2023-10-26T01:00Z,2024,regular-season,UTA,SAC,114,130,2023-10-25
401584701,2023-10-26T01:30Z,2024,regular-season,SAS,DAL,119,126,2023-10-25
401584702,2023-10-26T02:30Z,2024,regular-season,LAC,POR,123,111,2023-10-25
401584703,2023-10-26T23:30Z,2024,regular-season,MIL,PHI,118,117,2023-10-26
401584704,2023-10-27T02:00Z,2024,regular-season,LAL,PHX,100,95,2023-10-26
401584705,2023-10-27T23:00Z,2024,regular-season,CHA,DET,99,111,2023-10-27
401584706,2023-10-27T23:00Z,2024,regular-season,MEM,DEN,104,108,2023-10-27
401584707,2023-10-27T23:30Z,2024,regular-season,ATL,NYK,120,126,2023-10-27
401584708,2023-10-27T23:30Z,2024,regular-season,BOS,MIA,119,111,2023-10-27
401584709,2023-10-27T23:30Z,2024,regular-season,CLE,OKC,105,108,2023-10-27
401584710,2023-10-28T00:00Z,2024,regular-season,CHI,TOR,104,103,2023-10-27
401584711,2023-10-28T00:00Z,2024,regular-season,SAS,HOU,126,122,2023-10-27
401584712,2023-10-28T00:30Z,2024,regular-season,DAL,BKN,125,120,2023-10-27
401584713,2023-10-28T01:30Z,2024,regular-season,UTA,LAC,120,118,2023-10-27
401584714,2023-10-28T02:00Z,2024,regular-season,POR,ORL,97,102,2023-10-27
401584715,2023-10-28T02:00Z,2024,regular-season,SAC,GSW,114,122,2023-10-27
401584716,2023-10-28T23:00Z,2024,regular-season,DET,CHI,118,102,2023-10-28
401584717,2023-10-28T23:00Z,2024,regular-season,WAS,MEM,113,106,2023-10-28
401584718,2023-10-28T23:00Z,2024,regular-season,NOP,NYK,96,87,2023-10-28
401584719,2023-10-28T23:30Z,2024,regular-season,CLE,IND,113,125,2023-10-28
401584720,2023-10-28T23:30Z,2024,regular-season,TOR,PHI,107,114,2023-10-28
401584721,2023-10-29T00:00Z,2024,regular-season,MIN,MIA,106,90,2023-10-28
401584722,2023-10-29T02:00Z,2024,regular-season,PHX,UTA,126,104,2023-10-28
401584723,2023-10-29T19:30Z,2024,regular-season,OKC,DEN,95,128,2023-10-29
401584724,2023-10-29T23:00Z,2024,regular-season,HOU,GSW,95,106,2023-10-29
401584725,2023-10-29T23:00Z,2024,regular-season,MIL,ATL,110,127,2023-10-29
401584726,2023-10-29T23:30Z,2024,regular-season,PHI,POR,126,98,2023-10-29
401584727,2023-10-30T01:00Z,2024,regular-season,LAC,SAS,123,83,2023-10-29
401584728,2023-10-30T01:00Z,2024,regular-season,SAC,LAL,132,127,2023-10-29
401584729,2023-10-30T23:00Z,2024,regular-season,CHA,BKN,121,133,2023-10-30
401584730,2023-10-30T23:00Z,2024,regular-season,IND,CHI,105,112,2023-10-30
401584731,2023-10-30T23:00Z,2024,regular-season,WAS,BOS,107,126,2023-10-30
401584732,2023-10-30T23:30Z,2024,regular-season,ATL,MIN,127,113,2023-10-30
401584733,2023-10-30T23:30Z,2024,regular-season,TOR,POR,91,99,2023-10-30
401584734,2023-10-31T00:00Z,2024,regular-season,MEM,DAL,110,125,2023-10-30
401584735,2023-10-31T00:00Z,2024,regular-season,MIL,MIA,122,114,2023-10-30
401584736,2023-10-31T00:00Z,2024,regular-season,NOP,GSW,102,130,2023-10-30
401584737,2023-10-31T00:00Z,2024,regular-season,OKC,DET,124,112,2023-10-30
401584738,2023-10-31T01:00Z,2024,regular-season,DEN,UTA,110,102,2023-10-30
401584739,2023-10-31T02:30Z,2024,regular-season,LAL,ORL,106,103,2023-10-30
401584740,2023-10-31T23:30Z,2024,regular-season,CLE,NYK,91,109,2023-10-31
401584741,2023-11-01T02:00Z,2024,regular-season,PHX,SAS,114,115,2023-10-31
401584742,2023-11-01T02:30Z,2024,regular-season,LAC,ORL,118,102,2023-10-31
401584743,2023-11-01T23:00Z,2024,regular-season,DET,POR,101,110,2023-11-01
401584744,2023-11-01T23:00Z,2024,regular-season,TOR,MIL,130,111,2023-11-01
401584745,2023-11-01T23:30Z,2024,regular-season,ATL,WAS,130,121,2023-11-01
401584746,2023-11-01T23:30Z,2024,regular-season,BOS,IND,155,104,2023-11-01
401584747,2023-11-01T23:30Z,2024,regular-season,MIA,BKN,105,109,2023-11-01
401584748,2023-11-01T23:30Z,2024,regular-season,NYK,CLE,89,95,2023-11-01
401584749,2023-11-01T23:30Z,2024,regular-season,OKC,NOP,106,110,2023-11-01
401584750,2023-11-02T00:00Z,2024,regular-season,HOU,CHA,128,119,2023-11-01
401584751,2023-11-02T00:00Z,2024,regular-season,MIN,DEN,110,89,2023-11-01
401584752,2023-11-02T00:30Z,2024,regular-season,DAL,CHI,114,105,2023-11-01
401584753,2023-11-02T01:00Z,2024,regular-season,UTA,MEM,133,109,2023-11-01
401584754,2023-11-02T02:00Z,2024,regular-season,GSW,SAC,102,101,2023-11-01
401584755,2023-11-02T02:00Z,2024,regular-season,LAL,LAC,130,125,2023-11-01
401584756,2023-11-02T23:00Z,2024,regular-season,PHI,TOR,114,99,2023-11-02
401584757,2023-11-03T00:00Z,2024,regular-season,NOP,DET,125,116,2023-11-02
401584758,2023-11-03T01:00Z,2024,regular-season,UTA,ORL,113,115,2023-11-02
401584759,2023-11-03T02:00Z,2024,regular-season,PHX,SAS,121,132,2023-11-02
401584089,2023-11-03T23:00Z,2024,regular-season,IND,CLE,121,116,2023-11-03
401584090,2023-11-03T23:30Z,2024,regular-season,MIL,NYK,110,105,2023-11-03
401584091,2023-11-04T00:00Z,2024,regular-season,MIA,WAS,121,114,2023-11-03
401584092,2023-11-04T00:00Z,2024,regular-season,CHI,BKN,107,109,2023-11-03
401584093,2023-11-04T00:00Z,2024,regular-season,OKC,GSW,139,141,2023-11-03
401584094,2023-11-04T02:00Z,2024,regular-season,DEN,DAL,125,114,2023-11-03
401584095,2023-11-04T02:00Z,2024,regular-season,POR,MEM,115,113,2023-11-03
401584760,2023-11-04T17:00Z,2024,regular-season,PHI,PHX,112,100,2023-11-04
401584761,2023-11-04T23:00Z,2024,regular-season,IND,CHA,124,125,2023-11-04
401584762,2023-11-04T23:00Z,2024,regular-season,ORL,LAL,120,101,2023-11-04
401584763,2023-11-04T23:00Z,2024,regular-season,NOP,ATL,105,123,2023-11-04
401584764,2023-11-05T00:00Z,2024,regular-season,BKN,BOS,114,124,2023-11-04
401584765,2023-11-05T00:00Z,2024,regular-season,HOU,SAC,107,89,2023-11-04
401584766,2023-11-05T00:00Z,2024,regular-season,MIN,UTA,123,95,2023-11-04
401584767,2023-11-05T01:00Z,2024,regular-season,DEN,CHI,123,101,2023-11-04
401584768,2023-11-05T20:00Z,2024,regular-season,DET,PHX,106,120,2023-11-05
401584769,2023-11-05T20:30Z,2024,regular-season,SAS,TOR,116,123,2023-11-05
401584770,2023-11-05T23:00Z,2024,regular-season,CLE,GSW,115,104,2023-11-05
401584771,2023-11-06T00:30Z,2024,regular-season,DAL,CHA,124,118,2023-11-05
401584772,2023-11-06T02:00Z,2024,regular-season,POR,MEM,100,112,2023-11-05
401584773,2023-11-07T00:00Z,2024,regular-season,DET,GSW,109,120,2023-11-06
401584774,2023-11-07T00:00Z,2024,regular-season,IND,SAS,152,111,2023-11-06
401584775,2023-11-07T00:00Z,2024,regular-season,ORL,DAL,102,117,2023-11-06
401584776,2023-11-07T00:00Z,2024,regular-season,PHI,WAS,146,128,2023-11-06
401584777,2023-11-07T00:30Z,2024,regular-season,BKN,MIL,125,129,2023-11-06
401584778,2023-11-07T00:30Z,2024,regular-season,MIA,LAL,108,107,2023-11-06
401584779,2023-11-07T00:30Z,2024,regular-season,NYK,LAC,111,97,2023-11-06
401584780,2023-11-07T01:00Z,2024,regular-season,CHI,UTA,130,113,2023-11-06
401584781,2023-11-07T01:00Z,2024,regular-season,HOU,SAC,122,97,2023-11-06
401584782,2023-11-07T01:00Z,2024,regular-season,MIN,BOS,114,109,2023-11-06
401584783,2023-11-07T01:00Z,2024,regular-season,OKC,ATL,126,117,2023-11-06
401584784,2023-11-07T02:00Z,2024,regular-season,DEN,NOP,134,116,2023-11-06
401584785,2023-11-09T00:00Z,2024,regular-season,CHA,WAS,116,132,2023-11-08
401584786,2023-11-09T00:00Z,2024,regular-season,IND,UTA,134,118,2023-11-08
401584787,2023-11-09T00:00Z,2024,regular-season,PHI,BOS,106,103,2023-11-08
401584788,2023-11-09T00:30Z,2024,regular-season,BKN,LAC,100,93,2023-11-08
401584789,2023-11-09T00:30Z,2024,regular-season,NYK,SAS,126,105,2023-11-08
401584790,2023-11-09T01:00Z,2024,regular-season,CHI,PHX,115,116,2023-11-08
401584791,2023-11-09T01:00Z,2024,regular-season,HOU,LAL,128,94,2023-11-08
401584792,2023-11-09T01:00Z,2024,regular-season,MEM,MIA,102,108,2023-11-08
401584793,2023-11-09T01:00Z,2024,regular-season,MIL,DET,120,118,2023-11-08
401584794,2023-11-09T01:00Z,2024,regular-season,MIN,NOP,122,101,2023-11-08
401584795,2023-11-09T01:00Z,2024,regular-season,OKC,CLE,128,120,2023-11-08
401584796,2023-11-09T01:30Z,2024,regular-season,DAL,TOR,116,127,2023-11-08
401584797,2023-11-09T03:00Z,2024,regular-season,DEN,GSW,108,105,2023-11-08
401584798,2023-11-09T03:00Z,2024,regular-season,SAC,POR,121,118,2023-11-08
401584799,2023-11-10T00:00Z,2024,regular-season,IND,MIL,126,124,2023-11-09
401584800,2023-11-10T02:30Z,2024,regular-season,ORL,ATL,119,120,2023-11-09
401584096,2023-11-11T00:00Z,2024,regular-season,DET,PHI,106,114,2023-11-10
401584097,2023-11-11T00:00Z,2024,regular-season,WAS,CHA,117,124,2023-11-10
401584098,2023-11-11T00:30Z,2024,regular-season,BOS,BKN,121,107,2023-11-10
401584099,2023-11-11T01:00Z,2024,regular-season,HOU,NOP,104,101,2023-11-10
401584100,2023-11-11T01:00Z,2024,regular-season,MEM,UTA,121,127,2023-11-10
401584101,2023-11-11T01:00Z,2024,regular-season,SAS,MIN,110,117,2023-11-10
401584102,2023-11-11T01:30Z,2024,regular-season,DAL,LAC,144,126,2023-11-10
401584103,2023-11-11T03:00Z,2024,regular-season,PHX,LAL,119,122,2023-11-10
401584104,2023-11-11T03:00Z,2024,regular-season,SAC,OKC,105,98,2023-11-10
401584801,2023-11-11T23:00Z,2024,regular-season,ORL,MIL,112,97,2023-11-11
401584802,2023-11-12T00:00Z,2024,regular-season,BOS,TOR,117,94,2023-11-11
401584803,2023-11-12T00:30Z,2024,regular-season,ATL,MIA,109,117,2023-11-11
401584804,2023-11-12T01:30Z,2024,regular-season,GSW,CLE,110,118,2023-11-11
401584805,2023-11-12T17:00Z,2024,regular-season,NYK,CHA,129,107,2023-11-12
401584806,2023-11-12T20:00Z,2024,regular-season,BKN,WAS,102,94,2023-11-12
401584807,2023-11-12T20:30Z,2024,regular-season,LAC,MEM,101,105,2023-11-12
401584808,2023-11-12T23:00Z,2024,regular-season,PHI,IND,137,126,2023-11-12
401584809,2023-11-13T00:00Z,2024,regular-season,CHI,DET,119,108,2023-11-12
401584810,2023-11-13T00:00Z,2024,regular-season,HOU,DEN,107,104,2023-11-12
401584811,2023-11-13T00:00Z,2024,regular-season,NOP,DAL,124,136,2023-11-12
401584812,2023-11-13T00:00Z,2024,regular-season,SAS,MIA,113,118,2023-11-12
401584813,2023-11-13T01:00Z,2024,regular-season,PHX,OKC,99,111,2023-11-12
401584814,2023-11-13T01:30Z,2024,regular-season,GSW,MIN,110,116,2023-11-12
401584815,2023-11-13T03:00Z,2024,regular-season,LAL,POR,116,110,2023-11-12
401584816,2023-11-14T00:30Z,2024,regular-season,BOS,NYK,114,98,2023-11-13
401584817,2023-11-14T00:30Z,2024,regular-season,TOR,WAS,111,107,2023-11-13
401584818,2023-11-14T01:00Z,2024,regular-season,MIL,CHI,118,109,2023-11-13
401584819,2023-11-14T03:00Z,2024,regular-season,SAC,CLE,132,120,2023-11-13
401584105,2023-11-15T00:00Z,2024,regular-season,CHA,MIA,105,111,2023-11-14
401584106,2023-11-15T00:00Z,2024,regular-season,DET,ATL,120,126,2023-11-14
401584107,2023-11-15T00:00Z,2024,regular-season,PHI,IND,126,132,2023-11-14
401584108,2023-11-15T00:30Z,2024,regular-season,BKN,ORL,124,104,2023-11-14
401584109,2023-11-15T00:30Z,2024,regular-season,OKC,SAS,123,87,2023-11-14
401584110,2023-11-15T01:00Z,2024,regular-season,NOP,DAL,131,110,2023-11-14
401584111,2023-11-15T02:00Z,2024,regular-season,UTA,POR,115,99,2023-11-14
401584112,2023-11-15T03:00Z,2024,regular-season,DEN,LAC,111,108,2023-11-14
401584113,2023-11-15T03:00Z,2024,regular-season,GSW,MIN,101,104,2023-11-14
401584114,2023-11-15T03:30Z,2024,regular-season,LAL,MEM,134,107,2023-11-14
401584820,2023-11-16T00:00Z,2024,regular-season,WAS,DAL,117,130,2023-11-15
401584821,2023-11-16T00:30Z,2024,regular-season,ATL,NYK,114,116,2023-11-15
401584822,2023-11-16T00:30Z,2024,regular-season,PHI,BOS,107,117,2023-11-15
401584823,2023-11-16T00:30Z,2024,regular-season,TOR,MIL,112,128,2023-11-15
401584824,2023-11-16T01:00Z,2024,regular-season,CHI,ORL,94,96,2023-11-15
401584825,2023-11-16T02:00Z,2024,regular-season,PHX,MIN,133,115,2023-11-15
401584826,2023-11-16T03:00Z,2024,regular-season,LAL,SAC,110,125,2023-11-15
401584827,2023-11-16T03:00Z,2024,regular-season,POR,CLE,95,109,2023-11-15
401584828,2023-11-17T00:30Z,2024,regular-season,MIA,BKN,122,115,2023-11-16
401584829,2023-11-17T03:00Z,2024,regular-season,GSW,OKC,109,128,2023-11-16
401584115,2023-11-18T00:00Z,2024,regular-season,CHA,MIL,99,130,2023-11-17
401584116,2023-11-18T00:00Z,2024,regular-season,WAS,NYK,99,120,2023-11-17
401584117,2023-11-18T00:30Z,2024,regular-season,ATL,PHI,116,126,2023-11-17
401584118,2023-11-18T00:30Z,2024,regular-season,CLE,DET,108,100,2023-11-17
401584119,2023-11-18T00:30Z,2024,regular-season,TOR,BOS,105,108,2023-11-17
401584120,2023-11-18T00:30Z,2024,regular-season,SAS,SAC,120,129,2023-11-17
401584121,2023-11-18T01:00Z,2024,regular-season,CHI,ORL,97,103,2023-11-17
401584122,2023-11-18T01:00Z,2024,regular-season,NOP,DEN,115,110,2023-11-17
401584123,2023-11-18T03:00Z,2024,regular-season,UTA,PHX,128,131,2023-11-17
401584124,2023-11-18T03:00Z,2024,regular-season,POR,LAL,95,107,2023-11-17
401584125,2023-11-18T03:30Z,2024,regular-season,LAC,HOU,106,100,2023-11-17
401584830,2023-11-18T23:00Z,2024,regular-season,CHA,NYK,108,122,2023-11-18
401584831,2023-11-19T00:00Z,2024,regular-season,NOP,MIN,120,121,2023-11-18
401584832,2023-11-19T01:00Z,2024,regular-season,CHI,MIA,102,97,2023-11-18
401584833,2023-11-19T01:00Z,2024,regular-season,MIL,DAL,132,125,2023-11-18
401584834,2023-11-19T01:00Z,2024,regular-season,SAS,MEM,108,120,2023-11-18
401584835,2023-11-19T01:30Z,2024,regular-season,GSW,OKC,123,130,2023-11-18
401584836,2023-11-19T20:00Z,2024,regular-season,BKN,PHI,99,121,2023-11-19
401584839,2023-11-19T21:00Z,2024,regular-season,TOR,DET,142,113,2023-11-19
401584837,2023-11-19T22:00Z,2024,regular-season,IND,ORL,116,128,2023-11-19
401584838,2023-11-19T23:00Z,2024,regular-season,CLE,DEN,121,109,2023-11-19
401584840,2023-11-20T00:30Z,2024,regular-season,DAL,SAC,113,129,2023-11-19
401584841,2023-11-20T01:00Z,2024,regular-season,MEM,BOS,100,102,2023-11-19
401584842,2023-11-20T01:00Z,2024,regular-season,UTA,PHX,137,140,2023-11-19
401584843,2023-11-20T02:00Z,2024,regular-season,POR,OKC,91,134,2023-11-19
401584844,2023-11-20T02:30Z,2024,regular-season,LAL,HOU,105,104,2023-11-19
401584845,2023-11-21T00:00Z,2024,regular-season,CHA,BOS,121,118,2023-11-20
401584846,2023-11-21T00:00Z,2024,regular-season,DET,DEN,103,107,2023-11-20
401584847,2023-11-21T00:00Z,2024,regular-season,WAS,MIL,129,142,2023-11-20
401584848,2023-11-21T01:00Z,2024,regular-season,CHI,MIA,100,118,2023-11-20
401584849,2023-11-21T01:00Z,2024,regular-season,MIN,NYK,117,100,2023-11-20
401584850,2023-11-21T01:00Z,2024,regular-season,NOP,SAC,129,93,2023-11-20
401584851,2023-11-21T01:00Z,2024,regular-season,SAS,LAC,99,124,2023-11-20
401584852,2023-11-21T03:00Z,2024,regular-season,GSW,HOU,121,116,2023-11-20
401584126,2023-11-22T00:00Z,2024,regular-season,ORL,TOR,126,107,2023-11-21
401584127,2023-11-22T00:30Z,2024,regular-season,ATL,IND,152,157,2023-11-21
401584128,2023-11-22T00:30Z,2024,regular-season,PHI,CLE,119,122,2023-11-21
401584129,2023-11-22T02:00Z,2024,regular-season,PHX,POR,120,107,2023-11-21
401584130,2023-11-22T03:00Z,2024,regular-season,LAL,UTA,131,99,2023-11-21
401584853,2023-11-23T00:00Z,2024,regular-season,CHA,WAS,117,114,2023-11-22
401584854,2023-11-23T00:00Z,2024,regular-season,ORL,DEN,124,119,2023-11-22
401584855,2023-11-23T00:30Z,2024,regular-season,ATL,BKN,147,145,2023-11-22
401584856,2023-11-23T00:30Z,2024,regular-season,BOS,MIL,119,116,2023-11-22
401584857,2023-11-23T00:30Z,2024,regular-season,CLE,MIA,96,129,2023-11-22
401584858,2023-11-23T00:30Z,2024,regular-season,IND,TOR,131,132,2023-11-22
401584859,2023-11-23T01:00Z,2024,regular-season,HOU,MEM,111,91,2023-11-22
401584860,2023-11-23T01:00Z,2024,regular-season,MIN,PHI,112,99,2023-11-22
401584861,2023-11-23T01:00Z,2024,regular-season,NOP,SAC,117,112,2023-11-22
401584862,2023-11-23T01:00Z,2024,regular-season,OKC,CHI,116,102,2023-11-22
401584863,2023-11-23T01:00Z,2024,regular-season,SAS,LAC,102,109,2023-11-22
401584864,2023-11-23T03:00Z,2024,regular-season,PHX,GSW,123,115,2023-11-22
401584865,2023-11-23T03:00Z,2024,regular-season,POR,UTA,121,105,2023-11-22
401584866,2023-11-23T03:30Z,2024,regular-season,LAL,DAL,101,104,2023-11-22
401584131,2023-11-24T19:30Z,2024,regular-season,ORL,BOS,113,96,2023-11-24
401584132,2023-11-24T22:00Z,2024,regular-season,MEM,PHX,89,110,2023-11-24
401584133,2023-11-25T00:30Z,2024,regular-season,NYK,MIA,100,98,2023-11-24
401584134,2023-11-25T00:30Z,2024,regular-season,TOR,CHI,121,108,2023-11-24
401584135,2023-11-25T01:00Z,2024,regular-season,IND,DET,136,113,2023-11-24
401584136,2023-11-25T01:00Z,2024,regular-season,HOU,DEN,105,86,2023-11-24
401584137,2023-11-25T01:00Z,2024,regular-season,MIL,WAS,131,128,2023-11-24
401584138,2023-11-25T01:00Z,2024,regular-season,MIN,SAC,111,124,2023-11-24
401584139,2023-11-25T03:00Z,2024,regular-season,GSW,SAS,118,112,2023-11-24
401584140,2023-11-25T03:30Z,2024,regular-season,LAC,NOP,106,116,2023-11-24
401584867,2023-11-25T22:00Z,2024,regular-season,OKC,PHI,123,127,2023-11-25
401584868,2023-11-25T23:00Z,2024,regular-season,BKN,MIA,112,97,2023-11-25
401584869,2023-11-26T00:00Z,2024,regular-season,WAS,ATL,108,136,2023-11-25
401584870,2023-11-26T00:30Z,2024,regular-season,CLE,LAL,115,121,2023-11-25
401584871,2023-11-26T02:30Z,2024,regular-season,UTA,NOP,105,100,2023-11-25
401584872,2023-11-26T03:30Z,2024,regular-season,LAC,DAL,107,88,2023-11-25
401584873,2023-11-26T20:30Z,2024,regular-season,MIL,POR,108,102,2023-11-26
401584874,2023-11-26T23:00Z,2024,regular-season,BOS,ATL,113,103,2023-11-26
401584875,2023-11-26T23:00Z,2024,regular-season,NYK,PHX,113,116,2023-11-26
401584876,2023-11-26T23:00Z,2024,regular-season,ORL,CHA,130,117,2023-11-26
401584877,2023-11-26T23:00Z,2024,regular-season,MEM,MIN,97,119,2023-11-26
401584878,2023-11-27T00:30Z,2024,regular-season,BKN,CHI,118,109,2023-11-26
401584879,2023-11-27T00:30Z,2024,regular-season,CLE,TOR,105,102,2023-11-26
401584880,2023-11-27T01:00Z,2024,regular-season,DEN,SAS,132,120,2023-11-26
401584881,2023-11-28T00:00Z,2024,regular-season,DET,WAS,107,126,2023-11-27
401584882,2023-11-28T00:00Z,2024,regular-season,IND,POR,110,114,2023-11-27
401584883,2023-11-28T00:00Z,2024,regular-season,PHI,LAL,138,94,2023-11-27
401584884,2023-11-28T02:00Z,2024,regular-season,UTA,NOP,114,112,2023-11-27
401584885,2023-11-28T03:30Z,2024,regular-season,LAC,DEN,104,113,2023-11-27
401584141,2023-11-29T00:30Z,2024,regular-season,BOS,CHI,124,97,2023-11-28
401584142,2023-11-29T00:30Z,2024,regular-season,BKN,TOR,115,103,2023-11-28
401584143,2023-11-29T00:30Z,2024,regular-season,CLE,ATL,128,105,2023-11-28
401584144,2023-11-29T00:30Z,2024,regular-season,MIA,MIL,124,131,2023-11-28
401584145,2023-11-29T00:30Z,2024,regular-season,NYK,CHA,115,91,2023-11-28
401584146,2023-11-29T01:00Z,2024,regular-season,MIN,OKC,106,103,2023-11-28
401584147,2023-11-29T01:30Z,2024,regular-season,DAL,HOU,121,115,2023-11-28
401584148,2023-11-29T03:00Z,2024,regular-season,SAC,GSW,124,123,2023-11-28
401584886,2023-11-30T00:00Z,2024,regular-season,DET,LAL,107,133,2023-11-29
401584887,2023-11-30T00:00Z,2024,regular-season,ORL,WAS,139,120,2023-11-29
401584888,2023-11-30T00:30Z,2024,regular-season,TOR,PHX,112,105,2023-11-29
401584889,2023-11-30T01:00Z,2024,regular-season,MEM,UTA,105,91,2023-11-29
401584890,2023-11-30T01:00Z,2024,regular-season,NOP,PHI,124,114,2023-11-29
401584891,2023-11-30T02:00Z,2024,regular-season,DEN,HOU,134,124,2023-11-29
401584892,2023-11-30T03:00Z,2024,regular-season,SAC,LAC,117,131,2023-11-29
401584893,2023-12-01T00:00Z,2024,regular-season,CLE,POR,95,103,2023-11-30
401584894,2023-12-01T00:30Z,2024,regular-season,BKN,CHA,128,129,2023-11-30
401584895,2023-12-01T00:30Z,2024,regular-season,MIA,IND,142,132,2023-11-30
401584896,2023-12-01T00:30Z,2024,regular-season,NYK,DET,118,112,2023-11-30
401584897,2023-12-01T01:00Z,2024,regular-season,CHI,MIL,120,113,2023-11-30
401584898,2023-12-01T01:00Z,2024,regular-season,MIN,UTA,101,90,2023-11-30
401584899,2023-12-01T01:00Z,2024,regular-season,OKC,LAL,133,110,2023-11-30
401584900,2023-12-01T01:00Z,2024,regular-season,SAS,ATL,135,137,2023-11-30
401584901,2023-12-01T03:00Z,2024,regular-season,GSW,LAC,120,114,2023-11-30
401584902,2023-12-02T00:00Z,2024,regular-season,ORL,WAS,130,125,2023-12-01
401584903,2023-12-02T00:30Z,2024,regular-season,BOS,PHI,125,119,2023-12-01
401584904,2023-12-02T00:30Z,2024,regular-season,TOR,NYK,106,119,2023-12-01
401584905,2023-12-02T00:30Z,2024,regular-season,DAL,MEM,94,108,2023-12-01
401584906,2023-12-02T01:00Z,2024,regular-season,NOP,SAS,121,106,2023-12-01
401584907,2023-12-02T03:00Z,2024,regular-season,PHX,DEN,111,119,2023-12-01
401584908,2023-12-02T21:00Z,2024,regular-season,LAC,GSW,113,112,2023-12-02
401584909,2023-12-02T22:00Z,2024,regular-season,CHA,MIN,117,123,2023-12-02
401584910,2023-12-03T00:00Z,2024,regular-season,BKN,ORL,129,101,2023-12-02
401584911,2023-12-03T00:00Z,2024,regular-season,DET,CLE,101,110,2023-12-02
401584912,2023-12-03T01:00Z,2024,regular-season,MIA,IND,129,144,2023-12-02
401584913,2023-12-03T01:00Z,2024,regular-season,CHI,NOP,124,118,2023-12-02
401584914,2023-12-03T01:00Z,2024,regular-season,MIL,ATL,132,121,2023-12-02
401584915,2023-12-03T02:00Z,2024,regular-season,DAL,OKC,120,126,2023-12-02
401584916,2023-12-03T02:00Z,2024,regular-season,PHX,MEM,116,109,2023-12-02
401584917,2023-12-03T02:30Z,2024,regular-season,UTA,POR,118,113,2023-12-02
401584918,2023-12-03T03:00Z,2024,regular-season,SAC,DEN,123,117,2023-12-02
401584919,2023-12-03T03:30Z,2024,regular-season,LAL,HOU,107,97,2023-12-02
401607491,2023-12-05T00:30Z,2024,regular-season,IND,BOS,122,112,2023-12-04
401607492,2023-12-05T03:00Z,2024,regular-season,SAC,NOP,117,127,2023-12-04
401607489,2023-12-06T00:30Z,2024,regular-season,MIL,NYK,146,122,2023-12-05
401607490,2023-12-06T03:00Z,2024,regular-season,LAL,PHX,106,103,2023-12-05
401616459,2023-12-07T00:00Z,2024,regular-season,CLE,ORL,121,111,2023-12-06
401616460,2023-12-07T00:00Z,2024,regular-season,DET,MEM,102,116,2023-12-06
401616462,2023-12-07T00:00Z,2024,regular-season,WAS,PHI,126,131,2023-12-06
401616461,2023-12-07T00:30Z,2024,regular-season,TOR,MIA,103,112,2023-12-06
401616463,2023-12-07T00:30Z,2024,regular-season,ATL,BKN,113,114,2023-12-06
401616464,2023-12-07T00:30Z,2024,regular-season,MIN,SAS,102,94,2023-12-06
401616465,2023-12-07T01:00Z,2024,regular-season,CHI,CHA,111,100,2023-12-06
401616466,2023-12-07T01:00Z,2024,regular-season,HOU,OKC,110,101,2023-12-06
401616467,2023-12-07T01:30Z,2024,regular-season,DAL,UTA,147,97,2023-12-06
401616468,2023-12-07T03:00Z,2024,regular-season,GSW,POR,110,106,2023-12-06
401616469,2023-12-07T03:00Z,2024,regular-season,LAC,DEN,111,102,2023-12-06
401607494,2023-12-07T22:00Z,2024,regular-season,MIL,IND,119,128,2023-12-07
401607493,2023-12-08T02:00Z,2024,regular-season,LAL,NOP,133,89,2023-12-07
401616470,2023-12-09T00:00Z,2024,regular-season,CHA,TOR,119,116,2023-12-08
401616471,2023-12-09T00:00Z,2024,regular-season,ORL,DET,123,91,2023-12-08
401616472,2023-12-09T00:00Z,2024,regular-season,PHI,ATL,125,114,2023-12-08
401616473,2023-12-09T00:30Z,2024,regular-season,BKN,WAS,124,97,2023-12-08
401617579,2023-12-09T00:30Z,2024,regular-season,BOS,NYK,133,123,2023-12-08
401616474,2023-12-09T01:00Z,2024,regular-season,MIA,CLE,99,111,2023-12-08
401616475,2023-12-09T01:00Z,2024,regular-season,MEM,MIN,103,127,2023-12-08
401616476,2023-12-09T01:00Z,2024,regular-season,OKC,GSW,138,136,2023-12-08
401616477,2023-12-09T01:30Z,2024,regular-season,SAS,CHI,112,121,2023-12-08
401616478,2023-12-09T02:00Z,2024,regular-season,DEN,HOU,106,114,2023-12-08
401617581,2023-12-09T02:00Z,2024,regular-season,PHX,SAC,106,114,2023-12-08
401616479,2023-12-09T03:00Z,2024,regular-season,UTA,LAC,103,117,2023-12-08
401616480,2023-12-09T03:00Z,2024,regular-season,POR,DAL,112,125,2023-12-08
401607495,2023-12-10T01:30Z,2024,regular-season,LAL,IND,123,109,2023-12-09
401584920,2023-12-12T00:00Z,2024,regular-season,CHA,MIA,114,116,2023-12-11
401584921,2023-12-12T00:00Z,2024,regular-season,DET,IND,123,131,2023-12-11
401584922,2023-12-12T00:00Z,2024,regular-season,ORL,CLE,104,94,2023-12-11
401584923,2023-12-12T00:00Z,2024,regular-season,PHI,WAS,146,101,2023-12-11
401584924,2023-12-12T00:30Z,2024,regular-season,ATL,DEN,122,129,2023-12-11
401584925,2023-12-12T00:30Z,2024,regular-season,NYK,TOR,136,130,2023-12-11
401584926,2023-12-12T01:00Z,2024,regular-season,HOU,SAS,93,82,2023-12-11
401584927,2023-12-12T01:00Z,2024,regular-season,MEM,DAL,113,120,2023-12-11
401584928,2023-12-12T01:00Z,2024,regular-season,MIL,CHI,133,129,2023-12-11
401584929,2023-12-12T01:00Z,2024,regular-season,NOP,MIN,121,107,2023-12-11
401584930,2023-12-12T01:00Z,2024,regular-season,OKC,UTA,134,120,2023-12-11
401584931,2023-12-12T03:00Z,2024,regular-season,SAC,BKN,131,118,2023-12-11
401584932,2023-12-12T03:30Z,2024,regular-season,LAC,POR,132,127,2023-12-11
401584933,2023-12-13T00:30Z,2024,regular-season,BOS,CLE,120,113,2023-12-12
401584934,2023-12-13T00:30Z,2024,regular-season,DAL,LAL,127,125,2023-12-12
401584935,2023-12-13T01:00Z,2024,regular-season,CHI,DEN,106,114,2023-12-12
401584936,2023-12-13T03:00Z,2024,regular-season,PHX,GSW,119,116,2023-12-12
401584937,2023-12-13T03:30Z,2024,regular-season,LAC,SAC,119,99,2023-12-12
401584938,2023-12-14T00:00Z,2024,regular-season,DET,PHI,111,129,2023-12-13
401584939,2023-12-14T00:00Z,2024,regular-season,WAS,NOP,122,142,2023-12-13
401584940,2023-12-14T00:30Z,2024,regular-season,MIA,CHA,115,104,2023-12-13
401584941,2023-12-14T00:30Z,2024,regular-season,TOR,ATL,135,128,2023-12-13
401584942,2023-12-14T01:00Z,2024,regular-season,HOU,MEM,117,104,2023-12-13
401584943,2023-12-14T01:00Z,2024,regular-season,MIL,IND,140,126,2023-12-13
401584944,2023-12-14T01:00Z,2024,regular-season,SAS,LAL,119,122,2023-12-13
401584945,2023-12-14T02:00Z,2024,regular-season,PHX,BKN,112,116,2023-12-13
401584946,2023-12-14T02:00Z,2024,regular-season,UTA,NYK,117,113,2023-12-13
401584947,2023-12-15T00:30Z,2024,regular-season,BOS,CLE,116,107,2023-12-14
401584948,2023-12-15T00:30Z,2024,regular-season,MIA,CHI,116,124,2023-12-14
401584949,2023-12-15T01:30Z,2024,regular-season,DAL,MIN,101,119,2023-12-14
401584950,2023-12-15T02:00Z,2024,regular-season,DEN,BKN,124,101,2023-12-14
401584951,2023-12-15T03:00Z,2024,regular-season,POR,UTA,114,122,2023-12-14
401584952,2023-12-15T03:00Z,2024,regular-season,SAC,OKC,128,123,2023-12-14
401584953,2023-12-15T03:30Z,2024,regular-season,LAC,GSW,121,113,2023-12-14
401584954,2023-12-16T00:00Z,2024,regular-season,CHA,NOP,107,112,2023-12-15
401584955,2023-12-16T00:00Z,2024,regular-season,PHI,DET,124,92,2023-12-15
401584956,2023-12-16T00:00Z,2024,regular-season,WAS,IND,137,123,2023-12-15
401584957,2023-12-16T00:30Z,2024,regular-season,BOS,ORL,128,111,2023-12-15
401584958,2023-12-16T00:30Z,2024,regular-season,TOR,ATL,104,125,2023-12-15
401584959,2023-12-16T00:30Z,2024,regular-season,SAS,LAL,129,115,2023-12-15
401584960,2023-12-16T01:00Z,2024,regular-season,MEM,HOU,96,103,2023-12-15
401584961,2023-12-16T03:00Z,2024,regular-season,PHX,NYK,122,139,2023-12-15
401584962,2023-12-16T23:00Z,2024,regular-season,MIL,DET,146,114,2023-12-16
401584963,2023-12-17T00:00Z,2024,regular-season,CHA,PHI,82,135,2023-12-16
401584964,2023-12-17T00:30Z,2024,regular-season,CLE,ATL,127,119,2023-12-16
401584965,2023-12-17T01:00Z,2024,regular-season,MIA,CHI,118,116,2023-12-16
401584966,2023-12-17T01:00Z,2024,regular-season,MIN,IND,127,109,2023-12-16
401584967,2023-12-17T01:30Z,2024,regular-season,GSW,BKN,124,120,2023-12-16
401584968,2023-12-17T02:00Z,2024,regular-season,DEN,OKC,117,118,2023-12-16
401584969,2023-12-17T02:00Z,2024,regular-season,POR,DAL,120,131,2023-12-16
401584970,2023-12-17T03:00Z,2024,regular-season,SAC,UTA,125,104,2023-12-16
401584971,2023-12-17T03:30Z,2024,regular-season,LAC,NYK,144,122,2023-12-16
401584972,2023-12-17T20:00Z,2024,regular-season,BOS,ORL,114,97,2023-12-17
401584973,2023-12-17T20:30Z,2024,regular-season,SAS,NOP,110,146,2023-12-17
401584974,2023-12-18T00:00Z,2024,regular-season,MIL,HOU,128,119,2023-12-17
401584975,2023-12-18T01:00Z,2024,regular-season,PHX,WAS,112,108,2023-12-17
401584976,2023-12-18T02:00Z,2024,regular-season,POR,GSW,114,118,2023-12-17
401584977,2023-12-19T00:00Z,2024,regular-season,CLE,HOU,135,130,2023-12-18
401584978,2023-12-19T00:00Z,2024,regular-season,IND,LAC,127,151,2023-12-18
401584979,2023-12-19T00:00Z,2024,regular-season,PHI,CHI,104,108,2023-12-18
401584980,2023-12-19T00:30Z,2024,regular-season,ATL,DET,130,124,2023-12-18
401584981,2023-12-19T00:30Z,2024,regular-season,MIA,MIN,108,112,2023-12-18
401584982,2023-12-19T00:30Z,2024,regular-season,TOR,CHA,114,99,2023-12-18
401584983,2023-12-19T01:00Z,2024,regular-season,OKC,MEM,116,97,2023-12-18
401584984,2023-12-19T02:00Z,2024,regular-season,DEN,DAL,130,104,2023-12-18
401584985,2023-12-19T02:00Z,2024,regular-season,UTA,BKN,125,108,2023-12-18
401584986,2023-12-19T03:00Z,2024,regular-season,SAC,WAS,143,131,2023-12-18
401584987,2023-12-19T03:30Z,2024,regular-season,LAL,NYK,109,114,2023-12-18
401584988,2023-12-20T00:30Z,2024,regular-season,NOP,MEM,113,115,2023-12-19
401584989,2023-12-20T01:00Z,2024,regular-season,MIL,SAS,132,119,2023-12-19
401584990,2023-12-20T03:00Z,2024,regular-season,GSW,BOS,132,126,2023-12-19
401584991,2023-12-20T03:00Z,2024,regular-season,POR,PHX,109,104,2023-12-19
401584992,2023-12-21T00:00Z,2024,regular-season,CLE,UTA,124,116,2023-12-20
401584993,2023-12-21T00:00Z,2024,regular-season,IND,CHA,144,113,2023-12-20
401584994,2023-12-21T00:00Z,2024,regular-season,ORL,MIA,106,115,2023-12-20
401584995,2023-12-21T00:00Z,2024,regular-season,PHI,MIN,127,113,2023-12-20
401584996,2023-12-21T00:30Z,2024,regular-season,BKN,NYK,102,121,2023-12-20
401584997,2023-12-21T00:30Z,2024,regular-season,TOR,DEN,104,113,2023-12-20
401584998,2023-12-21T01:00Z,2024,regular-season,CHI,LAL,124,108,2023-12-20
401584999,2023-12-21T01:00Z,2024,regular-season,HOU,ATL,127,134,2023-12-20
401585000,2023-12-21T01:30Z,2024,regular-season,DAL,LAC,111,120,2023-12-20
401585001,2023-12-21T03:00Z,2024,regular-season,SAC,BOS,119,144,2023-12-20
401585002,2023-12-22T00:00Z,2024,regular-season,DET,UTA,111,119,2023-12-21
401585003,2023-12-22T00:30Z,2024,regular-season,CLE,NOP,104,123,2023-12-21
401585004,2023-12-22T01:00Z,2024,regular-season,CHI,SAS,114,95,2023-12-21
401585005,2023-12-22T01:00Z,2024,regular-season,MEM,IND,116,103,2023-12-21
401585006,2023-12-22T01:00Z,2024,regular-season,MIL,ORL,118,114,2023-12-21
401585007,2023-12-22T01:00Z,2024,regular-season,OKC,LAC,134,115,2023-12-21
401585008,2023-12-22T02:00Z,2024,regular-season,MIN,LAL,118,111,2023-12-21
401585009,2023-12-22T03:00Z,2024,regular-season,POR,WAS,117,118,2023-12-21
401585010,2023-12-23T00:00Z,2024,regular-season,PHI,TOR,121,111,2023-12-22
401585011,2023-12-23T00:30Z,2024,regular-season,BKN,DEN,117,122,2023-12-22
401585012,2023-12-23T01:00Z,2024,regular-season,MIA,ATL,122,113,2023-12-22
401585013,2023-12-23T01:00Z,2024,regular-season,HOU,DAL,122,96,2023-12-22
401585015,2023-12-23T03:00Z,2024,regular-season,SAC,PHX,120,105,2023-12-22
401585014,2023-12-23T03:18Z,2024,regular-season,GSW,WAS,129,118,2023-12-22
401585016,2023-12-23T17:30Z,2024,regular-season,NYK,MIL,111,130,2023-12-23
401585017,2023-12-23T20:30Z,2024,regular-season,LAC,BOS,108,145,2023-12-23
401585018,2023-12-24T00:00Z,2024,regular-season,CHA,DEN,95,102,2023-12-23
401585019,2023-12-24T00:00Z,2024,regular-season,IND,ORL,110,117,2023-12-23
401585020,2023-12-24T00:00Z,2024,regular-season,NOP,HOU,104,106,2023-12-23
401585021,2023-12-24T00:30Z,2024,regular-season,ATL,MEM,119,125,2023-12-23
401585022,2023-12-24T00:30Z,2024,regular-season,BKN,DET,126,115,2023-12-23
401585023,2023-12-24T00:30Z,2024,regular-season,TOR,UTA,119,126,2023-12-23
401585024,2023-12-24T01:00Z,2024,regular-season,CHI,CLE,95,109,2023-12-23
401585025,2023-12-24T01:00Z,2024,regular-season,OKC,LAL,120,129,2023-12-23
401585026,2023-12-24T01:30Z,2024,regular-season,DAL,SAS,144,119,2023-12-23
401585027,2023-12-24T01:30Z,2024,regular-season,GSW,POR,126,106,2023-12-23
401585028,2023-12-24T03:00Z,2024,regular-season,SAC,MIN,98,110,2023-12-23
401585029,2023-12-25T17:00Z,2024,regular-season,NYK,MIL,129,122,2023-12-25
401585030,2023-12-25T19:30Z,2024,regular-season,DEN,GSW,120,114,2023-12-25
401585031,2023-12-25T22:00Z,2024,regular-season,LAL,BOS,115,126,2023-12-25
401585032,2023-12-26T01:00Z,2024,regular-season,MIA,PHI,119,113,2023-12-25
401585033,2023-12-26T03:43Z,2024,regular-season,PHX,DAL,114,128,2023-12-25
401585034,2023-12-27T00:00Z,2024,regular-season,DET,BKN,112,118,2023-12-26
401585035,2023-12-27T00:00Z,2024,regular-season,WAS,ORL,119,127,2023-12-26
401585036,2023-12-27T01:00Z,2024,regular-season,CHI,ATL,118,113,2023-12-26
401585037,2023-12-27T01:00Z,2024,regular-season,HOU,IND,117,123,2023-12-26
401585038,2023-12-27T01:00Z,2024,regular-season,NOP,MEM,115,116,2023-12-26
401585039,2023-12-27T01:00Z,2024,regular-season,OKC,MIN,129,106,2023-12-26
401585040,2023-12-27T01:00Z,2024,regular-season,SAS,UTA,118,130,2023-12-26
401585041,2023-12-27T03:00Z,2024,regular-season,POR,SAC,130,113,2023-12-26
401585042,2023-12-27T03:30Z,2024,regular-season,LAC,CHA,113,104,2023-12-26
401585043,2023-12-28T00:00Z,2024,regular-season,ORL,PHI,92,112,2023-12-27
401585044,2023-12-28T00:00Z,2024,regular-season,WAS,TOR,102,132,2023-12-27
401585045,2023-12-28T00:30Z,2024,regular-season,BKN,MIL,122,144,2023-12-27
401585046,2023-12-28T01:00Z,2024,regular-season,HOU,PHX,113,129,2023-12-27
401585047,2023-12-28T01:00Z,2024,regular-season,OKC,NYK,129,120,2023-12-27
401585048,2023-12-28T01:30Z,2024,regular-season,DAL,CLE,110,113,2023-12-27
401585049,2023-12-29T00:30Z,2024,regular-season,BOS,DET,128,122,2023-12-28
401585050,2023-12-29T01:00Z,2024,regular-season,CHI,IND,104,120,2023-12-28
401585051,2023-12-29T01:00Z,2024,regular-season,MIN,DAL,118,110,2023-12-28
401585052,2023-12-29T01:00Z,2024,regular-season,NOP,UTA,112,105,2023-12-28
401585053,2023-12-29T02:00Z,2024,regular-season,DEN,MEM,142,105,2023-12-28
401585054,2023-12-29T03:00Z,2024,regular-season,GSW,MIA,102,114,2023-12-28
401585055,2023-12-29T03:00Z,2024,regular-season,POR,SAS,105,118,2023-12-28
401585056,2023-12-29T03:30Z,2024,regular-season,LAL,CHA,133,112,2023-12-28
401585057,2023-12-30T00:00Z,2024,regular-season,ORL,NYK,117,108,2023-12-29
401585058,2023-12-30T00:00Z,2024,regular-season,WAS,BKN,110,104,2023-12-29
401585059,2023-12-30T00:30Z,2024,regular-season,ATL,SAC,110,117,2023-12-29
401585060,2023-12-30T00:30Z,2024,regular-season,BOS,TOR,120,118,2023-12-29
401585061,2023-12-30T00:30Z,2024,regular-season,CLE,MIL,111,119,2023-12-29
401585062,2023-12-30T01:00Z,2024,regular-season,HOU,PHI,127,131,2023-12-29
401585063,2023-12-30T02:00Z,2024,regular-season,DEN,OKC,93,119,2023-12-29
401585064,2023-12-30T02:00Z,2024,regular-season,PHX,CHA,133,119,2023-12-29
401585065,2023-12-30T03:00Z,2024,regular-season,POR,SAS,134,128,2023-12-29
401585066,2023-12-30T03:30Z,2024,regular-season,LAC,MEM,117,106,2023-12-29
401585067,2023-12-30T22:00Z,2024,regular-season,UTA,MIA,117,109,2023-12-30
401585068,2023-12-30T23:00Z,2024,regular-season,DET,TOR,129,127,2023-12-30
401585069,2023-12-31T00:00Z,2024,regular-season,IND,NYK,140,126,2023-12-30
401585070,2023-12-31T01:00Z,2024,regular-season,CHI,PHI,105,92,2023-12-30
401585071,2023-12-31T01:00Z,2024,regular-season,MIN,LAL,108,106,2023-12-30
401585072,2023-12-31T01:30Z,2024,regular-season,GSW,DAL,122,132,2023-12-30
401585073,2023-12-31T20:00Z,2024,regular-season,WAS,ATL,126,130,2023-12-31
401585074,2024-01-01T00:00Z,2024,regular-season,NOP,LAL,129,109,2023-12-31
401585075,2024-01-01T00:00Z,2024,regular-season,OKC,BKN,124,108,2023-12-31
401585076,2024-01-01T00:00Z,2024,regular-season,SAS,BOS,101,134,2023-12-31
401585077,2024-01-01T01:00Z,2024,regular-season,MEM,SAC,92,123,2023-12-31
401585078,2024-01-01T01:00Z,2024,regular-season,PHX,ORL,112,107,2023-12-31
401585079,2024-01-01T20:00Z,2024,regular-season,NYK,MIN,112,106,2024-01-01
401585080,2024-01-02T00:30Z,2024,regular-season,TOR,CLE,124,121,2024-01-01
401585081,2024-01-02T01:00Z,2024,regular-season,HOU,DET,136,113,2024-01-01
401585082,2024-01-02T01:00Z,2024,regular-season,MIL,IND,113,122,2024-01-01
401585083,2024-01-02T02:00Z,2024,regular-season,DEN,CHA,111,93,2024-01-01
401585084,2024-01-02T02:00Z,2024,regular-season,PHX,POR,109,88,2024-01-01
401585085,2024-01-02T02:00Z,2024,regular-season,UTA,DAL,127,90,2024-01-01
401585086,2024-01-02T03:30Z,2024,regular-season,LAC,MIA,121,104,2024-01-01
401585087,2024-01-03T00:00Z,2024,regular-season,PHI,CHI,110,97,2024-01-02
401585088,2024-01-03T01:00Z,2024,regular-season,MEM,SAS,106,98,2024-01-02
401585089,2024-01-03T01:00Z,2024,regular-season,NOP,BKN,112,85,2024-01-02
401585090,2024-01-03T01:00Z,2024,regular-season,OKC,BOS,127,123,2024-01-02
401585091,2024-01-03T03:00Z,2024,regular-season,GSW,ORL,121,115,2024-01-02
401585092,2024-01-03T03:00Z,2024,regular-season,SAC,CHA,104,111,2024-01-02
401585093,2024-01-04T00:00Z,2024,regular-season,CLE,WAS,140,101,2024-01-03
401585094,2024-01-04T00:00Z,2024,regular-season,IND,MIL,142,130,2024-01-03
401585095,2024-01-04T00:30Z,2024,regular-season,ATL,OKC,141,138,2024-01-03
401585097,2024-01-04T01:00Z,2024,regular-season,HOU,BKN,112,101,2024-01-03
401585098,2024-01-04T01:00Z,2024,regular-season,MEM,TOR,111,116,2024-01-03
401585099,2024-01-04T01:00Z,2024,regular-season,MIN,NOP,106,117,2024-01-03
401585096,2024-01-04T01:30Z,2024,regular-season,NYK,CHI,116,100,2024-01-03
401585100,2024-01-04T01:30Z,2024,regular-season,DAL,POR,126,97,2024-01-03
401585101,2024-01-04T02:00Z,2024,regular-season,PHX,LAC,122,131,2024-01-03
401585102,2024-01-04T02:00Z,2024,regular-season,UTA,DET,154,148,2024-01-03
401585103,2024-01-04T03:00Z,2024,regular-season,LAL,MIA,96,110,2024-01-03
401585104,2024-01-04T03:00Z,2024,regular-season,SAC,ORL,138,135,2024-01-03
401585105,2024-01-05T00:30Z,2024,regular-season,SAS,MIL,121,125,2024-01-04
401585106,2024-01-05T03:00Z,2024,regular-season,GSW,DEN,127,130,2024-01-04
401585107,2024-01-06T00:00Z,2024,regular-season,BOS,UTA,126,97,2024-01-05
401585108,2024-01-06T00:00Z,2024,regular-season,IND,ATL,150,116,2024-01-05
401585109,2024-01-06T00:30Z,2024,regular-season,BKN,OKC,124,115,2024-01-05
401585110,2024-01-06T00:30Z,2024,regular-season,CLE,WAS,114,90,2024-01-05
401585111,2024-01-06T00:30Z,2024,regular-season,PHI,NYK,92,128,2024-01-05
401585112,2024-01-06T01:00Z,2024,regular-season,CHI,CHA,104,91,2024-01-05
401585113,2024-01-06T01:00Z,2024,regular-season,HOU,MIN,95,122,2024-01-05
401585114,2024-01-06T01:00Z,2024,regular-season,NOP,LAC,95,111,2024-01-05
401585115,2024-01-06T01:30Z,2024,regular-season,DAL,POR,139,103,2024-01-05
401585116,2024-01-06T02:00Z,2024,regular-season,DEN,ORL,120,122,2024-01-05
401585117,2024-01-06T02:00Z,2024,regular-season,PHX,MIA,113,97,2024-01-05
401585118,2024-01-06T03:00Z,2024,regular-season,GSW,DET,113,109,2024-01-05
401585119,2024-01-06T03:00Z,2024,regular-season,LAL,MEM,113,127,2024-01-05
401585120,2024-01-06T03:00Z,2024,regular-season,SAC,TOR,135,130,2024-01-05
401585121,2024-01-07T00:00Z,2024,regular-season,IND,BOS,101,118,2024-01-06
401585122,2024-01-07T00:00Z,2024,regular-season,WAS,NYK,105,121,2024-01-06
401585123,2024-01-07T00:30Z,2024,regular-season,PHI,UTA,109,120,2024-01-06
401585124,2024-01-07T01:00Z,2024,regular-season,HOU,MIL,112,108,2024-01-06
401585125,2024-01-07T18:00Z,2024,regular-season,CLE,SAS,117,115,2024-01-07
401585126,2024-01-07T20:00Z,2024,regular-season,BKN,POR,127,134,2024-01-07
401585127,2024-01-07T23:00Z,2024,regular-season,ORL,ATL,117,110,2024-01-07
401585128,2024-01-07T23:00Z,2024,regular-season,SAC,NOP,100,133,2024-01-07
401585129,2024-01-08T00:30Z,2024,regular-season,DAL,MIN,115,108,2024-01-07
401585130,2024-01-08T01:00Z,2024,regular-season,DEN,DET,131,114,2024-01-07
401585131,2024-01-08T01:00Z,2024,regular-season,PHX,MEM,115,121,2024-01-07
401585132,2024-01-08T01:30Z,2024,regular-season,GSW,TOR,118,133,2024-01-07
401585133,2024-01-08T02:30Z,2024,regular-season,LAL,LAC,106,103,2024-01-07
401585134,2024-01-09T00:00Z,2024,regular-season,CHA,CHI,112,119,2024-01-08
401585135,2024-01-09T00:00Z,2024,regular-season,IND,BOS,133,131,2024-01-08
401585136,2024-01-09T00:00Z,2024,regular-season,WAS,OKC,128,136,2024-01-08
401585137,2024-01-09T00:30Z,2024,regular-season,MIA,HOU,120,113,2024-01-08
401585138,2024-01-09T01:00Z,2024,regular-season,MIL,UTA,116,132,2024-01-08
401585139,2024-01-09T03:30Z,2024,regular-season,LAC,PHX,138,111,2024-01-08
401585140,2024-01-10T00:00Z,2024,regular-season,DET,SAC,110,131,2024-01-09
401585141,2024-01-10T00:00Z,2024,regular-season,ORL,MIN,92,113,2024-01-09
401585142,2024-01-10T00:30Z,2024,regular-season,NYK,POR,112,84,2024-01-09
401585143,2024-01-10T01:30Z,2024,regular-season,DAL,MEM,103,120,2024-01-09
401585144,2024-01-10T03:30Z,2024,regular-season,LAL,TOR,132,131,2024-01-09
401585145,2024-01-11T00:00Z,2024,regular-season,BOS,MIN,127,120,2024-01-10
401585146,2024-01-11T00:00Z,2024,regular-season,CHA,SAC,98,123,2024-01-10
401585147,2024-01-11T00:00Z,2024,regular-season,DET,SAS,108,130,2024-01-10
401585148,2024-01-11T00:00Z,2024,regular-season,IND,WAS,112,104,2024-01-10
401585149,2024-01-11T00:30Z,2024,regular-season,ATL,PHI,139,132,2024-01-10
401585150,2024-01-11T00:30Z,2024,regular-season,MIA,OKC,120,128,2024-01-10
401585151,2024-01-11T01:00Z,2024,regular-season,CHI,HOU,124,119,2024-01-10
401585153,2024-01-11T01:30Z,2024,regular-season,GSW,NOP,105,141,2024-01-10
401585152,2024-01-11T03:00Z,2024,regular-season,UTA,DEN,124,111,2024-01-10
401585154,2024-01-11T03:30Z,2024,regular-season,LAC,TOR,126,120,2024-01-10
401585155,2024-01-11T19:00Z,2024,regular-season,CLE,BKN,111,102,2024-01-11
401585156,2024-01-12T00:30Z,2024,regular-season,MIL,BOS,135,102,2024-01-11
401585157,2024-01-12T01:00Z,2024,regular-season,OKC,POR,139,77,2024-01-11
401585158,2024-01-12T01:30Z,2024,regular-season,DAL,NYK,128,124,2024-01-11
401585159,2024-01-12T03:00Z,2024,regular-season,LAL,PHX,109,127,2024-01-11
401585160,2024-01-13T00:30Z,2024,regular-season,PHI,SAC,112,93,2024-01-12
401585161,2024-01-13T00:30Z,2024,regular-season,ATL,IND,108,126,2024-01-12
401585162,2024-01-13T00:30Z,2024,regular-season,DET,HOU,110,112,2024-01-12
401585163,2024-01-13T01:00Z,2024,regular-season,MIA,ORL,99,96,2024-01-12
401585164,2024-01-13T01:00Z,2024,regular-season,CHI,GSW,131,140,2024-01-12
401585165,2024-01-13T01:00Z,2024,regular-season,MEM,LAC,119,128,2024-01-12
401585166,2024-01-13T01:00Z,2024,regular-season,MIN,POR,116,93,2024-01-12
401585169,2024-01-13T01:00Z,2024,regular-season,SAS,CHA,135,99,2024-01-12
401585168,2024-01-13T02:30Z,2024,regular-season,UTA,TOR,145,113,2024-01-12
401585167,2024-01-13T03:00Z,2024,regular-season,DEN,NOP,125,113,2024-01-12
401585170,2024-01-14T00:00Z,2024,regular-season,BOS,HOU,145,113,2024-01-13
401585171,2024-01-14T00:30Z,2024,regular-season,ATL,WAS,99,127,2024-01-13
401585172,2024-01-14T01:00Z,2024,regular-season,MEM,NYK,94,106,2024-01-13
401585173,2024-01-14T01:00Z,2024,regular-season,MIL,GSW,129,118,2024-01-13
401585174,2024-01-14T01:00Z,2024,regular-season,OKC,ORL,112,100,2024-01-13
401585175,2024-01-14T01:30Z,2024,regular-season,DAL,NOP,108,118,2024-01-13
401585176,2024-01-14T01:30Z,2024,regular-season,SAS,CHI,116,122,2024-01-13
401585177,2024-01-14T02:30Z,2024,regular-season,UTA,LAL,132,125,2024-01-13
401585178,2024-01-14T20:30Z,2024,regular-season,DEN,IND,117,109,2024-01-14
401585179,2024-01-14T23:00Z,2024,regular-season,MIA,CHA,104,87,2024-01-14
401585180,2024-01-15T00:00Z,2024,regular-season,MIL,SAC,143,142,2024-01-14
401585181,2024-01-15T00:00Z,2024,regular-season,MIN,LAC,109,105,2024-01-14
401585182,2024-01-15T02:00Z,2024,regular-season,POR,PHX,116,127,2024-01-14
401585183,2024-01-15T18:00Z,2024,regular-season,PHI,HOU,124,115,2024-01-15
401585184,2024-01-15T19:30Z,2024,regular-season,DAL,NOP,125,120,2024-01-15
401585185,2024-01-15T20:00Z,2024,regular-season,NYK,ORL,94,98,2024-01-15
401585186,2024-01-15T20:00Z,2024,regular-season,WAS,DET,117,129,2024-01-15
401585187,2024-01-15T20:30Z,2024,regular-season,ATL,SAS,109,99,2024-01-15
401585188,2024-01-15T23:00Z,2024,regular-season,MEM,GSW,116,107,2024-01-15
401585189,2024-01-16T00:00Z,2024,regular-season,CLE,CHI,109,91,2024-01-15
401585190,2024-01-16T00:30Z,2024,regular-season,BKN,MIA,95,96,2024-01-15
401585191,2024-01-16T00:30Z,2024,regular-season,TOR,BOS,96,105,2024-01-15
401585192,2024-01-16T02:00Z,2024,regular-season,UTA,IND,132,105,2024-01-15
401585193,2024-01-16T03:30Z,2024,regular-season,LAL,OKC,112,105,2024-01-15
401585194,2024-01-17T00:30Z,2024,regular-season,PHI,DEN,126,121,2024-01-16
401585195,2024-01-17T02:00Z,2024,regular-season,PHX,SAC,119,117,2024-01-16
401585196,2024-01-17T03:00Z,2024,regular-season,LAC,OKC,128,117,2024-01-16
401585197,2024-01-18T00:00Z,2024,regular-season,DET,MIN,117,124,2024-01-17
401585198,2024-01-18T00:30Z,2024,regular-season,ATL,ORL,106,104,2024-01-17
401585199,2024-01-18T00:30Z,2024,regular-season,BOS,SAS,117,98,2024-01-17
401585200,2024-01-18T00:30Z,2024,regular-season,CLE,MIL,135,95,2024-01-17
401585201,2024-01-18T00:30Z,2024,regular-season,NYK,HOU,109,94,2024-01-17
401585202,2024-01-18T00:30Z,2024,regular-season,TOR,MIA,121,97,2024-01-17
401585203,2024-01-18T01:00Z,2024,regular-season,NOP,CHA,132,112,2024-01-17
401585205,2024-01-18T01:30Z,2024,regular-season,LAL,DAL,127,110,2024-01-17
401585206,2024-01-18T03:00Z,2024,regular-season,POR,BKN,105,103,2024-01-17
401585207,2024-01-19T00:30Z,2024,regular-season,NYK,WAS,113,109,2024-01-18
401585208,2024-01-19T00:30Z,2024,regular-season,TOR,CHI,110,116,2024-01-18
401585209,2024-01-19T02:00Z,2024,regular-season,UTA,OKC,129,134,2024-01-18
401585210,2024-01-19T03:00Z,2024,regular-season,MIN,MEM,118,103,2024-01-18
401585211,2024-01-19T03:00Z,2024,regular-season,SAC,IND,121,126,2024-01-18
401585212,2024-01-20T00:00Z,2024,regular-season,CHA,SAS,124,120,2024-01-19
401585213,2024-01-20T00:00Z,2024,regular-season,ORL,PHI,109,124,2024-01-19
401585214,2024-01-20T00:30Z,2024,regular-season,BOS,DEN,100,102,2024-01-19
401585215,2024-01-20T01:00Z,2024,regular-season,MIA,ATL,108,109,2024-01-19
401585216,2024-01-20T01:00Z,2024,regular-season,NOP,PHX,109,123,2024-01-19
401585218,2024-01-20T03:00Z,2024,regular-season,POR,IND,118,115,2024-01-19
401585219,2024-01-20T03:30Z,2024,regular-season,LAL,BKN,112,130,2024-01-19
401585220,2024-01-20T20:00Z,2024,regular-season,DET,MIL,135,141,2024-01-20
401585221,2024-01-21T00:00Z,2024,regular-season,CHA,PHI,89,97,2024-01-20
401585222,2024-01-21T00:00Z,2024,regular-season,WAS,SAS,127,131,2024-01-20
401585223,2024-01-21T00:30Z,2024,regular-season,ATL,CLE,95,116,2024-01-20
401585224,2024-01-21T00:30Z,2024,regular-season,NYK,TOR,126,100,2024-01-20
401585225,2024-01-21T01:00Z,2024,regular-season,CHI,MEM,125,96,2024-01-20
401585226,2024-01-21T01:00Z,2024,regular-season,HOU,UTA,127,126,2024-01-20
401585227,2024-01-21T01:00Z,2024,regular-season,MIN,OKC,97,102,2024-01-20
401585228,2024-01-21T20:30Z,2024,regular-season,LAC,BKN,125,114,2024-01-21
401585229,2024-01-21T23:00Z,2024,regular-season,ORL,MIA,105,87,2024-01-21
401585230,2024-01-21T23:00Z,2024,regular-season,WAS,DEN,104,113,2024-01-21
401585231,2024-01-22T00:00Z,2024,regular-season,HOU,BOS,107,116,2024-01-21
401585232,2024-01-22T01:00Z,2024,regular-season,PHX,IND,117,110,2024-01-21
401585233,2024-01-22T03:00Z,2024,regular-season,LAL,POR,134,110,2024-01-21
401585234,2024-01-23T00:00Z,2024,regular-season,DET,MIL,113,122,2024-01-22
401585235,2024-01-23T00:00Z,2024,regular-season,ORL,CLE,99,126,2024-01-22
401585236,2024-01-23T00:00Z,2024,regular-season,PHI,SAS,133,123,2024-01-22
401585237,2024-01-23T00:30Z,2024,regular-season,TOR,MEM,100,108,2024-01-22
401585238,2024-01-23T01:00Z,2024,regular-season,MIN,CHA,125,128,2024-01-22
401585239,2024-01-23T01:30Z,2024,regular-season,DAL,BOS,110,119,2024-01-22
401585240,2024-01-23T02:00Z,2024,regular-season,PHX,CHI,115,113,2024-01-22
401585241,2024-01-23T03:00Z,2024,regular-season,SAC,ATL,122,107,2024-01-22
401585242,2024-01-24T00:00Z,2024,regular-season,IND,DEN,109,114,2024-01-23
401585243,2024-01-24T00:30Z,2024,regular-season,BKN,NYK,103,108,2024-01-23
401585244,2024-01-24T01:00Z,2024,regular-season,NOP,UTA,153,124,2024-01-23
401585245,2024-01-24T01:00Z,2024,regular-season,OKC,POR,111,109,2024-01-23
401585246,2024-01-24T03:00Z,2024,regular-season,LAC,LAL,127,116,2024-01-23
401585247,2024-01-25T00:00Z,2024,regular-season,DET,CHA,113,106,2024-01-24
401585248,2024-01-25T00:00Z,2024,regular-season,WAS,MIN,107,118,2024-01-24
401585249,2024-01-25T00:30Z,2024,regular-season,MIA,MEM,96,105,2024-01-24
401585251,2024-01-25T01:00Z,2024,regular-season,HOU,POR,131,137,2024-01-24
401585252,2024-01-25T01:00Z,2024,regular-season,MIL,CLE,126,116,2024-01-24
401585253,2024-01-25T01:30Z,2024,regular-season,DAL,PHX,109,132,2024-01-24
401585250,2024-01-25T02:30Z,2024,regular-season,SAS,OKC,114,140,2024-01-24
401585254,2024-01-25T03:00Z,2024,regular-season,GSW,ATL,134,112,2024-01-24
401585255,2024-01-26T00:00Z,2024,regular-season,IND,PHI,134,122,2024-01-25
401585256,2024-01-26T00:00Z,2024,regular-season,WAS,UTA,108,123,2024-01-25
401585257,2024-01-26T00:30Z,2024,regular-season,BKN,MIN,94,96,2024-01-25
401585258,2024-01-26T00:30Z,2024,regular-season,MIA,BOS,110,143,2024-01-25
401585259,2024-01-26T00:30Z,2024,regular-season,NYK,DEN,122,84,2024-01-25
401585260,2024-01-26T03:00Z,2024,regular-season,GSW,SAC,133,134,2024-01-25
401585261,2024-01-26T03:30Z,2024,regular-season,LAL,CHI,141,132,2024-01-25
401585262,2024-01-27T00:00Z,2024,regular-season,ATL,DAL,143,148,2024-01-26
401585263,2024-01-27T00:00Z,2024,regular-season,CHA,HOU,104,138,2024-01-26
401585264,2024-01-27T00:00Z,2024,regular-season,IND,PHX,133,131,2024-01-26
401585265,2024-01-27T00:30Z,2024,regular-season,TOR,LAC,107,127,2024-01-26
401585266,2024-01-27T01:00Z,2024,regular-season,MEM,ORL,107,106,2024-01-26
401585267,2024-01-27T01:00Z,2024,regular-season,MIL,CLE,100,112,2024-01-26
401585268,2024-01-27T01:00Z,2024,regular-season,NOP,OKC,83,107,2024-01-26
401585269,2024-01-27T02:30Z,2024,regular-season,SAS,POR,116,100,2024-01-26
401585270,2024-01-27T17:00Z,2024,regular-season,DET,WAS,104,118,2024-01-27
401585271,2024-01-27T20:00Z,2024,regular-season,NYK,MIA,125,109,2024-01-27
401585272,2024-01-27T22:30Z,2024,regular-season,DEN,PHI,111,105,2024-01-27
401585273,2024-01-27T23:00Z,2024,regular-season,BKN,HOU,106,104,2024-01-27
401585274,2024-01-28T00:00Z,2024,regular-season,BOS,LAC,96,115,2024-01-27
401585275,2024-01-28T00:00Z,2024,regular-season,CHA,UTA,122,134,2024-01-27
401585276,2024-01-28T01:00Z,2024,regular-season,MIL,NOP,141,117,2024-01-27
401585277,2024-01-28T01:30Z,2024,regular-season,SAS,MIN,113,112,2024-01-27
401585278,2024-01-28T01:30Z,2024,regular-season,GSW,LAL,144,145,2024-01-27
401585279,2024-01-28T02:00Z,2024,regular-season,DAL,SAC,115,120,2024-01-27
401585282,2024-01-28T19:00Z,2024,regular-season,DET,OKC,120,104,2024-01-28
401585280,2024-01-28T20:30Z,2024,regular-season,IND,MEM,116,110,2024-01-28
401585281,2024-01-28T23:00Z,2024,regular-season,ATL,TOR,126,125,2024-01-28
401585283,2024-01-28T23:00Z,2024,regular-season,ORL,PHX,113,98,2024-01-28
401585284,2024-01-29T02:00Z,2024,regular-season,POR,CHI,96,104,2024-01-28
401585285,2024-01-30T00:00Z,2024,regular-season,CHA,NYK,92,113,2024-01-29
401585286,2024-01-30T00:00Z,2024,regular-season,CLE,LAC,118,108,2024-01-29
401585287,2024-01-30T00:30Z,2024,regular-season,BOS,NOP,118,112,2024-01-29
401585288,2024-01-30T00:30Z,2024,regular-season,BKN,UTA,147,114,2024-01-29
401585289,2024-01-30T00:30Z,2024,regular-season,MIA,PHX,105,118,2024-01-29
401585290,2024-01-30T01:00Z,2024,regular-season,HOU,LAL,135,119,2024-01-29
401585291,2024-01-30T01:00Z,2024,regular-season,MEM,SAC,94,103,2024-01-29
401585292,2024-01-30T01:00Z,2024,regular-season,OKC,MIN,101,107,2024-01-29
401585293,2024-01-30T01:00Z,2024,regular-season,SAS,WAS,113,118,2024-01-29
401585294,2024-01-30T01:30Z,2024,regular-season,DAL,ORL,131,129,2024-01-29
401585295,2024-01-30T02:00Z,2024,regular-season,DEN,MIL,113,107,2024-01-29
401585296,2024-01-30T03:00Z,2024,regular-season,POR,PHI,130,104,2024-01-29
401585297,2024-01-31T00:30Z,2024,regular-season,ATL,LAL,138,122,2024-01-30
401585298,2024-01-31T00:30Z,2024,regular-season,BOS,IND,129,124,2024-01-30
401585299,2024-01-31T00:30Z,2024,regular-season,NYK,UTA,118,103,2024-01-30
401585300,2024-01-31T01:00Z,2024,regular-season,CHI,TOR,107,118,2024-01-30
401585301,2024-01-31T03:00Z,2024,regular-season,GSW,PHI,119,107,2024-01-30
401585302,2024-02-01T00:00Z,2024,regular-season,CHA,CHI,110,117,2024-01-31
401585303,2024-02-01T00:00Z,2024,regular-season,CLE,DET,128,121,2024-01-31
401585304,2024-02-01T00:00Z,2024,regular-season,WAS,LAC,109,125,2024-01-31
401585306,2024-02-01T00:30Z,2024,regular-season,MIA,SAC,115,106,2024-01-31
401585307,2024-02-01T01:00Z,2024,regular-season,HOU,NOP,99,110,2024-01-31
401585308,2024-02-01T01:00Z,2024,regular-season,MIN,DAL,121,87,2024-01-31
401585309,2024-02-01T01:00Z,2024,regular-season,SAS,ORL,98,108,2024-01-31
401585310,2024-02-01T01:00Z,2024,regular-season,OKC,DEN,105,100,2024-01-31
401585305,2024-02-01T01:30Z,2024,regular-season,BKN,PHX,120,136,2024-01-31
401585311,2024-02-01T03:00Z,2024,regular-season,POR,MIL,119,116,2024-01-31
401585312,2024-02-02T00:30Z,2024,regular-season,BOS,LAL,105,114,2024-02-01
401585313,2024-02-02T00:30Z,2024,regular-season,NYK,IND,109,105,2024-02-01
401585315,2024-02-02T01:00Z,2024,regular-season,MEM,CLE,101,108,2024-02-01
401585314,2024-02-02T03:00Z,2024,regular-season,UTA,PHI,124,127,2024-02-01
401585316,2024-02-03T00:00Z,2024,regular-season,DET,LAC,125,136,2024-02-02
401585317,2024-02-03T00:00Z,2024,regular-season,WAS,MIA,102,110,2024-02-02
401585318,2024-02-03T00:30Z,2024,regular-season,ATL,PHX,129,120,2024-02-02
401585319,2024-02-03T00:30Z,2024,regular-season,IND,SAC,122,133,2024-02-02
401585320,2024-02-03T01:00Z,2024,regular-season,HOU,TOR,135,106,2024-02-02
401585321,2024-02-03T01:00Z,2024,regular-season,MEM,GSW,101,121,2024-02-02
401585322,2024-02-03T01:00Z,2024,regular-season,MIN,ORL,106,108,2024-02-02
401585323,2024-02-03T01:00Z,2024,regular-season,OKC,CHA,126,106,2024-02-02
401585324,2024-02-03T01:00Z,2024,regular-season,SAS,NOP,113,114,2024-02-02
401585325,2024-02-03T02:00Z,2024,regular-season,DEN,POR,120,108,2024-02-02
401585326,2024-02-03T23:00Z,2024,regular-season,PHI,BKN,121,136,2024-02-03
401585327,2024-02-04T00:30Z,2024,regular-season,ATL,GSW,141,134,2024-02-03
401585328,2024-02-04T01:00Z,2024,regular-season,CHI,SAC,115,123,2024-02-03
401585329,2024-02-04T01:30Z,2024,regular-season,NYK,LAL,105,113,2024-02-03
401585330,2024-02-04T01:30Z,2024,regular-season,DAL,MIL,117,129,2024-02-03
401585331,2024-02-04T01:30Z,2024,regular-season,SAS,CLE,101,117,2024-02-03
401585332,2024-02-04T20:00Z,2024,regular-season,DET,ORL,99,111,2024-02-04
401585333,2024-02-04T20:30Z,2024,regular-season,WAS,PHX,112,140,2024-02-04
401585334,2024-02-04T23:00Z,2024,regular-season,BOS,MEM,131,91,2024-02-04
401585335,2024-02-04T23:00Z,2024,regular-season,CHA,IND,99,115,2024-02-04
401585336,2024-02-04T23:17Z,2024,regular-season,MIA,LAC,95,103,2024-02-04
401585337,2024-02-05T00:00Z,2024,regular-season,MIN,HOU,111,90,2024-02-04
401585338,2024-02-05T00:00Z,2024,regular-season,OKC,TOR,135,127,2024-02-04
401585339,2024-02-05T01:00Z,2024,regular-season,UTA,MIL,123,108,2024-02-04
401585340,2024-02-05T01:30Z,2024,regular-season,DEN,POR,112,103,2024-02-04
401585341,2024-02-06T00:00Z,2024,regular-season,CHA,LAL,118,124,2024-02-05
401585342,2024-02-06T00:00Z,2024,regular-season,CLE,SAC,136,110,2024-02-05
401585343,2024-02-06T00:00Z,2024,regular-season,PHI,DAL,102,118,2024-02-05
401585344,2024-02-06T00:30Z,2024,regular-season,ATL,LAC,144,149,2024-02-05
401585345,2024-02-06T00:30Z,2024,regular-season,BKN,GSW,98,109,2024-02-05
401585346,2024-02-06T01:00Z,2024,regular-season,NOP,TOR,138,100,2024-02-05
401585347,2024-02-07T00:00Z,2024,regular-season,IND,HOU,132,129,2024-02-06
401585348,2024-02-07T00:30Z,2024,regular-season,BKN,DAL,107,119,2024-02-06
401585349,2024-02-07T00:30Z,2024,regular-season,MIA,ORL,121,95,2024-02-06
401585350,2024-02-07T00:30Z,2024,regular-season,NYK,MEM,123,113,2024-02-06
401585351,2024-02-07T01:00Z,2024,regular-season,CHI,MIN,129,123,2024-02-06
401585352,2024-02-07T02:00Z,2024,regular-season,UTA,OKC,124,117,2024-02-06
401585353,2024-02-07T03:00Z,2024,regular-season,PHX,MIL,114,106,2024-02-06
401585354,2024-02-08T00:00Z,2024,regular-season,CHA,TOR,117,123,2024-02-07
401585356,2024-02-08T00:00Z,2024,regular-season,WAS,CLE,106,114,2024-02-07
401585355,2024-02-08T00:30Z,2024,regular-season,PHI,GSW,104,127,2024-02-07
401585357,2024-02-08T00:30Z,2024,regular-season,BOS,ATL,125,117,2024-02-07
401585358,2024-02-08T00:30Z,2024,regular-season,MIA,SAS,116,104,2024-02-07
401585359,2024-02-08T03:00Z,2024,regular-season,LAC,NOP,106,117,2024-02-07
401585360,2024-02-08T03:00Z,2024,regular-season,SAC,DET,120,133,2024-02-07
401585361,2024-02-09T00:00Z,2024,regular-season,IND,GSW,109,131,2024-02-08
401585362,2024-02-09T00:00Z,2024,regular-season,ORL,SAS,127,111,2024-02-08
401585363,2024-02-09T00:30Z,2024,regular-season,BKN,CLE,95,118,2024-02-08
401585364,2024-02-09T00:30Z,2024,regular-season,NYK,DAL,108,122,2024-02-08
401585365,2024-02-09T01:00Z,2024,regular-season,MEM,CHI,110,118,2024-02-08
401585366,2024-02-09T01:00Z,2024,regular-season,MIL,MIN,105,129,2024-02-08
401585367,2024-02-09T02:00Z,2024,regular-season,PHX,UTA,129,115,2024-02-08
401585368,2024-02-09T03:00Z,2024,regular-season,LAL,DEN,106,114,2024-02-08
401585369,2024-02-09T03:00Z,2024,regular-season,POR,DET,122,128,2024-02-08
401585370,2024-02-10T00:00Z,2024,regular-season,PHI,ATL,121,127,2024-02-09
401585371,2024-02-10T00:30Z,2024,regular-season,BOS,WAS,133,129,2024-02-09
401585372,2024-02-10T00:30Z,2024,regular-season,TOR,HOU,107,104,2024-02-09
401585373,2024-02-10T01:00Z,2024,regular-season,MIL,CHA,120,84,2024-02-09
401585374,2024-02-10T03:00Z,2024,regular-season,SAC,DEN,135,106,2024-02-09
401585375,2024-02-10T03:30Z,2024,regular-season,LAL,NOP,139,122,2024-02-09
401585376,2024-02-10T20:00Z,2024,regular-season,DAL,OKC,146,111,2024-02-10
401585377,2024-02-10T20:30Z,2024,regular-season,LAC,DET,112,106,2024-02-10
401585378,2024-02-10T23:00Z,2024,regular-season,BKN,SAS,123,103,2024-02-10
401585379,2024-02-11T00:00Z,2024,regular-season,CHA,MEM,115,106,2024-02-10
401585380,2024-02-11T00:00Z,2024,regular-season,ORL,CHI,114,108,2024-02-10
401585381,2024-02-11T00:00Z,2024,regular-season,WAS,PHI,113,119,2024-02-10
401585382,2024-02-11T00:30Z,2024,regular-season,ATL,HOU,122,113,2024-02-10
401585383,2024-02-11T00:30Z,2024,regular-season,NYK,IND,111,125,2024-02-10
401585384,2024-02-11T00:30Z,2024,regular-season,TOR,CLE,95,119,2024-02-10
401585385,2024-02-11T01:30Z,2024,regular-season,GSW,PHX,113,112,2024-02-10
401585386,2024-02-11T03:00Z,2024,regular-season,POR,NOP,84,93,2024-02-10
401585387,2024-02-11T19:00Z,2024,regular-season,MIA,BOS,106,110,2024-02-11
401585388,2024-02-11T20:00Z,2024,regular-season,OKC,SAC,127,113,2024-02-11
401585389,2024-02-13T00:00Z,2024,regular-season,CHA,IND,111,102,2024-02-12
401585390,2024-02-13T00:00Z,2024,regular-season,CLE,PHI,121,123,2024-02-12
401585391,2024-02-13T00:30Z,2024,regular-season,ATL,CHI,126,136,2024-02-12
401585392,2024-02-13T00:30Z,2024,regular-season,TOR,SAS,99,122,2024-02-12
401585393,2024-02-13T01:00Z,2024,regular-season,HOU,NYK,105,103,2024-02-12
401585394,2024-02-13T01:00Z,2024,regular-season,MEM,NOP,87,96,2024-02-12
401585395,2024-02-13T01:00Z,2024,regular-season,MIL,DEN,112,95,2024-02-12
401585396,2024-02-13T01:30Z,2024,regular-season,DAL,WAS,112,104,2024-02-12
401585397,2024-02-13T02:00Z,2024,regular-season,UTA,GSW,107,129,2024-02-12
401585398,2024-02-13T03:30Z,2024,regular-season,LAC,MIN,100,121,2024-02-12
401585399,2024-02-14T00:30Z,2024,regular-season,BKN,BOS,110,118,2024-02-13
401585400,2024-02-14T00:30Z,2024,regular-season,ORL,OKC,113,127,2024-02-13
401585401,2024-02-14T01:00Z,2024,regular-season,MIL,MIA,97,123,2024-02-13
401585402,2024-02-14T03:00Z,2024,regular-season,PHX,SAC,130,125,2024-02-13
401585403,2024-02-14T03:00Z,2024,regular-season,POR,MIN,109,121,2024-02-13
401585404,2024-02-14T03:30Z,2024,regular-season,LAL,DET,125,111,2024-02-13
401585405,2024-02-15T00:00Z,2024,regular-season,CHA,ATL,122,99,2024-02-14
401585406,2024-02-15T00:00Z,2024,regular-season,ORL,NYK,118,100,2024-02-14
401585407,2024-02-15T00:00Z,2024,regular-season,PHI,MIA,104,109,2024-02-14
401585408,2024-02-15T00:30Z,2024,regular-season,BOS,BKN,136,86,2024-02-14
401585409,2024-02-15T00:30Z,2024,regular-season,CLE,CHI,108,105,2024-02-14
401585410,2024-02-15T00:30Z,2024,regular-season,TOR,IND,125,127,2024-02-14
401585411,2024-02-15T01:00Z,2024,regular-season,MEM,HOU,121,113,2024-02-14
401585412,2024-02-15T01:00Z,2024,regular-season,NOP,WAS,133,126,2024-02-14
401585413,2024-02-15T01:30Z,2024,regular-season,DAL,SAS,116,93,2024-02-14
401585414,2024-02-15T02:00Z,2024,regular-season,DEN,SAC,98,102,2024-02-14
401585415,2024-02-15T02:00Z,2024,regular-season,PHX,DET,116,100,2024-02-14
401585416,2024-02-15T02:00Z,2024,regular-season,UTA,LAL,122,138,2024-02-14
401585417,2024-02-15T03:00Z,2024,regular-season,GSW,LAC,125,130,2024-02-14
401585418,2024-02-16T01:30Z,2024,regular-season,MEM,MIL,113,110,2024-02-15
401636113,2024-02-16T02:00Z,2024,regular-season,UTA,GSW,137,140,2024-02-15
401585419,2024-02-16T03:00Z,2024,regular-season,POR,MIN,91,128,2024-02-15
401623259,2024-02-19T01:00Z,2024,regular-season,EAST,WEST,211,186,2024-02-18
401585420,2024-02-23T00:00Z,2024,regular-season,CLE,ORL,109,116,2024-02-22
401585421,2024-02-23T00:00Z,2024,regular-season,IND,DET,129,115,2024-02-22
401585422,2024-02-23T00:00Z,2024,regular-season,PHI,NYK,96,110,2024-02-22
401585423,2024-02-23T00:00Z,2024,regular-season,TOR,BKN,121,93,2024-02-22
401585424,2024-02-23T00:30Z,2024,regular-season,DAL,PHX,123,113,2024-02-22
401585425,2024-02-23T01:00Z,2024,regular-season,CHI,BOS,112,129,2024-02-22
401585426,2024-02-23T01:00Z,2024,regular-season,NOP,HOU,127,105,2024-02-22
401585427,2024-02-23T01:00Z,2024,regular-season,OKC,LAC,129,107,2024-02-22
401585428,2024-02-23T02:00Z,2024,regular-season,DEN,WAS,130,110,2024-02-22
401585429,2024-02-23T02:00Z,2024,regular-season,UTA,CHA,107,115,2024-02-22
401585430,2024-02-23T03:00Z,2024,regular-season,GSW,LAL,128,110,2024-02-22
401585431,2024-02-23T03:00Z,2024,regular-season,SAC,SAS,127,122,2024-02-22
401585432,2024-02-24T00:30Z,2024,regular-season,ATL,TOR,121,123,2024-02-23
401585433,2024-02-24T00:30Z,2024,regular-season,PHI,CLE,104,97,2024-02-23
401585434,2024-02-24T01:00Z,2024,regular-season,HOU,PHX,114,110,2024-02-23
401585435,2024-02-24T01:00Z,2024,regular-season,MEM,LAC,95,101,2024-02-23
401585437,2024-02-24T01:00Z,2024,regular-season,OKC,WAS,147,106,2024-02-23
401585438,2024-02-24T01:00Z,2024,regular-season,NOP,MIA,95,106,2024-02-23
401585436,2024-02-24T03:00Z,2024,regular-season,MIN,MIL,107,112,2024-02-23
401585439,2024-02-24T03:00Z,2024,regular-season,GSW,CHA,97,84,2024-02-23
401585440,2024-02-24T03:00Z,2024,regular-season,POR,DEN,112,127,2024-02-23
401585441,2024-02-24T03:30Z,2024,regular-season,LAL,SAS,123,118,2024-02-23
401585442,2024-02-25T01:00Z,2024,regular-season,DET,ORL,109,112,2024-02-24
401585444,2024-02-25T01:30Z,2024,regular-season,NYK,BOS,102,116,2024-02-24
401585443,2024-02-25T02:00Z,2024,regular-season,MIN,BKN,101,86,2024-02-24
401585445,2024-02-25T18:00Z,2024,regular-season,PHI,MIL,98,119,2024-02-25
401585446,2024-02-25T20:30Z,2024,regular-season,PHX,LAL,123,113,2024-02-25
401585447,2024-02-25T22:00Z,2024,regular-season,IND,DAL,133,111,2024-02-25
401585448,2024-02-25T23:00Z,2024,regular-season,WAS,CLE,105,114,2024-02-25
401585449,2024-02-26T00:00Z,2024,regular-season,ATL,ORL,109,92,2024-02-25
401585450,2024-02-26T00:00Z,2024,regular-season,HOU,OKC,110,123,2024-02-25
401585451,2024-02-26T00:00Z,2024,regular-season,NOP,CHI,106,114,2024-02-25
401585452,2024-02-26T00:00Z,2024,regular-season,GSW,DEN,103,119,2024-02-25
401585453,2024-02-26T01:00Z,2024,regular-season,UTA,SAS,128,109,2024-02-25
401585454,2024-02-26T02:00Z,2024,regular-season,POR,CHA,80,93,2024-02-25
401585455,2024-02-26T02:30Z,2024,regular-season,LAC,SAC,107,123,2024-02-25
401585457,2024-02-27T00:00Z,2024,regular-season,IND,TOR,122,130,2024-02-26
401585456,2024-02-27T00:30Z,2024,regular-season,NYK,DET,113,111,2024-02-26
401585458,2024-02-27T01:00Z,2024,regular-season,MEM,BKN,86,111,2024-02-26
401585459,2024-02-27T03:00Z,2024,regular-season,SAC,MIA,110,121,2024-02-26
401585460,2024-02-28T00:00Z,2024,regular-season,CLE,DAL,121,119,2024-02-27
401585461,2024-02-28T00:00Z,2024,regular-season,ORL,BKN,108,81,2024-02-27
401585462,2024-02-28T00:00Z,2024,regular-season,WAS,GSW,112,123,2024-02-27
401585463,2024-02-28T00:30Z,2024,regular-season,ATL,UTA,124,97,2024-02-27
401585464,2024-02-28T00:30Z,2024,regular-season,BOS,PHI,117,99,2024-02-27
401585465,2024-02-28T00:30Z,2024,regular-season,NYK,NOP,92,115,2024-02-27
401585466,2024-02-28T01:00Z,2024,regular-season,MIN,SAS,114,105,2024-02-27
401585467,2024-02-28T01:00Z,2024,regular-season,CHI,DET,95,105,2024-02-27
401585468,2024-02-28T01:00Z,2024,regular-season,MIL,CHA,123,85,2024-02-27
401585469,2024-02-28T03:00Z,2024,regular-season,OKC,HOU,112,95,2024-02-27
401585470,2024-02-28T03:00Z,2024,regular-season,POR,MIA,96,106,2024-02-27
401585471,2024-02-29T00:30Z,2024,regular-season,IND,NOP,123,114,2024-02-28
401585472,2024-02-29T00:30Z,2024,regular-season,TOR,DAL,125,136,2024-02-28
401585473,2024-02-29T01:00Z,2024,regular-season,MIN,MEM,110,101,2024-02-28
401585474,2024-02-29T01:00Z,2024,regular-season,CHI,CLE,132,123,2024-02-28
401585475,2024-02-29T02:00Z,2024,regular-season,DEN,SAC,117,96,2024-02-28
401585476,2024-02-29T03:00Z,2024,regular-season,LAC,LAL,112,116,2024-02-28
401585477,2024-03-01T00:00Z,2024,regular-season,CHA,MIL,99,111,2024-02-29
401585478,2024-03-01T00:00Z,2024,regular-season,ORL,UTA,115,107,2024-02-29
401585479,2024-03-01T00:30Z,2024,regular-season,BKN,ATL,124,97,2024-02-29
401585480,2024-03-01T00:30Z,2024,regular-season,NYK,GSW,99,110,2024-02-29
401585481,2024-03-01T01:30Z,2024,regular-season,SAS,OKC,132,118,2024-02-29
401585482,2024-03-01T02:00Z,2024,regular-season,PHX,HOU,110,105,2024-02-29
401585483,2024-03-01T03:00Z,2024,regular-season,DEN,MIA,103,97,2024-02-29
401585484,2024-03-01T03:30Z,2024,regular-season,LAL,WAS,134,131,2024-02-29
401585485,2024-03-02T00:00Z,2024,regular-season,DET,CLE,100,110,2024-03-01
401585486,2024-03-02T00:00Z,2024,regular-season,PHI,CHA,121,114,2024-03-01
401585487,2024-03-02T00:30Z,2024,regular-season,BOS,DAL,138,110,2024-03-01
401585488,2024-03-02T00:30Z,2024,regular-season,TOR,GSW,105,120,2024-03-01
401585489,2024-03-02T01:00Z,2024,regular-season,MEM,POR,92,122,2024-03-01
401585490,2024-03-02T01:00Z,2024,regular-season,MIN,SAC,120,124,2024-03-01
401585491,2024-03-02T01:00Z,2024,regular-season,NOP,IND,129,102,2024-03-01
401585492,2024-03-02T03:00Z,2024,regular-season,CHI,MIL,97,113,2024-03-01
401585493,2024-03-02T03:30Z,2024,regular-season,LAC,WAS,140,115,2024-03-01
401585494,2024-03-02T20:00Z,2024,regular-season,BKN,ATL,114,102,2024-03-02
401585495,2024-03-02T22:00Z,2024,regular-season,MIA,UTA,126,120,2024-03-02
401585496,2024-03-03T01:00Z,2024,regular-season,MEM,POR,100,107,2024-03-02
401585497,2024-03-03T01:30Z,2024,regular-season,LAL,DEN,114,124,2024-03-02
401585498,2024-03-03T02:00Z,2024,regular-season,PHX,HOU,109,118,2024-03-02
401585499,2024-03-03T18:00Z,2024,regular-season,DAL,PHI,116,120,2024-03-03
401585500,2024-03-03T20:30Z,2024,regular-season,BOS,GSW,140,88,2024-03-03
401585501,2024-03-03T20:30Z,2024,regular-season,MIN,LAC,88,89,2024-03-03
401585502,2024-03-03T23:00Z,2024,regular-season,ORL,DET,113,91,2024-03-03
401585503,2024-03-03T23:00Z,2024,regular-season,TOR,CHA,111,106,2024-03-03
401585504,2024-03-04T00:00Z,2024,regular-season,CLE,NYK,98,107,2024-03-03
401585505,2024-03-04T00:00Z,2024,regular-season,SAS,IND,117,105,2024-03-03
401585506,2024-03-04T02:30Z,2024,regular-season,PHX,OKC,110,118,2024-03-03
401585507,2024-03-05T00:30Z,2024,regular-season,BKN,MEM,102,106,2024-03-04
401585508,2024-03-05T01:00Z,2024,regular-season,MIL,LAC,113,106,2024-03-04
401585509,2024-03-05T01:00Z,2024,regular-season,MIN,POR,119,114,2024-03-04
401585510,2024-03-05T02:00Z,2024,regular-season,UTA,WAS,127,115,2024-03-04
401585511,2024-03-05T03:00Z,2024,regular-season,SAC,CHI,109,113,2024-03-04
401585512,2024-03-05T03:30Z,2024,regular-season,LAL,OKC,116,104,2024-03-04
401585513,2024-03-06T00:00Z,2024,regular-season,CHA,ORL,89,101,2024-03-05
401585514,2024-03-06T00:30Z,2024,regular-season,CLE,BOS,105,104,2024-03-05
401585515,2024-03-06T00:30Z,2024,regular-season,BKN,PHI,112,107,2024-03-05
401585516,2024-03-06T00:30Z,2024,regular-season,MIA,DET,118,110,2024-03-05
401585517,2024-03-06T00:30Z,2024,regular-season,NYK,ATL,100,116,2024-03-05
401585518,2024-03-06T00:30Z,2024,regular-season,TOR,NOP,98,139,2024-03-05
401585519,2024-03-06T01:00Z,2024,regular-season,HOU,SAS,114,101,2024-03-05
401585520,2024-03-06T01:30Z,2024,regular-season,DAL,IND,120,137,2024-03-05
401585521,2024-03-06T03:00Z,2024,regular-season,DEN,PHX,107,117,2024-03-05
401585522,2024-03-07T00:00Z,2024,regular-season,WAS,ORL,109,119,2024-03-06
401585523,2024-03-07T00:30Z,2024,regular-season,ATL,CLE,112,101,2024-03-06
401585524,2024-03-07T00:30Z,2024,regular-season,PHI,MEM,109,115,2024-03-06
401585525,2024-03-07T00:30Z,2024,regular-season,HOU,LAC,116,122,2024-03-06
401585526,2024-03-07T02:00Z,2024,regular-season,UTA,CHI,117,119,2024-03-06
401585527,2024-03-07T03:00Z,2024,regular-season,GSW,MIL,125,90,2024-03-06
401585528,2024-03-07T03:00Z,2024,regular-season,POR,OKC,120,128,2024-03-06
401585529,2024-03-07T03:30Z,2024,regular-season,LAL,SAC,120,130,2024-03-06
401585530,2024-03-08T00:00Z,2024,regular-season,DET,BKN,118,112,2024-03-07
401585531,2024-03-08T00:00Z,2024,regular-season,IND,MIN,111,113,2024-03-07
401585532,2024-03-08T00:30Z,2024,regular-season,DAL,MIA,114,108,2024-03-07
401585533,2024-03-08T02:00Z,2024,regular-season,PHX,TOR,120,113,2024-03-07
401585534,2024-03-08T03:00Z,2024,regular-season,DEN,BOS,115,109,2024-03-07
401585535,2024-03-08T03:00Z,2024,regular-season,GSW,CHI,122,125,2024-03-07
401585536,2024-03-08T03:00Z,2024,regular-season,SAC,SAS,131,129,2024-03-07
401585537,2024-03-09T00:00Z,2024,regular-season,PHI,NOP,95,103,2024-03-08
401585538,2024-03-09T00:00Z,2024,regular-season,WAS,CHA,112,100,2024-03-08
401585539,2024-03-09T00:30Z,2024,regular-season,CLE,MIN,113,104,2024-03-08
401585540,2024-03-09T00:30Z,2024,regular-season,NYK,ORL,98,74,2024-03-08
401585541,2024-03-09T01:00Z,2024,regular-season,MEM,ATL,92,99,2024-03-08
401585542,2024-03-09T01:00Z,2024,regular-season,OKC,MIA,107,100,2024-03-08
401585543,2024-03-09T03:00Z,2024,regular-season,LAL,MIL,123,122,2024-03-08
401585544,2024-03-09T03:00Z,2024,regular-season,POR,HOU,107,123,2024-03-08
401585545,2024-03-09T21:00Z,2024,regular-season,LAC,CHI,112,102,2024-03-09
401585546,2024-03-10T00:00Z,2024,regular-season,CHA,BKN,110,99,2024-03-09
401585547,2024-03-10T00:00Z,2024,regular-season,DET,DAL,124,142,2024-03-09
401585548,2024-03-10T01:30Z,2024,regular-season,PHX,BOS,107,117,2024-03-09
401585549,2024-03-10T01:30Z,2024,regular-season,GSW,SAS,113,126,2024-03-09
401585550,2024-03-10T02:00Z,2024,regular-season,DEN,UTA,142,121,2024-03-09
401585551,2024-03-10T03:00Z,2024,regular-season,POR,TOR,128,118,2024-03-09
401585552,2024-03-10T19:00Z,2024,regular-season,LAC,MIL,117,124,2024-03-10
401585553,2024-03-10T22:00Z,2024,regular-season,ATL,NOP,103,116,2024-03-10
401585554,2024-03-10T22:00Z,2024,regular-season,MIA,WAS,108,110,2024-03-10
401585556,2024-03-10T22:00Z,2024,regular-season,ORL,IND,97,111,2024-03-10
401585557,2024-03-10T22:00Z,2024,regular-season,SAC,HOU,104,112,2024-03-10
401585555,2024-03-10T23:00Z,2024,regular-season,NYK,PHI,73,79,2024-03-10
401585558,2024-03-10T23:00Z,2024,regular-season,CLE,BKN,101,120,2024-03-10
401585559,2024-03-10T23:00Z,2024,regular-season,OKC,MEM,124,93,2024-03-10
401585560,2024-03-11T01:30Z,2024,regular-season,LAL,MIN,120,109,2024-03-10
401585561,2024-03-11T23:00Z,2024,regular-season,DET,CHA,114,97,2024-03-11
401585562,2024-03-11T23:30Z,2024,regular-season,CLE,PHX,111,117,2024-03-11
401585563,2024-03-12T00:00Z,2024,regular-season,CHI,DAL,92,127,2024-03-11
401585564,2024-03-12T00:00Z,2024,regular-season,SAS,GSW,102,112,2024-03-11
401585565,2024-03-12T01:00Z,2024,regular-season,DEN,TOR,125,119,2024-03-11
401585566,2024-03-12T02:30Z,2024,regular-season,POR,BOS,99,121,2024-03-11
401585567,2024-03-12T23:30Z,2024,regular-season,NYK,PHI,106,79,2024-03-12
401585568,2024-03-13T00:00Z,2024,regular-season,MEM,WAS,109,97,2024-03-12
401585569,2024-03-13T00:00Z,2024,regular-season,OKC,IND,111,121,2024-03-12
401585570,2024-03-13T00:30Z,2024,regular-season,SAS,HOU,101,103,2024-03-12
401585571,2024-03-13T01:00Z,2024,regular-season,UTA,BOS,107,123,2024-03-12
401585572,2024-03-13T02:00Z,2024,regular-season,LAC,MIN,100,118,2024-03-12
401585573,2024-03-13T02:00Z,2024,regular-season,SAC,MIL,129,94,2024-03-12
401585574,2024-03-13T23:00Z,2024,regular-season,DET,TOR,113,104,2024-03-13
401585575,2024-03-13T23:00Z,2024,regular-season,ORL,BKN,114,106,2024-03-13
401585576,2024-03-13T23:30Z,2024,regular-season,IND,CHI,129,132,2024-03-13
401585577,2024-03-13T23:30Z,2024,regular-season,MIA,DEN,88,100,2024-03-13
401585578,2024-03-14T00:00Z,2024,regular-season,MEM,CHA,98,110,2024-03-13
401585579,2024-03-14T00:00Z,2024,regular-season,NOP,CLE,95,116,2024-03-13
401585580,2024-03-14T00:30Z,2024,regular-season,DAL,GSW,109,99,2024-03-13
401585581,2024-03-14T02:00Z,2024,regular-season,POR,ATL,106,102,2024-03-13
401585582,2024-03-14T02:00Z,2024,regular-season,SAC,LAL,120,107,2024-03-13
401585583,2024-03-14T23:30Z,2024,regular-season,BOS,PHX,127,112,2024-03-14
401585584,2024-03-15T00:00Z,2024,regular-season,CHI,LAC,111,126,2024-03-14
401585585,2024-03-15T00:00Z,2024,regular-season,HOU,WAS,135,119,2024-03-14
401585586,2024-03-15T00:00Z,2024,regular-season,MIL,PHI,114,105,2024-03-14
401585587,2024-03-15T02:00Z,2024,regular-season,OKC,DAL,126,119,2024-03-14
401585588,2024-03-15T02:00Z,2024,regular-season,POR,NYK,93,105,2024-03-14
401585589,2024-03-15T23:00Z,2024,regular-season,CHA,PHX,96,107,2024-03-15
401585590,2024-03-15T23:00Z,2024,regular-season,DET,MIA,95,108,2024-03-15
401585591,2024-03-15T23:30Z,2024,regular-season,TOR,ORL,103,113,2024-03-15
401585592,2024-03-16T00:00Z,2024,regular-season,NOP,LAC,112,104,2024-03-15
401585593,2024-03-16T00:30Z,2024,regular-season,SAS,DEN,106,117,2024-03-15
401585594,2024-03-16T01:30Z,2024,regular-season,UTA,ATL,124,122,2024-03-15
401585595,2024-03-16T21:00Z,2024,regular-season,HOU,CLE,117,103,2024-03-16
401585596,2024-03-16T23:00Z,2024,regular-season,IND,BKN,121,100,2024-03-16
401585597,2024-03-16T23:00Z,2024,regular-season,PHI,CHA,109,98,2024-03-16
401585598,2024-03-16T23:00Z,2024,regular-season,NOP,POR,126,107,2024-03-16
401585599,2024-03-17T00:00Z,2024,regular-season,CHI,WAS,127,98,2024-03-16
401585600,2024-03-17T00:00Z,2024,regular-season,MEM,OKC,112,118,2024-03-16
401585601,2024-03-17T00:30Z,2024,regular-season,LAL,GSW,121,128,2024-03-16
401585602,2024-03-17T01:30Z,2024,regular-season,UTA,MIN,100,119,2024-03-16
401585603,2024-03-17T02:00Z,2024,regular-season,SAC,NYK,91,98,2024-03-16
401585604,2024-03-17T17:00Z,2024,regular-season,MIL,PHX,140,129,2024-03-17
401585605,2024-03-17T19:00Z,2024,regular-season,DET,MIA,101,104,2024-03-17
401585606,2024-03-17T19:30Z,2024,regular-season,DAL,DEN,107,105,2024-03-17
401585607,2024-03-17T22:00Z,2024,regular-season,ORL,TOR,111,96,2024-03-17
401585608,2024-03-17T22:00Z,2024,regular-season,WAS,BOS,104,130,2024-03-17
401585609,2024-03-17T23:00Z,2024,regular-season,SAS,BKN,122,115,2024-03-17
401585610,2024-03-18T01:30Z,2024,regular-season,LAC,ATL,93,110,2024-03-17
401585611,2024-03-18T23:00Z,2024,regular-season,IND,CLE,103,108,2024-03-18
401585612,2024-03-18T23:30Z,2024,regular-season,BOS,DET,119,94,2024-03-18
401585613,2024-03-18T23:30Z,2024,regular-season,PHI,MIA,98,91,2024-03-18
401585614,2024-03-19T00:00Z,2024,regular-season,CHI,POR,110,107,2024-03-18
401585615,2024-03-19T01:00Z,2024,regular-season,UTA,MIN,104,114,2024-03-18
401585616,2024-03-19T02:00Z,2024,regular-season,GSW,NYK,112,119,2024-03-18
401585617,2024-03-19T02:00Z,2024,regular-season,SAC,MEM,121,111,2024-03-18
401585618,2024-03-19T02:30Z,2024,regular-season,LAL,ATL,136,105,2024-03-18
401585619,2024-03-19T23:00Z,2024,regular-season,ORL,CHA,112,92,2024-03-19
401585620,2024-03-19T23:00Z,2024,regular-season,WAS,HOU,114,137,2024-03-19
401585621,2024-03-19T23:30Z,2024,regular-season,BKN,NOP,91,104,2024-03-19
401585622,2024-03-20T00:00Z,2024,regular-season,SAS,DAL,107,113,2024-03-19
401585623,2024-03-20T01:00Z,2024,regular-season,MIN,DEN,112,115,2024-03-19
401585624,2024-03-20T23:00Z,2024,regular-season,CLE,MIA,104,107,2024-03-20
401585625,2024-03-20T23:00Z,2024,regular-season,DET,IND,103,122,2024-03-20
401585626,2024-03-20T23:30Z,2024,regular-season,BOS,MIL,122,119,2024-03-20
401585627,2024-03-20T23:30Z,2024,regular-season,TOR,SAC,89,123,2024-03-20
401585628,2024-03-21T00:00Z,2024,regular-season,OKC,UTA,119,107,2024-03-20
401585629,2024-03-21T02:00Z,2024,regular-season,GSW,MEM,137,116,2024-03-20
401585630,2024-03-21T02:00Z,2024,regular-season,PHX,PHI,115,102,2024-03-20
401585631,2024-03-21T02:00Z,2024,regular-season,POR,LAC,103,116,2024-03-20
401585632,2024-03-21T23:00Z,2024,regular-season,ORL,NOP,121,106,2024-03-21
401585633,2024-03-21T23:00Z,2024,regular-season,WAS,SAC,109,102,2024-03-21
401585634,2024-03-22T00:00Z,2024,regular-season,HOU,CHI,127,117,2024-03-21
401585635,2024-03-22T00:00Z,2024,regular-season,MIL,BKN,115,108,2024-03-21
401585636,2024-03-22T00:30Z,2024,regular-season,DAL,UTA,113,97,2024-03-21
401585637,2024-03-22T01:00Z,2024,regular-season,DEN,NYK,113,100,2024-03-21
401585638,2024-03-22T02:30Z,2024,regular-season,PHX,ATL,128,115,2024-03-21
401585639,2024-03-22T23:00Z,2024,regular-season,DET,BOS,102,129,2024-03-22
401585640,2024-03-22T23:00Z,2024,regular-season,TOR,OKC,103,123,2024-03-22
401585641,2024-03-23T00:00Z,2024,regular-season,MIA,NOP,88,111,2024-03-22
401585642,2024-03-23T00:00Z,2024,regular-season,MIN,CLE,104,91,2024-03-22
401585643,2024-03-23T00:00Z,2024,regular-season,SAS,MEM,97,99,2024-03-22
401585644,2024-03-23T02:00Z,2024,regular-season,GSW,IND,111,123,2024-03-22
401585645,2024-03-23T02:00Z,2024,regular-season,POR,LAC,117,125,2024-03-22
401585646,2024-03-23T02:30Z,2024,regular-season,LAL,PHI,101,94,2024-03-22
401585647,2024-03-23T17:00Z,2024,regular-season,NYK,BKN,105,93,2024-03-23
401585648,2024-03-23T23:00Z,2024,regular-season,ORL,SAC,107,109,2024-03-23
401585649,2024-03-23T23:30Z,2024,regular-season,ATL,CHA,132,91,2024-03-23
401585650,2024-03-24T00:00Z,2024,regular-season,WAS,TOR,112,109,2024-03-23
401585651,2024-03-24T00:00Z,2024,regular-season,CHI,BOS,113,124,2024-03-23
401585652,2024-03-24T00:00Z,2024,regular-season,HOU,UTA,147,119,2024-03-23
401585653,2024-03-24T00:00Z,2024,regular-season,SAS,PHX,106,131,2024-03-23
401585654,2024-03-24T02:00Z,2024,regular-season,POR,DEN,111,114,2024-03-23
401585655,2024-03-24T19:00Z,2024,regular-season,DET,NOP,101,114,2024-03-24
401585656,2024-03-24T19:30Z,2024,regular-season,LAC,PHI,107,121,2024-03-24
401585657,2024-03-24T22:00Z,2024,regular-season,MIA,CLE,121,84,2024-03-24
401585658,2024-03-24T23:00Z,2024,regular-season,MIL,OKC,118,93,2024-03-24
401585659,2024-03-24T23:00Z,2024,regular-season,MIN,GSW,114,110,2024-03-24
401585660,2024-03-25T02:00Z,2024,regular-season,LAL,IND,150,145,2024-03-24
401585661,2024-03-25T23:00Z,2024,regular-season,CLE,CHA,115,92,2024-03-25
401585662,2024-03-25T23:30Z,2024,regular-season,ATL,BOS,120,118,2024-03-25
401585663,2024-03-25T23:30Z,2024,regular-season,NYK,DET,124,99,2024-03-25
401585664,2024-03-25T23:30Z,2024,regular-season,TOR,BKN,88,96,2024-03-25
401585665,2024-03-26T00:00Z,2024,regular-season,CHI,WAS,105,107,2024-03-25
401585666,2024-03-26T00:00Z,2024,regular-season,HOU,POR,110,92,2024-03-25
401585667,2024-03-26T00:00Z,2024,regular-season,SAS,PHX,104,102,2024-03-25
401585668,2024-03-26T01:00Z,2024,regular-season,DEN,MEM,128,103,2024-03-25
401585669,2024-03-26T01:00Z,2024,regular-season,UTA,DAL,105,115,2024-03-25
401585670,2024-03-26T02:00Z,2024,regular-season,SAC,PHI,108,96,2024-03-25
401585671,2024-03-26T02:30Z,2024,regular-season,LAC,IND,116,133,2024-03-25
401585672,2024-03-26T23:30Z,2024,regular-season,MIA,GSW,92,113,2024-03-26
401585673,2024-03-26T23:30Z,2024,regular-season,MIL,LAL,124,128,2024-03-26
401585674,2024-03-27T00:00Z,2024,regular-season,NOP,OKC,112,119,2024-03-26
401585675,2024-03-27T02:00Z,2024,regular-season,SAC,DAL,96,132,2024-03-26
401585676,2024-03-27T23:00Z,2024,regular-season,CHA,CLE,118,111,2024-03-27
401585677,2024-03-27T23:00Z,2024,regular-season,ORL,GSW,93,101,2024-03-27
401585678,2024-03-27T23:00Z,2024,regular-season,WAS,BKN,119,122,2024-03-27
401585679,2024-03-27T23:30Z,2024,regular-season,ATL,POR,120,106,2024-03-27
401585680,2024-03-27T23:30Z,2024,regular-season,PHI,LAC,107,108,2024-03-27
401585681,2024-03-27T23:30Z,2024,regular-season,TOR,NYK,101,145,2024-03-27
401585682,2024-03-28T00:00Z,2024,regular-season,CHI,IND,125,99,2024-03-27
401585683,2024-03-28T00:00Z,2024,regular-season,MEM,LAL,124,136,2024-03-27
401585684,2024-03-28T00:00Z,2024,regular-season,MIN,DET,106,91,2024-03-27
401585685,2024-03-28T00:00Z,2024,regular-season,OKC,HOU,126,132,2024-03-27
401585686,2024-03-28T01:00Z,2024,regular-season,UTA,SAS,111,118,2024-03-27
401585687,2024-03-28T02:00Z,2024,regular-season,DEN,PHX,97,104,2024-03-27
401585688,2024-03-28T23:30Z,2024,regular-season,ATL,BOS,123,122,2024-03-28
401585689,2024-03-29T00:00Z,2024,regular-season,NOP,MIL,107,100,2024-03-28
401585690,2024-03-29T23:00Z,2024,regular-season,CHA,GSW,97,115,2024-03-29
401585691,2024-03-29T23:00Z,2024,regular-season,IND,LAL,109,90,2024-03-29
401585692,2024-03-29T23:00Z,2024,regular-season,ORL,LAC,97,100,2024-03-29
401585693,2024-03-29T23:00Z,2024,regular-season,WAS,DET,87,96,2024-03-29
401585694,2024-03-29T23:30Z,2024,regular-season,BKN,CHI,125,108,2024-03-29
401585695,2024-03-29T23:30Z,2024,regular-season,CLE,PHI,117,114,2024-03-29
401585696,2024-03-30T00:00Z,2024,regular-season,MIA,POR,142,82,2024-03-29
401585697,2024-03-30T00:00Z,2024,regular-season,OKC,PHX,128,103,2024-03-29
401585698,2024-03-30T00:00Z,2024,regular-season,SAS,NYK,130,126,2024-03-29
401585699,2024-03-30T01:00Z,2024,regular-season,DEN,MIN,98,111,2024-03-29
401585700,2024-03-30T01:30Z,2024,regular-season,UTA,HOU,100,101,2024-03-29
401585701,2024-03-30T02:00Z,2024,regular-season,SAC,DAL,103,107,2024-03-29
401585702,2024-03-30T21:00Z,2024,regular-season,NOP,BOS,92,104,2024-03-30
401585703,2024-03-30T23:00Z,2024,regular-season,ORL,MEM,118,88,2024-03-30
401585704,2024-03-30T23:30Z,2024,regular-season,ATL,MIL,113,122,2024-03-30
401585705,2024-03-31T19:30Z,2024,regular-season,DEN,CLE,130,101,2024-03-31
401585706,2024-03-31T22:00Z,2024,regular-season,BKN,LAL,104,116,2024-03-31
401585707,2024-03-31T22:00Z,2024,regular-season,CHA,LAC,118,130,2024-03-31
401585708,2024-03-31T22:00Z,2024,regular-season,TOR,PHI,120,135,2024-03-31
401585709,2024-03-31T22:00Z,2024,regular-season,WAS,MIA,107,119,2024-03-31
401585710,2024-03-31T23:00Z,2024,regular-season,NYK,OKC,112,113,2024-03-31
401585711,2024-03-31T23:00Z,2024,regular-season,HOU,DAL,107,125,2024-03-31
401585712,2024-03-31T23:00Z,2024,regular-season,MIN,CHI,101,109,2024-03-31
401585713,2024-03-31T23:00Z,2024,regular-season,SAS,GSW,113,117,2024-03-31
401585714,2024-04-01T01:00Z,2024,regular-season,SAC,UTA,127,106,2024-03-31
401585715,2024-04-01T23:00Z,2024,regular-season,CHA,BOS,104,118,2024-04-01
401585716,2024-04-01T23:00Z,2024,regular-season,DET,MEM,108,110,2024-04-01
401585717,2024-04-01T23:00Z,2024,regular-season,IND,BKN,133,111,2024-04-01
401585718,2024-04-01T23:00Z,2024,regular-season,ORL,POR,104,103,2024-04-01
401585719,2024-04-02T00:00Z,2024,regular-season,CHI,ATL,101,113,2024-04-01
401585720,2024-04-02T00:00Z,2024,regular-season,NOP,PHX,111,124,2024-04-01
401585722,2024-04-02T23:00Z,2024,regular-season,TOR,LAL,111,128,2024-04-02
401585723,2024-04-02T23:00Z,2024,regular-season,WAS,MIL,117,113,2024-04-02
401585721,2024-04-02T23:30Z,2024,regular-season,PHI,OKC,109,105,2024-04-02
401585724,2024-04-02T23:30Z,2024,regular-season,MIA,NYK,109,99,2024-04-02
401585726,2024-04-03T00:00Z,2024,regular-season,MIN,HOU,113,106,2024-04-02
401585727,2024-04-03T01:00Z,2024,regular-season,DEN,SAS,110,105,2024-04-02
401585728,2024-04-03T01:00Z,2024,regular-season,UTA,CLE,113,129,2024-04-02
401585729,2024-04-03T02:00Z,2024,regular-season,SAC,LAC,109,95,2024-04-02
401636114,2024-04-03T02:00Z,2024,regular-season,GSW,DAL,104,100,2024-04-02
401585730,2024-04-03T23:00Z,2024,regular-season,CHA,POR,86,89,2024-04-03
401585731,2024-04-03T23:00Z,2024,regular-season,WAS,LAL,120,125,2024-04-03
401585732,2024-04-03T23:30Z,2024,regular-season,ATL,DET,121,113,2024-04-03
401585733,2024-04-03T23:30Z,2024,regular-season,BOS,OKC,135,100,2024-04-03
401585734,2024-04-03T23:30Z,2024,regular-season,BKN,IND,115,111,2024-04-03
401585735,2024-04-04T00:00Z,2024,regular-season,MIL,MEM,101,111,2024-04-03
401585736,2024-04-04T00:00Z,2024,regular-season,MIN,TOR,133,85,2024-04-03
401585737,2024-04-04T00:00Z,2024,regular-season,NOP,ORL,108,117,2024-04-03
401585738,2024-04-04T02:00Z,2024,regular-season,PHX,CLE,122,101,2024-04-03
401585739,2024-04-04T23:30Z,2024,regular-season,MIA,PHI,105,109,2024-04-04
401585740,2024-04-04T23:30Z,2024,regular-season,NYK,SAC,120,109,2024-04-04
401585752,2024-04-04T23:30Z,2024,regular-season,DAL,ATL,109,95,2024-04-04
401585741,2024-04-05T00:00Z,2024,regular-season,HOU,GSW,110,133,2024-04-04
401585742,2024-04-05T02:00Z,2024,regular-season,LAC,DEN,102,100,2024-04-04
401585743,2024-04-05T23:00Z,2024,regular-season,CHA,ORL,124,115,2024-04-05
401585744,2024-04-05T23:00Z,2024,regular-season,IND,OKC,126,112,2024-04-05
401585745,2024-04-05T23:00Z,2024,regular-season,WAS,POR,102,108,2024-04-05
401585746,2024-04-05T23:30Z,2024,regular-season,BOS,SAC,101,100,2024-04-05
401585747,2024-04-06T00:00Z,2024,regular-season,CHI,NYK,108,100,2024-04-05
401585748,2024-04-06T00:00Z,2024,regular-season,HOU,MIA,104,119,2024-04-05
401585749,2024-04-06T00:00Z,2024,regular-season,MEM,DET,108,90,2024-04-05
401585750,2024-04-06T00:00Z,2024,regular-season,MIL,TOR,111,117,2024-04-05
401585751,2024-04-06T00:00Z,2024,regular-season,NOP,SAS,109,111,2024-04-05
401585725,2024-04-06T00:30Z,2024,regular-season,DAL,GSW,108,106,2024-04-05
401585753,2024-04-06T02:00Z,2024,regular-season,PHX,MIN,97,87,2024-04-05
401585754,2024-04-06T02:30Z,2024,regular-season,LAC,UTA,131,102,2024-04-05
401585755,2024-04-06T19:30Z,2024,regular-season,LAL,CLE,116,97,2024-04-06
401585756,2024-04-06T23:00Z,2024,regular-season,BKN,DET,113,103,2024-04-06
401585757,2024-04-07T00:00Z,2024,regular-season,MEM,PHI,96,116,2024-04-06
401585758,2024-04-07T01:00Z,2024,regular-season,DEN,ATL,142,110,2024-04-06
401585759,2024-04-07T19:30Z,2024,regular-season,DAL,HOU,147,136,2024-04-07
401585760,2024-04-07T19:30Z,2024,regular-season,LAC,CLE,120,118,2024-04-07
401585761,2024-04-07T21:00Z,2024,regular-season,IND,MIA,117,115,2024-04-07
401585762,2024-04-07T22:00Z,2024,regular-season,BOS,POR,124,107,2024-04-07
401585763,2024-04-07T22:00Z,2024,regular-season,CHA,OKC,118,121,2024-04-07
401585764,2024-04-07T22:00Z,2024,regular-season,ORL,CHI,113,98,2024-04-07
401585765,2024-04-07T22:00Z,2024,regular-season,TOR,WAS,130,122,2024-04-07
401585766,2024-04-07T22:00Z,2024,regular-season,PHX,NOP,105,113,2024-04-07
401585767,2024-04-07T23:00Z,2024,regular-season,MIL,NYK,109,122,2024-04-07
401585768,2024-04-07T23:00Z,2024,regular-season,SAS,PHI,126,133,2024-04-07
401585769,2024-04-07T23:30Z,2024,regular-season,BKN,SAC,77,107,2024-04-07
401585770,2024-04-08T00:30Z,2024,regular-season,GSW,UTA,118,110,2024-04-07
401585771,2024-04-08T02:00Z,2024,regular-season,LAL,MIN,117,127,2024-04-07
401585772,2024-04-09T23:00Z,2024,regular-season,CHA,DAL,104,130,2024-04-09
401585773,2024-04-09T23:00Z,2024,regular-season,PHI,DET,120,102,2024-04-09
401585774,2024-04-09T23:00Z,2024,regular-season,TOR,IND,123,140,2024-04-09
401585775,2024-04-09T23:30Z,2024,regular-season,ATL,MIA,111,117,2024-04-09
401585776,2024-04-09T23:30Z,2024,regular-season,MIL,BOS,104,91,2024-04-09
401585777,2024-04-10T00:00Z,2024,regular-season,CHI,NYK,117,128,2024-04-09
401585778,2024-04-10T00:00Z,2024,regular-season,HOU,ORL,118,106,2024-04-09
401585779,2024-04-10T00:00Z,2024,regular-season,MEM,SAS,87,102,2024-04-09
401585780,2024-04-10T00:00Z,2024,regular-season,MIN,WAS,130,121,2024-04-09
401585781,2024-04-10T00:00Z,2024,regular-season,OKC,SAC,112,105,2024-04-09
401585782,2024-04-10T01:00Z,2024,regular-season,UTA,DEN,95,111,2024-04-09
401585783,2024-04-10T02:00Z,2024,regular-season,LAL,GSW,120,134,2024-04-09
401585784,2024-04-10T02:00Z,2024,regular-season,PHX,LAC,92,105,2024-04-09
401585785,2024-04-10T02:00Z,2024,regular-season,POR,NOP,100,110,2024-04-09
401585786,2024-04-10T23:00Z,2024,regular-season,CLE,MEM,110,98,2024-04-10
401585787,2024-04-10T23:30Z,2024,regular-season,ATL,CHA,114,115,2024-04-10
401585788,2024-04-10T23:30Z,2024,regular-season,BKN,TOR,106,102,2024-04-10
401585789,2024-04-10T23:30Z,2024,regular-season,MIA,DAL,92,111,2024-04-10
401585790,2024-04-11T00:00Z,2024,regular-season,MIL,ORL,117,99,2024-04-10
401585791,2024-04-11T00:00Z,2024,regular-season,OKC,SAS,127,89,2024-04-10
401585792,2024-04-11T02:00Z,2024,regular-season,DEN,MIN,116,107,2024-04-10
401585793,2024-04-11T02:30Z,2024,regular-season,LAC,PHX,108,124,2024-04-10
401585794,2024-04-11T23:00Z,2024,regular-season,DET,CHI,105,127,2024-04-11
401585795,2024-04-11T23:30Z,2024,regular-season,BOS,NYK,109,118,2024-04-11
401585796,2024-04-12T01:00Z,2024,regular-season,UTA,HOU,124,121,2024-04-11
401585797,2024-04-12T02:00Z,2024,regular-season,POR,GSW,92,100,2024-04-11
401585798,2024-04-12T02:00Z,2024,regular-season,SAC,NOP,123,135,2024-04-11
401585799,2024-04-12T23:00Z,2024,regular-season,PHI,ORL,125,113,2024-04-12
401585800,2024-04-12T23:00Z,2024,regular-season,WAS,CHI,127,129,2024-04-12
401585801,2024-04-12T23:30Z,2024,regular-season,BOS,CHA,131,98,2024-04-12
401585802,2024-04-12T23:30Z,2024,regular-season,CLE,IND,129,120,2024-04-12
401585803,2024-04-12T23:30Z,2024,regular-season,NYK,BKN,111,107,2024-04-12
401585804,2024-04-13T00:00Z,2024,regular-season,MIA,TOR,125,103,2024-04-12
401585805,2024-04-13T00:00Z,2024,regular-season,MEM,LAL,120,123,2024-04-12
401585806,2024-04-13T00:00Z,2024,regular-season,MIN,ATL,109,106,2024-04-12
401585807,2024-04-13T00:00Z,2024,regular-season,OKC,MIL,125,107,2024-04-12
401585808,2024-04-13T00:00Z,2024,regular-season,SAS,DEN,121,120,2024-04-12
401585809,2024-04-13T00:30Z,2024,regular-season,DAL,DET,89,107,2024-04-12
401585810,2024-04-13T02:00Z,2024,regular-season,GSW,NOP,109,114,2024-04-12
401585811,2024-04-13T02:00Z,2024,regular-season,POR,HOU,107,116,2024-04-12
401585812,2024-04-13T02:30Z,2024,regular-season,LAC,UTA,109,110,2024-04-12
401585813,2024-04-13T02:30Z,2024,regular-season,SAC,PHX,107,108,2024-04-12
401585814,2024-04-14T17:00Z,2024,regular-season,BOS,WAS,132,122,2024-04-14
401585815,2024-04-14T17:00Z,2024,regular-season,CLE,CHA,110,120,2024-04-14
401585816,2024-04-14T17:00Z,2024,regular-season,IND,ATL,157,115,2024-04-14
401585817,2024-04-14T17:00Z,2024,regular-season,MIA,TOR,118,103,2024-04-14
401585818,2024-04-14T17:00Z,2024,regular-season,NYK,CHI,120,119,2024-04-14
401585819,2024-04-14T17:00Z,2024,regular-season,ORL,MIL,113,88,2024-04-14
401585820,2024-04-14T17:00Z,2024,regular-season,PHI,BKN,107,86,2024-04-14
401585821,2024-04-14T19:30Z,2024,regular-season,MEM,DEN,111,126,2024-04-14
401585822,2024-04-14T19:30Z,2024,regular-season,MIN,PHX,106,125,2024-04-14
401585823,2024-04-14T19:30Z,2024,regular-season,NOP,LAL,108,124,2024-04-14
401585824,2024-04-14T19:30Z,2024,regular-season,OKC,DAL,135,86,2024-04-14
401585825,2024-04-14T19:30Z,2024,regular-season,SAS,DET,123,95,2024-04-14
401585826,2024-04-14T19:30Z,2024,regular-season,GSW,UTA,123,116,2024-04-14
401585827,2024-04-14T19:30Z,2024,regular-season,LAC,HOU,105,116,2024-04-14
401585828,2024-04-14T19:30Z,2024,regular-season,SAC,POR,121,82,2024-04-14
401654655,2024-04-16T23:30Z,2024,play-in-season,NOP,LAL,106,110,2024-04-16
401654656,2024-04-17T02:00Z,2024,play-in-season,SAC,GSW,118,94,2024-04-16
401654659,2024-04-17T23:00Z,2024,play-in-season,PHI,MIA,105,104,2024-04-17
401654658,2024-04-18T01:48Z,2024,play-in-season,CHI,ATL,131,116,2024-04-17
401654660,2024-04-19T23:00Z,2024,play-in-season,MIA,CHI,112,91,2024-04-19
401654661,2024-04-20T01:30Z,2024,play-in-season,NOP,SAC,105,98,2024-04-19
401654757,2024-04-20T17:00Z,2024,post-season,CLE,ORL,97,83,2024-04-20
401654759,2024-04-20T19:30Z,2024,post-season,MIN,PHX,120,95,2024-04-20
401654756,2024-04-20T22:00Z,2024,post-season,NYK,PHI,111,104,2024-04-20
401654758,2024-04-21T00:30Z,2024,post-season,DEN,LAL,114,103,2024-04-20
401654760,2024-04-21T17:00Z,2024,post-season,BOS,MIA,114,94,2024-04-21
401654763,2024-04-21T19:30Z,2024,post-season,LAC,DAL,109,97,2024-04-21
401654761,2024-04-21T23:00Z,2024,post-season,MIL,IND,109,94,2024-04-21
401654762,2024-04-22T01:30Z,2024,post-season,OKC,NOP,94,92,2024-04-21
401655118,2024-04-22T23:00Z,2024,post-season,CLE,ORL,96,86,2024-04-22
401655106,2024-04-22T23:30Z,2024,post-season,NYK,PHI,104,101,2024-04-22
401655082,2024-04-23T02:00Z,2024,post-season,DEN,LAL,101,99,2024-04-22
401655088,2024-04-23T23:30Z,2024,post-season,MIN,PHX,105,93,2024-04-23
401655112,2024-04-24T00:30Z,2024,post-season,MIL,IND,108,125,2024-04-23
401655094,2024-04-24T02:00Z,2024,post-season,LAC,DAL,93,96,2024-04-23
401655100,2024-04-24T23:00Z,2024,post-season,BOS,MIA,101,111,2024-04-24
401655076,2024-04-25T01:30Z,2024,post-season,OKC,NOP,124,92,2024-04-24
401655119,2024-04-25T23:00Z,2024,post-season,ORL,CLE,121,83,2024-04-25
401655107,2024-04-25T23:30Z,2024,post-season,PHI,NYK,125,114,2024-04-25
401655083,2024-04-26T02:00Z,2024,post-season,LAL,DEN,105,112,2024-04-25
401655113,2024-04-26T21:30Z,2024,post-season,IND,MIL,121,118,2024-04-26
401655095,2024-04-27T00:00Z,2024,post-season,DAL,LAC,101,90,2024-04-26
401655089,2024-04-27T02:30Z,2024,post-season,PHX,MIN,109,126,2024-04-26
401655120,2024-04-27T17:00Z,2024,post-season,ORL,CLE,112,89,2024-04-27
401655077,2024-04-27T19:30Z,2024,post-season,NOP,OKC,85,106,2024-04-27
401655101,2024-04-27T22:00Z,2024,post-season,MIA,BOS,84,104,2024-04-27
401655084,2024-04-28T00:30Z,2024,post-season,LAL,DEN,119,108,2024-04-27
401655108,2024-04-28T17:00Z,2024,post-season,PHI,NYK,92,97,2024-04-28
401655096,2024-04-28T19:30Z,2024,post-season,DAL,LAC,111,116,2024-04-28
401655114,2024-04-28T23:00Z,2024,post-season,IND,MIL,126,113,2024-04-28
401655090,2024-04-29T01:30Z,2024,post-season,PHX,MIN,116,122,2024-04-28
401655102,2024-04-29T23:30Z,2024,post-season,MIA,BOS,88,102,2024-04-29
401655078,2024-04-30T00:30Z,2024,post-season,NOP,OKC,89,97,2024-04-29
401655085,2024-04-30T02:00Z,2024,post-season,DEN,LAL,108,106,2024-04-29
401655109,2024-04-30T23:00Z,2024,post-season,NYK,PHI,106,112,2024-04-30
401655121,2024-05-01T00:00Z,2024,post-season,CLE,ORL,104,103,2024-04-30
401655115,2024-05-01T01:30Z,2024,post-season,MIL,IND,115,92,2024-04-30
401655103,2024-05-01T23:30Z,2024,post-season,BOS,MIA,118,84,2024-05-01
401655097,2024-05-02T02:00Z,2024,post-season,LAC,DAL,93,123,2024-05-01
401655116,2024-05-02T22:30Z,2024,post-season,IND,MIL,120,98,2024-05-02
401655110,2024-05-03T01:00Z,2024,post-season,PHI,NYK,115,118,2024-05-02
401655122,2024-05-03T23:00Z,2024,post-season,ORL,CLE,103,96,2024-05-03
401655098,2024-05-04T01:30Z,2024,post-season,DAL,LAC,114,101,2024-05-03
401657182,2024-05-04T23:00Z,2024,post-season,DEN,MIN,99,106,2024-05-04
401655123,2024-05-05T17:00Z,2024,post-season,CLE,ORL,106,94,2024-05-05
401657420,2024-05-06T23:30Z,2024,post-season,NYK,IND,121,117,2024-05-06
401657183,2024-05-07T02:00Z,2024,post-season,DEN,MIN,80,106,2024-05-06
401658224,2024-05-07T23:00Z,2024,post-season,BOS,CLE,120,95,2024-05-07
401657231,2024-05-08T01:30Z,2024,post-season,OKC,DAL,117,95,2024-05-07
401657421,2024-05-09T00:00Z,2024,post-season,NYK,IND,130,121,2024-05-08
401658225,2024-05-09T23:00Z,2024,post-season,BOS,CLE,94,118,2024-05-09
401658188,2024-05-10T01:30Z,2024,post-season,OKC,DAL,110,119,2024-05-09
401657422,2024-05-10T23:00Z,2024,post-season,IND,NYK,111,106,2024-05-10
401657184,2024-05-11T01:30Z,2024,post-season,MIN,DEN,90,117,2024-05-10
401658190,2024-05-11T19:30Z,2024,post-season,DAL,OKC,105,101,2024-05-11
401658226,2024-05-12T00:30Z,2024,post-season,CLE,BOS,93,106,2024-05-11
401657423,2024-05-12T19:30Z,2024,post-season,IND,NYK,121,89,2024-05-12
401657185,2024-05-13T00:00Z,2024,post-season,MIN,DEN,107,115,2024-05-12
401658227,2024-05-13T23:00Z,2024,post-season,CLE,BOS,102,109,2024-05-13
401658191,2024-05-14T01:30Z,2024,post-season,DAL,OKC,96,100,2024-05-13
401658196,2024-05-15T00:00Z,2024,post-season,NYK,IND,121,91,2024-05-14
401657186,2024-05-15T02:30Z,2024,post-season,DEN,MIN,112,97,2024-05-14
401658228,2024-05-15T23:00Z,2024,post-season,BOS,CLE,113,98,2024-05-15
401658192,2024-05-16T01:30Z,2024,post-season,OKC,DAL,92,104,2024-05-15
401657187,2024-05-17T00:30Z,2024,post-season,MIN,DEN,115,70,2024-05-16
401658197,2024-05-18T00:30Z,2024,post-season,IND,NYK,116,103,2024-05-17
401658194,2024-05-19T00:00Z,2024,post-season,DAL,OKC,117,116,2024-05-18
401658198,2024-05-19T19:30Z,2024,post-season,NYK,IND,109,130,2024-05-19
401657188,2024-05-20T00:00Z,2024,post-season,DEN,MIN,90,98,2024-05-19
401671998,2024-05-22T00:00Z,2024,post-season,BOS,IND,133,128,2024-05-21
401672976,2024-05-23T00:30Z,2024,post-season,MIN,DAL,105,108,2024-05-22
401671999,2024-05-24T00:00Z,2024,post-season,BOS,IND,126,110,2024-05-23
401672977,2024-05-25T00:30Z,2024,post-season,MIN,DAL,108,109,2024-05-24
401672000,2024-05-26T00:30Z,2024,post-season,IND,BOS,111,114,2024-05-25
401672978,2024-05-27T00:00Z,2024,post-season,DAL,MIN,116,107,2024-05-26
401672001,2024-05-28T00:00Z,2024,post-season,IND,BOS,102,105,2024-05-27
401672979,2024-05-29T00:30Z,2024,post-season,DAL,MIN,100,105,2024-05-28
401672980,2024-05-31T00:30Z,2024,post-season,MIN,DAL,103,124,2024-05-30
401656359,2024-06-07T00:30Z,2024,post-season,BOS,DAL,107,89,2024-06-06
401656360,2024-06-10T00:00Z,2024,post-season,BOS,DAL,105,98,2024-06-09
401656361,2024-06-13T00:30Z,2024,post-season,DAL,BOS,99,106,2024-06-12
401656362,2024-06-15T00:30Z,2024,post-season,DAL,BOS,122,84,2024-06-14
401656363,2024-06-18T00:30Z,2024,post-season,BOS,DAL,106,88,2024-06-17
401704627,2024-10-22T23:30Z,2025,regular-season,BOS,NYK,132,109,2024-10-22
401704628,2024-10-23T02:00Z,2025,regular-season,LAL,MIN,110,103,2024-10-22
401704629,2024-10-23T23:00Z,2025,regular-season,DET,IND,109,115,2024-10-23
401704630,2024-10-23T23:30Z,2025,regular-season,ATL,BKN,120,116,2024-10-23
401704631,2024-10-23T23:30Z,2025,regular-season,MIA,ORL,97,116,2024-10-23
401704632,2024-10-23T23:30Z,2025,regular-season,PHI,MIL,109,124,2024-10-23
401704633,2024-10-23T23:30Z,2025,regular-season,TOR,CLE,106,136,2024-10-23
401704634,2024-10-24T00:00Z,2025,regular-season,HOU,CHA,105,110,2024-10-23
401704635,2024-10-24T00:00Z,2025,regular-season,NOP,CHI,123,111,2024-10-23
401704636,2024-10-24T01:00Z,2025,regular-season,UTA,MEM,124,126,2024-10-23
401704637,2024-10-24T02:00Z,2025,regular-season,LAC,PHX,113,116,2024-10-23
401704638,2024-10-24T02:00Z,2025,regular-season,POR,GSW,104,140,2024-10-23
401704639,2024-10-24T23:00Z,2025,regular-season,WAS,BOS,102,122,2024-10-24
401704640,2024-10-24T23:30Z,2025,regular-season,DAL,SAS,120,109,2024-10-24
401704641,2024-10-25T02:00Z,2025,regular-season,DEN,OKC,87,102,2024-10-24
401704642,2024-10-25T02:00Z,2025,regular-season,SAC,MIN,115,117,2024-10-24
401704643,2024-10-25T23:00Z,2025,regular-season,ORL,BKN,116,101,2024-10-25
401704644,2024-10-25T23:00Z,2025,regular-season,TOR,PHI,115,107,2024-10-25
401704645,2024-10-25T23:30Z,2025,regular-season,ATL,CHA,125,120,2024-10-25
401704646,2024-10-25T23:30Z,2025,regular-season,CLE,DET,113,101,2024-10-25
401704647,2024-10-25T23:30Z,2025,regular-season,NYK,IND,123,98,2024-10-25
401704648,2024-10-26T00:00Z,2025,regular-season,HOU,MEM,128,108,2024-10-25
401704649,2024-10-26T00:00Z,2025,regular-season,MIL,CHI,122,133,2024-10-25
401704650,2024-10-26T01:30Z,2025,regular-season,UTA,GSW,86,127,2024-10-25
401704651,2024-10-26T02:00Z,2025,regular-season,LAL,PHX,123,116,2024-10-25
401704652,2024-10-26T02:00Z,2025,regular-season,POR,NOP,103,105,2024-10-25
401704653,2024-10-26T21:00Z,2025,regular-season,DEN,LAC,104,109,2024-10-26
401704654,2024-10-26T23:00Z,2025,regular-season,CHA,MIA,106,114,2024-10-26
401704655,2024-10-26T23:00Z,2025,regular-season,DET,BOS,118,124,2024-10-26
401704656,2024-10-26T23:00Z,2025,regular-season,WAS,CLE,116,135,2024-10-26
401704657,2024-10-27T00:00Z,2025,regular-season,CHI,OKC,95,114,2024-10-26
401704658,2024-10-27T00:00Z,2025,regular-season,MEM,ORL,124,111,2024-10-26
401704659,2024-10-27T00:00Z,2025,regular-season,MIN,TOR,112,101,2024-10-26
401704660,2024-10-27T00:30Z,2025,regular-season,SAS,HOU,109,106,2024-10-26
401704661,2024-10-27T02:00Z,2025,regular-season,PHX,DAL,114,102,2024-10-26
401704662,2024-10-27T02:30Z,2025,regular-season,LAL,SAC,131,127,2024-10-26
401704663,2024-10-27T19:30Z,2025,regular-season,IND,PHI,114,118,2024-10-27
401704664,2024-10-27T22:00Z,2025,regular-season,BKN,MIL,115,102,2024-10-27
401704665,2024-10-27T22:00Z,2025,regular-season,POR,NOP,125,103,2024-10-27
401704666,2024-10-27T23:00Z,2025,regular-season,OKC,ATL,128,104,2024-10-27
401704667,2024-10-28T00:30Z,2025,regular-season,GSW,LAC,104,112,2024-10-27
401704668,2024-10-28T23:00Z,2025,regular-season,ORL,IND,119,115,2024-10-28
401704669,2024-10-28T23:30Z,2025,regular-season,ATL,WAS,119,121,2024-10-28
401704670,2024-10-28T23:30Z,2025,regular-season,BOS,MIL,119,108,2024-10-28
401704671,2024-10-28T23:30Z,2025,regular-season,MIA,DET,106,98,2024-10-28
401704672,2024-10-28T23:30Z,2025,regular-season,NYK,CLE,104,110,2024-10-28
401704673,2024-10-28T23:30Z,2025,regular-season,TOR,DEN,125,127,2024-10-28
401704674,2024-10-29T00:00Z,2025,regular-season,MEM,CHI,123,126,2024-10-28
401704675,2024-10-29T00:00Z,2025,regular-season,SAS,HOU,101,106,2024-10-28
401704676,2024-10-29T00:30Z,2025,regular-season,DAL,UTA,110,102,2024-10-28
401704677,2024-10-29T02:00Z,2025,regular-season,PHX,LAL,109,105,2024-10-28
401704678,2024-10-29T02:00Z,2025,regular-season,SAC,POR,111,98,2024-10-28
401704679,2024-10-29T23:30Z,2025,regular-season,BKN,DEN,139,144,2024-10-29
401704680,2024-10-29T23:30Z,2025,regular-season,MIN,DAL,114,120,2024-10-29
401704681,2024-10-30T01:00Z,2025,regular-season,UTA,SAC,96,113,2024-10-29
401704682,2024-10-30T02:00Z,2025,regular-season,GSW,NOP,124,106,2024-10-29
401704683,2024-10-30T23:00Z,2025,regular-season,CHA,TOR,138,133,2024-10-30
401704684,2024-10-30T23:00Z,2025,regular-season,CLE,LAL,134,110,2024-10-30
401704685,2024-10-30T23:00Z,2025,regular-season,IND,BOS,135,132,2024-10-30
401704686,2024-10-30T23:00Z,2025,regular-season,PHI,DET,95,105,2024-10-30
401704687,2024-10-30T23:00Z,2025,regular-season,WAS,ATL,133,120,2024-10-30
401704688,2024-10-30T23:30Z,2025,regular-season,MIA,NYK,107,116,2024-10-30
401704689,2024-10-31T00:00Z,2025,regular-season,CHI,ORL,102,99,2024-10-30
401704690,2024-10-31T00:00Z,2025,regular-season,MEM,BKN,106,119,2024-10-30
401704691,2024-10-31T01:30Z,2025,regular-season,OKC,SAS,105,93,2024-10-30
401704692,2024-10-31T02:00Z,2025,regular-season,GSW,NOP,104,89,2024-10-30
401704693,2024-10-31T02:30Z,2025,regular-season,LAC,POR,105,106,2024-10-30
401704694,2024-11-01T00:00Z,2025,regular-season,MEM,MIL,122,99,2024-10-31
401704695,2024-11-01T00:30Z,2025,regular-season,DAL,HOU,102,108,2024-10-31
401704696,2024-11-01T01:00Z,2025,regular-season,UTA,SAS,88,106,2024-10-31
401704697,2024-11-01T02:30Z,2025,regular-season,LAC,PHX,119,125,2024-10-31
401704698,2024-11-01T23:00Z,2025,regular-season,CHA,BOS,109,124,2024-11-01
401704699,2024-11-01T23:00Z,2025,regular-season,CLE,ORL,120,109,2024-11-01
401704700,2024-11-01T23:00Z,2025,regular-season,DET,NYK,98,128,2024-11-01
401704701,2024-11-01T23:30Z,2025,regular-season,ATL,SAC,115,123,2024-11-01
401704702,2024-11-01T23:30Z,2025,regular-season,BKN,CHI,120,112,2024-11-01
401704703,2024-11-01T23:30Z,2025,regular-season,TOR,LAL,125,131,2024-11-01
401704704,2024-11-02T00:00Z,2025,regular-season,NOP,IND,125,118,2024-11-01
401704705,2024-11-02T01:30Z,2025,regular-season,MIN,DEN,119,116,2024-11-01
401704706,2024-11-02T02:00Z,2025,regular-season,POR,OKC,114,137,2024-11-01
401704707,2024-11-02T22:00Z,2025,regular-season,CHA,BOS,103,113,2024-11-02
401704708,2024-11-02T23:30Z,2025,regular-season,PHI,MEM,107,124,2024-11-02
401704709,2024-11-02T23:30Z,2025,regular-season,TOR,SAC,131,128,2024-11-02
401704710,2024-11-03T00:00Z,2025,regular-season,HOU,GSW,121,127,2024-11-02
401704711,2024-11-03T00:00Z,2025,regular-season,MIL,CLE,113,114,2024-11-02
401704712,2024-11-03T00:00Z,2025,regular-season,SAS,MIN,113,103,2024-11-02
401704713,2024-11-03T01:30Z,2025,regular-season,WAS,MIA,98,118,2024-11-02
401704714,2024-11-03T02:00Z,2025,regular-season,DEN,UTA,129,103,2024-11-02
401704715,2024-11-03T02:00Z,2025,regular-season,PHX,POR,103,97,2024-11-02
401704716,2024-11-03T02:30Z,2025,regular-season,LAC,OKC,92,105,2024-11-02
401704717,2024-11-03T20:30Z,2025,regular-season,BKN,DET,92,106,2024-11-03
401704718,2024-11-04T00:00Z,2025,regular-season,NOP,ATL,111,126,2024-11-03
401704719,2024-11-04T00:30Z,2025,regular-season,DAL,ORL,108,85,2024-11-03
401704720,2024-11-05T00:00Z,2025,regular-season,CLE,MIL,116,114,2024-11-04
401704721,2024-11-05T00:15Z,2025,regular-season,WAS,GSW,112,125,2024-11-04
401704722,2024-11-05T00:30Z,2025,regular-season,DET,LAL,115,103,2024-11-04
401704723,2024-11-05T00:45Z,2025,regular-season,ATL,BOS,93,123,2024-11-04
401704724,2024-11-05T01:00Z,2025,regular-season,BKN,MEM,106,104,2024-11-04
401704725,2024-11-05T01:15Z,2025,regular-season,MIA,SAC,110,111,2024-11-04
401704726,2024-11-05T01:30Z,2025,regular-season,CHI,UTA,126,135,2024-11-04
401704727,2024-11-05T01:45Z,2025,regular-season,HOU,NYK,109,97,2024-11-04
401704728,2024-11-05T02:00Z,2025,regular-season,MIN,CHA,114,93,2024-11-04
401704729,2024-11-05T02:15Z,2025,regular-season,OKC,ORL,102,86,2024-11-04
401704730,2024-11-05T02:30Z,2025,regular-season,NOP,POR,100,118,2024-11-04
401704731,2024-11-05T02:45Z,2025,regular-season,DAL,IND,127,134,2024-11-04
401704732,2024-11-05T03:00Z,2025,regular-season,DEN,TOR,121,119,2024-11-04
401704733,2024-11-05T03:15Z,2025,regular-season,PHX,PHI,118,116,2024-11-04
401704734,2024-11-05T03:30Z,2025,regular-season,LAC,SAS,113,104,2024-11-04
401704735,2024-11-07T00:00Z,2025,regular-season,CHA,DET,108,107,2024-11-06
401704736,2024-11-07T00:00Z,2025,regular-season,IND,ORL,118,111,2024-11-06
401704737,2024-11-07T00:30Z,2025,regular-season,ATL,NYK,121,116,2024-11-06
401704738,2024-11-07T00:30Z,2025,regular-season,BOS,GSW,112,118,2024-11-06
401704739,2024-11-07T01:00Z,2025,regular-season,HOU,SAS,127,100,2024-11-06
401704740,2024-11-07T01:00Z,2025,regular-season,MEM,LAL,131,114,2024-11-06
401704741,2024-11-07T01:00Z,2025,regular-season,NOP,CLE,122,131,2024-11-06
401704742,2024-11-07T01:30Z,2025,regular-season,DAL,CHI,119,99,2024-11-06
401704743,2024-11-07T02:00Z,2025,regular-season,DEN,OKC,124,122,2024-11-06
401704744,2024-11-07T02:00Z,2025,regular-season,PHX,MIA,115,112,2024-11-06
401704745,2024-11-07T03:00Z,2025,regular-season,LAC,PHI,110,98,2024-11-06
401704746,2024-11-07T03:00Z,2025,regular-season,SAC,TOR,122,107,2024-11-06
401704747,2024-11-08T01:00Z,2025,regular-season,CHI,MIN,119,135,2024-11-07
401704748,2024-11-08T01:00Z,2025,regular-season,MIL,UTA,123,100,2024-11-07
401704749,2024-11-08T01:00Z,2025,regular-season,SAS,POR,118,105,2024-11-07
401704750,2024-11-09T00:00Z,2025,regular-season,CHA,IND,103,83,2024-11-08
401704751,2024-11-09T00:00Z,2025,regular-season,DET,ATL,122,121,2024-11-08
401704752,2024-11-09T00:00Z,2025,regular-season,ORL,NOP,115,88,2024-11-08
401704753,2024-11-09T00:30Z,2025,regular-season,BOS,BKN,108,104,2024-11-08
401704754,2024-11-09T00:30Z,2025,regular-season,CLE,GSW,136,117,2024-11-08
401704755,2024-11-09T00:30Z,2025,regular-season,NYK,MIL,116,94,2024-11-08
401704756,2024-11-09T00:30Z,2025,regular-season,DAL,PHX,113,114,2024-11-08
401704757,2024-11-09T01:00Z,2025,regular-season,MEM,WAS,128,104,2024-11-08
401704758,2024-11-09T01:00Z,2025,regular-season,OKC,HOU,126,107,2024-11-08
401704759,2024-11-09T02:00Z,2025,regular-season,MIN,POR,127,102,2024-11-08
401704760,2024-11-09T02:00Z,2025,regular-season,DEN,MIA,135,122,2024-11-08
401704761,2024-11-09T03:00Z,2025,regular-season,LAL,PHI,116,106,2024-11-08
401704762,2024-11-09T03:00Z,2025,regular-season,SAC,LAC,98,107,2024-11-08
401704763,2024-11-09T22:00Z,2025,regular-season,SAS,UTA,110,111,2024-11-09
401704764,2024-11-10T00:30Z,2025,regular-season,ATL,CHI,113,125,2024-11-09
401704765,2024-11-10T00:30Z,2025,regular-season,CLE,BKN,105,100,2024-11-09
401704766,2024-11-10T03:30Z,2025,regular-season,LAC,TOR,105,103,2024-11-09
401704767,2024-11-10T20:00Z,2025,regular-season,DET,HOU,99,101,2024-11-10
401704768,2024-11-10T20:30Z,2025,regular-season,MIL,BOS,107,113,2024-11-10
401704769,2024-11-10T22:00Z,2025,regular-season,IND,NYK,132,121,2024-11-10
401704770,2024-11-10T23:00Z,2025,regular-season,ORL,WAS,121,94,2024-11-10
401704771,2024-11-11T00:00Z,2025,regular-season,PHI,CHA,107,105,2024-11-10
401704772,2024-11-11T00:00Z,2025,regular-season,MIN,MIA,94,95,2024-11-10
401704773,2024-11-11T00:00Z,2025,regular-season,OKC,GSW,116,127,2024-11-10
401704774,2024-11-11T01:00Z,2025,regular-season,DEN,DAL,122,120,2024-11-10
401704775,2024-11-11T01:00Z,2025,regular-season,PHX,SAC,118,127,2024-11-10
401704776,2024-11-11T02:00Z,2025,regular-season,POR,MEM,89,134,2024-11-10
401704777,2024-11-11T02:30Z,2025,regular-season,LAL,TOR,123,103,2024-11-10
401704778,2024-11-12T01:00Z,2025,regular-season,CHI,CLE,113,119,2024-11-11
401704779,2024-11-12T01:00Z,2025,regular-season,HOU,WAS,107,92,2024-11-11
401704780,2024-11-12T01:00Z,2025,regular-season,NOP,BKN,105,107,2024-11-11
401704781,2024-11-12T01:00Z,2025,regular-season,OKC,LAC,134,128,2024-11-11
401704782,2024-11-12T01:00Z,2025,regular-season,SAS,SAC,116,96,2024-11-11
401703370,2024-11-13T00:00Z,2025,regular-season,BOS,ATL,116,117,2024-11-12
401703371,2024-11-13T00:00Z,2025,regular-season,DET,MIA,123,121,2024-11-12
401703372,2024-11-13T00:00Z,2025,regular-season,ORL,CHA,114,89,2024-11-12
401703373,2024-11-13T00:30Z,2025,regular-season,PHI,NYK,99,111,2024-11-12
401703374,2024-11-13T01:00Z,2025,regular-season,MIL,TOR,99,85,2024-11-12
401703375,2024-11-13T02:00Z,2025,regular-season,UTA,PHX,112,120,2024-11-12
401703376,2024-11-13T03:00Z,2025,regular-season,GSW,DAL,120,117,2024-11-12
401703377,2024-11-13T03:00Z,2025,regular-season,POR,MIN,122,108,2024-11-12
401704783,2024-11-14T00:00Z,2025,regular-season,ORL,IND,94,90,2024-11-13
401704784,2024-11-14T00:30Z,2025,regular-season,BKN,BOS,114,139,2024-11-13
401704785,2024-11-14T00:30Z,2025,regular-season,NYK,CHI,123,124,2024-11-13
401704786,2024-11-14T00:30Z,2025,regular-season,PHI,CLE,106,114,2024-11-13
401704787,2024-11-14T00:30Z,2025,regular-season,OKC,NOP,106,88,2024-11-13
401704788,2024-11-14T01:00Z,2025,regular-season,HOU,LAC,111,103,2024-11-13
401704789,2024-11-14T01:00Z,2025,regular-season,MIL,DET,127,120,2024-11-13
401704790,2024-11-14T01:00Z,2025,regular-season,SAS,WAS,139,130,2024-11-13
401704791,2024-11-14T03:00Z,2025,regular-season,LAL,MEM,128,123,2024-11-13
401704792,2024-11-14T03:00Z,2025,regular-season,POR,MIN,106,98,2024-11-13
401704793,2024-11-14T03:00Z,2025,regular-season,SAC,PHX,127,104,2024-11-13
401704794,2024-11-15T02:00Z,2025,regular-season,UTA,DAL,115,113,2024-11-14
401703378,2024-11-16T00:00Z,2025,regular-season,IND,MIA,111,124,2024-11-15
401703379,2024-11-16T00:00Z,2025,regular-season,ORL,PHI,98,86,2024-11-15
401703380,2024-11-16T00:00Z,2025,regular-season,TOR,DET,95,99,2024-11-15
401703381,2024-11-16T00:30Z,2025,regular-season,ATL,WAS,129,117,2024-11-15
401703382,2024-11-16T00:30Z,2025,regular-season,CLE,CHI,144,126,2024-11-15
401703383,2024-11-16T00:30Z,2025,regular-season,NYK,BKN,124,122,2024-11-15
401703384,2024-11-16T00:30Z,2025,regular-season,SAS,LAL,115,120,2024-11-15
401703385,2024-11-16T01:00Z,2025,regular-season,HOU,LAC,125,104,2024-11-15
401703386,2024-11-16T01:00Z,2025,regular-season,NOP,DEN,101,94,2024-11-15
401703387,2024-11-16T01:00Z,2025,regular-season,OKC,PHX,99,83,2024-11-15
401703388,2024-11-16T03:00Z,2025,regular-season,GSW,MEM,123,118,2024-11-15
401703389,2024-11-16T03:00Z,2025,regular-season,SAC,MIN,126,130,2024-11-15
401704795,2024-11-16T20:00Z,2025,regular-season,CHA,MIL,115,114,2024-11-16
401704796,2024-11-17T01:00Z,2025,regular-season,BOS,TOR,126,123,2024-11-16
401704797,2024-11-17T01:00Z,2025,regular-season,NOP,LAL,99,104,2024-11-16
401704798,2024-11-17T01:30Z,2025,regular-season,DAL,SAS,110,93,2024-11-16
401704799,2024-11-17T03:00Z,2025,regular-season,SAC,UTA,121,117,2024-11-16
401704800,2024-11-17T20:30Z,2025,regular-season,MIN,PHX,120,117,2024-11-17
401704801,2024-11-17T22:00Z,2025,regular-season,IND,MIA,119,110,2024-11-17
401704802,2024-11-17T23:00Z,2025,regular-season,CLE,CHA,128,114,2024-11-17
401704803,2024-11-17T23:00Z,2025,regular-season,WAS,DET,104,124,2024-11-17
401704804,2024-11-17T23:00Z,2025,regular-season,MEM,DEN,105,90,2024-11-17
401704805,2024-11-17T23:00Z,2025,regular-season,POR,ATL,114,110,2024-11-17
401704806,2024-11-18T00:00Z,2025,regular-season,NYK,BKN,114,104,2024-11-17
401704807,2024-11-18T00:00Z,2025,regular-season,CHI,HOU,107,143,2024-11-17
401704808,2024-11-18T00:00Z,2025,regular-season,OKC,DAL,119,121,2024-11-17
401704809,2024-11-18T02:00Z,2025,regular-season,LAC,UTA,116,105,2024-11-17
401704810,2024-11-19T00:00Z,2025,regular-season,DET,CHI,112,122,2024-11-18
401704811,2024-11-19T00:30Z,2025,regular-season,MIA,PHI,106,89,2024-11-18
401704812,2024-11-19T00:30Z,2025,regular-season,NYK,WAS,134,106,2024-11-18
401704813,2024-11-19T00:30Z,2025,regular-season,TOR,IND,130,119,2024-11-18
401704814,2024-11-19T01:00Z,2025,regular-season,MIL,HOU,101,100,2024-11-18
401704815,2024-11-19T02:00Z,2025,regular-season,PHX,ORL,99,109,2024-11-18
401704816,2024-11-19T03:00Z,2025,regular-season,SAC,ATL,108,109,2024-11-18
401704817,2024-11-19T03:30Z,2025,regular-season,LAC,GSW,102,99,2024-11-18
401703390,2024-11-20T00:00Z,2025,regular-season,BOS,CLE,120,117,2024-11-19
401703391,2024-11-20T00:30Z,2025,regular-season,BKN,CHA,116,115,2024-11-19
401703392,2024-11-20T01:00Z,2025,regular-season,MEM,DEN,110,122,2024-11-19
401703393,2024-11-20T01:30Z,2025,regular-season,DAL,NOP,132,91,2024-11-19
401703394,2024-11-20T02:30Z,2025,regular-season,SAS,OKC,110,104,2024-11-19
401703395,2024-11-20T03:30Z,2025,regular-season,LAL,UTA,124,118,2024-11-19
401704818,2024-11-21T00:30Z,2025,regular-season,CLE,NOP,128,100,2024-11-20
401704819,2024-11-21T00:30Z,2025,regular-season,MIL,CHI,122,106,2024-11-20
401704820,2024-11-21T01:00Z,2025,regular-season,HOU,IND,130,113,2024-11-20
401704821,2024-11-21T01:00Z,2025,regular-season,MEM,PHI,117,111,2024-11-20
401704822,2024-11-21T01:00Z,2025,regular-season,OKC,POR,109,99,2024-11-20
401704823,2024-11-21T03:00Z,2025,regular-season,PHX,NYK,122,138,2024-11-20
401704824,2024-11-21T03:00Z,2025,regular-season,GSW,ATL,120,97,2024-11-20
401704825,2024-11-21T03:30Z,2025,regular-season,LAC,ORL,104,93,2024-11-20
401704826,2024-11-22T00:00Z,2025,regular-season,CHA,DET,123,121,2024-11-21
401704827,2024-11-22T00:30Z,2025,regular-season,TOR,MIN,110,105,2024-11-21
401704828,2024-11-22T01:00Z,2025,regular-season,SAS,UTA,126,118,2024-11-21
401704829,2024-11-22T03:30Z,2025,regular-season,LAL,ORL,118,119,2024-11-21
401703396,2024-11-23T00:00Z,2025,regular-season,PHI,BKN,113,98,2024-11-22
401703397,2024-11-23T00:00Z,2025,regular-season,WAS,BOS,96,108,2024-11-22
401703401,2024-11-23T00:30Z,2025,regular-season,NOP,GSW,108,112,2024-11-22
401703398,2024-11-23T01:00Z,2025,regular-season,MIL,IND,129,117,2024-11-22
401703399,2024-11-23T01:00Z,2025,regular-season,CHI,ATL,136,122,2024-11-22
401703400,2024-11-23T01:00Z,2025,regular-season,HOU,POR,116,88,2024-11-22
401703402,2024-11-23T03:00Z,2025,regular-season,DEN,DAL,120,123,2024-11-22
401703403,2024-11-23T03:30Z,2025,regular-season,LAC,SAC,104,88,2024-11-22
401704830,2024-11-23T22:00Z,2025,regular-season,UTA,NYK,121,106,2024-11-23
401704831,2024-11-24T00:00Z,2025,regular-season,ORL,DET,111,100,2024-11-23
401704832,2024-11-24T01:00Z,2025,regular-season,CHI,MEM,131,142,2024-11-23
401704833,2024-11-24T01:00Z,2025,regular-season,HOU,POR,98,104,2024-11-23
401704834,2024-11-24T01:00Z,2025,regular-season,MIL,CHA,125,119,2024-11-23
401704835,2024-11-24T01:30Z,2025,regular-season,SAS,GSW,104,94,2024-11-23
401704836,2024-11-24T03:30Z,2025,regular-season,LAL,DEN,102,127,2024-11-23
401704837,2024-11-24T20:30Z,2025,regular-season,BOS,MIN,107,105,2024-11-24
401704838,2024-11-24T22:00Z,2025,regular-season,IND,WAS,115,103,2024-11-24
401704839,2024-11-24T23:00Z,2025,regular-season,MIA,DAL,123,118,2024-11-24
401704840,2024-11-24T23:00Z,2025,regular-season,PHI,LAC,99,125,2024-11-24
401704841,2024-11-25T00:30Z,2025,regular-season,CLE,TOR,122,108,2024-11-24
401704842,2024-11-25T02:00Z,2025,regular-season,SAC,BKN,103,108,2024-11-24
401704843,2024-11-26T00:00Z,2025,regular-season,CHA,ORL,84,95,2024-11-25
401704844,2024-11-26T00:00Z,2025,regular-season,DET,TOR,102,100,2024-11-25
401704845,2024-11-26T00:00Z,2025,regular-season,IND,NOP,114,110,2024-11-25
401704846,2024-11-26T00:30Z,2025,regular-season,ATL,DAL,119,129,2024-11-25
401704847,2024-11-26T00:30Z,2025,regular-season,BOS,LAC,126,94,2024-11-25
401704848,2024-11-26T01:00Z,2025,regular-season,MEM,POR,123,98,2024-11-25
401704849,2024-11-26T02:00Z,2025,regular-season,DEN,NYK,118,145,2024-11-25
401704850,2024-11-26T03:00Z,2025,regular-season,GSW,BKN,120,128,2024-11-25
401704851,2024-11-26T03:00Z,2025,regular-season,SAC,OKC,109,130,2024-11-25
401703404,2024-11-27T00:00Z,2025,regular-season,WAS,CHI,108,127,2024-11-26
401703405,2024-11-27T00:30Z,2025,regular-season,MIA,MIL,103,106,2024-11-26
401703406,2024-11-27T01:00Z,2025,regular-season,MIN,HOU,111,117,2024-11-26
401703407,2024-11-27T02:00Z,2025,regular-season,UTA,SAS,115,128,2024-11-26
401703408,2024-11-27T03:00Z,2025,regular-season,PHX,LAL,127,100,2024-11-26
401704852,2024-11-28T00:00Z,2025,regular-season,CHA,MIA,94,98,2024-11-27
401704853,2024-11-28T00:00Z,2025,regular-season,CLE,ATL,124,135,2024-11-27
401704854,2024-11-28T00:00Z,2025,regular-season,IND,POR,121,114,2024-11-27
401704855,2024-11-28T00:00Z,2025,regular-season,ORL,CHI,133,119,2024-11-27
401704856,2024-11-28T00:00Z,2025,regular-season,PHI,HOU,115,122,2024-11-27
401704857,2024-11-28T00:00Z,2025,regular-season,WAS,LAC,96,121,2024-11-27
401704858,2024-11-28T00:30Z,2025,regular-season,DAL,NYK,129,114,2024-11-27
401704859,2024-11-28T01:00Z,2025,regular-season,MEM,DET,131,111,2024-11-27
401704860,2024-11-28T01:00Z,2025,regular-season,MIN,SAC,104,115,2024-11-27
401704861,2024-11-28T01:00Z,2025,regular-season,NOP,TOR,93,119,2024-11-27
401704862,2024-11-28T01:30Z,2025,regular-season,SAS,LAL,101,119,2024-11-27
401704863,2024-11-28T02:00Z,2025,regular-season,PHX,BKN,117,127,2024-11-27
401704864,2024-11-28T02:00Z,2025,regular-season,UTA,DEN,103,122,2024-11-27
401704865,2024-11-28T03:00Z,2025,regular-season,GSW,OKC,101,105,2024-11-27
401703409,2024-11-29T17:00Z,2025,regular-season,CHA,NYK,98,99,2024-11-29
401703410,2024-11-29T19:30Z,2025,regular-season,ATL,CLE,117,101,2024-11-29
401703411,2024-11-29T22:00Z,2025,regular-season,MEM,NOP,120,109,2024-11-29
401703412,2024-11-30T00:30Z,2025,regular-season,BKN,ORL,100,123,2024-11-29
401703413,2024-11-30T00:30Z,2025,regular-season,MIN,LAC,93,92,2024-11-29
401703414,2024-11-30T01:00Z,2025,regular-season,IND,DET,106,130,2024-11-29
401703415,2024-11-30T01:00Z,2025,regular-season,MIA,TOR,121,111,2024-11-29
401703416,2024-11-30T01:00Z,2025,regular-season,CHI,BOS,129,138,2024-11-29
401703417,2024-11-30T03:00Z,2025,regular-season,LAL,OKC,93,101,2024-11-29
401703418,2024-11-30T03:00Z,2025,regular-season,POR,SAC,115,106,2024-11-29
401704866,2024-11-30T23:00Z,2025,regular-season,CHA,ATL,104,107,2024-11-30
401704867,2024-12-01T00:00Z,2025,regular-season,DET,PHI,96,111,2024-11-30
401704868,2024-12-01T01:00Z,2025,regular-season,MIL,WAS,124,114,2024-11-30
401704869,2024-12-01T02:00Z,2025,regular-season,PHX,GSW,113,105,2024-11-30
401704870,2024-12-01T02:30Z,2025,regular-season,UTA,DAL,94,106,2024-11-30
401704871,2024-12-01T20:30Z,2025,regular-season,BKN,ORL,92,100,2024-12-01
401704872,2024-12-01T20:30Z,2025,regular-season,MEM,IND,136,121,2024-12-01
401704873,2024-12-01T23:00Z,2025,regular-season,CLE,BOS,115,111,2024-12-01
401704874,2024-12-01T23:00Z,2025,regular-season,NYK,NOP,118,85,2024-12-01
401704875,2024-12-01T23:00Z,2025,regular-season,TOR,MIA,119,116,2024-12-01
401704876,2024-12-02T00:00Z,2025,regular-season,HOU,OKC,119,116,2024-12-01
401704877,2024-12-02T01:00Z,2025,regular-season,UTA,LAL,104,105,2024-12-01
401704878,2024-12-02T02:00Z,2025,regular-season,POR,DAL,131,137,2024-12-01
401704879,2024-12-02T02:00Z,2025,regular-season,SAC,SAS,125,127,2024-12-01
401704880,2024-12-02T03:00Z,2025,regular-season,LAC,DEN,126,122,2024-12-01
401704881,2024-12-03T00:30Z,2025,regular-season,ATL,NOP,124,112,2024-12-02
401704882,2024-12-03T00:30Z,2025,regular-season,BOS,MIA,108,89,2024-12-02
401704883,2024-12-03T01:00Z,2025,regular-season,CHI,BKN,128,102,2024-12-02
401704884,2024-12-03T01:00Z,2025,regular-season,MIN,LAL,109,80,2024-12-02
401703419,2024-12-04T00:00Z,2025,regular-season,CHA,PHI,104,110,2024-12-03
401703420,2024-12-04T00:00Z,2025,regular-season,CLE,WAS,118,87,2024-12-03
401703421,2024-12-04T00:00Z,2025,regular-season,DET,MIL,107,128,2024-12-03
401703422,2024-12-04T00:30Z,2025,regular-season,NYK,ORL,121,106,2024-12-03
401703423,2024-12-04T00:30Z,2025,regular-season,TOR,IND,122,111,2024-12-03
401703424,2024-12-04T01:00Z,2025,regular-season,OKC,UTA,133,106,2024-12-03
401703425,2024-12-04T01:30Z,2025,regular-season,DAL,MEM,121,116,2024-12-03
401703426,2024-12-04T02:00Z,2025,regular-season,PHX,SAS,104,93,2024-12-03
401703427,2024-12-04T03:00Z,2025,regular-season,DEN,GSW,119,115,2024-12-03
401703428,2024-12-04T03:00Z,2025,regular-season,SAC,HOU,120,111,2024-12-03
401703429,2024-12-04T03:30Z,2025,regular-season,LAC,POR,127,105,2024-12-03
401704885,2024-12-05T00:30Z,2025,regular-season,BOS,DET,130,120,2024-12-04
401704886,2024-12-05T00:30Z,2025,regular-season,BKN,IND,99,90,2024-12-04
401704887,2024-12-05T00:30Z,2025,regular-season,MIA,LAL,134,93,2024-12-04
401704888,2024-12-05T00:30Z,2025,regular-season,PHI,ORL,102,106,2024-12-04
401704889,2024-12-05T01:00Z,2025,regular-season,MIL,ATL,104,119,2024-12-04
401704890,2024-12-05T03:30Z,2025,regular-season,LAC,MIN,80,108,2024-12-04
401704891,2024-12-06T00:00Z,2025,regular-season,CLE,DEN,126,114,2024-12-05
401704892,2024-12-06T00:00Z,2025,regular-season,WAS,DAL,101,137,2024-12-05
401704893,2024-12-06T00:30Z,2025,regular-season,NYK,CHA,125,101,2024-12-05
401704894,2024-12-06T00:30Z,2025,regular-season,TOR,OKC,92,129,2024-12-05
401704895,2024-12-06T01:00Z,2025,regular-season,MEM,SAC,115,110,2024-12-05
401704896,2024-12-06T01:00Z,2025,regular-season,NOP,PHX,126,124,2024-12-05
401704897,2024-12-06T01:00Z,2025,regular-season,SAS,CHI,124,139,2024-12-05
401704898,2024-12-06T03:00Z,2025,regular-season,GSW,HOU,99,93,2024-12-05
401704899,2024-12-07T00:00Z,2025,regular-season,PHI,ORL,102,94,2024-12-06
401704900,2024-12-07T00:30Z,2025,regular-season,ATL,LAL,134,132,2024-12-06
401704901,2024-12-07T00:30Z,2025,regular-season,BOS,MIL,111,105,2024-12-06
401704902,2024-12-07T01:00Z,2025,regular-season,CHI,IND,123,132,2024-12-06
401704903,2024-12-07T01:00Z,2025,regular-season,SAS,SAC,113,140,2024-12-06
401704904,2024-12-07T03:00Z,2025,regular-season,GSW,MIN,90,107,2024-12-06
401704905,2024-12-07T03:00Z,2025,regular-season,POR,UTA,99,141,2024-12-06
401704906,2024-12-07T18:00Z,2025,regular-season,CHA,CLE,102,116,2024-12-07
401704907,2024-12-08T00:00Z,2025,regular-season,WAS,DEN,122,113,2024-12-07
401704908,2024-12-08T00:00Z,2025,regular-season,NOP,OKC,109,119,2024-12-07
401704909,2024-12-08T00:30Z,2025,regular-season,NYK,DET,111,120,2024-12-07
401704910,2024-12-08T00:30Z,2025,regular-season,TOR,DAL,118,125,2024-12-07
401704911,2024-12-08T01:00Z,2025,regular-season,BOS,MEM,121,127,2024-12-07
401704912,2024-12-08T01:00Z,2025,regular-season,MIA,PHX,121,111,2024-12-07
401704913,2024-12-08T18:00Z,2025,regular-season,CHI,PHI,100,108,2024-12-08
401704914,2024-12-08T20:30Z,2025,regular-season,BKN,MIL,113,118,2024-12-08
401704915,2024-12-08T22:00Z,2025,regular-season,IND,CHA,109,113,2024-12-08
401704916,2024-12-08T23:00Z,2025,regular-season,ATL,DEN,111,141,2024-12-08
401704917,2024-12-08T23:00Z,2025,regular-season,MIA,CLE,122,113,2024-12-08
401704918,2024-12-08T23:30Z,2025,regular-season,ORL,PHX,115,110,2024-12-08
401704919,2024-12-09T00:00Z,2025,regular-season,WAS,MEM,112,140,2024-12-08
401704920,2024-12-09T00:00Z,2025,regular-season,SAS,NOP,121,116,2024-12-08
401704921,2024-12-09T01:30Z,2025,regular-season,GSW,MIN,114,106,2024-12-08
401704922,2024-12-09T02:00Z,2025,regular-season,LAC,HOU,106,117,2024-12-08
401704923,2024-12-09T02:00Z,2025,regular-season,SAC,UTA,141,97,2024-12-08
401704924,2024-12-09T02:30Z,2025,regular-season,LAL,POR,107,98,2024-12-08
401704925,2024-12-10T00:30Z,2025,regular-season,TOR,NYK,108,113,2024-12-09
401734902,2024-12-11T00:00Z,2025,regular-season,MIL,ORL,114,109,2024-12-10
401734903,2024-12-11T02:30Z,2025,regular-season,OKC,DAL,118,104,2024-12-10
401734904,2024-12-12T00:00Z,2025,regular-season,NYK,ATL,100,108,2024-12-11
401734905,2024-12-12T02:30Z,2025,regular-season,HOU,GSW,91,90,2024-12-11
401736799,2024-12-13T00:30Z,2025,regular-season,BOS,DET,123,99,2024-12-12
401736800,2024-12-13T00:30Z,2025,regular-season,MIA,TOR,114,104,2024-12-12
401736801,2024-12-13T01:00Z,2025,regular-season,NOP,SAC,109,111,2024-12-12
401736802,2024-12-14T00:00Z,2025,regular-season,CLE,WAS,115,105,2024-12-13
401736803,2024-12-14T00:00Z,2025,regular-season,PHI,IND,107,121,2024-12-13
401736804,2024-12-14T01:00Z,2025,regular-season,MIN,LAL,97,87,2024-12-13
401736805,2024-12-14T01:00Z,2025,regular-season,MEM,BKN,135,119,2024-12-13
401736806,2024-12-14T01:00Z,2025,regular-season,CHI,CHA,109,95,2024-12-13
401736807,2024-12-14T02:00Z,2025,regular-season,DEN,LAC,120,98,2024-12-13
401736808,2024-12-14T02:30Z,2025,regular-season,UTA,PHX,126,134,2024-12-13
401736809,2024-12-14T03:00Z,2025,regular-season,POR,SAS,116,118,2024-12-13
401734906,2024-12-14T21:30Z,2025,regular-season,MIL,ATL,110,102,2024-12-14
401734907,2024-12-15T01:30Z,2025,regular-season,OKC,HOU,111,96,2024-12-14
401736810,2024-12-15T22:00Z,2025,regular-season,IND,NOP,119,104,2024-12-15
401736811,2024-12-15T23:00Z,2025,regular-season,WAS,BOS,98,112,2024-12-15
401737902,2024-12-15T23:00Z,2025,regular-season,ORL,NYK,91,100,2024-12-15
401736812,2024-12-16T00:00Z,2025,regular-season,SAS,MIN,92,106,2024-12-15
401736813,2024-12-16T01:00Z,2025,regular-season,PHX,POR,116,109,2024-12-15
401737912,2024-12-16T01:30Z,2025,regular-season,GSW,DAL,133,143,2024-12-15
401736814,2024-12-16T02:30Z,2025,regular-season,LAL,MEM,116,110,2024-12-15
401736815,2024-12-17T00:00Z,2025,regular-season,CHA,PHI,108,121,2024-12-16
401736816,2024-12-17T00:00Z,2025,regular-season,DET,MIA,125,124,2024-12-16
401736817,2024-12-17T00:30Z,2025,regular-season,TOR,CHI,121,122,2024-12-16
401736818,2024-12-17T00:30Z,2025,regular-season,BKN,CLE,101,130,2024-12-16
401736819,2024-12-17T03:00Z,2025,regular-season,SAC,DEN,129,130,2024-12-16
401736820,2024-12-17T03:30Z,2025,regular-season,LAC,UTA,144,107,2024-12-16
401734908,2024-12-18T01:30Z,2025,regular-season,OKC,MIL,81,97,2024-12-17
401704926,2024-12-20T00:00Z,2025,regular-season,DET,UTA,119,126,2024-12-19
401704927,2024-12-20T00:00Z,2025,regular-season,ORL,OKC,99,105,2024-12-19
401704928,2024-12-20T00:00Z,2025,regular-season,WAS,CHA,123,114,2024-12-19
401704929,2024-12-20T00:30Z,2025,regular-season,BOS,CHI,108,117,2024-12-19
401704930,2024-12-20T00:30Z,2025,regular-season,TOR,BKN,94,101,2024-12-19
401704931,2024-12-20T01:00Z,2025,regular-season,HOU,NOP,133,113,2024-12-19
401704932,2024-12-20T01:00Z,2025,regular-season,MEM,GSW,144,93,2024-12-19
401704936,2024-12-20T01:00Z,2025,regular-season,SAS,ATL,133,126,2024-12-19
401704934,2024-12-20T01:30Z,2025,regular-season,DAL,LAC,95,118,2024-12-19
401704935,2024-12-20T02:00Z,2025,regular-season,PHX,IND,111,120,2024-12-19
401704933,2024-12-20T02:30Z,2025,regular-season,MIN,NYK,107,133,2024-12-19
401704937,2024-12-20T03:00Z,2025,regular-season,POR,DEN,126,124,2024-12-19
401704938,2024-12-20T03:00Z,2025,regular-season,SAC,LAL,100,113,2024-12-19
401704939,2024-12-21T00:00Z,2025,regular-season,PHI,CHA,108,98,2024-12-20
401704940,2024-12-21T00:30Z,2025,regular-season,CLE,MIL,124,101,2024-12-20
401704941,2024-12-21T01:00Z,2025,regular-season,MIA,OKC,97,104,2024-12-20
401704942,2024-12-21T23:00Z,2025,regular-season,SAC,LAL,99,103,2024-12-21
401704943,2024-12-22T00:00Z,2025,regular-season,ORL,MIA,121,114,2024-12-21
401704944,2024-12-22T00:30Z,2025,regular-season,ATL,MEM,112,128,2024-12-21
401704945,2024-12-22T00:30Z,2025,regular-season,BKN,UTA,94,105,2024-12-21
401704946,2024-12-22T01:00Z,2025,regular-season,CLE,PHI,126,99,2024-12-21
401704947,2024-12-22T01:00Z,2025,regular-season,CHI,BOS,98,123,2024-12-21
401704948,2024-12-22T01:00Z,2025,regular-season,MIL,WAS,112,101,2024-12-21
401704949,2024-12-22T01:00Z,2025,regular-season,MIN,GSW,103,113,2024-12-21
401704950,2024-12-22T01:00Z,2025,regular-season,NOP,NYK,93,104,2024-12-21
401704951,2024-12-22T01:30Z,2025,regular-season,DAL,LAC,113,97,2024-12-21
401704952,2024-12-22T01:30Z,2025,regular-season,SAS,POR,114,94,2024-12-21
401704953,2024-12-22T02:00Z,2025,regular-season,PHX,DET,125,133,2024-12-21
401704954,2024-12-22T23:00Z,2025,regular-season,TOR,HOU,110,114,2024-12-22
401704955,2024-12-22T23:00Z,2025,regular-season,SAC,IND,95,122,2024-12-22
401704956,2024-12-23T00:00Z,2025,regular-season,NOP,DEN,129,132,2024-12-22
401704957,2024-12-24T00:00Z,2025,regular-season,CHA,HOU,101,114,2024-12-23
401704958,2024-12-24T00:00Z,2025,regular-season,CLE,UTA,124,113,2024-12-23
401704959,2024-12-24T00:00Z,2025,regular-season,ORL,BOS,108,104,2024-12-23
401704960,2024-12-24T00:00Z,2025,regular-season,PHI,SAS,111,106,2024-12-23
401704961,2024-12-24T00:30Z,2025,regular-season,ATL,MIN,117,104,2024-12-23
401704962,2024-12-24T00:30Z,2025,regular-season,MIA,BKN,110,95,2024-12-23
401704963,2024-12-24T00:30Z,2025,regular-season,NYK,TOR,139,125,2024-12-23
401704964,2024-12-24T01:00Z,2025,regular-season,CHI,MIL,91,112,2024-12-23
401704965,2024-12-24T01:00Z,2025,regular-season,MEM,LAC,110,114,2024-12-23
401704966,2024-12-24T01:00Z,2025,regular-season,OKC,WAS,123,105,2024-12-23
401704967,2024-12-24T01:30Z,2025,regular-season,DAL,POR,132,108,2024-12-23
401704968,2024-12-24T03:00Z,2025,regular-season,DEN,PHX,117,90,2024-12-23
401704969,2024-12-24T03:00Z,2025,regular-season,GSW,IND,105,111,2024-12-23
401704970,2024-12-24T03:30Z,2025,regular-season,LAL,DET,114,117,2024-12-23
401704971,2024-12-25T17:00Z,2025,regular-season,NYK,SAS,117,114,2024-12-25
401704972,2024-12-25T19:30Z,2025,regular-season,DAL,MIN,99,105,2024-12-25
401704973,2024-12-25T22:00Z,2025,regular-season,BOS,PHI,114,118,2024-12-25
401704974,2024-12-26T01:00Z,2025,regular-season,GSW,LAL,113,115,2024-12-25
401704975,2024-12-26T03:30Z,2025,regular-season,PHX,DEN,110,100,2024-12-25
401704976,2024-12-27T00:00Z,2025,regular-season,IND,OKC,114,120,2024-12-26
401704977,2024-12-27T00:00Z,2025,regular-season,ORL,MIA,88,89,2024-12-26
401704978,2024-12-27T00:00Z,2025,regular-season,WAS,CHA,113,110,2024-12-26
401704979,2024-12-27T00:30Z,2025,regular-season,ATL,CHI,141,133,2024-12-26
401704980,2024-12-27T01:00Z,2025,regular-season,MEM,TOR,155,126,2024-12-26
401704981,2024-12-27T01:00Z,2025,regular-season,MIL,BKN,105,111,2024-12-26
401704982,2024-12-27T01:00Z,2025,regular-season,NOP,HOU,111,128,2024-12-26
401704983,2024-12-27T03:00Z,2025,regular-season,POR,UTA,122,120,2024-12-26
401704984,2024-12-27T03:00Z,2025,regular-season,SAC,DET,113,114,2024-12-26
401704985,2024-12-28T00:00Z,2025,regular-season,ORL,NYK,85,108,2024-12-27
401704986,2024-12-28T00:30Z,2025,regular-season,BOS,IND,142,105,2024-12-27
401704987,2024-12-28T00:30Z,2025,regular-season,BKN,SAS,87,96,2024-12-27
401704988,2024-12-28T01:00Z,2025,regular-season,HOU,MIN,112,113,2024-12-27
401704989,2024-12-28T01:00Z,2025,regular-season,NOP,MEM,124,132,2024-12-27
401704990,2024-12-28T02:00Z,2025,regular-season,DEN,CLE,135,149,2024-12-27
401704991,2024-12-28T02:00Z,2025,regular-season,PHX,DAL,89,98,2024-12-27
401704992,2024-12-28T03:00Z,2025,regular-season,LAC,GSW,102,92,2024-12-27
401704993,2024-12-28T20:00Z,2025,regular-season,ATL,MIA,120,110,2024-12-28
401704994,2024-12-28T23:00Z,2025,regular-season,CHA,OKC,94,106,2024-12-28
401704995,2024-12-29T00:00Z,2025,regular-season,WAS,NYK,132,136,2024-12-28
401704996,2024-12-29T01:00Z,2025,regular-season,CHI,MIL,116,111,2024-12-28
401704997,2024-12-29T01:30Z,2025,regular-season,GSW,PHX,109,105,2024-12-28
401704998,2024-12-29T02:00Z,2025,regular-season,DEN,DET,134,121,2024-12-28
401704999,2024-12-29T02:30Z,2025,regular-season,UTA,PHI,111,114,2024-12-28
401705000,2024-12-29T03:00Z,2025,regular-season,POR,DAL,126,122,2024-12-28
401705001,2024-12-29T03:30Z,2025,regular-season,LAL,SAC,132,122,2024-12-28
401705002,2024-12-29T20:30Z,2025,regular-season,ORL,BKN,102,101,2024-12-29
401705003,2024-12-29T23:00Z,2025,regular-season,BOS,IND,114,123,2024-12-29
401705004,2024-12-29T23:00Z,2025,regular-season,TOR,ATL,107,136,2024-12-29
401705005,2024-12-30T00:00Z,2025,regular-season,HOU,MIA,100,104,2024-12-29
401705006,2024-12-30T00:00Z,2025,regular-season,OKC,MEM,130,106,2024-12-29
401705007,2024-12-30T02:00Z,2025,regular-season,MIN,SAS,112,110,2024-12-29
401705008,2024-12-31T00:00Z,2025,regular-season,CHA,CHI,108,115,2024-12-30
401705009,2024-12-31T00:00Z,2025,regular-season,WAS,NYK,106,126,2024-12-30
401705010,2024-12-31T01:00Z,2025,regular-season,NOP,LAC,113,116,2024-12-30
401705011,2024-12-31T02:00Z,2025,regular-season,UTA,DEN,121,132,2024-12-30
401705012,2024-12-31T03:00Z,2025,regular-season,GSW,CLE,95,113,2024-12-30
401705013,2024-12-31T03:00Z,2025,regular-season,POR,PHI,103,125,2024-12-30
401705014,2024-12-31T03:00Z,2025,regular-season,SAC,DAL,110,100,2024-12-30
401705015,2024-12-31T20:00Z,2025,regular-season,BOS,TOR,125,71,2024-12-31
401705016,2024-12-31T20:00Z,2025,regular-season,IND,MIL,112,120,2024-12-31
401705017,2025-01-01T00:00Z,2025,regular-season,SAS,LAC,122,86,2024-12-31
401705018,2025-01-01T01:00Z,2025,regular-season,OKC,MIN,113,105,2024-12-31
401705019,2025-01-01T02:00Z,2025,regular-season,PHX,MEM,112,117,2024-12-31
401705020,2025-01-01T02:00Z,2025,regular-season,LAL,CLE,110,122,2024-12-31
401705021,2025-01-02T00:00Z,2025,regular-season,DET,ORL,105,96,2025-01-01
401705022,2025-01-02T00:00Z,2025,regular-season,WAS,CHI,125,107,2025-01-01
401705023,2025-01-02T00:30Z,2025,regular-season,MIA,NOP,119,108,2025-01-01
401705024,2025-01-02T00:30Z,2025,regular-season,NYK,UTA,119,103,2025-01-01
401705025,2025-01-02T00:30Z,2025,regular-season,TOR,BKN,130,113,2025-01-01
401705026,2025-01-02T01:00Z,2025,regular-season,HOU,DAL,110,99,2025-01-01
401705027,2025-01-02T02:00Z,2025,regular-season,DEN,ATL,139,120,2025-01-01
401705028,2025-01-02T03:00Z,2025,regular-season,SAC,PHI,113,107,2025-01-01
401705029,2025-01-03T00:30Z,2025,regular-season,MIA,IND,115,128,2025-01-02
401705030,2025-01-03T00:30Z,2025,regular-season,MIN,BOS,115,118,2025-01-02
401705031,2025-01-03T01:00Z,2025,regular-season,MIL,BKN,110,113,2025-01-02
401705032,2025-01-03T01:00Z,2025,regular-season,OKC,LAC,116,98,2025-01-02
401705033,2025-01-03T03:00Z,2025,regular-season,GSW,PHI,139,105,2025-01-02
401705034,2025-01-03T03:30Z,2025,regular-season,LAL,POR,114,106,2025-01-02
401705035,2025-01-04T00:00Z,2025,regular-season,DET,CHA,98,94,2025-01-03
401705036,2025-01-04T00:30Z,2025,regular-season,TOR,ORL,97,106,2025-01-03
401705037,2025-01-04T01:00Z,2025,regular-season,HOU,BOS,86,109,2025-01-03
401705038,2025-01-04T01:00Z,2025,regular-season,NOP,WAS,132,120,2025-01-03
401705039,2025-01-04T01:00Z,2025,regular-season,OKC,NYK,117,107,2025-01-03
401705040,2025-01-04T01:30Z,2025,regular-season,DAL,CLE,122,134,2025-01-03
401705041,2025-01-04T02:00Z,2025,regular-season,DEN,SAS,110,113,2025-01-03
401705042,2025-01-04T03:00Z,2025,regular-season,SAC,MEM,138,133,2025-01-03
401705043,2025-01-04T03:30Z,2025,regular-season,LAL,ATL,119,102,2025-01-03
401705044,2025-01-04T23:00Z,2025,regular-season,BKN,PHI,94,123,2025-01-04
401705045,2025-01-05T00:00Z,2025,regular-season,DET,MIN,119,105,2025-01-04
401705046,2025-01-05T00:00Z,2025,regular-season,IND,PHX,126,108,2025-01-04
401705047,2025-01-05T01:00Z,2025,regular-season,MIA,UTA,100,136,2025-01-04
401705048,2025-01-05T01:00Z,2025,regular-season,CHI,NYK,139,126,2025-01-04
401705049,2025-01-05T01:00Z,2025,regular-season,MIL,POR,102,105,2025-01-04
401705050,2025-01-05T01:00Z,2025,regular-season,SAS,DEN,111,122,2025-01-04
401705051,2025-01-05T01:30Z,2025,regular-season,GSW,MEM,121,113,2025-01-04
401705052,2025-01-05T03:30Z,2025,regular-season,LAC,ATL,131,105,2025-01-04
401705053,2025-01-05T20:30Z,2025,regular-season,OKC,BOS,105,92,2025-01-05
401705054,2025-01-05T23:00Z,2025,regular-season,CLE,CHA,115,105,2025-01-05
401705055,2025-01-05T23:00Z,2025,regular-season,WAS,NOP,98,110,2025-01-05
401705056,2025-01-05T23:30Z,2025,regular-season,ORL,UTA,92,105,2025-01-05
401705057,2025-01-06T00:00Z,2025,regular-season,HOU,LAL,119,115,2025-01-05
401705058,2025-01-06T01:30Z,2025,regular-season,GSW,SAC,99,129,2025-01-05
401705059,2025-01-07T00:00Z,2025,regular-season,DET,POR,118,115,2025-01-06
401705060,2025-01-07T00:00Z,2025,regular-season,PHI,PHX,99,109,2025-01-06
401705061,2025-01-07T00:30Z,2025,regular-season,BKN,IND,99,113,2025-01-06
401705062,2025-01-07T00:30Z,2025,regular-season,NYK,ORL,94,103,2025-01-06
401705063,2025-01-07T00:30Z,2025,regular-season,TOR,MIL,104,128,2025-01-06
401705064,2025-01-07T01:00Z,2025,regular-season,CHI,SAS,114,110,2025-01-06
401705065,2025-01-07T01:00Z,2025,regular-season,MEM,DAL,119,104,2025-01-06
401705066,2025-01-07T01:00Z,2025,regular-season,MIN,LAC,108,106,2025-01-06
401705067,2025-01-07T03:00Z,2025,regular-season,SAC,MIA,123,118,2025-01-06
401705068,2025-01-08T00:00Z,2025,regular-season,CHA,PHX,115,104,2025-01-07
401705069,2025-01-08T00:00Z,2025,regular-season,WAS,HOU,112,135,2025-01-07
401705070,2025-01-08T00:30Z,2025,regular-season,DAL,LAL,118,97,2025-01-07
401705071,2025-01-08T01:00Z,2025,regular-season,NOP,MIN,97,104,2025-01-07
401705072,2025-01-08T02:00Z,2025,regular-season,UTA,ATL,121,124,2025-01-07
401705073,2025-01-08T03:00Z,2025,regular-season,DEN,BOS,106,118,2025-01-07
401705074,2025-01-08T03:00Z,2025,regular-season,GSW,MIA,98,114,2025-01-07
401705075,2025-01-09T00:00Z,2025,regular-season,CLE,OKC,129,122,2025-01-08
401705076,2025-01-09T00:00Z,2025,regular-season,IND,CHI,129,113,2025-01-08
401705078,2025-01-09T00:00Z,2025,regular-season,PHI,WAS,109,103,2025-01-08
401705077,2025-01-09T00:30Z,2025,regular-season,NYK,TOR,112,98,2025-01-08
401705079,2025-01-09T00:30Z,2025,regular-season,BKN,DET,98,113,2025-01-08
401705080,2025-01-09T01:00Z,2025,regular-season,NOP,POR,100,119,2025-01-08
401705081,2025-01-09T02:00Z,2025,regular-season,DEN,LAC,126,103,2025-01-08
401705082,2025-01-09T02:30Z,2025,regular-season,MIL,SAS,121,105,2025-01-08
401705083,2025-01-10T00:00Z,2025,regular-season,CLE,TOR,132,126,2025-01-09
401705084,2025-01-10T00:00Z,2025,regular-season,DET,GSW,104,107,2025-01-09
401705085,2025-01-10T00:00Z,2025,regular-season,ORL,MIN,89,104,2025-01-09
401705087,2025-01-10T00:30Z,2025,regular-season,DAL,POR,117,111,2025-01-09
401705086,2025-01-10T01:00Z,2025,regular-season,MEM,HOU,115,119,2025-01-09
401705088,2025-01-10T02:00Z,2025,regular-season,PHX,ATL,123,115,2025-01-09
401705089,2025-01-10T02:00Z,2025,regular-season,UTA,MIA,92,97,2025-01-09
401705091,2025-01-11T00:00Z,2025,regular-season,IND,GSW,108,96,2025-01-10
401705092,2025-01-11T00:00Z,2025,regular-season,ORL,MIL,106,109,2025-01-10
401705093,2025-01-11T00:00Z,2025,regular-season,PHI,NOP,115,123,2025-01-10
401705094,2025-01-11T00:30Z,2025,regular-season,BOS,SAC,97,114,2025-01-10
401705095,2025-01-11T00:30Z,2025,regular-season,NYK,OKC,101,126,2025-01-10
401705096,2025-01-11T01:00Z,2025,regular-season,CHI,WAS,138,105,2025-01-10
401705097,2025-01-11T02:00Z,2025,regular-season,DEN,BKN,124,105,2025-01-10
401705099,2025-01-11T22:00Z,2025,regular-season,PHX,UTA,114,106,2025-01-11
401705100,2025-01-12T00:00Z,2025,regular-season,DET,TOR,123,114,2025-01-11
401705101,2025-01-12T01:00Z,2025,regular-season,MIN,MEM,125,127,2025-01-11
401705102,2025-01-12T03:00Z,2025,regular-season,POR,MIA,98,119,2025-01-11
401705105,2025-01-12T20:00Z,2025,regular-season,NYK,MIL,140,106,2025-01-12
401705106,2025-01-12T20:00Z,2025,regular-season,DAL,DEN,101,112,2025-01-12
401705107,2025-01-12T20:30Z,2025,regular-season,CHI,SAC,119,124,2025-01-12
401705108,2025-01-12T23:00Z,2025,regular-season,BOS,NOP,120,119,2025-01-12
401705109,2025-01-12T23:00Z,2025,regular-season,CLE,IND,93,108,2025-01-12
401705110,2025-01-12T23:00Z,2025,regular-season,ORL,PHI,104,99,2025-01-12
401705111,2025-01-12T23:00Z,2025,regular-season,WAS,OKC,95,136,2025-01-12
401705112,2025-01-13T01:00Z,2025,regular-season,UTA,BKN,112,111,2025-01-12
401705113,2025-01-13T02:00Z,2025,regular-season,PHX,CHA,120,113,2025-01-12
401705114,2025-01-14T00:00Z,2025,regular-season,WAS,MIN,106,120,2025-01-13
401705115,2025-01-14T00:30Z,2025,regular-season,NYK,DET,119,124,2025-01-13
401705116,2025-01-14T00:30Z,2025,regular-season,TOR,GSW,104,101,2025-01-13
401705117,2025-01-14T01:00Z,2025,regular-season,HOU,MEM,120,118,2025-01-13
401705118,2025-01-14T03:30Z,2025,regular-season,LAL,SAS,102,126,2025-01-13
401705119,2025-01-14T03:30Z,2025,regular-season,LAC,MIA,109,98,2025-01-13
401705120,2025-01-15T00:00Z,2025,regular-season,IND,CLE,117,127,2025-01-14
401705121,2025-01-15T00:00Z,2025,regular-season,PHI,OKC,102,118,2025-01-14
401705122,2025-01-15T00:30Z,2025,regular-season,ATL,PHX,122,117,2025-01-14
401705123,2025-01-15T01:00Z,2025,regular-season,CHI,NOP,113,119,2025-01-14
401705124,2025-01-15T01:00Z,2025,regular-season,MIL,SAC,130,115,2025-01-14
401705125,2025-01-15T02:30Z,2025,regular-season,DAL,DEN,99,118,2025-01-14
401705126,2025-01-15T03:00Z,2025,regular-season,POR,BKN,114,132,2025-01-14
401705127,2025-01-16T00:00Z,2025,regular-season,PHI,NYK,119,125,2025-01-15
401705128,2025-01-16T00:30Z,2025,regular-season,TOR,BOS,110,97,2025-01-15
401705129,2025-01-16T01:00Z,2025,regular-season,CHI,ATL,94,110,2025-01-15
401705130,2025-01-16T01:00Z,2025,regular-season,MIL,ORL,122,93,2025-01-15
401705132,2025-01-16T01:00Z,2025,regular-season,NOP,DAL,119,116,2025-01-15
401705133,2025-01-16T01:00Z,2025,regular-season,SAS,MEM,115,129,2025-01-15
401705134,2025-01-16T02:00Z,2025,regular-season,DEN,HOU,108,128,2025-01-15
401705135,2025-01-16T02:00Z,2025,regular-season,UTA,CHA,112,117,2025-01-15
401705131,2025-01-16T02:30Z,2025,regular-season,MIN,GSW,115,116,2025-01-15
401705136,2025-01-16T03:00Z,2025,regular-season,LAL,MIA,117,108,2025-01-15
401705137,2025-01-16T03:30Z,2025,regular-season,LAC,BKN,126,67,2025-01-15
401705138,2025-01-17T00:00Z,2025,regular-season,DET,IND,100,111,2025-01-16
401705139,2025-01-17T00:00Z,2025,regular-season,WAS,PHX,123,130,2025-01-16
401705140,2025-01-17T00:30Z,2025,regular-season,OKC,CLE,134,114,2025-01-16
401705141,2025-01-17T03:00Z,2025,regular-season,POR,LAC,89,118,2025-01-16
401705142,2025-01-17T03:00Z,2025,regular-season,SAC,HOU,132,127,2025-01-16
401705143,2025-01-18T00:00Z,2025,regular-season,BOS,ORL,121,94,2025-01-17
401705144,2025-01-18T00:30Z,2025,regular-season,NYK,MIN,99,116,2025-01-17
401705145,2025-01-18T01:00Z,2025,regular-season,MIA,DEN,113,133,2025-01-17
401705146,2025-01-18T01:00Z,2025,regular-season,MIL,TOR,130,112,2025-01-17
401705147,2025-01-18T01:00Z,2025,regular-season,NOP,UTA,136,123,2025-01-17
401705150,2025-01-18T01:00Z,2025,regular-season,CHI,CHA,123,125,2025-01-17
401705149,2025-01-18T01:30Z,2025,regular-season,DAL,OKC,106,98,2025-01-17
401705148,2025-01-18T02:30Z,2025,regular-season,SAS,MEM,112,140,2025-01-17
401705151,2025-01-18T03:30Z,2025,regular-season,LAL,BKN,102,101,2025-01-17
401705152,2025-01-18T21:00Z,2025,regular-season,DET,PHX,121,125,2025-01-18
401705153,2025-01-19T00:00Z,2025,regular-season,BOS,ATL,115,119,2025-01-18
401705154,2025-01-19T00:00Z,2025,regular-season,IND,PHI,115,102,2025-01-18
401705155,2025-01-19T01:30Z,2025,regular-season,GSW,WAS,122,114,2025-01-18
401705156,2025-01-19T02:00Z,2025,regular-season,MIN,CLE,117,124,2025-01-18
401705157,2025-01-19T03:00Z,2025,regular-season,POR,HOU,103,125,2025-01-18
401705158,2025-01-19T20:00Z,2025,regular-season,MIA,SAS,128,107,2025-01-19
401705159,2025-01-19T23:00Z,2025,regular-season,ORL,DEN,100,113,2025-01-19
401705160,2025-01-20T00:00Z,2025,regular-season,MIL,PHI,123,109,2025-01-19
401705161,2025-01-20T00:00Z,2025,regular-season,OKC,BKN,127,101,2025-01-19
401705162,2025-01-20T02:00Z,2025,regular-season,LAC,LAL,116,102,2025-01-19
401705163,2025-01-20T02:00Z,2025,regular-season,POR,CHI,113,102,2025-01-19
401705164,2025-01-20T02:00Z,2025,regular-season,SAC,WAS,123,100,2025-01-19
401705165,2025-01-20T17:00Z,2025,regular-season,CHA,DAL,110,105,2025-01-20
401705166,2025-01-20T19:00Z,2025,regular-season,HOU,DET,96,107,2025-01-20
401705167,2025-01-20T19:30Z,2025,regular-season,MEM,MIN,108,106,2025-01-20
401705168,2025-01-20T20:00Z,2025,regular-season,NYK,ATL,119,110,2025-01-20
401705169,2025-01-20T20:30Z,2025,regular-season,CLE,PHX,118,92,2025-01-20
401705170,2025-01-20T22:00Z,2025,regular-season,GSW,BOS,85,125,2025-01-20
401705171,2025-01-21T01:00Z,2025,regular-season,NOP,UTA,123,119,2025-01-20
401705177,2025-01-21T03:30Z,2025,regular-season,LAC,CHI,99,112,2025-01-20
401705172,2025-01-22T00:30Z,2025,regular-season,BKN,NYK,95,99,2025-01-21
401705173,2025-01-22T00:30Z,2025,regular-season,MIA,POR,107,116,2025-01-21
401705174,2025-01-22T00:30Z,2025,regular-season,TOR,ORL,109,93,2025-01-21
401705175,2025-01-22T03:00Z,2025,regular-season,DEN,PHI,144,109,2025-01-21
401705176,2025-01-22T03:30Z,2025,regular-season,LAL,WAS,111,88,2025-01-21
401705178,2025-01-23T00:30Z,2025,regular-season,ATL,DET,104,114,2025-01-22
401705179,2025-01-23T00:30Z,2025,regular-season,BKN,PHX,84,108,2025-01-22
401705180,2025-01-23T00:30Z,2025,regular-season,DAL,MIN,114,115,2025-01-22
401705181,2025-01-23T01:00Z,2025,regular-season,HOU,CLE,109,108,2025-01-22
401705182,2025-01-23T01:00Z,2025,regular-season,MEM,CHA,132,120,2025-01-22
401705184,2025-01-23T01:00Z,2025,regular-season,OKC,UTA,123,114,2025-01-22
401705185,2025-01-23T03:00Z,2025,regular-season,SAC,GSW,123,117,2025-01-22
401705186,2025-01-23T03:30Z,2025,regular-season,LAC,BOS,113,117,2025-01-22
401705187,2025-01-23T19:00Z,2025,regular-season,IND,SAS,110,140,2025-01-23
401705188,2025-01-24T00:00Z,2025,regular-season,ORL,POR,79,101,2025-01-23
401705189,2025-01-24T00:30Z,2025,regular-season,ATL,TOR,119,122,2025-01-23
401705191,2025-01-24T01:00Z,2025,regular-season,OKC,DAL,115,121,2025-01-23
401705190,2025-01-24T01:30Z,2025,regular-season,MIL,MIA,125,96,2025-01-23
401705192,2025-01-24T02:00Z,2025,regular-season,DEN,SAC,132,123,2025-01-23
401705194,2025-01-24T03:00Z,2025,regular-season,GSW,CHI,131,106,2025-01-23
401705195,2025-01-24T03:00Z,2025,regular-season,LAL,BOS,117,96,2025-01-23
401705549,2025-01-24T03:30Z,2025,regular-season,LAC,WAS,110,93,2025-01-23
401705196,2025-01-25T00:00Z,2025,regular-season,CHA,POR,97,102,2025-01-24
401705197,2025-01-25T00:00Z,2025,regular-season,PHI,CLE,132,129,2025-01-24
401705198,2025-01-25T01:00Z,2025,regular-season,MEM,NOP,139,126,2025-01-24
401705199,2025-01-25T17:00Z,2025,regular-season,SAS,IND,98,136,2025-01-25
401705200,2025-01-25T20:00Z,2025,regular-season,MIN,DEN,133,104,2025-01-25
401705201,2025-01-25T22:30Z,2025,regular-season,DAL,BOS,107,122,2025-01-25
401705202,2025-01-25T23:00Z,2025,regular-season,BKN,MIA,97,106,2025-01-25
401705203,2025-01-26T00:00Z,2025,regular-season,CHA,NOP,123,92,2025-01-25
401705204,2025-01-26T00:00Z,2025,regular-season,ORL,DET,121,113,2025-01-25
401705205,2025-01-26T00:30Z,2025,regular-season,ATL,TOR,94,117,2025-01-25
401705206,2025-01-26T00:30Z,2025,regular-season,CLE,HOU,131,135,2025-01-25
401705207,2025-01-26T00:30Z,2025,regular-season,NYK,SAC,143,120,2025-01-25
401705208,2025-01-26T01:00Z,2025,regular-season,CHI,PHI,97,109,2025-01-25
401705209,2025-01-26T01:00Z,2025,regular-season,MEM,UTA,125,103,2025-01-25
401705210,2025-01-26T01:30Z,2025,regular-season,GSW,LAL,108,118,2025-01-25
401705211,2025-01-26T02:00Z,2025,regular-season,PHX,WAS,119,109,2025-01-25
401705212,2025-01-26T03:30Z,2025,regular-season,LAC,MIL,127,117,2025-01-25
401705213,2025-01-26T23:00Z,2025,regular-season,POR,OKC,108,118,2025-01-26
401705214,2025-01-28T00:00Z,2025,regular-season,CHA,LAL,107,112,2025-01-27
401705215,2025-01-28T00:00Z,2025,regular-season,CLE,DET,110,91,2025-01-27
401705216,2025-01-28T00:30Z,2025,regular-season,BOS,HOU,112,114,2025-01-27
401705217,2025-01-28T00:30Z,2025,regular-season,BKN,SAC,96,110,2025-01-27
401705218,2025-01-28T00:30Z,2025,regular-season,MIA,ORL,125,119,2025-01-27
401705219,2025-01-28T00:30Z,2025,regular-season,NYK,MEM,143,106,2025-01-27
401705220,2025-01-28T00:30Z,2025,regular-season,TOR,NOP,113,104,2025-01-27
401705221,2025-01-28T01:00Z,2025,regular-season,CHI,DEN,129,121,2025-01-27
401705222,2025-01-28T01:00Z,2025,regular-season,MIN,ATL,100,92,2025-01-27
401705223,2025-01-28T01:30Z,2025,regular-season,DAL,WAS,130,108,2025-01-27
401705224,2025-01-28T02:00Z,2025,regular-season,UTA,MIL,110,125,2025-01-27
401705225,2025-01-28T02:30Z,2025,regular-season,PHX,LAC,111,109,2025-01-27
401705226,2025-01-29T00:30Z,2025,regular-season,PHI,LAL,118,104,2025-01-28
401748705,2025-01-29T00:30Z,2025,regular-season,ATL,HOU,96,100,2025-01-28
401705227,2025-01-29T03:00Z,2025,regular-season,GSW,UTA,114,103,2025-01-28
401705228,2025-01-29T03:00Z,2025,regular-season,POR,MIL,125,112,2025-01-28
401705229,2025-01-30T00:00Z,2025,regular-season,CHA,BKN,83,104,2025-01-29
401705230,2025-01-30T00:00Z,2025,regular-season,IND,DET,133,119,2025-01-29
401705231,2025-01-30T00:00Z,2025,regular-season,WAS,TOR,82,106,2025-01-29
401705232,2025-01-30T00:30Z,2025,regular-season,BOS,CHI,122,100,2025-01-29
401705233,2025-01-30T00:30Z,2025,regular-season,MIA,CLE,106,126,2025-01-29
401705234,2025-01-30T00:30Z,2025,regular-season,NYK,DEN,122,112,2025-01-29
401705235,2025-01-30T00:30Z,2025,regular-season,PHI,SAC,117,104,2025-01-29
401705236,2025-01-30T01:00Z,2025,regular-season,NOP,DAL,136,137,2025-01-29
401705237,2025-01-30T01:00Z,2025,regular-season,SAS,LAC,116,128,2025-01-29
401705238,2025-01-30T02:00Z,2025,regular-season,PHX,MIN,113,121,2025-01-29
401705239,2025-01-30T03:00Z,2025,regular-season,GSW,OKC,116,109,2025-01-29
401705240,2025-01-31T00:00Z,2025,regular-season,WAS,LAL,96,134,2025-01-30
401705241,2025-01-31T00:00Z,2025,regular-season,CLE,ATL,137,115,2025-01-30
401705243,2025-01-31T02:00Z,2025,regular-season,UTA,MIN,113,138,2025-01-30
401705242,2025-01-31T02:30Z,2025,regular-season,MEM,HOU,120,119,2025-01-30
401705244,2025-01-31T03:00Z,2025,regular-season,POR,ORL,119,90,2025-01-30
401705245,2025-02-01T00:00Z,2025,regular-season,CHA,LAC,104,112,2025-01-31
401705246,2025-02-01T00:00Z,2025,regular-season,DET,DAL,117,102,2025-01-31
401705247,2025-02-01T00:30Z,2025,regular-season,PHI,DEN,134,137,2025-01-31
401705248,2025-02-01T00:30Z,2025,regular-season,TOR,CHI,106,122,2025-01-31
401705249,2025-02-01T01:00Z,2025,regular-season,NOP,BOS,116,118,2025-01-31
401705250,2025-02-01T01:00Z,2025,regular-season,SAS,MIL,144,118,2025-01-31
401705251,2025-02-01T03:00Z,2025,regular-season,GSW,PHX,105,130,2025-01-31
401705252,2025-02-01T22:00Z,2025,regular-season,IND,ATL,132,127,2025-02-01
401705253,2025-02-01T22:00Z,2025,regular-season,UTA,ORL,113,99,2025-02-01
401705254,2025-02-02T00:00Z,2025,regular-season,CHA,DEN,104,107,2025-02-01
401705255,2025-02-02T01:00Z,2025,regular-season,HOU,BKN,98,110,2025-02-01
401705256,2025-02-02T01:00Z,2025,regular-season,MIN,WAS,103,105,2025-02-01
401705257,2025-02-02T01:00Z,2025,regular-season,OKC,SAC,144,110,2025-02-01
401705258,2025-02-02T01:30Z,2025,regular-season,NYK,LAL,112,128,2025-02-01
401705259,2025-02-02T01:30Z,2025,regular-season,SAS,MIA,103,105,2025-02-01
401705260,2025-02-02T03:00Z,2025,regular-season,POR,PHX,127,108,2025-02-01
401705261,2025-02-02T20:00Z,2025,regular-season,DET,CHI,127,119,2025-02-02
401705262,2025-02-02T20:30Z,2025,regular-season,CLE,DAL,144,101,2025-02-02
401705263,2025-02-02T20:30Z,2025,regular-season,TOR,LAC,115,108,2025-02-02
401705264,2025-02-02T23:00Z,2025,regular-season,PHI,BOS,110,118,2025-02-02
401705265,2025-02-03T01:30Z,2025,regular-season,MIL,MEM,119,132,2025-02-02
401705266,2025-02-04T00:00Z,2025,regular-season,CHA,WAS,114,124,2025-02-03
401705267,2025-02-04T00:00Z,2025,regular-season,DET,ATL,130,132,2025-02-03
401705268,2025-02-04T00:30Z,2025,regular-season,NYK,HOU,124,118,2025-02-03
401705270,2025-02-04T01:00Z,2025,regular-season,MIN,SAC,114,116,2025-02-03
401705271,2025-02-04T01:00Z,2025,regular-season,OKC,MIL,125,96,2025-02-03
401705269,2025-02-04T01:50Z,2025,regular-season,MEM,SAS,128,109,2025-02-03
401705272,2025-02-04T02:00Z,2025,regular-season,DEN,NOP,125,113,2025-02-03
401705273,2025-02-04T02:00Z,2025,regular-season,UTA,IND,111,112,2025-02-03
401705274,2025-02-04T03:00Z,2025,regular-season,GSW,ORL,104,99,2025-02-03
401705275,2025-02-04T03:00Z,2025,regular-season,POR,PHX,121,119,2025-02-03
401705278,2025-02-05T00:00Z,2025,regular-season,PHI,DAL,118,116,2025-02-04
401705276,2025-02-05T00:30Z,2025,regular-season,CLE,BOS,105,112,2025-02-04
401705277,2025-02-05T00:30Z,2025,regular-season,BKN,HOU,99,97,2025-02-04
401705279,2025-02-05T00:30Z,2025,regular-season,TOR,NYK,115,121,2025-02-04
401705280,2025-02-05T01:00Z,2025,regular-season,CHI,MIA,133,124,2025-02-04
401705281,2025-02-05T03:00Z,2025,regular-season,LAC,LAL,97,122,2025-02-04
401705282,2025-02-05T03:00Z,2025,regular-season,POR,IND,112,89,2025-02-04
401705283,2025-02-06T00:00Z,2025,regular-season,CHA,MIL,102,112,2025-02-05
401705284,2025-02-06T00:00Z,2025,regular-season,DET,CLE,115,118,2025-02-05
401705285,2025-02-06T00:00Z,2025,regular-season,ATL,SAS,125,126,2025-02-05
401705286,2025-02-06T00:30Z,2025,regular-season,BKN,WAS,102,119,2025-02-05
401705287,2025-02-06T00:30Z,2025,regular-season,PHI,MIA,101,108,2025-02-05
401705288,2025-02-06T00:30Z,2025,regular-season,TOR,MEM,107,138,2025-02-05
401705289,2025-02-06T01:00Z,2025,regular-season,MIN,CHI,127,108,2025-02-05
401705291,2025-02-06T02:00Z,2025,regular-season,UTA,GSW,131,128,2025-02-05
401705292,2025-02-06T02:00Z,2025,regular-season,DEN,NOP,144,119,2025-02-05
401705290,2025-02-06T02:30Z,2025,regular-season,OKC,PHX,140,109,2025-02-05
401705293,2025-02-06T03:00Z,2025,regular-season,SAC,ORL,111,130,2025-02-05
401705294,2025-02-07T00:30Z,2025,regular-season,BOS,DAL,120,127,2025-02-06
401705295,2025-02-07T01:00Z,2025,regular-season,MIN,HOU,127,114,2025-02-06
401705296,2025-02-07T02:00Z,2025,regular-season,DEN,ORL,112,90,2025-02-06
401705297,2025-02-07T03:00Z,2025,regular-season,LAL,GSW,120,112,2025-02-06
401705298,2025-02-07T03:00Z,2025,regular-season,POR,SAC,108,102,2025-02-06
401705299,2025-02-07T03:30Z,2025,regular-season,LAC,IND,112,119,2025-02-06
401705300,2025-02-08T00:00Z,2025,regular-season,CHA,SAS,117,116,2025-02-07
401705301,2025-02-08T00:00Z,2025,regular-season,WAS,CLE,124,134,2025-02-07
401705302,2025-02-08T00:30Z,2025,regular-season,ATL,MIL,115,110,2025-02-07
401705303,2025-02-08T00:30Z,2025,regular-season,BKN,MIA,102,86,2025-02-07
401705304,2025-02-08T00:30Z,2025,regular-season,DET,PHI,125,112,2025-02-07
401705305,2025-02-08T01:00Z,2025,regular-season,OKC,TOR,121,109,2025-02-07
401705306,2025-02-08T03:00Z,2025,regular-season,PHX,UTA,135,127,2025-02-07
401705307,2025-02-08T20:00Z,2025,regular-season,DAL,HOU,116,105,2025-02-08
401705308,2025-02-08T21:00Z,2025,regular-season,LAL,IND,124,117,2025-02-08
401705309,2025-02-09T00:00Z,2025,regular-season,ORL,SAS,112,111,2025-02-08
401705310,2025-02-09T00:00Z,2025,regular-season,WAS,ATL,111,125,2025-02-08
401705311,2025-02-09T01:00Z,2025,regular-season,CHI,GSW,111,132,2025-02-08
401705312,2025-02-09T01:00Z,2025,regular-season,MEM,OKC,112,125,2025-02-08
401705313,2025-02-09T01:00Z,2025,regular-season,MIN,POR,114,98,2025-02-08
401705314,2025-02-09T01:30Z,2025,regular-season,NYK,BOS,104,131,2025-02-08
401705315,2025-02-09T02:00Z,2025,regular-season,PHX,DEN,105,122,2025-02-08
401705316,2025-02-09T03:00Z,2025,regular-season,SAC,NOP,123,118,2025-02-08
401705317,2025-02-09T03:30Z,2025,regular-season,LAC,UTA,130,110,2025-02-08
401705318,2025-02-09T18:00Z,2025,regular-season,DET,CHA,112,102,2025-02-09
401705319,2025-02-09T19:00Z,2025,regular-season,HOU,TOR,94,87,2025-02-09
401705320,2025-02-09T19:00Z,2025,regular-season,MIL,PHI,135,127,2025-02-09
401705321,2025-02-11T00:00Z,2025,regular-season,CLE,MIN,128,107,2025-02-10
401705322,2025-02-11T00:00Z,2025,regular-season,ORL,ATL,106,112,2025-02-10
401705323,2025-02-11T00:00Z,2025,regular-season,WAS,SAS,121,131,2025-02-10
401705324,2025-02-11T00:30Z,2025,regular-season,BKN,CHA,97,89,2025-02-10
401705325,2025-02-11T00:30Z,2025,regular-season,MIA,BOS,85,103,2025-02-10
401705326,2025-02-11T01:00Z,2025,regular-season,MIL,GSW,111,125,2025-02-10
401705327,2025-02-11T01:00Z,2025,regular-season,OKC,NOP,137,101,2025-02-10
401705328,2025-02-11T01:30Z,2025,regular-season,DAL,SAC,128,129,2025-02-10
401705329,2025-02-11T02:00Z,2025,regular-season,DEN,POR,146,117,2025-02-10
401705334,2025-02-11T03:30Z,2025,regular-season,LAL,UTA,132,113,2025-02-10
401705330,2025-02-12T00:00Z,2025,regular-season,PHI,TOR,103,106,2025-02-11
401705331,2025-02-12T00:30Z,2025,regular-season,IND,NYK,115,128,2025-02-11
401705332,2025-02-12T01:00Z,2025,regular-season,CHI,DET,92,132,2025-02-11
401705333,2025-02-12T03:00Z,2025,regular-season,PHX,MEM,112,119,2025-02-11
401705335,2025-02-13T00:00Z,2025,regular-season,BOS,SAS,116,103,2025-02-12
401705336,2025-02-13T00:00Z,2025,regular-season,ORL,CHA,102,86,2025-02-12
401705337,2025-02-13T00:00Z,2025,regular-season,WAS,IND,130,134,2025-02-12
401705338,2025-02-13T00:30Z,2025,regular-season,BKN,PHI,100,96,2025-02-12
401705339,2025-02-13T00:30Z,2025,regular-season,NYK,ATL,149,148,2025-02-12
401705340,2025-02-13T00:30Z,2025,regular-season,TOR,CLE,108,131,2025-02-12
401705341,2025-02-13T01:00Z,2025,regular-season,CHI,DET,110,128,2025-02-12
401705342,2025-02-13T01:00Z,2025,regular-season,MIN,MIL,101,103,2025-02-12
401705343,2025-02-13T01:00Z,2025,regular-season,NOP,SAC,111,119,2025-02-12
401705344,2025-02-13T01:00Z,2025,regular-season,OKC,MIA,115,101,2025-02-12
401705345,2025-02-13T01:30Z,2025,regular-season,HOU,PHX,119,111,2025-02-12
401705346,2025-02-13T02:00Z,2025,regular-season,DEN,POR,132,121,2025-02-12
401705347,2025-02-13T02:00Z,2025,regular-season,UTA,LAL,131,119,2025-02-12
401705348,2025-02-13T02:30Z,2025,regular-season,DAL,GSW,111,107,2025-02-12
401705349,2025-02-13T03:30Z,2025,regular-season,LAC,MEM,128,114,2025-02-12
401705350,2025-02-14T01:00Z,2025,regular-season,HOU,GSW,98,105,2025-02-13
401705351,2025-02-14T01:00Z,2025,regular-season,NOP,SAC,140,133,2025-02-13
401705352,2025-02-14T01:30Z,2025,regular-season,DAL,MIA,118,113,2025-02-13
401705353,2025-02-14T01:30Z,2025,regular-season,MIN,OKC,116,101,2025-02-13
401705570,2025-02-14T02:00Z,2025,regular-season,UTA,LAC,116,120,2025-02-13
401752955,2025-02-17T01:20Z,2025,regular-season,CHK,KEN,41,32,2025-02-16
401752956,2025-02-17T02:10Z,2025,regular-season,SHQ,CAN,42,35,2025-02-16
401752957,2025-02-17T03:00Z,2025,regular-season,CHK,SHQ,25,41,2025-02-16
401748704,2025-02-20T03:00Z,2025,regular-season,LAL,CHA,97,100,2025-02-19
401705354,2025-02-21T00:00Z,2025,regular-season,IND,MEM,127,113,2025-02-20
401705355,2025-02-21T00:00Z,2025,regular-season,PHI,BOS,104,124,2025-02-20
401705356,2025-02-21T00:30Z,2025,regular-season,ATL,ORL,108,114,2025-02-20
401705357,2025-02-21T00:30Z,2025,regular-season,BKN,CLE,97,110,2025-02-20
401705358,2025-02-21T00:30Z,2025,regular-season,NYK,CHI,113,111,2025-02-20
401705359,2025-02-21T01:00Z,2025,regular-season,MIL,LAC,116,110,2025-02-20
401705360,2025-02-21T02:00Z,2025,regular-season,DEN,CHA,129,115,2025-02-20
401705361,2025-02-21T02:30Z,2025,regular-season,SAS,PHX,120,109,2025-02-20
401705362,2025-02-21T03:00Z,2025,regular-season,POR,LAL,102,110,2025-02-20
401705363,2025-02-22T00:00Z,2025,regular-season,CLE,NYK,142,105,2025-02-21
401705364,2025-02-22T00:00Z,2025,regular-season,ORL,MEM,104,105,2025-02-21
401705365,2025-02-22T00:00Z,2025,regular-season,WAS,MIL,101,104,2025-02-21
401705366,2025-02-22T00:30Z,2025,regular-season,TOR,MIA,111,120,2025-02-21
401705368,2025-02-22T01:30Z,2025,regular-season,SAS,DET,110,125,2025-02-21
401705369,2025-02-22T01:30Z,2025,regular-season,DAL,NOP,111,103,2025-02-21
401705367,2025-02-22T02:30Z,2025,regular-season,HOU,MIN,121,115,2025-02-21
401705370,2025-02-22T02:30Z,2025,regular-season,UTA,OKC,107,130,2025-02-21
401705371,2025-02-22T03:00Z,2025,regular-season,SAC,GSW,108,132,2025-02-21
401705372,2025-02-22T22:00Z,2025,regular-season,CHI,PHX,117,121,2025-02-22
401705373,2025-02-23T00:30Z,2025,regular-season,PHI,BKN,103,105,2025-02-22
401705374,2025-02-23T01:30Z,2025,regular-season,DEN,LAL,100,123,2025-02-22
401705375,2025-02-23T02:30Z,2025,regular-season,UTA,HOU,124,115,2025-02-22
401705376,2025-02-23T03:00Z,2025,regular-season,POR,CHA,141,88,2025-02-22
401705377,2025-02-23T18:00Z,2025,regular-season,BOS,NYK,118,105,2025-02-23
401705378,2025-02-23T20:30Z,2025,regular-season,GSW,DAL,126,102,2025-02-23
401705379,2025-02-23T22:00Z,2025,regular-season,IND,LAC,129,111,2025-02-23
401705380,2025-02-23T23:00Z,2025,regular-season,ATL,DET,143,148,2025-02-23
401705381,2025-02-23T23:00Z,2025,regular-season,ORL,WAS,110,90,2025-02-23
401705382,2025-02-23T23:00Z,2025,regular-season,TOR,PHX,127,109,2025-02-23
401705383,2025-02-23T23:00Z,2025,regular-season,MIL,MIA,120,113,2025-02-23
401705384,2025-02-24T00:00Z,2025,regular-season,NOP,SAS,114,96,2025-02-23
401705385,2025-02-24T00:00Z,2025,regular-season,CLE,MEM,129,123,2025-02-23
401705386,2025-02-24T02:50Z,2025,regular-season,MIN,OKC,123,130,2025-02-23
401705387,2025-02-25T00:00Z,2025,regular-season,DET,LAC,106,97,2025-02-24
401705388,2025-02-25T00:00Z,2025,regular-season,IND,DEN,116,125,2025-02-24
401705389,2025-02-25T00:00Z,2025,regular-season,PHI,CHI,110,142,2025-02-24
401705390,2025-02-25T00:00Z,2025,regular-season,WAS,BKN,107,99,2025-02-24
401705391,2025-02-25T00:30Z,2025,regular-season,ATL,MIA,98,86,2025-02-24
401705392,2025-02-25T01:00Z,2025,regular-season,OKC,MIN,128,131,2025-02-24
401705393,2025-02-25T02:00Z,2025,regular-season,UTA,POR,112,114,2025-02-24
401705394,2025-02-25T03:00Z,2025,regular-season,SAC,CHA,130,88,2025-02-24
401705395,2025-02-26T00:00Z,2025,regular-season,TOR,BOS,101,111,2025-02-25
401705396,2025-02-26T00:30Z,2025,regular-season,ORL,CLE,82,122,2025-02-25
401705397,2025-02-26T01:00Z,2025,regular-season,HOU,MIL,100,97,2025-02-25
401705398,2025-02-26T01:00Z,2025,regular-season,MEM,PHX,151,148,2025-02-25
401705399,2025-02-26T01:00Z,2025,regular-season,NOP,SAS,109,103,2025-02-25
401705400,2025-02-26T03:00Z,2025,regular-season,GSW,CHA,128,92,2025-02-25
401705401,2025-02-26T03:00Z,2025,regular-season,LAL,DAL,107,99,2025-02-25
401705402,2025-02-27T00:00Z,2025,regular-season,DET,BOS,117,97,2025-02-26
401705403,2025-02-27T00:00Z,2025,regular-season,IND,TOR,111,91,2025-02-26
401705404,2025-02-27T00:00Z,2025,regular-season,NYK,PHI,110,105,2025-02-26
401705405,2025-02-27T00:00Z,2025,regular-season,WAS,POR,121,129,2025-02-26
401705406,2025-02-27T00:30Z,2025,regular-season,BKN,OKC,121,129,2025-02-26
401705407,2025-02-27T00:30Z,2025,regular-season,MIA,ATL,131,109,2025-02-26
401705408,2025-02-27T01:00Z,2025,regular-season,CHI,LAC,117,122,2025-02-26
401705409,2025-02-27T02:00Z,2025,regular-season,UTA,SAC,101,118,2025-02-26
401705410,2025-02-27T02:50Z,2025,regular-season,HOU,SAS,118,106,2025-02-26
401705411,2025-02-28T00:00Z,2025,regular-season,ORL,GSW,115,121,2025-02-27
401705412,2025-02-28T01:00Z,2025,regular-season,MIL,DEN,121,112,2025-02-27
401705413,2025-02-28T01:30Z,2025,regular-season,DAL,CHA,103,96,2025-02-27
401705414,2025-02-28T02:00Z,2025,regular-season,PHX,NOP,116,124,2025-02-27
401705415,2025-02-28T03:30Z,2025,regular-season,LAL,MIN,111,102,2025-02-27
401705416,2025-03-01T00:00Z,2025,regular-season,DET,DEN,119,134,2025-02-28
401705417,2025-03-01T00:30Z,2025,regular-season,ATL,OKC,119,135,2025-02-28
401705418,2025-03-01T00:30Z,2025,regular-season,BOS,CLE,116,123,2025-02-28
401705419,2025-03-01T00:30Z,2025,regular-season,BKN,POR,102,121,2025-02-28
401705420,2025-03-01T01:00Z,2025,regular-season,MIA,IND,125,120,2025-02-28
401705421,2025-03-01T01:00Z,2025,regular-season,CHI,TOR,125,115,2025-02-28
401705422,2025-03-01T01:00Z,2025,regular-season,MEM,NYK,113,114,2025-02-28
401705423,2025-03-01T02:00Z,2025,regular-season,PHX,NOP,125,108,2025-02-28
401705424,2025-03-01T02:30Z,2025,regular-season,UTA,MIN,117,116,2025-02-28
401705425,2025-03-01T03:00Z,2025,regular-season,LAL,LAC,106,102,2025-02-28
401705426,2025-03-01T23:00Z,2025,regular-season,CHA,WAS,100,113,2025-03-01
401705427,2025-03-02T00:00Z,2025,regular-season,DET,BKN,115,94,2025-03-01
401705428,2025-03-02T01:00Z,2025,regular-season,HOU,SAC,103,113,2025-03-01
401705429,2025-03-02T01:00Z,2025,regular-season,MEM,SAS,128,130,2025-03-01
401705430,2025-03-02T01:30Z,2025,regular-season,PHI,GSW,126,119,2025-03-01
401705431,2025-03-02T01:30Z,2025,regular-season,DAL,MIL,117,132,2025-03-01
401705432,2025-03-02T18:00Z,2025,regular-season,BOS,DEN,110,103,2025-03-02
401705433,2025-03-02T20:30Z,2025,regular-season,CLE,POR,133,129,2025-03-02
401705434,2025-03-02T22:00Z,2025,regular-season,IND,CHI,127,112,2025-03-02
401705435,2025-03-02T23:00Z,2025,regular-season,MIA,NYK,112,116,2025-03-02
401705436,2025-03-02T23:00Z,2025,regular-season,ORL,TOR,102,104,2025-03-02
401705437,2025-03-03T00:00Z,2025,regular-season,SAS,OKC,132,146,2025-03-02
401705438,2025-03-03T01:00Z,2025,regular-season,UTA,NOP,121,128,2025-03-02
401705439,2025-03-03T02:30Z,2025,regular-season,PHX,MIN,98,116,2025-03-02
401705440,2025-03-03T02:30Z,2025,regular-season,LAL,LAC,108,102,2025-03-02
401705441,2025-03-04T00:00Z,2025,regular-season,CHA,GSW,101,119,2025-03-03
401705442,2025-03-04T00:00Z,2025,regular-season,PHI,POR,102,119,2025-03-03
401705443,2025-03-04T00:30Z,2025,regular-season,MIA,WAS,106,90,2025-03-03
401705444,2025-03-04T01:00Z,2025,regular-season,MEM,ATL,130,132,2025-03-03
401705445,2025-03-04T01:00Z,2025,regular-season,OKC,HOU,137,128,2025-03-03
401705446,2025-03-04T01:30Z,2025,regular-season,DAL,SAC,98,122,2025-03-03
401705447,2025-03-04T02:00Z,2025,regular-season,UTA,DET,106,134,2025-03-03
401705448,2025-03-05T00:00Z,2025,regular-season,IND,HOU,115,102,2025-03-04
401705449,2025-03-05T00:00Z,2025,regular-season,ORL,TOR,113,114,2025-03-04
401705450,2025-03-05T00:30Z,2025,regular-season,ATL,MIL,121,127,2025-03-04
401705451,2025-03-05T00:30Z,2025,regular-season,NYK,GSW,102,114,2025-03-04
401705452,2025-03-05T01:00Z,2025,regular-season,CHI,CLE,117,139,2025-03-04
401705453,2025-03-05T01:00Z,2025,regular-season,MIN,PHI,126,112,2025-03-04
401705454,2025-03-05T01:30Z,2025,regular-season,SAS,BKN,127,113,2025-03-04
401705455,2025-03-05T03:00Z,2025,regular-season,PHX,LAC,119,117,2025-03-04
401705456,2025-03-05T03:30Z,2025,regular-season,LAL,NOP,136,115,2025-03-04
401705457,2025-03-06T00:00Z,2025,regular-season,BOS,POR,128,118,2025-03-05
401705458,2025-03-06T00:00Z,2025,regular-season,CHA,MIN,110,125,2025-03-05
401705459,2025-03-06T00:00Z,2025,regular-season,CLE,MIA,112,107,2025-03-05
401705460,2025-03-06T00:00Z,2025,regular-season,WAS,UTA,125,122,2025-03-05
401705463,2025-03-06T01:00Z,2025,regular-season,MIL,DAL,137,107,2025-03-05
401705462,2025-03-06T02:00Z,2025,regular-season,DEN,SAC,116,110,2025-03-05
401705461,2025-03-06T02:30Z,2025,regular-season,MEM,OKC,103,120,2025-03-05
401705464,2025-03-06T03:30Z,2025,regular-season,LAC,DET,123,115,2025-03-05
401705510,2025-03-07T00:00Z,2025,regular-season,ORL,CHI,123,125,2025-03-06
401705465,2025-03-07T00:30Z,2025,regular-season,ATL,IND,124,118,2025-03-06
401705466,2025-03-07T00:30Z,2025,regular-season,BOS,PHI,123,105,2025-03-06
401705467,2025-03-07T00:30Z,2025,regular-season,BKN,GSW,119,121,2025-03-06
401705468,2025-03-07T01:00Z,2025,regular-season,NOP,HOU,97,109,2025-03-06
401705469,2025-03-07T03:00Z,2025,regular-season,LAL,NYK,113,109,2025-03-06
401705470,2025-03-08T00:00Z,2025,regular-season,CHA,CLE,117,118,2025-03-07
401705471,2025-03-08T00:30Z,2025,regular-season,TOR,UTA,118,109,2025-03-07
401705472,2025-03-08T00:30Z,2025,regular-season,DAL,MEM,111,122,2025-03-07
401705473,2025-03-08T01:00Z,2025,regular-season,MIA,MIN,104,106,2025-03-07
401705474,2025-03-08T01:00Z,2025,regular-season,OKC,POR,107,89,2025-03-07
401705475,2025-03-08T03:00Z,2025,regular-season,DEN,PHX,149,141,2025-03-07
401705476,2025-03-08T03:00Z,2025,regular-season,SAC,SAS,127,109,2025-03-07
401705477,2025-03-08T03:30Z,2025,regular-season,LAC,NYK,105,95,2025-03-07
401705478,2025-03-08T23:00Z,2025,regular-season,CHA,BKN,105,102,2025-03-08
401705479,2025-03-09T00:00Z,2025,regular-season,HOU,NOP,146,117,2025-03-08
401705480,2025-03-09T00:30Z,2025,regular-season,ATL,IND,120,118,2025-03-08
401705481,2025-03-09T00:30Z,2025,regular-season,TOR,WAS,117,118,2025-03-08
401705482,2025-03-09T01:00Z,2025,regular-season,MIA,CHI,109,114,2025-03-08
401705483,2025-03-09T01:00Z,2025,regular-season,MIL,ORL,109,111,2025-03-08
401705484,2025-03-09T01:30Z,2025,regular-season,BOS,LAL,111,101,2025-03-08
401705485,2025-03-09T01:30Z,2025,regular-season,GSW,DET,115,110,2025-03-08
401705486,2025-03-09T17:00Z,2025,regular-season,OKC,DEN,127,103,2025-03-09
401705487,2025-03-09T19:30Z,2025,regular-season,DAL,PHX,116,125,2025-03-09
401705489,2025-03-09T23:00Z,2025,regular-season,NOP,MEM,104,107,2025-03-09
401705490,2025-03-09T23:30Z,2025,regular-season,PHI,UTA,126,122,2025-03-09
401705488,2025-03-10T00:00Z,2025,regular-season,MIL,CLE,100,112,2025-03-09
401705491,2025-03-10T00:00Z,2025,regular-season,MIN,SAS,141,124,2025-03-09
401705492,2025-03-10T01:00Z,2025,regular-season,POR,DET,112,119,2025-03-09
401705493,2025-03-10T01:30Z,2025,regular-season,LAC,SAC,111,110,2025-03-09
401705494,2025-03-10T23:30Z,2025,regular-season,ATL,PHI,132,123,2025-03-10
401705495,2025-03-10T23:30Z,2025,regular-season,BOS,UTA,114,108,2025-03-10
401705496,2025-03-10T23:30Z,2025,regular-season,BKN,LAL,111,108,2025-03-10
401705497,2025-03-10T23:30Z,2025,regular-season,MIA,CHA,102,105,2025-03-10
401705498,2025-03-10T23:30Z,2025,regular-season,TOR,WAS,119,104,2025-03-10
401705499,2025-03-11T00:00Z,2025,regular-season,CHI,IND,121,103,2025-03-10
401705500,2025-03-11T00:00Z,2025,regular-season,HOU,ORL,97,84,2025-03-10
401705501,2025-03-11T00:00Z,2025,regular-season,MEM,PHX,120,118,2025-03-10
401705502,2025-03-11T00:00Z,2025,regular-season,OKC,DEN,127,140,2025-03-10
401705503,2025-03-11T00:30Z,2025,regular-season,SAS,DAL,129,133,2025-03-10
401705504,2025-03-11T02:00Z,2025,regular-season,GSW,POR,130,120,2025-03-10
401705505,2025-03-11T02:30Z,2025,regular-season,SAC,NYK,104,133,2025-03-10
401705506,2025-03-11T23:00Z,2025,regular-season,CLE,BKN,109,104,2025-03-11
401705507,2025-03-11T23:00Z,2025,regular-season,DET,WAS,123,103,2025-03-11
401705508,2025-03-11T23:30Z,2025,regular-season,IND,MIL,115,114,2025-03-11
401705509,2025-03-12T00:00Z,2025,regular-season,NOP,LAC,127,120,2025-03-11
401705511,2025-03-12T23:30Z,2025,regular-season,ATL,CHA,123,110,2025-03-12
401705512,2025-03-12T23:30Z,2025,regular-season,BOS,OKC,112,118,2025-03-12
401705513,2025-03-12T23:30Z,2025,regular-season,TOR,PHI,118,105,2025-03-12
401705514,2025-03-13T00:00Z,2025,regular-season,MIA,LAC,104,119,2025-03-12
401705515,2025-03-13T00:00Z,2025,regular-season,HOU,PHX,111,104,2025-03-12
401705516,2025-03-13T00:00Z,2025,regular-season,MEM,UTA,122,115,2025-03-12
401705517,2025-03-13T00:00Z,2025,regular-season,SAS,DAL,126,116,2025-03-12
401705518,2025-03-13T02:00Z,2025,regular-season,DEN,MIN,95,115,2025-03-12
401705519,2025-03-13T02:00Z,2025,regular-season,POR,NYK,113,114,2025-03-12
401705520,2025-03-13T23:00Z,2025,regular-season,DET,WAS,125,129,2025-03-13
401705521,2025-03-13T23:30Z,2025,regular-season,MIL,LAL,126,106,2025-03-13
401705522,2025-03-14T00:00Z,2025,regular-season,CHI,BKN,116,110,2025-03-13
401705707,2025-03-14T00:00Z,2025,regular-season,NOP,ORL,93,113,2025-03-13
401705523,2025-03-14T02:00Z,2025,regular-season,GSW,SAC,130,104,2025-03-13
401705524,2025-03-14T23:00Z,2025,regular-season,MIA,BOS,91,103,2025-03-14
401705525,2025-03-14T23:00Z,2025,regular-season,PHI,IND,100,112,2025-03-14
401705526,2025-03-14T23:30Z,2025,regular-season,ATL,LAC,98,121,2025-03-14
401705527,2025-03-15T00:00Z,2025,regular-season,HOU,DAL,133,96,2025-03-14
401705528,2025-03-15T00:00Z,2025,regular-season,MEM,CLE,124,133,2025-03-14
401705529,2025-03-15T00:00Z,2025,regular-season,MIN,ORL,118,111,2025-03-14
401705530,2025-03-15T00:00Z,2025,regular-season,SAS,CHA,134,145,2025-03-14
401705531,2025-03-15T01:30Z,2025,regular-season,DEN,LAL,131,126,2025-03-14
401705532,2025-03-15T01:30Z,2025,regular-season,UTA,TOR,118,126,2025-03-14
401705533,2025-03-15T02:00Z,2025,regular-season,PHX,SAC,122,106,2025-03-14
401705534,2025-03-15T22:00Z,2025,regular-season,BKN,BOS,113,115,2025-03-15
401705535,2025-03-15T23:00Z,2025,regular-season,DET,OKC,107,113,2025-03-15
401705536,2025-03-16T00:00Z,2025,regular-season,HOU,CHI,117,114,2025-03-15
401705537,2025-03-16T00:00Z,2025,regular-season,MEM,MIA,125,91,2025-03-15
401705538,2025-03-16T00:00Z,2025,regular-season,MIL,IND,126,119,2025-03-15
401705539,2025-03-16T00:30Z,2025,regular-season,SAS,NOP,119,115,2025-03-15
401705540,2025-03-16T00:30Z,2025,regular-season,GSW,NYK,97,94,2025-03-15
401705541,2025-03-16T01:00Z,2025,regular-season,DEN,WAS,123,126,2025-03-15
401705542,2025-03-16T17:00Z,2025,regular-season,DAL,PHI,125,130,2025-03-16
401705545,2025-03-16T17:00Z,2025,regular-season,CLE,ORL,103,108,2025-03-16
401705543,2025-03-16T19:30Z,2025,regular-season,LAL,PHX,107,96,2025-03-16
401705544,2025-03-16T22:00Z,2025,regular-season,BKN,ATL,122,114,2025-03-16
401705546,2025-03-16T22:00Z,2025,regular-season,POR,TOR,105,102,2025-03-16
401705547,2025-03-16T23:00Z,2025,regular-season,MIN,UTA,128,102,2025-03-16
401748706,2025-03-16T23:00Z,2025,regular-season,LAC,CHA,123,88,2025-03-16
401705548,2025-03-17T01:00Z,2025,regular-season,MIL,OKC,105,121,2025-03-16
401705550,2025-03-17T23:30Z,2025,regular-season,NYK,MIA,116,95,2025-03-17
401705551,2025-03-18T00:00Z,2025,regular-season,HOU,PHI,144,137,2025-03-17
401705552,2025-03-18T00:00Z,2025,regular-season,MIN,IND,130,132,2025-03-17
401705553,2025-03-18T00:00Z,2025,regular-season,NOP,DET,81,127,2025-03-17
401705555,2025-03-18T01:00Z,2025,regular-season,UTA,CHI,97,111,2025-03-17
401705556,2025-03-18T02:00Z,2025,regular-season,GSW,DEN,105,114,2025-03-17
401705557,2025-03-18T02:00Z,2025,regular-season,PHX,TOR,129,89,2025-03-17
401705558,2025-03-18T02:00Z,2025,regular-season,SAC,MEM,132,122,2025-03-17
401705561,2025-03-18T02:00Z,2025,regular-season,POR,WAS,112,97,2025-03-17
401754705,2025-03-18T02:30Z,2025,regular-season,LAL,SAS,125,109,2025-03-17
401705559,2025-03-18T23:00Z,2025,regular-season,CHA,ATL,102,134,2025-03-18
401705560,2025-03-18T23:30Z,2025,regular-season,BOS,BKN,104,96,2025-03-18
401705578,2025-03-19T02:00Z,2025,regular-season,GSW,MIL,104,93,2025-03-18
401705563,2025-03-19T02:30Z,2025,regular-season,LAC,CLE,132,119,2025-03-18
401705564,2025-03-19T23:00Z,2025,regular-season,IND,DAL,135,131,2025-03-19
401705565,2025-03-19T23:00Z,2025,regular-season,ORL,HOU,108,116,2025-03-19
401705566,2025-03-19T23:30Z,2025,regular-season,MIA,DET,113,116,2025-03-19
401705567,2025-03-20T00:00Z,2025,regular-season,MIN,NOP,115,119,2025-03-19
401705568,2025-03-20T00:00Z,2025,regular-season,OKC,PHI,133,100,2025-03-19
401705569,2025-03-20T00:00Z,2025,regular-season,SAS,NYK,120,105,2025-03-19
401705193,2025-03-20T01:00Z,2025,regular-season,UTA,WAS,128,112,2025-03-19
401705572,2025-03-20T02:00Z,2025,regular-season,LAL,DEN,120,108,2025-03-19
401705573,2025-03-20T02:00Z,2025,regular-season,PHX,CHI,127,121,2025-03-19
401705574,2025-03-20T02:00Z,2025,regular-season,POR,MEM,115,99,2025-03-19
401705575,2025-03-20T02:00Z,2025,regular-season,SAC,CLE,123,119,2025-03-19
401705576,2025-03-20T23:00Z,2025,regular-season,CHA,NYK,115,98,2025-03-20
401705577,2025-03-20T23:00Z,2025,regular-season,IND,BKN,105,99,2025-03-20
401705571,2025-03-21T02:00Z,2025,regular-season,GSW,TOR,117,114,2025-03-20
401705579,2025-03-21T02:00Z,2025,regular-season,SAC,CHI,116,128,2025-03-20
401705562,2025-03-21T02:30Z,2025,regular-season,LAL,MIL,89,118,2025-03-20
401705580,2025-03-21T23:00Z,2025,regular-season,WAS,ORL,105,120,2025-03-21
401705581,2025-03-22T00:00Z,2025,regular-season,MIA,HOU,98,102,2025-03-21
401705582,2025-03-22T00:00Z,2025,regular-season,MIN,NOP,134,93,2025-03-21
401705583,2025-03-22T00:00Z,2025,regular-season,OKC,CHA,141,106,2025-03-21
401705584,2025-03-22T00:00Z,2025,regular-season,SAS,PHI,128,120,2025-03-21
401705585,2025-03-22T00:30Z,2025,regular-season,DAL,DET,123,117,2025-03-21
401705586,2025-03-22T01:30Z,2025,regular-season,UTA,BOS,99,121,2025-03-21
401705587,2025-03-22T02:00Z,2025,regular-season,PHX,CLE,123,112,2025-03-21
401705588,2025-03-22T02:00Z,2025,regular-season,POR,DEN,128,109,2025-03-21
401705589,2025-03-22T02:30Z,2025,regular-season,LAC,MEM,128,108,2025-03-21
401705590,2025-03-22T21:00Z,2025,regular-season,IND,BKN,108,103,2025-03-22
401705591,2025-03-22T23:00Z,2025,regular-season,ATL,GSW,124,115,2025-03-22
401705592,2025-03-23T00:00Z,2025,regular-season,NYK,WAS,122,103,2025-03-22
401705593,2025-03-23T02:00Z,2025,regular-season,SAC,MIL,108,114,2025-03-22
401705594,2025-03-23T02:30Z,2025,regular-season,LAL,CHI,115,146,2025-03-22
401705595,2025-03-23T19:00Z,2025,regular-season,DET,NOP,136,130,2025-03-23
401705596,2025-03-23T19:30Z,2025,regular-season,UTA,CLE,91,120,2025-03-23
401705597,2025-03-23T22:00Z,2025,regular-season,ATL,PHI,132,119,2025-03-23
401705598,2025-03-23T22:00Z,2025,regular-season,MIA,CHA,122,105,2025-03-23
401705599,2025-03-23T22:00Z,2025,regular-season,TOR,SAS,89,123,2025-03-23
401705600,2025-03-23T22:00Z,2025,regular-season,POR,BOS,116,129,2025-03-23
401705601,2025-03-23T23:00Z,2025,regular-season,HOU,DEN,111,116,2025-03-23
401705602,2025-03-24T01:00Z,2025,regular-season,LAC,OKC,101,103,2025-03-23
401705603,2025-03-24T23:00Z,2025,regular-season,IND,MIN,119,103,2025-03-24
401705604,2025-03-24T23:00Z,2025,regular-season,ORL,LAL,118,106,2025-03-24
401705605,2025-03-24T23:00Z,2025,regular-season,WAS,TOR,104,112,2025-03-24
401705606,2025-03-24T23:30Z,2025,regular-season,BKN,DAL,101,120,2025-03-24
401705607,2025-03-25T00:00Z,2025,regular-season,NOP,PHI,112,99,2025-03-24
401705608,2025-03-25T01:00Z,2025,regular-season,DEN,CHI,119,129,2025-03-24
401705609,2025-03-25T02:00Z,2025,regular-season,PHX,MIL,108,106,2025-03-24
401705610,2025-03-25T02:00Z,2025,regular-season,SAC,BOS,95,113,2025-03-24
401705611,2025-03-25T23:00Z,2025,regular-season,CHA,ORL,104,111,2025-03-25
401705612,2025-03-25T23:00Z,2025,regular-season,DET,SAS,122,96,2025-03-25
401705613,2025-03-25T23:30Z,2025,regular-season,MIA,GSW,112,86,2025-03-25
401705614,2025-03-25T23:30Z,2025,regular-season,NYK,DAL,128,113,2025-03-25
401705615,2025-03-26T00:00Z,2025,regular-season,HOU,ATL,121,114,2025-03-25
401705616,2025-03-26T01:00Z,2025,regular-season,UTA,MEM,103,140,2025-03-25
401705617,2025-03-26T02:00Z,2025,regular-season,POR,CLE,111,122,2025-03-25
401705618,2025-03-26T02:00Z,2025,regular-season,SAC,OKC,105,121,2025-03-25
401705619,2025-03-26T23:00Z,2025,regular-season,PHI,WAS,114,119,2025-03-26
401705620,2025-03-26T23:30Z,2025,regular-season,BKN,TOR,86,116,2025-03-26
401705621,2025-03-26T23:30Z,2025,regular-season,IND,LAL,119,120,2025-03-26
401705622,2025-03-26T23:30Z,2025,regular-season,NYK,LAC,113,126,2025-03-26
401705623,2025-03-27T01:00Z,2025,regular-season,DEN,MIL,127,117,2025-03-26
401705624,2025-03-27T02:00Z,2025,regular-season,PHX,BOS,102,132,2025-03-26
401705625,2025-03-27T23:00Z,2025,regular-season,CLE,SAS,124,116,2025-03-27
401705626,2025-03-27T23:00Z,2025,regular-season,ORL,DAL,92,101,2025-03-27
401705627,2025-03-27T23:00Z,2025,regular-season,WAS,IND,109,162,2025-03-27
401705628,2025-03-27T23:30Z,2025,regular-season,MIA,ATL,122,112,2025-03-27
401705629,2025-03-28T00:00Z,2025,regular-season,CHI,LAL,119,117,2025-03-27
401705630,2025-03-28T00:00Z,2025,regular-season,OKC,MEM,125,104,2025-03-27
401705631,2025-03-28T01:00Z,2025,regular-season,UTA,HOU,110,121,2025-03-27
401705632,2025-03-28T02:00Z,2025,regular-season,SAC,POR,128,107,2025-03-27
401705633,2025-03-28T23:00Z,2025,regular-season,DET,CLE,133,122,2025-03-28
401705634,2025-03-28T23:30Z,2025,regular-season,BKN,LAC,100,132,2025-03-28
401705635,2025-03-28T23:30Z,2025,regular-season,TOR,CHA,108,97,2025-03-28
401705636,2025-03-29T00:00Z,2025,regular-season,MIL,NYK,107,116,2025-03-28
401705637,2025-03-29T00:00Z,2025,regular-season,MIN,PHX,124,109,2025-03-28
401705638,2025-03-29T00:00Z,2025,regular-season,NOP,GSW,95,111,2025-03-28
401705639,2025-03-29T01:00Z,2025,regular-season,DEN,UTA,129,93,2025-03-28
401705640,2025-03-29T21:00Z,2025,regular-season,ORL,SAC,121,91,2025-03-29
401705641,2025-03-29T23:00Z,2025,regular-season,WAS,BKN,112,115,2025-03-29
401705642,2025-03-29T23:30Z,2025,regular-season,PHI,MIA,95,118,2025-03-29
401705643,2025-03-30T00:00Z,2025,regular-season,CHI,DAL,119,120,2025-03-29
401705644,2025-03-30T00:00Z,2025,regular-season,MEM,LAL,127,134,2025-03-29
401705645,2025-03-30T00:00Z,2025,regular-season,OKC,IND,132,111,2025-03-29
401705646,2025-03-30T00:00Z,2025,regular-season,SAS,BOS,111,121,2025-03-29
401705647,2025-03-30T19:30Z,2025,regular-season,CLE,LAC,127,122,2025-03-30
401705648,2025-03-30T22:00Z,2025,regular-season,NYK,POR,110,93,2025-03-30
401705649,2025-03-30T23:00Z,2025,regular-season,MIL,ATL,124,145,2025-03-30
401705650,2025-03-30T23:00Z,2025,regular-season,MIN,DET,123,104,2025-03-30
401705651,2025-03-30T23:00Z,2025,regular-season,NOP,CHA,98,94,2025-03-30
401705652,2025-03-30T23:00Z,2025,regular-season,SAS,GSW,106,148,2025-03-30
401705653,2025-03-30T23:30Z,2025,regular-season,PHI,TOR,109,127,2025-03-30
401705654,2025-03-31T01:00Z,2025,regular-season,PHX,HOU,109,148,2025-03-30
401705655,2025-03-31T23:00Z,2025,regular-season,CHA,UTA,110,106,2025-03-31
401705656,2025-03-31T23:00Z,2025,regular-season,IND,SAC,111,109,2025-03-31
401705657,2025-03-31T23:00Z,2025,regular-season,ORL,LAC,87,96,2025-03-31
401705658,2025-03-31T23:00Z,2025,regular-season,WAS,MIA,94,120,2025-03-31
401705659,2025-03-31T23:30Z,2025,regular-season,MEM,BOS,103,117,2025-03-31
401705660,2025-04-01T00:00Z,2025,regular-season,OKC,CHI,145,117,2025-03-31
401705661,2025-04-01T00:30Z,2025,regular-season,DAL,BKN,109,113,2025-03-31
401705662,2025-04-01T02:00Z,2025,regular-season,LAL,HOU,104,98,2025-03-31
401705663,2025-04-01T23:30Z,2025,regular-season,ATL,POR,113,127,2025-04-01
401705664,2025-04-01T23:30Z,2025,regular-season,NYK,PHI,105,91,2025-04-01
401705667,2025-04-01T23:30Z,2025,regular-season,MIL,PHX,133,123,2025-04-01
401705554,2025-04-02T00:00Z,2025,regular-season,SAS,ORL,105,116,2025-04-01
401705665,2025-04-02T00:00Z,2025,regular-season,CHI,TOR,137,118,2025-04-01
401705666,2025-04-02T00:00Z,2025,regular-season,MEM,GSW,125,134,2025-04-01
401705668,2025-04-02T02:00Z,2025,regular-season,DEN,MIN,139,140,2025-04-01
401705669,2025-04-02T23:00Z,2025,regular-season,CLE,NYK,124,105,2025-04-02
401705670,2025-04-02T23:00Z,2025,regular-season,IND,CHA,119,105,2025-04-02
401705671,2025-04-02T23:00Z,2025,regular-season,WAS,SAC,116,111,2025-04-02
401705672,2025-04-02T23:30Z,2025,regular-season,BOS,MIA,103,124,2025-04-02
401705673,2025-04-03T00:00Z,2025,regular-season,HOU,UTA,143,105,2025-04-02
401705675,2025-04-03T00:30Z,2025,regular-season,DAL,ATL,120,118,2025-04-02
401705676,2025-04-03T01:00Z,2025,regular-season,DEN,SAS,106,113,2025-04-02
401705674,2025-04-03T01:30Z,2025,regular-season,OKC,DET,119,103,2025-04-02
401705677,2025-04-03T02:30Z,2025,regular-season,LAC,NOP,114,98,2025-04-02
401705678,2025-04-03T23:00Z,2025,regular-season,WAS,ORL,97,109,2025-04-03
401705681,2025-04-03T23:00Z,2025,regular-season,PHI,MIL,113,126,2025-04-03
401705679,2025-04-03T23:30Z,2025,regular-season,BKN,MIN,90,105,2025-04-03
401705680,2025-04-03T23:30Z,2025,regular-season,MIA,MEM,108,110,2025-04-03
401705682,2025-04-03T23:30Z,2025,regular-season,TOR,POR,103,112,2025-04-03
401705683,2025-04-04T02:00Z,2025,regular-season,LAL,GSW,116,123,2025-04-03
401705684,2025-04-04T23:00Z,2025,regular-season,CHA,SAC,102,125,2025-04-04
401705685,2025-04-04T23:00Z,2025,regular-season,IND,UTA,140,112,2025-04-04
401705686,2025-04-04T23:30Z,2025,regular-season,BOS,PHX,123,103,2025-04-04
401705687,2025-04-04T23:30Z,2025,regular-season,TOR,DET,105,117,2025-04-04
401705688,2025-04-05T00:00Z,2025,regular-season,CHI,POR,118,113,2025-04-04
401705689,2025-04-05T00:00Z,2025,regular-season,HOU,OKC,125,111,2025-04-04
401705690,2025-04-05T00:00Z,2025,regular-season,SAS,CLE,113,114,2025-04-04
401705691,2025-04-05T02:00Z,2025,regular-season,GSW,DEN,118,104,2025-04-04
401705692,2025-04-05T02:30Z,2025,regular-season,LAL,NOP,124,108,2025-04-04
401705693,2025-04-05T02:30Z,2025,regular-season,LAC,DAL,114,91,2025-04-04
401705694,2025-04-05T19:00Z,2025,regular-season,ATL,NYK,105,121,2025-04-05
401705695,2025-04-05T23:00Z,2025,regular-season,DET,MEM,103,109,2025-04-05
401705696,2025-04-05T23:00Z,2025,regular-season,PHI,MIN,109,114,2025-04-05
401705697,2025-04-06T00:00Z,2025,regular-season,MIA,MIL,115,121,2025-04-05
401705698,2025-04-06T02:30Z,2025,regular-season,LAC,DAL,135,104,2025-04-05
401705699,2025-04-06T17:00Z,2025,regular-season,CHA,CHI,117,131,2025-04-06
401705700,2025-04-06T19:30Z,2025,regular-season,BKN,TOR,109,120,2025-04-06
401705701,2025-04-06T19:30Z,2025,regular-season,OKC,LAL,99,126,2025-04-06
401705702,2025-04-06T22:00Z,2025,regular-season,ATL,UTA,147,134,2025-04-06
401705703,2025-04-06T22:00Z,2025,regular-season,BOS,WAS,124,90,2025-04-06
401705704,2025-04-06T22:00Z,2025,regular-season,CLE,SAC,113,120,2025-04-06
401705705,2025-04-06T22:00Z,2025,regular-season,POR,SAS,120,109,2025-04-06
401705706,2025-04-06T23:00Z,2025,regular-season,NYK,PHX,112,98,2025-04-06
401705708,2025-04-07T00:00Z,2025,regular-season,DEN,IND,120,125,2025-04-06
401705709,2025-04-07T00:30Z,2025,regular-season,GSW,HOU,96,106,2025-04-06
401754706,2025-04-07T00:30Z,2025,regular-season,NOP,MIL,107,111,2025-04-06
401705710,2025-04-07T23:00Z,2025,regular-season,DET,SAC,117,127,2025-04-07
401705711,2025-04-07T23:30Z,2025,regular-season,MIA,PHI,117,105,2025-04-07
401705712,2025-04-08T23:00Z,2025,regular-season,CHA,MEM,100,124,2025-04-08
401705713,2025-04-08T23:00Z,2025,regular-season,CLE,CHI,135,113,2025-04-08
401705714,2025-04-08T23:00Z,2025,regular-season,IND,WAS,104,98,2025-04-08
401705715,2025-04-08T23:00Z,2025,regular-season,ORL,ATL,119,112,2025-04-08
401705716,2025-04-08T23:30Z,2025,regular-season,BKN,NOP,119,114,2025-04-08
401705717,2025-04-08T23:30Z,2025,regular-season,NYK,BOS,117,119,2025-04-08
401705718,2025-04-09T00:00Z,2025,regular-season,MIL,MIN,110,103,2025-04-08
401705719,2025-04-09T00:00Z,2025,regular-season,OKC,LAL,136,120,2025-04-08
401705720,2025-04-09T02:00Z,2025,regular-season,PHX,GSW,95,133,2025-04-08
401705721,2025-04-09T02:30Z,2025,regular-season,LAC,SAS,122,117,2025-04-08
401705722,2025-04-09T23:00Z,2025,regular-season,ORL,BOS,96,76,2025-04-09
401705723,2025-04-09T23:00Z,2025,regular-season,WAS,PHI,103,122,2025-04-09
401705724,2025-04-09T23:30Z,2025,regular-season,TOR,CHA,126,96,2025-04-09
401705725,2025-04-09T23:30Z,2025,regular-season,DAL,LAL,97,112,2025-04-09
401705726,2025-04-10T00:00Z,2025,regular-season,CHI,MIA,119,111,2025-04-09
401705728,2025-04-10T01:00Z,2025,regular-season,UTA,POR,133,126,2025-04-09
401705729,2025-04-10T02:00Z,2025,regular-season,GSW,SAS,111,114,2025-04-09
401705730,2025-04-10T02:00Z,2025,regular-season,PHX,OKC,112,125,2025-04-09
401705731,2025-04-10T02:00Z,2025,regular-season,SAC,DEN,116,124,2025-04-09
401705732,2025-04-10T02:30Z,2025,regular-season,LAC,HOU,134,117,2025-04-09
401705733,2025-04-10T23:00Z,2025,regular-season,DET,NYK,115,106,2025-04-10
401705734,2025-04-10T23:00Z,2025,regular-season,IND,CLE,114,112,2025-04-10
401705735,2025-04-10T23:30Z,2025,regular-season,BKN,ATL,109,133,2025-04-10
401705727,2025-04-11T00:00Z,2025,regular-season,MIL,NOP,136,111,2025-04-10
401705736,2025-04-11T01:30Z,2025,regular-season,MEM,MIN,125,141,2025-04-10
401705737,2025-04-11T23:00Z,2025,regular-season,DET,MIL,119,125,2025-04-11
401705738,2025-04-11T23:00Z,2025,regular-season,IND,ORL,115,129,2025-04-11
401705739,2025-04-11T23:00Z,2025,regular-season,PHI,ATL,110,124,2025-04-11
401705740,2025-04-11T23:30Z,2025,regular-season,BOS,CHA,130,94,2025-04-11
401705741,2025-04-11T23:30Z,2025,regular-season,NYK,CLE,102,108,2025-04-11
401705742,2025-04-12T00:00Z,2025,regular-season,CHI,WAS,119,89,2025-04-11
401705743,2025-04-12T00:00Z,2025,regular-season,NOP,MIA,104,153,2025-04-11
401705744,2025-04-12T00:30Z,2025,regular-season,DAL,TOR,124,102,2025-04-11
401705745,2025-04-12T01:00Z,2025,regular-season,MIN,BKN,117,91,2025-04-11
401705746,2025-04-12T01:00Z,2025,regular-season,DEN,MEM,117,109,2025-04-11
401705747,2025-04-12T01:30Z,2025,regular-season,UTA,OKC,111,145,2025-04-11
401705748,2025-04-12T02:00Z,2025,regular-season,PHX,SAS,117,98,2025-04-11
401705749,2025-04-12T02:00Z,2025,regular-season,POR,GSW,86,103,2025-04-11
401705750,2025-04-12T02:00Z,2025,regular-season,SAC,LAC,100,101,2025-04-11
401705751,2025-04-12T02:30Z,2025,regular-season,LAL,HOU,140,109,2025-04-11
401705752,2025-04-13T17:00Z,2025,regular-season,ATL,ORL,117,105,2025-04-13
401705753,2025-04-13T17:00Z,2025,regular-season,BOS,CHA,93,86,2025-04-13
401705754,2025-04-13T17:00Z,2025,regular-season,BKN,NYK,105,113,2025-04-13
401705755,2025-04-13T17:00Z,2025,regular-season,CLE,IND,118,126,2025-04-13
401705756,2025-04-13T17:00Z,2025,regular-season,MIA,WAS,118,119,2025-04-13
401705757,2025-04-13T17:00Z,2025,regular-season,PHI,CHI,102,122,2025-04-13
401705758,2025-04-13T17:00Z,2025,regular-season,MIL,DET,140,133,2025-04-13
401705759,2025-04-13T19:30Z,2025,regular-season,HOU,DEN,111,126,2025-04-13
401705760,2025-04-13T19:30Z,2025,regular-season,MEM,DAL,132,97,2025-04-13
401705761,2025-04-13T19:30Z,2025,regular-season,MIN,UTA,116,105,2025-04-13
401705762,2025-04-13T19:30Z,2025,regular-season,NOP,OKC,100,115,2025-04-13
401705763,2025-04-13T19:30Z,2025,regular-season,SAS,TOR,125,118,2025-04-13
401705764,2025-04-13T19:30Z,2025,regular-season,GSW,LAC,119,124,2025-04-13
401705765,2025-04-13T19:30Z,2025,regular-season,POR,LAL,109,81,2025-04-13
401705766,2025-04-13T19:30Z,2025,regular-season,SAC,PHX,109,98,2025-04-13
401766458,2025-04-15T23:30Z,2025,play-in-season,ORL,ATL,120,95,2025-04-15
401766459,2025-04-16T02:00Z,2025,play-in-season,GSW,MEM,121,116,2025-04-15
401766460,2025-04-16T23:30Z,2025,play-in-season,CHI,MIA,90,109,2025-04-16
401766461,2025-04-17T02:00Z,2025,play-in-season,SAC,DAL,106,120,2025-04-16
401766462,2025-04-18T23:00Z,2025,play-in-season,ATL,MIA,114,123,2025-04-18
401766463,2025-04-19T01:30Z,2025,play-in-season,MEM,DAL,120,106,2025-04-18
401767817,2025-04-19T17:00Z,2025,post-season,IND,MIL,117,98,2025-04-19
401767819,2025-04-19T19:30Z,2025,post-season,DEN,LAC,112,110,2025-04-19
401767820,2025-04-19T22:00Z,2025,post-season,NYK,DET,123,112,2025-04-19
401767821,2025-04-20T00:30Z,2025,post-season,LAL,MIN,95,117,2025-04-19
401767818,2025-04-20T17:00Z,2025,post-season,OKC,MEM,131,80,2025-04-20
401767822,2025-04-20T19:30Z,2025,post-season,BOS,ORL,103,86,2025-04-20
401767816,2025-04-20T23:00Z,2025,post-season,CLE,MIA,121,100,2025-04-20
401767823,2025-04-21T01:30Z,2025,post-season,HOU,GSW,85,95,2025-04-20
401768041,2025-04-21T23:30Z,2025,post-season,NYK,DET,94,100,2025-04-21
401768061,2025-04-22T02:00Z,2025,post-season,DEN,LAC,102,105,2025-04-21
401768047,2025-04-22T23:00Z,2025,post-season,IND,MIL,123,115,2025-04-22
401767903,2025-04-22T23:30Z,2025,post-season,OKC,MEM,118,99,2025-04-22
401767915,2025-04-23T02:00Z,2025,post-season,LAL,MIN,94,85,2025-04-22
401768029,2025-04-23T23:00Z,2025,post-season,BOS,ORL,109,100,2025-04-23
401768035,2025-04-23T23:30Z,2025,post-season,CLE,MIA,121,112,2025-04-23
401767909,2025-04-24T01:30Z,2025,post-season,HOU,GSW,109,94,2025-04-23
401768042,2025-04-24T23:00Z,2025,post-season,DET,NYK,116,118,2025-04-24
401767904,2025-04-25T01:30Z,2025,post-season,MEM,OKC,108,114,2025-04-24
401768062,2025-04-25T02:00Z,2025,post-season,LAC,DEN,117,83,2025-04-24
401768030,2025-04-25T23:00Z,2025,post-season,ORL,BOS,95,93,2025-04-25
401768048,2025-04-26T00:00Z,2025,post-season,MIL,IND,117,101,2025-04-25
401768056,2025-04-26T01:53Z,2025,post-season,MIN,LAL,116,104,2025-04-25
401768036,2025-04-26T17:00Z,2025,post-season,MIA,CLE,87,124,2025-04-26
401767905,2025-04-26T19:30Z,2025,post-season,MEM,OKC,115,117,2025-04-26
401768063,2025-04-26T22:00Z,2025,post-season,LAC,DEN,99,101,2025-04-26
401767910,2025-04-27T00:30Z,2025,post-season,GSW,HOU,104,93,2025-04-26
401768043,2025-04-27T17:00Z,2025,post-season,DET,NYK,93,94,2025-04-27
401768057,2025-04-27T19:50Z,2025,post-season,MIN,LAL,116,113,2025-04-27
401768031,2025-04-27T23:00Z,2025,post-season,ORL,BOS,98,107,2025-04-27
401768049,2025-04-28T01:30Z,2025,post-season,MIL,IND,103,129,2025-04-27
401768037,2025-04-28T23:30Z,2025,post-season,MIA,CLE,83,138,2025-04-28
401767911,2025-04-29T02:00Z,2025,post-season,GSW,HOU,109,106,2025-04-28
401768050,2025-04-29T22:00Z,2025,post-season,IND,MIL,119,118,2025-04-29
401768044,2025-04-29T23:30Z,2025,post-season,NYK,DET,103,106,2025-04-29
401768032,2025-04-30T00:30Z,2025,post-season,BOS,ORL,120,89,2025-04-29
401768064,2025-04-30T02:00Z,2025,post-season,DEN,LAC,131,115,2025-04-29
401767912,2025-04-30T23:30Z,2025,post-season,HOU,GSW,131,116,2025-04-30
401768058,2025-05-01T02:00Z,2025,post-season,LAL,MIN,96,103,2025-04-30
401768045,2025-05-01T23:30Z,2025,post-season,DET,NYK,113,116,2025-05-01
401768065,2025-05-02T02:00Z,2025,post-season,LAC,DEN,111,105,2025-05-01
401767913,2025-05-03T01:00Z,2025,post-season,GSW,HOU,107,115,2025-05-02
401768066,2025-05-03T23:30Z,2025,post-season,DEN,LAC,120,101,2025-05-03
401769689,2025-05-04T22:00Z,2025,post-season,CLE,IND,112,121,2025-05-04
401767914,2025-05-05T00:30Z,2025,post-season,HOU,GSW,89,103,2025-05-04
401769746,2025-05-05T23:00Z,2025,post-season,BOS,NYK,105,108,2025-05-05
401769820,2025-05-06T01:30Z,2025,post-season,OKC,DEN,119,121,2025-05-05
401769740,2025-05-06T23:00Z,2025,post-season,CLE,IND,119,120,2025-05-06
401769837,2025-05-07T01:30Z,2025,post-season,MIN,GSW,88,99,2025-05-06
401769747,2025-05-07T23:00Z,2025,post-season,BOS,NYK,90,91,2025-05-07
401769821,2025-05-08T01:30Z,2025,post-season,OKC,DEN,149,106,2025-05-07
401769838,2025-05-09T00:30Z,2025,post-season,MIN,GSW,117,93,2025-05-08
401769741,2025-05-09T23:30Z,2025,post-season,IND,CLE,104,126,2025-05-09
401769822,2025-05-10T02:25Z,2025,post-season,DEN,OKC,113,104,2025-05-09
401769748,2025-05-10T19:30Z,2025,post-season,NYK,BOS,93,115,2025-05-10
401769839,2025-05-11T00:30Z,2025,post-season,GSW,MIN,97,102,2025-05-10
401769823,2025-05-11T19:30Z,2025,post-season,DEN,OKC,87,92,2025-05-11
401769742,2025-05-12T00:00Z,2025,post-season,IND,CLE,129,109,2025-05-11
401769749,2025-05-12T23:30Z,2025,post-season,NYK,BOS,121,113,2025-05-12
401769840,2025-05-13T02:00Z,2025,post-season,GSW,MIN,110,117,2025-05-12
401769743,2025-05-13T23:00Z,2025,post-season,CLE,IND,105,114,2025-05-13
401769990,2025-05-14T01:30Z,2025,post-season,OKC,DEN,112,105,2025-05-13
401769750,2025-05-14T23:00Z,2025,post-season,BOS,NYK,127,102,2025-05-14
401769987,2025-05-15T01:30Z,2025,post-season,MIN,GSW,121,110,2025-05-14
401769991,2025-05-16T00:30Z,2025,post-season,DEN,OKC,119,107,2025-05-15
401769751,2025-05-17T00:00Z,2025,post-season,NYK,BOS,119,81,2025-05-16
401769992,2025-05-18T19:30Z,2025,post-season,OKC,DEN,125,93,2025-05-18
401773148,2025-05-21T00:30Z,2025,post-season,OKC,MIN,114,88,2025-05-20
401772989,2025-05-22T00:00Z,2025,post-season,NYK,IND,135,138,2025-05-21
401773149,2025-05-23T00:30Z,2025,post-season,OKC,MIN,118,103,2025-05-22
401772990,2025-05-24T00:00Z,2025,post-season,NYK,IND,109,114,2025-05-23
401773150,2025-05-25T00:30Z,2025,post-season,MIN,OKC,143,101,2025-05-24
401772991,2025-05-26T00:00Z,2025,post-season,IND,NYK,100,106,2025-05-25
401773151,2025-05-27T00:30Z,2025,post-season,MIN,OKC,126,128,2025-05-26
401772992,2025-05-28T00:00Z,2025,post-season,IND,NYK,130,121,2025-05-27
401773152,2025-05-29T00:30Z,2025,post-season,OKC,MIN,124,94,2025-05-28
401772993,2025-05-30T00:00Z,2025,post-season,NYK,IND,111,94,2025-05-29
401772994,2025-06-01T00:00Z,2025,post-season,IND,NYK,125,108,2025-05-31
401766122,2025-06-06T00:30Z,2025,post-season,OKC,IND,110,111,2025-06-05
401766123,2025-06-09T00:00Z,2025,post-season,OKC,IND,123,107,2025-06-08
401766124,2025-06-12T00:30Z,2025,post-season,IND,OKC,116,107,2025-06-11
401766125,2025-06-14T00:30Z,2025,post-season,IND,OKC,104,111,2025-06-13
401766126,2025-06-17T00:30Z,2025,post-season,OKC,IND,120,109,2025-06-16
401766127,2025-06-20T00:30Z,2025,post-season,IND,OKC,108,91,2025-06-19
401766128,2025-06-23T00:00Z,2025,post-season,OKC,IND,103,91,2025-06-22
401809243,2025-10-21T23:30Z,2026,regular-season,OKC,HOU,125,124,2025-10-21
401809244,2025-10-22T02:00Z,2026,regular-season,LAL,GSW,109,119,2025-10-21
401809234,2025-10-22T23:00Z,2026,regular-season,NYK,CLE,119,111,2025-10-22
401809933,2025-10-22T23:00Z,2026,regular-season,CHA,BKN,136,117,2025-10-22
401809934,2025-10-22T23:00Z,2026,regular-season,ORL,MIA,125,121,2025-10-22
401809935,2025-10-22T23:30Z,2026,regular-season,ATL,TOR,118,138,2025-10-22
401809936,2025-10-22T23:30Z,2026,regular-season,BOS,PHI,116,117,2025-10-22
401809937,2025-10-23T00:00Z,2026,regular-season,CHI,DET,115,111,2025-10-22
401809938,2025-10-23T00:00Z,2026,regular-season,MEM,NOP,128,122,2025-10-22
401809939,2025-10-23T00:00Z,2026,regular-season,MIL,WAS,133,120,2025-10-22
401809940,2025-10-23T01:00Z,2026,regular-season,UTA,LAC,129,108,2025-10-22
401809235,2025-10-23T01:47Z,2026,regular-season,DAL,SAS,92,125,2025-10-22
401809941,2025-10-23T02:00Z,2026,regular-season,PHX,SAC,120,116,2025-10-22
401809942,2025-10-23T02:00Z,2026,regular-season,POR,MIN,114,118,2025-10-22
401809236,2025-10-23T23:30Z,2026,regular-season,IND,OKC,135,141,2025-10-23
401809237,2025-10-24T02:17Z,2026,regular-season,GSW,DEN,137,131,2025-10-23
401809946,2025-10-24T22:30Z,2026,regular-season,TOR,MIL,116,122,2025-10-24
401809943,2025-10-24T23:00Z,2026,regular-season,ORL,ATL,107,111,2025-10-24
401809944,2025-10-24T23:30Z,2026,regular-season,BKN,CLE,124,131,2025-10-24
401809945,2025-10-24T23:30Z,2026,regular-season,NYK,BOS,105,95,2025-10-24
401809947,2025-10-25T00:00Z,2026,regular-season,HOU,DET,111,115,2025-10-24
401809948,2025-10-25T00:00Z,2026,regular-season,MEM,MIA,114,146,2025-10-24
401809949,2025-10-25T00:00Z,2026,regular-season,NOP,SAS,116,120,2025-10-24
401809950,2025-10-25T00:30Z,2026,regular-season,DAL,WAS,107,117,2025-10-24
401809951,2025-10-25T02:00Z,2026,regular-season,LAL,MIN,128,110,2025-10-24
401809952,2025-10-25T02:00Z,2026,regular-season,POR,GSW,139,119,2025-10-24
401809953,2025-10-25T02:00Z,2026,regular-season,SAC,UTA,105,104,2025-10-24
401809954,2025-10-25T02:30Z,2026,regular-season,LAC,PHX,129,102,2025-10-24
401809955,2025-10-25T23:00Z,2026,regular-season,ORL,CHI,98,110,2025-10-25
401809956,2025-10-25T23:30Z,2026,regular-season,ATL,OKC,100,117,2025-10-25
401809957,2025-10-25T23:30Z,2026,regular-season,PHI,CHA,125,121,2025-10-25
401809958,2025-10-26T00:00Z,2026,regular-season,MEM,IND,128,103,2025-10-25
401809959,2025-10-26T01:00Z,2026,regular-season,DEN,PHX,133,111,2025-10-25
401809960,2025-10-26T18:00Z,2026,regular-season,SAS,BKN,118,107,2025-10-26
401809961,2025-10-26T19:30Z,2026,regular-season,DET,BOS,119,113,2025-10-26
401809962,2025-10-26T22:00Z,2026,regular-season,CLE,MIL,118,113,2025-10-26
401809963,2025-10-26T22:00Z,2026,regular-season,MIA,NYK,115,107,2025-10-26
401809964,2025-10-26T22:00Z,2026,regular-season,WAS,CHA,113,139,2025-10-26
401809965,2025-10-26T23:00Z,2026,regular-season,MIN,IND,114,110,2025-10-26
401809966,2025-10-26T23:30Z,2026,regular-season,DAL,TOR,139,129,2025-10-26
401809967,2025-10-27T01:00Z,2026,regular-season,LAC,POR,114,107,2025-10-26
401809968,2025-10-27T01:00Z,2026,regular-season,SAC,LAL,120,127,2025-10-26
401809245,2025-10-27T23:00Z,2026,regular-season,DET,CLE,95,116,2025-10-27
401809969,2025-10-27T23:00Z,2026,regular-season,PHI,ORL,136,124,2025-10-27
401809970,2025-10-28T00:00Z,2026,regular-season,CHI,ATL,128,123,2025-10-27
401809971,2025-10-28T00:00Z,2026,regular-season,HOU,BKN,137,109,2025-10-27
401809972,2025-10-28T00:00Z,2026,regular-season,NOP,BOS,90,122,2025-10-27
401809973,2025-10-28T00:00Z,2026,regular-season,SAS,TOR,121,103,2025-10-27
401809974,2025-10-28T00:30Z,2026,regular-season,DAL,OKC,94,101,2025-10-27
401809975,2025-10-28T01:00Z,2026,regular-season,UTA,PHX,138,134,2025-10-27
401809246,2025-10-28T01:30Z,2026,regular-season,MIN,DEN,114,127,2025-10-27
401809976,2025-10-28T02:00Z,2026,regular-season,GSW,MEM,131,118,2025-10-27
401809977,2025-10-28T02:30Z,2026,regular-season,LAL,POR,108,122,2025-10-27
401809978,2025-10-28T23:00Z,2026,regular-season,WAS,PHI,134,139,2025-10-28
401809979,2025-10-28T23:30Z,2026,regular-season,MIA,CHA,144,117,2025-10-28
401809980,2025-10-29T00:00Z,2026,regular-season,MIL,NYK,121,111,2025-10-28
401809981,2025-10-29T00:00Z,2026,regular-season,OKC,SAC,107,101,2025-10-28
401809982,2025-10-29T03:00Z,2026,regular-season,GSW,LAC,98,79,2025-10-28
401809986,2025-10-29T22:30Z,2026,regular-season,TOR,HOU,121,139,2025-10-29
401809983,2025-10-29T23:00Z,2026,regular-season,BOS,CLE,125,105,2025-10-29
401809984,2025-10-29T23:00Z,2026,regular-season,DET,ORL,135,116,2025-10-29
401809985,2025-10-29T23:30Z,2026,regular-season,BKN,ATL,112,117,2025-10-29
401809987,2025-10-30T00:00Z,2026,regular-season,CHI,SAC,126,113,2025-10-29
401809988,2025-10-30T00:30Z,2026,regular-season,DAL,IND,107,105,2025-10-29
401809989,2025-10-30T01:00Z,2026,regular-season,DEN,NOP,122,88,2025-10-29
401809990,2025-10-30T01:00Z,2026,regular-season,UTA,POR,134,136,2025-10-29
401809991,2025-10-30T01:30Z,2026,regular-season,MIN,LAL,115,116,2025-10-29
401809992,2025-10-30T02:00Z,2026,regular-season,PHX,MEM,113,114,2025-10-29
401809993,2025-10-30T23:00Z,2026,regular-season,CHA,ORL,107,123,2025-10-30
401809994,2025-10-31T00:00Z,2026,regular-season,MIL,GSW,120,110,2025-10-30
401809995,2025-10-31T00:00Z,2026,regular-season,OKC,WAS,127,108,2025-10-30
401809996,2025-10-31T00:30Z,2026,regular-season,SAS,MIA,107,101,2025-10-30
401809502,2025-10-31T23:00Z,2026,regular-season,IND,ATL,108,128,2025-10-31
401809503,2025-10-31T23:00Z,2026,regular-season,PHI,BOS,108,109,2025-10-31
401809504,2025-10-31T23:30Z,2026,regular-season,CLE,TOR,101,112,2025-10-31
401809505,2025-11-01T00:00Z,2026,regular-season,CHI,NYK,135,125,2025-10-31
401809506,2025-11-01T01:30Z,2026,regular-season,MEM,LAL,112,117,2025-10-31
401809507,2025-11-01T02:00Z,2026,regular-season,PHX,UTA,118,96,2025-10-31
401809508,2025-11-01T02:00Z,2026,regular-season,POR,DEN,109,107,2025-10-31
401809509,2025-11-01T02:30Z,2026,regular-season,LAC,NOP,126,124,2025-10-31
401809997,2025-11-01T21:00Z,2026,regular-season,MIL,SAC,133,135,2025-11-01
401809998,2025-11-01T22:00Z,2026,regular-season,CHA,MIN,105,122,2025-11-01
401809999,2025-11-01T23:00Z,2026,regular-season,IND,GSW,114,109,2025-11-01
401810000,2025-11-01T23:00Z,2026,regular-season,WAS,ORL,94,125,2025-11-01
401810001,2025-11-02T00:00Z,2026,regular-season,BOS,HOU,101,128,2025-11-01
401810002,2025-11-02T02:00Z,2026,regular-season,DET,DAL,122,110,2025-11-01
401810003,2025-11-02T20:30Z,2026,regular-season,OKC,NOP,137,106,2025-11-02
401810004,2025-11-02T23:00Z,2026,regular-season,BKN,PHI,105,129,2025-11-02
401810005,2025-11-02T23:00Z,2026,regular-season,CHA,UTA,126,103,2025-11-02
401810006,2025-11-02T23:00Z,2026,regular-season,CLE,ATL,117,109,2025-11-02
401810007,2025-11-02T23:00Z,2026,regular-season,TOR,MEM,117,104,2025-11-02
401810008,2025-11-03T00:00Z,2026,regular-season,NYK,CHI,128,116,2025-11-02
401810009,2025-11-03T01:00Z,2026,regular-season,PHX,SAS,130,118,2025-11-02
401810010,2025-11-03T02:30Z,2026,regular-season,LAL,MIA,130,120,2025-11-02
401810011,2025-11-04T00:00Z,2026,regular-season,BKN,MIN,109,125,2025-11-03
401810012,2025-11-04T00:00Z,2026,regular-season,IND,MIL,115,117,2025-11-03
401810013,2025-11-04T00:30Z,2026,regular-season,BOS,UTA,103,105,2025-11-03
401810014,2025-11-04T00:30Z,2026,regular-season,NYK,WAS,119,102,2025-11-03
401810015,2025-11-04T01:00Z,2026,regular-season,HOU,DAL,110,102,2025-11-03
401810016,2025-11-04T01:00Z,2026,regular-season,MEM,DET,106,114,2025-11-03
401810017,2025-11-04T02:00Z,2026,regular-season,DEN,SAC,130,124,2025-11-03
401810018,2025-11-04T03:00Z,2026,regular-season,POR,LAL,115,123,2025-11-03
401810019,2025-11-04T03:30Z,2026,regular-season,LAC,MIA,119,120,2025-11-03
401810020,2025-11-05T00:30Z,2026,regular-season,TOR,MIL,128,100,2025-11-04
401810021,2025-11-05T01:00Z,2026,regular-season,ATL,ORL,127,112,2025-11-04
401810022,2025-11-05T01:00Z,2026,regular-season,CHI,PHI,113,111,2025-11-04
401810023,2025-11-05T01:00Z,2026,regular-season,NOP,CHA,116,112,2025-11-04
401810024,2025-11-05T03:00Z,2026,regular-season,GSW,PHX,118,107,2025-11-04
401810025,2025-11-05T04:00Z,2026,regular-season,LAC,OKC,107,126,2025-11-04
401810026,2025-11-06T00:00Z,2026,regular-season,CLE,PHI,132,121,2025-11-05
401810027,2025-11-06T00:00Z,2026,regular-season,DET,UTA,114,103,2025-11-05
401810028,2025-11-06T00:00Z,2026,regular-season,IND,BKN,103,112,2025-11-05
401810029,2025-11-06T00:30Z,2026,regular-season,BOS,WAS,136,107,2025-11-05
401810030,2025-11-06T00:30Z,2026,regular-season,NYK,MIN,137,114,2025-11-05
401810031,2025-11-06T01:00Z,2026,regular-season,MEM,HOU,109,124,2025-11-05
401810032,2025-11-06T01:30Z,2026,regular-season,DAL,NOP,99,101,2025-11-05
401810033,2025-11-06T02:00Z,2026,regular-season,DEN,MIA,122,112,2025-11-05
401810034,2025-11-06T03:00Z,2026,regular-season,LAL,SAS,118,116,2025-11-05
401810035,2025-11-06T03:00Z,2026,regular-season,POR,OKC,121,119,2025-11-05
401810036,2025-11-06T03:00Z,2026,regular-season,SAC,GSW,121,116,2025-11-05
401810037,2025-11-07T02:00Z,2026,regular-season,PHX,LAC,115,102,2025-11-06
401809510,2025-11-08T00:00Z,2026,regular-season,ORL,BOS,123,110,2025-11-07
401809511,2025-11-08T00:00Z,2026,regular-season,WAS,CLE,115,148,2025-11-07
401809512,2025-11-08T00:30Z,2026,regular-season,ATL,TOR,97,109,2025-11-07
401809773,2025-11-08T00:30Z,2026,regular-season,BKN,DET,107,125,2025-11-07
401809774,2025-11-08T00:30Z,2026,regular-season,SAS,HOU,121,110,2025-11-07
401809775,2025-11-08T01:00Z,2026,regular-season,MIA,CHA,126,108,2025-11-07
401809776,2025-11-08T01:00Z,2026,regular-season,MEM,DAL,118,104,2025-11-07
401809777,2025-11-08T01:00Z,2026,regular-season,MIL,CHI,126,110,2025-11-07
401809778,2025-11-08T01:00Z,2026,regular-season,MIN,UTA,137,97,2025-11-07
401809779,2025-11-08T03:00Z,2026,regular-season,DEN,GSW,129,104,2025-11-07
401809780,2025-11-08T03:00Z,2026,regular-season,SAC,OKC,101,132,2025-11-07
401810038,2025-11-09T00:00Z,2026,regular-season,WAS,DAL,105,111,2025-11-08
401810039,2025-11-09T00:30Z,2026,regular-season,PHI,TOR,130,120,2025-11-08
401810040,2025-11-09T01:00Z,2026,regular-season,ATL,LAL,122,102,2025-11-08
401810041,2025-11-09T01:00Z,2026,regular-season,CLE,CHI,128,122,2025-11-08
401810042,2025-11-09T01:00Z,2026,regular-season,MIA,POR,136,131,2025-11-08
401810043,2025-11-09T01:00Z,2026,regular-season,SAS,NOP,126,119,2025-11-08
401810044,2025-11-09T02:00Z,2026,regular-season,DEN,IND,117,100,2025-11-08
401810045,2025-11-09T03:30Z,2026,regular-season,LAC,PHX,103,114,2025-11-08
401810046,2025-11-09T20:30Z,2026,regular-season,MIL,HOU,115,122,2025-11-09
401810047,2025-11-09T23:00Z,2026,regular-season,NYK,BKN,134,98,2025-11-09
401810048,2025-11-09T23:00Z,2026,regular-season,ORL,BOS,107,111,2025-11-09
401810049,2025-11-09T23:00Z,2026,regular-season,MEM,OKC,100,114,2025-11-09
401810050,2025-11-10T00:30Z,2026,regular-season,PHI,DET,108,111,2025-11-09
401810051,2025-11-10T01:30Z,2026,regular-season,GSW,IND,114,83,2025-11-09
401810052,2025-11-10T02:00Z,2026,regular-season,SAC,MIN,117,144,2025-11-09
401810053,2025-11-11T00:00Z,2026,regular-season,CHA,LAL,111,121,2025-11-10
401810054,2025-11-11T00:00Z,2026,regular-season,DET,WAS,137,135,2025-11-10
401810055,2025-11-11T00:00Z,2026,regular-season,ORL,POR,115,112,2025-11-10
401810056,2025-11-11T00:30Z,2026,regular-season,MIA,CLE,140,138,2025-11-10
401810057,2025-11-11T01:00Z,2026,regular-season,CHI,SAS,117,121,2025-11-10
401810058,2025-11-11T01:30Z,2026,regular-season,DAL,MIL,114,116,2025-11-10
401810059,2025-11-11T02:00Z,2026,regular-season,PHX,NOP,121,98,2025-11-10
401810060,2025-11-11T02:00Z,2026,regular-season,UTA,MIN,113,120,2025-11-10
401810061,2025-11-11T03:30Z,2026,regular-season,LAC,ATL,102,105,2025-11-10
401810062,2025-11-12T00:30Z,2026,regular-season,BKN,TOR,109,119,2025-11-11
401810063,2025-11-12T00:30Z,2026,regular-season,NYK,MEM,133,120,2025-11-11
401810064,2025-11-12T01:00Z,2026,regular-season,PHI,BOS,102,100,2025-11-11
401810065,2025-11-12T01:00Z,2026,regular-season,OKC,GSW,126,102,2025-11-11
401810066,2025-11-12T02:00Z,2026,regular-season,UTA,IND,152,128,2025-11-11
401810067,2025-11-12T04:00Z,2026,regular-season,SAC,DEN,108,122,2025-11-11
401810068,2025-11-13T00:00Z,2026,regular-season,CHA,MIL,111,100,2025-11-12
401810069,2025-11-13T00:00Z,2026,regular-season,DET,CHI,124,113,2025-11-12
401810070,2025-11-13T00:00Z,2026,regular-season,NYK,ORL,107,124,2025-11-12
401810071,2025-11-13T00:30Z,2026,regular-season,BOS,MEM,131,95,2025-11-12
401810072,2025-11-13T00:30Z,2026,regular-season,MIA,CLE,116,130,2025-11-12
401810073,2025-11-13T01:00Z,2026,regular-season,HOU,WAS,135,112,2025-11-12
401810074,2025-11-13T01:00Z,2026,regular-season,NOP,POR,117,125,2025-11-12
401810075,2025-11-13T01:00Z,2026,regular-season,SAS,GSW,120,125,2025-11-12
401810076,2025-11-13T01:30Z,2026,regular-season,DAL,PHX,114,123,2025-11-12
401810077,2025-11-13T02:47Z,2026,regular-season,OKC,LAL,121,92,2025-11-12
401810078,2025-11-13T03:00Z,2026,regular-season,SAC,ATL,100,133,2025-11-12
401810079,2025-11-13T03:30Z,2026,regular-season,LAC,DEN,116,130,2025-11-12
401810080,2025-11-14T00:00Z,2026,regular-season,CLE,TOR,113,126,2025-11-13
401810081,2025-11-14T02:00Z,2026,regular-season,PHX,IND,133,98,2025-11-13
401810082,2025-11-14T02:00Z,2026,regular-season,UTA,ATL,122,132,2025-11-13
401809781,2025-11-15T00:00Z,2026,regular-season,NYK,MIA,140,132,2025-11-14
401809782,2025-11-15T00:00Z,2026,regular-season,ORL,BKN,105,98,2025-11-14
401809783,2025-11-15T00:30Z,2026,regular-season,DET,PHI,114,105,2025-11-14
401809784,2025-11-15T01:00Z,2026,regular-season,HOU,POR,140,116,2025-11-14
401809785,2025-11-15T01:00Z,2026,regular-season,MIL,CHA,147,134,2025-11-14
401809786,2025-11-15T01:00Z,2026,regular-season,MIN,SAC,124,110,2025-11-14
401809787,2025-11-15T01:00Z,2026,regular-season,NOP,LAL,104,118,2025-11-14
401809788,2025-11-15T01:30Z,2026,regular-season,DAL,LAC,127,133,2025-11-14
401809789,2025-11-15T02:30Z,2026,regular-season,SAS,GSW,108,109,2025-11-14
401810083,2025-11-15T22:00Z,2026,regular-season,CLE,MEM,108,100,2025-11-15
401810084,2025-11-16T00:00Z,2026,regular-season,CHA,OKC,96,109,2025-11-15
401810085,2025-11-16T00:00Z,2026,regular-season,IND,TOR,111,129,2025-11-15
401810086,2025-11-16T01:00Z,2026,regular-season,MIL,LAL,95,119,2025-11-15
401810087,2025-11-16T01:00Z,2026,regular-season,MIN,DEN,112,123,2025-11-15
401810088,2025-11-16T20:30Z,2026,regular-season,BOS,LAC,121,118,2025-11-16
401810089,2025-11-16T21:00Z,2026,regular-season,SAS,SAC,123,110,2025-11-16
401810090,2025-11-16T23:00Z,2026,regular-season,WAS,BKN,106,129,2025-11-16
401810091,2025-11-17T00:00Z,2026,regular-season,HOU,ORL,117,113,2025-11-16
401810092,2025-11-17T00:00Z,2026,regular-season,NOP,GSW,106,124,2025-11-16
401810093,2025-11-17T00:30Z,2026,regular-season,DAL,POR,138,133,2025-11-16
401810094,2025-11-17T01:00Z,2026,regular-season,PHX,ATL,122,124,2025-11-16
401810095,2025-11-17T01:00Z,2026,regular-season,UTA,CHI,150,147,2025-11-16
401810096,2025-11-18T00:00Z,2026,regular-season,CLE,MIL,118,106,2025-11-17
401810097,2025-11-18T00:00Z,2026,regular-season,DET,IND,127,112,2025-11-17
401810098,2025-11-18T00:00Z,2026,regular-season,PHI,LAC,110,108,2025-11-17
401810099,2025-11-18T00:30Z,2026,regular-season,MIA,NYK,115,113,2025-11-17
401810100,2025-11-18T00:30Z,2026,regular-season,TOR,CHA,110,108,2025-11-17
401810101,2025-11-18T01:00Z,2026,regular-season,MIN,DAL,120,96,2025-11-17
401810102,2025-11-18T01:00Z,2026,regular-season,NOP,OKC,109,126,2025-11-17
401810103,2025-11-18T02:00Z,2026,regular-season,DEN,CHI,127,130,2025-11-17
401810104,2025-11-19T00:00Z,2026,regular-season,ORL,GSW,121,113,2025-11-18
401810105,2025-11-19T00:30Z,2026,regular-season,BKN,BOS,99,113,2025-11-18
401810106,2025-11-19T00:30Z,2026,regular-season,ATL,DET,112,120,2025-11-18
401810107,2025-11-19T01:00Z,2026,regular-season,SAS,MEM,111,101,2025-11-18
401810108,2025-11-19T03:30Z,2026,regular-season,LAL,UTA,140,126,2025-11-18
401810109,2025-11-19T04:00Z,2026,regular-season,POR,PHX,110,127,2025-11-18
401810110,2025-11-20T00:00Z,2026,regular-season,CLE,HOU,104,114,2025-11-19
401810111,2025-11-20T00:00Z,2026,regular-season,IND,CHA,127,118,2025-11-19
401810113,2025-11-20T00:00Z,2026,regular-season,PHI,TOR,112,121,2025-11-19
401810112,2025-11-20T00:30Z,2026,regular-season,MIA,GSW,110,96,2025-11-19
401810114,2025-11-20T01:00Z,2026,regular-season,MIN,WAS,120,109,2025-11-19
401810115,2025-11-20T01:00Z,2026,regular-season,NOP,DEN,118,125,2025-11-19
401810116,2025-11-20T01:00Z,2026,regular-season,OKC,SAC,113,99,2025-11-19
401810117,2025-11-20T02:30Z,2026,regular-season,DAL,NYK,111,113,2025-11-19
401810118,2025-11-20T03:00Z,2026,regular-season,POR,CHI,121,122,2025-11-19
401810119,2025-11-21T00:00Z,2026,regular-season,ORL,LAC,129,101,2025-11-20
401810120,2025-11-21T01:00Z,2026,regular-season,MEM,SAC,137,96,2025-11-20
401810121,2025-11-21T01:00Z,2026,regular-season,MIL,PHI,114,123,2025-11-20
401810122,2025-11-21T01:00Z,2026,regular-season,SAS,ATL,135,126,2025-11-20
401809790,2025-11-22T00:00Z,2026,regular-season,CLE,IND,120,109,2025-11-21
401809791,2025-11-22T00:30Z,2026,regular-season,BOS,BKN,105,113,2025-11-21
401809792,2025-11-22T00:30Z,2026,regular-season,TOR,WAS,140,110,2025-11-21
401809793,2025-11-22T01:00Z,2026,regular-season,CHI,MIA,107,143,2025-11-21
401809794,2025-11-22T01:30Z,2026,regular-season,DAL,NOP,118,115,2025-11-21
401809795,2025-11-22T02:00Z,2026,regular-season,PHX,MIN,114,113,2025-11-21
401809796,2025-11-22T02:30Z,2026,regular-season,HOU,DEN,109,112,2025-11-21
401809797,2025-11-22T03:00Z,2026,regular-season,UTA,OKC,112,144,2025-11-21
401809798,2025-11-22T03:00Z,2026,regular-season,GSW,POR,123,127,2025-11-21
401810123,2025-11-22T18:00Z,2026,regular-season,CHA,LAC,116,131,2025-11-22
401810124,2025-11-22T22:00Z,2026,regular-season,ORL,NYK,133,121,2025-11-22
401810125,2025-11-23T00:00Z,2026,regular-season,NOP,ATL,98,115,2025-11-22
401810126,2025-11-23T01:00Z,2026,regular-season,CHI,WAS,121,120,2025-11-22
401810127,2025-11-23T01:00Z,2026,regular-season,MIL,DET,116,129,2025-11-22
401810128,2025-11-23T01:30Z,2026,regular-season,DAL,MEM,96,102,2025-11-22
401810129,2025-11-23T03:00Z,2026,regular-season,DEN,SAC,123,128,2025-11-22
401810130,2025-11-23T18:00Z,2026,regular-season,PHI,MIA,117,127,2025-11-23
401810131,2025-11-23T23:00Z,2026,regular-season,ATL,CHA,113,110,2025-11-23
401810132,2025-11-23T23:00Z,2026,regular-season,BOS,ORL,138,129,2025-11-23
401810133,2025-11-23T23:00Z,2026,regular-season,CLE,LAC,120,105,2025-11-23
401810134,2025-11-23T23:00Z,2026,regular-season,TOR,BKN,119,109,2025-11-23
401810135,2025-11-24T00:00Z,2026,regular-season,OKC,POR,122,95,2025-11-23
401810136,2025-11-24T01:00Z,2026,regular-season,PHX,SAS,111,102,2025-11-23
401810137,2025-11-24T01:00Z,2026,regular-season,UTA,LAL,106,108,2025-11-23
401810138,2025-11-25T00:00Z,2026,regular-season,IND,DET,117,122,2025-11-24
401810139,2025-11-25T00:00Z,2026,regular-season,TOR,CLE,110,99,2025-11-24
401810140,2025-11-25T00:30Z,2026,regular-season,BKN,NYK,100,113,2025-11-24
401810141,2025-11-25T00:30Z,2026,regular-season,MIA,DAL,106,102,2025-11-24
401810142,2025-11-25T01:00Z,2026,regular-season,MEM,DEN,115,125,2025-11-24
401810143,2025-11-25T01:00Z,2026,regular-season,MIL,POR,103,115,2025-11-24
401810144,2025-11-25T01:00Z,2026,regular-season,NOP,CHI,143,130,2025-11-24
401810145,2025-11-25T02:30Z,2026,regular-season,PHX,HOU,92,114,2025-11-24
401810146,2025-11-25T03:00Z,2026,regular-season,GSW,UTA,134,117,2025-11-24
401810147,2025-11-25T03:00Z,2026,regular-season,SAC,MIN,117,112,2025-11-24
401809799,2025-11-26T00:00Z,2026,regular-season,WAS,ATL,132,113,2025-11-25
401809800,2025-11-26T01:00Z,2026,regular-season,PHI,ORL,103,144,2025-11-25
401809801,2025-11-26T04:00Z,2026,regular-season,LAL,LAC,135,118,2025-11-25
401809802,2025-11-26T22:00Z,2026,regular-season,BOS,DET,117,114,2025-11-26
401809803,2025-11-27T00:00Z,2026,regular-season,CHA,NYK,101,129,2025-11-26
401809804,2025-11-27T00:30Z,2026,regular-season,MIA,MIL,106,103,2025-11-26
401809805,2025-11-27T00:30Z,2026,regular-season,TOR,IND,97,95,2025-11-26
401809806,2025-11-27T00:30Z,2026,regular-season,OKC,MIN,113,105,2025-11-26
401809807,2025-11-27T01:00Z,2026,regular-season,NOP,MEM,128,133,2025-11-26
401809808,2025-11-27T03:00Z,2026,regular-season,GSW,HOU,100,104,2025-11-26
401809809,2025-11-27T03:00Z,2026,regular-season,POR,SAS,102,115,2025-11-26
401809810,2025-11-27T03:00Z,2026,regular-season,SAC,PHX,100,112,2025-11-26
401809811,2025-11-29T00:30Z,2026,regular-season,ATL,CLE,130,123,2025-11-28
401809812,2025-11-29T00:30Z,2026,regular-season,BKN,PHI,103,115,2025-11-28
401809813,2025-11-29T00:30Z,2026,regular-season,CHA,CHI,123,116,2025-11-28
401809814,2025-11-29T00:30Z,2026,regular-season,DET,ORL,109,112,2025-11-28
401809815,2025-11-29T00:30Z,2026,regular-season,IND,WAS,119,86,2025-11-28
401809816,2025-11-29T00:30Z,2026,regular-season,NYK,MIL,118,109,2025-11-28
401809817,2025-11-29T02:30Z,2026,regular-season,OKC,PHX,123,119,2025-11-28
401809818,2025-11-29T02:30Z,2026,regular-season,DEN,SAS,136,139,2025-11-28
401809819,2025-11-29T02:30Z,2026,regular-season,UTA,SAC,128,119,2025-11-28
401809820,2025-11-29T03:00Z,2026,regular-season,LAL,DAL,129,119,2025-11-28
401809821,2025-11-29T03:00Z,2026,regular-season,LAC,MEM,107,112,2025-11-28
401810148,2025-11-29T22:00Z,2026,regular-season,MIN,BOS,119,115,2025-11-29
401810149,2025-11-29T23:00Z,2026,regular-season,CHA,TOR,118,111,2025-11-29
401810150,2025-11-30T00:30Z,2026,regular-season,IND,CHI,103,101,2025-11-29
401810151,2025-11-30T01:00Z,2026,regular-season,MIA,DET,135,138,2025-11-29
401810152,2025-11-30T01:00Z,2026,regular-season,MIL,BKN,116,99,2025-11-29
401810153,2025-11-30T01:30Z,2026,regular-season,GSW,NOP,104,96,2025-11-29
401810154,2025-11-30T02:00Z,2026,regular-season,PHX,DEN,112,130,2025-11-29
401810155,2025-11-30T03:00Z,2026,regular-season,LAC,DAL,110,114,2025-11-29
401810156,2025-11-30T20:00Z,2026,regular-season,UTA,HOU,101,129,2025-11-30
401810157,2025-11-30T23:00Z,2026,regular-season,CLE,BOS,115,117,2025-11-30
401810158,2025-11-30T23:00Z,2026,regular-season,NYK,TOR,116,94,2025-11-30
401810159,2025-11-30T23:00Z,2026,regular-season,PHI,ATL,134,142,2025-11-30
401810160,2025-11-30T23:00Z,2026,regular-season,POR,OKC,115,123,2025-11-30
401810161,2025-12-01T00:00Z,2026,regular-season,MIN,SAS,125,112,2025-11-30
401810162,2025-12-01T02:00Z,2026,regular-season,SAC,MEM,107,115,2025-11-30
401810163,2025-12-01T02:30Z,2026,regular-season,LAL,NOP,133,121,2025-11-30
401810164,2025-12-02T00:00Z,2026,regular-season,DET,ATL,99,98,2025-12-01
401810165,2025-12-02T00:00Z,2026,regular-season,IND,CLE,119,135,2025-12-01
401810166,2025-12-02T00:00Z,2026,regular-season,WAS,MIL,129,126,2025-12-01
401810167,2025-12-02T00:30Z,2026,regular-season,BKN,CHA,116,103,2025-12-01
401810168,2025-12-02T00:30Z,2026,regular-season,MIA,LAC,140,123,2025-12-01
401810169,2025-12-02T00:30Z,2026,regular-season,ORL,CHI,125,120,2025-12-01
401810170,2025-12-02T02:00Z,2026,regular-season,DEN,DAL,121,131,2025-12-01
401810171,2025-12-02T02:00Z,2026,regular-season,UTA,HOU,133,125,2025-12-01
401810172,2025-12-02T03:00Z,2026,regular-season,LAL,PHX,108,125,2025-12-01
401810173,2025-12-03T00:00Z,2026,regular-season,PHI,WAS,121,102,2025-12-02
401810174,2025-12-03T00:30Z,2026,regular-season,TOR,POR,121,118,2025-12-02
401810175,2025-12-03T01:00Z,2026,regular-season,BOS,NYK,123,117,2025-12-02
401810176,2025-12-03T01:00Z,2026,regular-season,NOP,MIN,142,149,2025-12-02
401810177,2025-12-03T01:00Z,2026,regular-season,SAS,MEM,126,119,2025-12-02
401810178,2025-12-03T04:00Z,2026,regular-season,GSW,OKC,112,124,2025-12-02
401810179,2025-12-04T00:00Z,2026,regular-season,CLE,POR,110,122,2025-12-03
401810180,2025-12-04T00:00Z,2026,regular-season,IND,DEN,120,135,2025-12-03
401810181,2025-12-04T00:00Z,2026,regular-season,ORL,SAS,112,114,2025-12-03
401810182,2025-12-04T00:30Z,2026,regular-season,ATL,LAC,92,115,2025-12-03
401810183,2025-12-04T00:30Z,2026,regular-season,NYK,CHA,119,104,2025-12-03
401810184,2025-12-04T01:00Z,2026,regular-season,CHI,BKN,103,113,2025-12-03
401810185,2025-12-04T01:00Z,2026,regular-season,HOU,SAC,121,95,2025-12-03
401810186,2025-12-04T01:00Z,2026,regular-season,MIL,DET,113,109,2025-12-03
401810187,2025-12-04T01:30Z,2026,regular-season,DAL,MIA,118,108,2025-12-03
401810188,2025-12-05T00:00Z,2026,regular-season,PHI,GSW,99,98,2025-12-04
401810189,2025-12-05T00:00Z,2026,regular-season,WAS,BOS,101,146,2025-12-04
401810190,2025-12-05T00:30Z,2026,regular-season,BKN,UTA,110,123,2025-12-04
401810191,2025-12-05T00:30Z,2026,regular-season,TOR,LAL,120,123,2025-12-04
401810192,2025-12-05T01:00Z,2026,regular-season,NOP,MIN,116,125,2025-12-04
401810193,2025-12-06T00:00Z,2026,regular-season,BOS,LAL,126,105,2025-12-05
401810194,2025-12-06T00:00Z,2026,regular-season,ORL,MIA,106,105,2025-12-05
401810195,2025-12-06T00:30Z,2026,regular-season,ATL,DEN,133,134,2025-12-05
401810196,2025-12-06T00:30Z,2026,regular-season,CLE,SAS,130,117,2025-12-05
401810197,2025-12-06T00:30Z,2026,regular-season,DET,POR,122,116,2025-12-05
401810198,2025-12-06T00:30Z,2026,regular-season,NYK,UTA,146,112,2025-12-05
401810199,2025-12-06T00:30Z,2026,regular-season,TOR,CHA,86,111,2025-12-05
401810200,2025-12-06T01:00Z,2026,regular-season,CHI,IND,105,120,2025-12-05
401810201,2025-12-06T01:00Z,2026,regular-season,HOU,PHX,117,98,2025-12-05
401810202,2025-12-06T01:00Z,2026,regular-season,MEM,LAC,107,98,2025-12-05
401810203,2025-12-06T01:00Z,2026,regular-season,MIL,PHI,101,116,2025-12-05
401810204,2025-12-06T02:30Z,2026,regular-season,OKC,DAL,132,111,2025-12-05
401810205,2025-12-06T22:00Z,2026,regular-season,BKN,NOP,119,101,2025-12-06
401810206,2025-12-07T00:00Z,2026,regular-season,WAS,ATL,116,131,2025-12-06
401810207,2025-12-07T00:30Z,2026,regular-season,CLE,GSW,94,99,2025-12-06
401810208,2025-12-07T00:30Z,2026,regular-season,DET,MIL,124,112,2025-12-06
401810209,2025-12-07T01:00Z,2026,regular-season,MIA,SAC,111,127,2025-12-06
401810210,2025-12-07T01:00Z,2026,regular-season,MIN,LAC,109,106,2025-12-06
401810211,2025-12-07T01:30Z,2026,regular-season,DAL,HOU,122,109,2025-12-06
401810212,2025-12-07T17:00Z,2026,regular-season,NYK,ORL,106,100,2025-12-07
401810213,2025-12-07T20:30Z,2026,regular-season,TOR,BOS,113,121,2025-12-07
401810214,2025-12-07T23:00Z,2026,regular-season,CHA,DEN,106,115,2025-12-07
401810215,2025-12-07T23:00Z,2026,regular-season,MEM,POR,119,96,2025-12-07
401810216,2025-12-08T00:00Z,2026,regular-season,CHI,GSW,91,123,2025-12-07
401810217,2025-12-08T00:30Z,2026,regular-season,PHI,LAL,108,112,2025-12-07
401810218,2025-12-08T01:00Z,2026,regular-season,UTA,OKC,101,131,2025-12-07
401810219,2025-12-09T00:00Z,2026,regular-season,IND,SAC,116,105,2025-12-08
401810220,2025-12-09T00:30Z,2026,regular-season,MIN,PHX,105,108,2025-12-08
401810221,2025-12-09T01:00Z,2026,regular-season,NOP,SAS,132,135,2025-12-08
401809833,2025-12-09T23:00Z,2026,regular-season,ORL,MIA,117,108,2025-12-09
401809834,2025-12-10T01:30Z,2026,regular-season,TOR,NYK,101,117,2025-12-09
401809835,2025-12-11T00:30Z,2026,regular-season,OKC,PHX,138,89,2025-12-10
401809836,2025-12-11T03:00Z,2026,regular-season,LAL,SAS,119,132,2025-12-10
401836746,2025-12-12T01:00Z,2026,regular-season,HOU,LAC,115,113,2025-12-11
401836747,2025-12-12T01:00Z,2026,regular-season,MIL,BOS,116,101,2025-12-11
401836748,2025-12-12T01:00Z,2026,regular-season,NOP,POR,143,120,2025-12-11
401836749,2025-12-12T03:00Z,2026,regular-season,SAC,DEN,105,136,2025-12-11
401836750,2025-12-13T00:00Z,2026,regular-season,CHA,CHI,126,129,2025-12-12
401836751,2025-12-13T00:00Z,2026,regular-season,DET,ATL,142,115,2025-12-12
401836752,2025-12-13T00:00Z,2026,regular-season,PHI,IND,115,105,2025-12-12
401836753,2025-12-13T00:00Z,2026,regular-season,WAS,CLE,126,130,2025-12-12
401836754,2025-12-13T01:00Z,2026,regular-season,MEM,UTA,126,130,2025-12-12
401836795,2025-12-13T01:30Z,2026,regular-season,DAL,BKN,119,111,2025-12-12
401836796,2025-12-13T03:00Z,2026,regular-season,GSW,MIN,120,127,2025-12-12
401809837,2025-12-13T22:30Z,2026,regular-season,ORL,NYK,120,132,2025-12-13
401809838,2025-12-14T02:00Z,2026,regular-season,OKC,SAS,109,111,2025-12-13
401836797,2025-12-14T20:00Z,2026,regular-season,IND,WAS,89,108,2025-12-14
401836799,2025-12-14T20:30Z,2026,regular-season,CLE,CHA,111,119,2025-12-14
401836798,2025-12-14T23:00Z,2026,regular-season,ATL,PHI,120,117,2025-12-14
401836800,2025-12-14T23:00Z,2026,regular-season,BKN,MIL,127,82,2025-12-14
401836801,2025-12-15T00:00Z,2026,regular-season,MIN,SAC,117,103,2025-12-14
401836804,2025-12-15T00:00Z,2026,regular-season,CHI,NOP,104,114,2025-12-14
401839699,2025-12-15T01:00Z,2026,regular-season,PHX,LAL,114,116,2025-12-14
401836802,2025-12-15T02:00Z,2026,regular-season,POR,GSW,136,131,2025-12-14
401836803,2025-12-16T00:00Z,2026,regular-season,BOS,DET,105,112,2025-12-15
401839023,2025-12-16T00:30Z,2026,regular-season,MIA,TOR,96,106,2025-12-15
401836805,2025-12-16T02:00Z,2026,regular-season,UTA,DAL,140,133,2025-12-15
401836806,2025-12-16T02:30Z,2026,regular-season,DEN,HOU,128,125,2025-12-15
401836807,2025-12-16T03:30Z,2026,regular-season,LAC,MEM,103,121,2025-12-15
401809839,2025-12-17T01:30Z,2026,regular-season,NYK,SAS,124,113,2025-12-16
401810222,2025-12-18T01:00Z,2026,regular-season,CHI,CLE,127,111,2025-12-17
401810223,2025-12-18T01:00Z,2026,regular-season,MIN,MEM,110,116,2025-12-17
401810226,2025-12-19T00:00Z,2026,regular-season,CHA,ATL,133,126,2025-12-18
401810227,2025-12-19T00:00Z,2026,regular-season,IND,NYK,113,114,2025-12-18
401810228,2025-12-19T00:30Z,2026,regular-season,BKN,MIA,95,106,2025-12-18
401810224,2025-12-19T01:00Z,2026,regular-season,OKC,LAC,122,101,2025-12-18
401810225,2025-12-19T01:00Z,2026,regular-season,SAS,WAS,119,94,2025-12-18
401810229,2025-12-19T01:00Z,2026,regular-season,MIL,TOR,105,111,2025-12-18
401810230,2025-12-19T01:00Z,2026,regular-season,NOP,HOU,133,128,2025-12-18
401810231,2025-12-19T01:30Z,2026,regular-season,DAL,DET,116,114,2025-12-18
401810232,2025-12-19T02:00Z,2026,regular-season,DEN,ORL,126,115,2025-12-18
401810233,2025-12-19T02:00Z,2026,regular-season,PHX,GSW,99,98,2025-12-18
401810234,2025-12-19T02:00Z,2026,regular-season,UTA,LAL,135,143,2025-12-18
401810235,2025-12-19T03:00Z,2026,regular-season,POR,SAC,134,133,2025-12-18
401810236,2025-12-20T00:00Z,2026,regular-season,BOS,MIA,129,116,2025-12-19
401810237,2025-12-20T00:00Z,2026,regular-season,NYK,PHI,107,116,2025-12-19
401810238,2025-12-20T00:30Z,2026,regular-season,ATL,SAS,98,126,2025-12-19
401810239,2025-12-20T00:30Z,2026,regular-season,CLE,CHI,125,136,2025-12-19
401810240,2025-12-20T02:30Z,2026,regular-season,MIN,OKC,112,107,2025-12-19
401810241,2025-12-20T22:00Z,2026,regular-season,DEN,HOU,101,115,2025-12-20
401810242,2025-12-21T00:00Z,2026,regular-season,PHI,DAL,121,114,2025-12-20
401810243,2025-12-21T00:00Z,2026,regular-season,TOR,BOS,96,112,2025-12-20
401810244,2025-12-21T00:00Z,2026,regular-season,NOP,IND,128,109,2025-12-20
401810245,2025-12-21T00:30Z,2026,regular-season,DET,CHA,112,86,2025-12-20
401810246,2025-12-21T01:00Z,2026,regular-season,MEM,WAS,122,130,2025-12-20
401810247,2025-12-21T01:30Z,2026,regular-season,GSW,PHX,119,116,2025-12-20
401810248,2025-12-21T02:30Z,2026,regular-season,UTA,ORL,127,128,2025-12-20
401810249,2025-12-21T03:00Z,2026,regular-season,SAC,POR,93,98,2025-12-20
401810250,2025-12-21T03:30Z,2026,regular-season,LAC,LAL,103,88,2025-12-20
401810251,2025-12-21T20:30Z,2026,regular-season,ATL,CHI,150,152,2025-12-21
401810252,2025-12-21T23:00Z,2026,regular-season,BKN,TOR,96,81,2025-12-21
401810253,2025-12-21T23:00Z,2026,regular-season,NYK,MIA,132,125,2025-12-21
401810254,2025-12-22T00:00Z,2026,regular-season,WAS,SAS,113,124,2025-12-21
401810255,2025-12-22T00:00Z,2026,regular-season,MIN,MIL,103,100,2025-12-21
401810256,2025-12-22T03:00Z,2026,regular-season,SAC,HOU,125,124,2025-12-21
401810257,2025-12-23T00:00Z,2026,regular-season,CLE,CHA,139,132,2025-12-22
401810258,2025-12-23T00:30Z,2026,regular-season,BOS,IND,103,95,2025-12-22
401810259,2025-12-23T01:00Z,2026,regular-season,NOP,DAL,119,113,2025-12-22
401810260,2025-12-23T02:00Z,2026,regular-season,DEN,UTA,135,112,2025-12-22
401810261,2025-12-23T02:30Z,2026,regular-season,OKC,MEM,119,103,2025-12-22
401810262,2025-12-23T03:00Z,2026,regular-season,GSW,ORL,120,97,2025-12-22
401810263,2025-12-23T03:00Z,2026,regular-season,POR,DET,102,110,2025-12-22
401810264,2025-12-24T00:00Z,2026,regular-season,CHA,WAS,126,109,2025-12-23
401810265,2025-12-24T00:00Z,2026,regular-season,PHI,BKN,106,114,2025-12-23
401810266,2025-12-24T00:30Z,2026,regular-season,ATL,CHI,123,126,2025-12-23
401810267,2025-12-24T00:30Z,2026,regular-season,CLE,NOP,141,118,2025-12-23
401810268,2025-12-24T00:30Z,2026,regular-season,IND,MIL,94,111,2025-12-23
401810269,2025-12-24T00:30Z,2026,regular-season,MIA,TOR,91,112,2025-12-23
401810270,2025-12-24T01:00Z,2026,regular-season,DAL,DEN,131,130,2025-12-23
401810271,2025-12-24T01:00Z,2026,regular-season,MIN,NYK,115,104,2025-12-23
401810272,2025-12-24T01:30Z,2026,regular-season,SAS,OKC,130,110,2025-12-23
401810273,2025-12-24T02:00Z,2026,regular-season,PHX,LAL,132,108,2025-12-23
401810274,2025-12-24T02:00Z,2026,regular-season,UTA,MEM,128,137,2025-12-23
401810275,2025-12-24T03:00Z,2026,regular-season,POR,ORL,106,110,2025-12-23
401810276,2025-12-24T03:00Z,2026,regular-season,SAC,DET,127,136,2025-12-23
401810277,2025-12-24T03:30Z,2026,regular-season,LAC,HOU,128,108,2025-12-23
401809238,2025-12-25T17:00Z,2026,regular-season,NYK,CLE,126,124,2025-12-25
401809239,2025-12-25T19:30Z,2026,regular-season,OKC,SAS,102,117,2025-12-25
401809240,2025-12-25T22:17Z,2026,regular-season,GSW,DAL,126,116,2025-12-25
401809241,2025-12-26T01:00Z,2026,regular-season,LAL,HOU,96,119,2025-12-25
401809242,2025-12-26T03:30Z,2026,regular-season,DEN,MIN,142,138,2025-12-25
401810278,2025-12-27T00:00Z,2026,regular-season,ATL,MIA,111,126,2025-12-26
401810279,2025-12-27T00:00Z,2026,regular-season,ORL,CHA,105,120,2025-12-26
401810280,2025-12-27T00:00Z,2026,regular-season,WAS,TOR,138,117,2025-12-26
401810281,2025-12-27T00:00Z,2026,regular-season,IND,BOS,122,140,2025-12-26
401810282,2025-12-27T00:30Z,2026,regular-season,CHI,PHI,109,102,2025-12-26
401810283,2025-12-27T01:00Z,2026,regular-season,MEM,MIL,125,104,2025-12-26
401810284,2025-12-27T01:00Z,2026,regular-season,NOP,PHX,108,115,2025-12-26
401810285,2025-12-27T02:30Z,2026,regular-season,UTA,DET,131,129,2025-12-26
401810286,2025-12-27T03:00Z,2026,regular-season,POR,LAC,103,119,2025-12-26
401810287,2025-12-27T22:00Z,2026,regular-season,SAC,DAL,113,107,2025-12-27
401810288,2025-12-28T00:00Z,2026,regular-season,ORL,DEN,127,126,2025-12-27
401810289,2025-12-28T00:00Z,2026,regular-season,NOP,PHX,114,123,2025-12-27
401810290,2025-12-28T01:00Z,2026,regular-season,ATL,NYK,125,128,2025-12-27
401810291,2025-12-28T01:00Z,2026,regular-season,MIA,IND,142,116,2025-12-27
401810292,2025-12-28T01:00Z,2026,regular-season,CHI,MIL,103,112,2025-12-27
401810293,2025-12-28T01:00Z,2026,regular-season,HOU,CLE,117,100,2025-12-27
401810294,2025-12-28T01:00Z,2026,regular-season,MIN,BKN,107,123,2025-12-27
401810295,2025-12-28T01:00Z,2026,regular-season,SAS,UTA,114,127,2025-12-27
401810296,2025-12-28T20:30Z,2026,regular-season,TOR,GSW,141,127,2025-12-28
401810297,2025-12-28T20:30Z,2026,regular-season,OKC,PHI,129,104,2025-12-28
401810298,2025-12-28T23:00Z,2026,regular-season,WAS,MEM,116,112,2025-12-28
401810299,2025-12-28T23:00Z,2026,regular-season,POR,BOS,114,108,2025-12-28
401810300,2025-12-29T02:00Z,2026,regular-season,LAC,DET,112,99,2025-12-28
401810301,2025-12-29T02:30Z,2026,regular-season,LAL,SAC,125,101,2025-12-28
401810302,2025-12-30T00:00Z,2026,regular-season,CHA,MIL,113,123,2025-12-29
401810303,2025-12-30T00:00Z,2026,regular-season,WAS,PHX,101,115,2025-12-29
401810304,2025-12-30T00:30Z,2026,regular-season,BKN,GSW,107,120,2025-12-29
401810305,2025-12-30T00:30Z,2026,regular-season,MIA,DEN,147,123,2025-12-29
401810306,2025-12-30T00:30Z,2026,regular-season,TOR,ORL,107,106,2025-12-29
401810307,2025-12-30T01:00Z,2026,regular-season,CHI,MIN,101,136,2025-12-29
401810308,2025-12-30T01:00Z,2026,regular-season,HOU,IND,126,119,2025-12-29
401810309,2025-12-30T01:00Z,2026,regular-season,NOP,NYK,125,130,2025-12-29
401810310,2025-12-30T01:00Z,2026,regular-season,OKC,ATL,140,129,2025-12-29
401810311,2025-12-30T01:00Z,2026,regular-season,SAS,CLE,101,113,2025-12-29
401810312,2025-12-30T03:30Z,2026,regular-season,POR,DAL,125,122,2025-12-29
401810313,2025-12-31T01:00Z,2026,regular-season,MEM,PHI,136,139,2025-12-30
401810314,2025-12-31T02:00Z,2026,regular-season,UTA,BOS,119,129,2025-12-30
401810315,2025-12-31T03:30Z,2026,regular-season,LAL,DET,106,128,2025-12-30
401810316,2025-12-31T04:00Z,2026,regular-season,LAC,SAC,131,90,2025-12-30
401810317,2025-12-31T18:00Z,2026,regular-season,CHA,GSW,125,132,2025-12-31
401810318,2025-12-31T20:00Z,2026,regular-season,ATL,MIN,126,102,2025-12-31
401810319,2025-12-31T20:00Z,2026,regular-season,IND,ORL,110,112,2025-12-31
401810320,2025-12-31T20:30Z,2026,regular-season,CLE,PHX,129,113,2025-12-31
401810321,2026-01-01T00:00Z,2026,regular-season,CHI,NOP,134,118,2025-12-31
401810322,2026-01-01T00:00Z,2026,regular-season,SAS,NYK,134,132,2025-12-31
401810323,2026-01-01T00:30Z,2026,regular-season,TOR,DEN,103,106,2025-12-31
401810324,2026-01-01T01:00Z,2026,regular-season,MIL,WAS,113,114,2025-12-31
401810325,2026-01-01T01:00Z,2026,regular-season,OKC,POR,124,95,2025-12-31
401810326,2026-01-01T23:00Z,2026,regular-season,BKN,HOU,96,120,2026-01-01
401810327,2026-01-02T00:00Z,2026,regular-season,DET,MIA,112,118,2026-01-01
401810328,2026-01-02T01:30Z,2026,regular-season,DAL,PHI,108,123,2026-01-01
401810329,2026-01-02T03:00Z,2026,regular-season,SAC,BOS,106,120,2026-01-01
401810330,2026-01-02T03:30Z,2026,regular-season,LAC,UTA,118,101,2026-01-01
401810331,2026-01-03T00:00Z,2026,regular-season,IND,SAS,113,123,2026-01-02
401810332,2026-01-03T00:00Z,2026,regular-season,WAS,BKN,119,99,2026-01-02
401810333,2026-01-03T00:30Z,2026,regular-season,CLE,DEN,113,108,2026-01-02
401810334,2026-01-03T00:30Z,2026,regular-season,NYK,ATL,99,111,2026-01-02
401810335,2026-01-03T01:00Z,2026,regular-season,CHI,ORL,121,114,2026-01-02
401810336,2026-01-03T01:00Z,2026,regular-season,MIL,CHA,122,121,2026-01-02
401810337,2026-01-03T01:00Z,2026,regular-season,NOP,POR,109,122,2026-01-02
401810338,2026-01-03T02:00Z,2026,regular-season,PHX,SAC,129,102,2026-01-02
401810339,2026-01-03T03:00Z,2026,regular-season,GSW,OKC,94,131,2026-01-02
401810340,2026-01-03T03:30Z,2026,regular-season,LAL,MEM,128,121,2026-01-02
401810341,2026-01-03T22:00Z,2026,regular-season,MIA,MIN,115,125,2026-01-03
401810342,2026-01-04T00:30Z,2026,regular-season,NYK,PHI,119,130,2026-01-03
401810343,2026-01-04T00:30Z,2026,regular-season,TOR,ATL,134,117,2026-01-03
401810344,2026-01-04T01:00Z,2026,regular-season,CHI,CHA,99,112,2026-01-03
401810345,2026-01-04T01:00Z,2026,regular-season,SAS,POR,110,115,2026-01-03
401810346,2026-01-04T01:30Z,2026,regular-season,DAL,HOU,110,104,2026-01-03
401810347,2026-01-04T03:00Z,2026,regular-season,GSW,UTA,123,114,2026-01-03
401810348,2026-01-04T03:30Z,2026,regular-season,LAC,BOS,115,146,2026-01-03
401810349,2026-01-04T19:00Z,2026,regular-season,CLE,DET,110,114,2026-01-04
401810350,2026-01-04T20:00Z,2026,regular-season,ORL,IND,135,127,2026-01-04
401810351,2026-01-04T20:30Z,2026,regular-season,BKN,DEN,127,115,2026-01-04
401810352,2026-01-04T23:00Z,2026,regular-season,MIA,NOP,125,106,2026-01-04
401810353,2026-01-04T23:00Z,2026,regular-season,WAS,MIN,115,141,2026-01-04
401810354,2026-01-05T01:00Z,2026,regular-season,PHX,OKC,108,105,2026-01-04
401810355,2026-01-05T02:00Z,2026,regular-season,SAC,MIL,98,115,2026-01-04
401810356,2026-01-05T02:30Z,2026,regular-season,LAL,MEM,120,114,2026-01-04
401810357,2026-01-06T00:00Z,2026,regular-season,DET,NYK,121,90,2026-01-05
401810358,2026-01-06T00:30Z,2026,regular-season,BOS,CHI,115,101,2026-01-05
401810359,2026-01-06T00:30Z,2026,regular-season,TOR,ATL,118,100,2026-01-05
401810360,2026-01-06T01:00Z,2026,regular-season,HOU,PHX,100,97,2026-01-05
401810361,2026-01-06T01:00Z,2026,regular-season,OKC,CHA,97,124,2026-01-05
401810362,2026-01-06T01:30Z,2026,regular-season,PHI,DEN,124,125,2026-01-05
401810363,2026-01-06T03:00Z,2026,regular-season,LAC,GSW,103,102,2026-01-05
401810364,2026-01-06T03:00Z,2026,regular-season,POR,UTA,137,117,2026-01-05
401810365,2026-01-07T00:00Z,2026,regular-season,IND,CLE,116,120,2026-01-06
401810366,2026-01-07T00:00Z,2026,regular-season,WAS,ORL,120,112,2026-01-06
401810367,2026-01-07T01:00Z,2026,regular-season,MEM,SAS,106,105,2026-01-06
401810368,2026-01-07T01:00Z,2026,regular-season,MIN,MIA,122,94,2026-01-06
401810369,2026-01-07T01:00Z,2026,regular-season,NOP,LAL,103,111,2026-01-06
401810370,2026-01-07T04:00Z,2026,regular-season,SAC,DAL,98,100,2026-01-06
401810371,2026-01-08T00:00Z,2026,regular-season,CHA,TOR,96,97,2026-01-07
401810372,2026-01-08T00:00Z,2026,regular-season,DET,CHI,108,93,2026-01-07
401810373,2026-01-08T00:00Z,2026,regular-season,PHI,WAS,131,110,2026-01-07
401810375,2026-01-08T00:00Z,2026,regular-season,BOS,DEN,110,114,2026-01-07
401810374,2026-01-08T00:30Z,2026,regular-season,ATL,NOP,117,100,2026-01-07
401810376,2026-01-08T00:30Z,2026,regular-season,BKN,ORL,103,104,2026-01-07
401810377,2026-01-08T00:30Z,2026,regular-season,NYK,LAC,123,111,2026-01-07
401810379,2026-01-08T01:00Z,2026,regular-season,MEM,PHX,98,117,2026-01-07
401810380,2026-01-08T01:00Z,2026,regular-season,OKC,UTA,129,125,2026-01-07
401810378,2026-01-08T02:30Z,2026,regular-season,SAS,LAL,107,91,2026-01-07
401810381,2026-01-08T03:00Z,2026,regular-season,GSW,MIL,120,113,2026-01-07
401810382,2026-01-08T03:00Z,2026,regular-season,POR,HOU,103,102,2026-01-07
401810383,2026-01-09T00:00Z,2026,regular-season,CHA,IND,112,114,2026-01-08
401810385,2026-01-09T01:00Z,2026,regular-season,MIN,CLE,131,122,2026-01-08
401810386,2026-01-09T02:00Z,2026,regular-season,UTA,DAL,116,114,2026-01-08
401810387,2026-01-10T00:00Z,2026,regular-season,BOS,TOR,125,117,2026-01-09
401810388,2026-01-10T00:00Z,2026,regular-season,ORL,PHI,91,103,2026-01-09
401810389,2026-01-10T00:00Z,2026,regular-season,WAS,NOP,107,128,2026-01-09
401810390,2026-01-10T00:30Z,2026,regular-season,BKN,LAC,105,121,2026-01-09
401810391,2026-01-10T01:00Z,2026,regular-season,MEM,OKC,116,117,2026-01-09
401810392,2026-01-10T02:00Z,2026,regular-season,DEN,ATL,87,110,2026-01-09
401810393,2026-01-10T02:00Z,2026,regular-season,PHX,NYK,112,107,2026-01-09
401810394,2026-01-10T03:00Z,2026,regular-season,GSW,SAC,137,103,2026-01-09
401810395,2026-01-10T03:00Z,2026,regular-season,POR,HOU,111,105,2026-01-09
401810396,2026-01-10T03:30Z,2026,regular-season,LAL,MIL,101,105,2026-01-09
401810397,2026-01-10T18:00Z,2026,regular-season,CLE,MIN,146,134,2026-01-10
401810398,2026-01-11T00:00Z,2026,regular-season,IND,MIA,123,99,2026-01-10
401810399,2026-01-11T00:30Z,2026,regular-season,DET,LAC,92,98,2026-01-10
401810400,2026-01-11T01:00Z,2026,regular-season,BOS,SAS,95,100,2026-01-10
401810401,2026-01-11T01:00Z,2026,regular-season,CHI,DAL,125,107,2026-01-10
401810402,2026-01-11T02:30Z,2026,regular-season,UTA,CHA,95,150,2026-01-10
401810403,2026-01-11T20:00Z,2026,regular-season,ORL,NOP,128,118,2026-01-11
401810404,2026-01-11T20:30Z,2026,regular-season,MEM,BKN,103,98,2026-01-11
401810405,2026-01-11T23:00Z,2026,regular-season,TOR,PHI,116,115,2026-01-11
401810406,2026-01-11T23:00Z,2026,regular-season,POR,NYK,114,123,2026-01-11
401810407,2026-01-12T00:00Z,2026,regular-season,MIN,SAS,104,103,2026-01-11
401810408,2026-01-12T00:00Z,2026,regular-season,OKC,MIA,124,112,2026-01-11
401810409,2026-01-12T01:00Z,2026,regular-season,DEN,MIL,108,104,2026-01-11
401810410,2026-01-12T01:00Z,2026,regular-season,PHX,WAS,112,93,2026-01-11
401810411,2026-01-12T01:30Z,2026,regular-season,GSW,ATL,111,124,2026-01-11
401810412,2026-01-12T02:00Z,2026,regular-season,SAC,HOU,111,98,2026-01-11
401810413,2026-01-13T00:00Z,2026,regular-season,CLE,UTA,112,123,2026-01-12
401810414,2026-01-13T00:30Z,2026,regular-season,IND,BOS,98,96,2026-01-12
401810415,2026-01-13T00:30Z,2026,regular-season,TOR,PHI,102,115,2026-01-12
401810416,2026-01-13T01:30Z,2026,regular-season,DAL,BKN,113,105,2026-01-12
401810417,2026-01-13T03:00Z,2026,regular-season,SAC,LAL,124,112,2026-01-12
401810418,2026-01-13T03:30Z,2026,regular-season,LAC,CHA,117,109,2026-01-12
401810419,2026-01-14T00:30Z,2026,regular-season,MIA,PHX,127,121,2026-01-13
401810420,2026-01-14T01:00Z,2026,regular-season,HOU,CHI,119,113,2026-01-13
401810421,2026-01-14T01:00Z,2026,regular-season,MIL,MIN,106,139,2026-01-13
401810422,2026-01-14T01:00Z,2026,regular-season,NOP,DEN,116,122,2026-01-13
401810423,2026-01-14T01:00Z,2026,regular-season,OKC,SAS,119,98,2026-01-13
401810424,2026-01-14T03:30Z,2026,regular-season,LAL,ATL,141,116,2026-01-13
401810425,2026-01-14T04:00Z,2026,regular-season,GSW,POR,119,97,2026-01-13
401810426,2026-01-15T00:00Z,2026,regular-season,IND,TOR,101,115,2026-01-14
401810427,2026-01-15T00:00Z,2026,regular-season,PHI,CLE,107,133,2026-01-14
401810428,2026-01-15T01:00Z,2026,regular-season,CHI,UTA,128,126,2026-01-14
401810429,2026-01-15T01:00Z,2026,regular-season,NOP,BKN,116,113,2026-01-14
401810430,2026-01-15T02:30Z,2026,regular-season,DAL,DEN,109,118,2026-01-14
401810431,2026-01-15T03:00Z,2026,regular-season,SAC,NYK,112,101,2026-01-14
401810432,2026-01-15T03:30Z,2026,regular-season,LAC,WAS,119,105,2026-01-14
401810433,2026-01-15T19:00Z,2026,regular-season,ORL,MEM,118,111,2026-01-15
401810434,2026-01-16T00:00Z,2026,regular-season,DET,PHX,108,105,2026-01-15
401810435,2026-01-16T00:30Z,2026,regular-season,MIA,BOS,114,119,2026-01-15
401810436,2026-01-16T00:30Z,2026,regular-season,HOU,OKC,91,111,2026-01-15
401810437,2026-01-16T01:00Z,2026,regular-season,SAS,MIL,119,101,2026-01-15
401810438,2026-01-16T01:30Z,2026,regular-season,DAL,UTA,144,122,2026-01-15
401810439,2026-01-16T03:00Z,2026,regular-season,GSW,NYK,126,113,2026-01-15
401810440,2026-01-16T03:00Z,2026,regular-season,POR,ATL,117,101,2026-01-15
401810441,2026-01-16T03:30Z,2026,regular-season,LAL,CHA,117,135,2026-01-15
401810443,2026-01-17T00:00Z,2026,regular-season,IND,NOP,127,119,2026-01-16
401810444,2026-01-17T00:00Z,2026,regular-season,PHI,CLE,115,117,2026-01-16
401810442,2026-01-17T00:30Z,2026,regular-season,BKN,CHI,112,109,2026-01-16
401810445,2026-01-17T00:30Z,2026,regular-season,TOR,LAC,117,121,2026-01-16
401810446,2026-01-17T02:30Z,2026,regular-season,HOU,MIN,110,105,2026-01-16
401810447,2026-01-17T03:00Z,2026,regular-season,SAC,WAS,128,115,2026-01-16
401810448,2026-01-17T22:00Z,2026,regular-season,DAL,UTA,138,120,2026-01-17
401810449,2026-01-18T00:30Z,2026,regular-season,ATL,BOS,106,132,2026-01-17
401810450,2026-01-18T00:30Z,2026,regular-season,DET,IND,121,78,2026-01-17
401810451,2026-01-18T00:30Z,2026,regular-season,NYK,PHX,99,106,2026-01-17
401810452,2026-01-18T01:00Z,2026,regular-season,MIA,OKC,122,120,2026-01-17
401810453,2026-01-18T01:00Z,2026,regular-season,SAS,MIN,126,123,2026-01-17
401810454,2026-01-18T01:30Z,2026,regular-season,GSW,CHA,136,116,2026-01-17
401810455,2026-01-18T02:00Z,2026,regular-season,DEN,WAS,121,115,2026-01-17
401810456,2026-01-18T03:00Z,2026,regular-season,POR,LAL,132,116,2026-01-17
401810457,2026-01-18T17:00Z,2026,regular-season,MEM,ORL,126,109,2026-01-18
401810458,2026-01-19T00:00Z,2026,regular-season,CHI,BKN,124,102,2026-01-18
401810459,2026-01-19T00:00Z,2026,regular-season,HOU,NOP,119,110,2026-01-18
401810460,2026-01-19T01:00Z,2026,regular-season,DEN,CHA,87,110,2026-01-18
401810461,2026-01-19T02:00Z,2026,regular-season,SAC,POR,110,117,2026-01-18
401810462,2026-01-19T02:30Z,2026,regular-season,LAL,TOR,110,93,2026-01-18
401809247,2026-01-19T18:00Z,2026,regular-season,ATL,MIL,110,112,2026-01-19
401809248,2026-01-19T19:30Z,2026,regular-season,CLE,OKC,104,136,2026-01-19
401810463,2026-01-19T20:00Z,2026,regular-season,WAS,LAC,106,110,2026-01-19
401809249,2026-01-19T22:00Z,2026,regular-season,NYK,DAL,97,114,2026-01-19
401810466,2026-01-19T22:00Z,2026,regular-season,SAS,UTA,123,110,2026-01-19
401810464,2026-01-20T00:00Z,2026,regular-season,PHI,IND,113,104,2026-01-19
401810465,2026-01-20T00:30Z,2026,regular-season,BKN,PHX,117,126,2026-01-19
401809250,2026-01-20T01:00Z,2026,regular-season,DET,BOS,104,103,2026-01-19
401810467,2026-01-20T03:00Z,2026,regular-season,GSW,MIA,135,112,2026-01-19
401810468,2026-01-21T00:00Z,2026,regular-season,PHI,PHX,110,116,2026-01-20
401810469,2026-01-21T01:00Z,2026,regular-season,CHI,LAC,138,110,2026-01-20
401810470,2026-01-21T01:00Z,2026,regular-season,HOU,SAS,111,106,2026-01-20
401810471,2026-01-21T02:00Z,2026,regular-season,UTA,MIN,127,122,2026-01-20
401810472,2026-01-21T03:00Z,2026,regular-season,DEN,LAL,107,115,2026-01-20
401810473,2026-01-21T03:00Z,2026,regular-season,GSW,TOR,127,145,2026-01-20
401810474,2026-01-21T03:00Z,2026,regular-season,SAC,MIA,117,130,2026-01-20
401810475,2026-01-22T00:00Z,2026,regular-season,CHA,CLE,87,94,2026-01-21
401810476,2026-01-22T00:30Z,2026,regular-season,BOS,IND,119,104,2026-01-21
401810477,2026-01-22T00:30Z,2026,regular-season,NYK,BKN,120,66,2026-01-21
401810478,2026-01-22T01:00Z,2026,regular-season,MEM,ATL,122,124,2026-01-21
401810479,2026-01-22T01:00Z,2026,regular-season,NOP,DET,104,112,2026-01-21
401810480,2026-01-22T02:30Z,2026,regular-season,MIL,OKC,102,122,2026-01-21
401810481,2026-01-22T03:00Z,2026,regular-season,SAC,TOR,109,122,2026-01-21
401810482,2026-01-23T00:00Z,2026,regular-season,ORL,CHA,97,124,2026-01-22
401810483,2026-01-23T00:00Z,2026,regular-season,PHI,HOU,128,122,2026-01-22
401810484,2026-01-23T00:00Z,2026,regular-season,WAS,DEN,97,107,2026-01-22
401810485,2026-01-23T00:30Z,2026,regular-season,DAL,GSW,123,115,2026-01-22
401810486,2026-01-23T01:00Z,2026,regular-season,MIN,CHI,115,120,2026-01-22
401810487,2026-01-23T02:00Z,2026,regular-season,UTA,SAS,109,126,2026-01-22
401810488,2026-01-23T03:00Z,2026,regular-season,LAC,LAL,112,104,2026-01-22
401810489,2026-01-23T03:00Z,2026,regular-season,POR,MIA,127,110,2026-01-22
401810490,2026-01-24T00:00Z,2026,regular-season,DET,HOU,104,111,2026-01-23
401810491,2026-01-24T00:30Z,2026,regular-season,ATL,PHX,110,103,2026-01-23
401810492,2026-01-24T00:30Z,2026,regular-season,BKN,BOS,126,130,2026-01-23
401810493,2026-01-24T00:30Z,2026,regular-season,CLE,SAC,123,118,2026-01-23
401810494,2026-01-24T01:00Z,2026,regular-season,MEM,NOP,127,133,2026-01-23
401810496,2026-01-24T01:00Z,2026,regular-season,OKC,IND,114,117,2026-01-23
401810495,2026-01-24T02:30Z,2026,regular-season,MIL,DEN,100,102,2026-01-23
401810497,2026-01-24T03:00Z,2026,regular-season,POR,TOR,98,110,2026-01-23
401810500,2026-01-24T17:00Z,2026,regular-season,CHA,WAS,119,115,2026-01-24
401810498,2026-01-24T20:00Z,2026,regular-season,PHI,NYK,109,112,2026-01-24
401810501,2026-01-25T00:00Z,2026,regular-season,ORL,CLE,105,119,2026-01-24
401810502,2026-01-25T01:00Z,2026,regular-season,CHI,BOS,114,111,2026-01-24
401810503,2026-01-25T01:30Z,2026,regular-season,DAL,LAL,110,116,2026-01-24
401810504,2026-01-25T02:30Z,2026,regular-season,UTA,MIA,116,147,2026-01-24
401810505,2026-01-25T20:00Z,2026,regular-season,DET,SAC,139,116,2026-01-25
401857824,2026-01-25T22:30Z,2026,regular-season,MIN,GSW,85,111,2026-01-25
401810508,2026-01-26T00:00Z,2026,regular-season,OKC,TOR,101,103,2026-01-25
401810509,2026-01-26T00:00Z,2026,regular-season,SAS,NOP,95,104,2026-01-25
401810510,2026-01-26T01:00Z,2026,regular-season,PHX,MIA,102,111,2026-01-25
401810511,2026-01-26T02:00Z,2026,regular-season,LAC,BKN,126,89,2026-01-25
401810514,2026-01-26T18:30Z,2026,regular-season,ATL,IND,132,116,2026-01-26
401810512,2026-01-26T20:00Z,2026,regular-season,CHA,PHI,130,93,2026-01-26
401810513,2026-01-27T00:00Z,2026,regular-season,CLE,ORL,114,98,2026-01-26
401810515,2026-01-27T01:00Z,2026,regular-season,BOS,POR,102,94,2026-01-26
401810516,2026-01-27T01:00Z,2026,regular-season,CHI,LAL,118,129,2026-01-26
401810517,2026-01-27T01:00Z,2026,regular-season,HOU,MEM,108,99,2026-01-26
401810518,2026-01-27T02:30Z,2026,regular-season,MIN,GSW,108,83,2026-01-26
401810519,2026-01-28T00:00Z,2026,regular-season,WAS,POR,115,111,2026-01-27
401810520,2026-01-28T00:30Z,2026,regular-season,NYK,SAC,103,87,2026-01-27
401810521,2026-01-28T01:00Z,2026,regular-season,PHI,MIL,139,122,2026-01-27
401810522,2026-01-28T01:00Z,2026,regular-season,OKC,NOP,104,95,2026-01-27
401810523,2026-01-28T02:00Z,2026,regular-season,DEN,DET,107,109,2026-01-27
401810524,2026-01-28T02:00Z,2026,regular-season,PHX,BKN,106,102,2026-01-27
401810525,2026-01-28T03:00Z,2026,regular-season,UTA,LAC,103,115,2026-01-27
401810526,2026-01-29T00:00Z,2026,regular-season,CLE,LAL,129,99,2026-01-28
401810527,2026-01-29T00:00Z,2026,regular-season,IND,CHI,113,110,2026-01-28
401810528,2026-01-29T00:30Z,2026,regular-season,BOS,ATL,106,117,2026-01-28
401810529,2026-01-29T00:30Z,2026,regular-season,MIA,ORL,124,133,2026-01-28
401810530,2026-01-29T00:30Z,2026,regular-season,TOR,NYK,92,119,2026-01-28
401810531,2026-01-29T01:00Z,2026,regular-season,MEM,CHA,97,112,2026-01-28
401810532,2026-01-29T01:30Z,2026,regular-season,DAL,MIN,105,118,2026-01-28
401810533,2026-01-29T02:00Z,2026,regular-season,UTA,GSW,124,140,2026-01-28
401810534,2026-01-29T02:42Z,2026,regular-season,HOU,SAS,99,111,2026-01-28
401810535,2026-01-30T00:00Z,2026,regular-season,PHI,SAC,113,111,2026-01-29
401810536,2026-01-30T00:00Z,2026,regular-season,WAS,MIL,109,99,2026-01-29
401810537,2026-01-30T01:00Z,2026,regular-season,ATL,HOU,86,104,2026-01-29
401850920,2026-01-30T01:00Z,2026,regular-season,CHI,MIA,113,116,2026-01-29
401810538,2026-01-30T01:30Z,2026,regular-season,DAL,CHA,121,123,2026-01-29
401810539,2026-01-30T02:00Z,2026,regular-season,DEN,BKN,107,103,2026-01-29
401810540,2026-01-30T02:00Z,2026,regular-season,PHX,DET,114,96,2026-01-29
401810541,2026-01-30T02:30Z,2026,regular-season,MIN,OKC,123,111,2026-01-29
401810543,2026-01-31T00:00Z,2026,regular-season,WAS,LAL,111,142,2026-01-30
401810542,2026-01-31T00:30Z,2026,regular-season,ORL,TOR,130,120,2026-01-30
401810544,2026-01-31T00:30Z,2026,regular-season,BOS,SAC,112,93,2026-01-30
401810545,2026-01-31T00:30Z,2026,regular-season,NYK,POR,127,97,2026-01-30
401810546,2026-01-31T00:30Z,2026,regular-season,NOP,MEM,114,106,2026-01-30
401810548,2026-01-31T02:00Z,2026,regular-season,PHX,CLE,126,113,2026-01-30
401810550,2026-01-31T02:00Z,2026,regular-season,DEN,LAC,122,109,2026-01-30
401810549,2026-01-31T02:30Z,2026,regular-season,UTA,BKN,99,109,2026-01-30
401810551,2026-01-31T03:00Z,2026,regular-season,GSW,DET,124,131,2026-01-30
401810552,2026-01-31T17:00Z,2026,regular-season,CHA,SAS,111,106,2026-01-31
401810553,2026-02-01T00:00Z,2026,regular-season,IND,ATL,129,124,2026-01-31
401810554,2026-02-01T00:30Z,2026,regular-season,PHI,NOP,124,114,2026-01-31
401810547,2026-02-01T01:00Z,2026,regular-season,MIA,CHI,118,125,2026-01-31
401810555,2026-02-01T01:00Z,2026,regular-season,MEM,MIN,114,131,2026-01-31
401810556,2026-02-01T01:30Z,2026,regular-season,HOU,DAL,111,107,2026-01-31
401810557,2026-02-01T20:30Z,2026,regular-season,BOS,MIL,107,79,2026-02-01
401810559,2026-02-01T23:00Z,2026,regular-season,DET,BKN,130,77,2026-02-01
401810560,2026-02-01T23:00Z,2026,regular-season,MIA,CHI,134,91,2026-02-01
401810561,2026-02-01T23:00Z,2026,regular-season,TOR,UTA,107,100,2026-02-01
401810562,2026-02-01T23:00Z,2026,regular-season,WAS,SAC,116,112,2026-02-01
401810563,2026-02-02T00:00Z,2026,regular-season,NYK,LAL,112,100,2026-02-01
401810564,2026-02-02T01:00Z,2026,regular-season,PHX,LAC,93,117,2026-02-01
401810558,2026-02-02T02:00Z,2026,regular-season,SAS,ORL,112,103,2026-02-01
401810565,2026-02-02T02:00Z,2026,regular-season,POR,CLE,111,130,2026-02-01
401810566,2026-02-02T02:30Z,2026,regular-season,DEN,OKC,111,121,2026-02-01
401810567,2026-02-02T20:00Z,2026,regular-season,CHA,NOP,102,95,2026-02-02
401810568,2026-02-03T00:00Z,2026,regular-season,IND,HOU,114,118,2026-02-02
401810569,2026-02-03T00:30Z,2026,regular-season,MEM,MIN,137,128,2026-02-02
401810570,2026-02-03T03:00Z,2026,regular-season,LAC,PHI,113,128,2026-02-02
401810571,2026-02-04T00:00Z,2026,regular-season,DET,DEN,124,121,2026-02-03
401810572,2026-02-04T00:00Z,2026,regular-season,IND,UTA,122,131,2026-02-03
401810573,2026-02-04T00:00Z,2026,regular-season,WAS,NYK,101,132,2026-02-03
401810574,2026-02-04T00:30Z,2026,regular-season,BKN,LAL,109,125,2026-02-03
401810575,2026-02-04T00:30Z,2026,regular-season,MIA,ATL,115,127,2026-02-03
401810576,2026-02-04T01:00Z,2026,regular-season,DAL,BOS,100,110,2026-02-03
401810577,2026-02-04T01:00Z,2026,regular-season,MIL,CHI,131,115,2026-02-03
401810578,2026-02-04T01:00Z,2026,regular-season,OKC,ORL,128,92,2026-02-03
401810579,2026-02-04T03:00Z,2026,regular-season,GSW,PHI,94,113,2026-02-03
401810580,2026-02-04T04:00Z,2026,regular-season,POR,PHX,125,130,2026-02-03
401810581,2026-02-05T00:00Z,2026,regular-season,NYK,DEN,134,127,2026-02-04
401810582,2026-02-05T00:30Z,2026,regular-season,TOR,MIN,126,128,2026-02-04
401810583,2026-02-05T01:00Z,2026,regular-season,HOU,BOS,93,114,2026-02-04
401810584,2026-02-05T01:00Z,2026,regular-season,MIL,NOP,141,137,2026-02-04
401810585,2026-02-05T02:30Z,2026,regular-season,SAS,OKC,116,106,2026-02-04
401810586,2026-02-05T03:00Z,2026,regular-season,SAC,MEM,125,129,2026-02-04
401810587,2026-02-05T03:30Z,2026,regular-season,LAC,CLE,91,124,2026-02-04
401810588,2026-02-06T00:00Z,2026,regular-season,DET,WAS,117,126,2026-02-05
401810589,2026-02-06T00:00Z,2026,regular-season,ORL,BKN,118,98,2026-02-05
401810590,2026-02-06T00:30Z,2026,regular-season,ATL,UTA,121,119,2026-02-05
401810591,2026-02-06T00:30Z,2026,regular-season,TOR,CHI,123,107,2026-02-05
401810592,2026-02-06T01:00Z,2026,regular-season,HOU,CHA,99,109,2026-02-05
401810593,2026-02-06T01:30Z,2026,regular-season,DAL,SAS,123,135,2026-02-05
401810594,2026-02-06T03:00Z,2026,regular-season,PHX,GSW,97,101,2026-02-05
401810595,2026-02-06T03:00Z,2026,regular-season,LAL,PHI,119,115,2026-02-05
401810596,2026-02-07T00:30Z,2026,regular-season,BOS,MIA,98,96,2026-02-06
401810597,2026-02-07T00:30Z,2026,regular-season,DET,NYK,118,80,2026-02-06
401810598,2026-02-07T01:00Z,2026,regular-season,MIL,IND,105,99,2026-02-06
401810599,2026-02-07T01:00Z,2026,regular-season,MIN,NOP,115,119,2026-02-06
401810600,2026-02-07T03:00Z,2026,regular-season,POR,MEM,135,115,2026-02-06
401810601,2026-02-07T03:00Z,2026,regular-season,SAC,LAC,111,114,2026-02-06
401810602,2026-02-07T20:00Z,2026,regular-season,BKN,WAS,127,113,2026-02-07
401810603,2026-02-07T20:30Z,2026,regular-season,OKC,HOU,106,112,2026-02-07
401810604,2026-02-07T23:00Z,2026,regular-season,SAS,DAL,138,125,2026-02-07
401810605,2026-02-08T00:00Z,2026,regular-season,ORL,UTA,120,117,2026-02-07
401810606,2026-02-08T00:30Z,2026,regular-season,ATL,CHA,119,126,2026-02-07
401810607,2026-02-08T01:00Z,2026,regular-season,CHI,DEN,120,136,2026-02-07
401810608,2026-02-08T01:30Z,2026,regular-season,LAL,GSW,105,99,2026-02-07
401810609,2026-02-08T02:00Z,2026,regular-season,PHX,PHI,103,109,2026-02-07
401810610,2026-02-08T03:00Z,2026,regular-season,POR,MEM,122,115,2026-02-07
401810611,2026-02-08T03:00Z,2026,regular-season,SAC,CLE,126,132,2026-02-07
401810612,2026-02-08T17:30Z,2026,regular-season,BOS,NYK,89,111,2026-02-08
401810613,2026-02-08T19:00Z,2026,regular-season,WAS,MIA,101,132,2026-02-08
401810614,2026-02-08T20:00Z,2026,regular-season,TOR,IND,122,104,2026-02-08
401810615,2026-02-08T20:00Z,2026,regular-season,MIN,LAC,96,115,2026-02-08
401810616,2026-02-10T00:00Z,2026,regular-season,CHA,DET,104,110,2026-02-09
401810617,2026-02-10T00:30Z,2026,regular-season,BKN,CHI,123,115,2026-02-09
401810618,2026-02-10T00:30Z,2026,regular-season,MIA,UTA,111,115,2026-02-09
401810619,2026-02-10T00:30Z,2026,regular-season,ORL,MIL,118,99,2026-02-09
401810620,2026-02-10T01:00Z,2026,regular-season,MIN,ATL,138,116,2026-02-09
401810621,2026-02-10T01:00Z,2026,regular-season,NOP,SAC,120,94,2026-02-09
401810622,2026-02-10T02:00Z,2026,regular-season,DEN,CLE,117,119,2026-02-09
401810623,2026-02-10T03:00Z,2026,regular-season,GSW,MEM,114,113,2026-02-09
401810624,2026-02-10T03:00Z,2026,regular-season,LAL,OKC,110,119,2026-02-09
401810625,2026-02-10T03:00Z,2026,regular-season,POR,PHI,135,118,2026-02-09
401810626,2026-02-11T00:30Z,2026,regular-season,NYK,IND,134,137,2026-02-10
401810627,2026-02-11T01:00Z,2026,regular-season,HOU,LAC,102,95,2026-02-10
401810628,2026-02-11T02:00Z,2026,regular-season,PHX,DAL,120,111,2026-02-10
401810629,2026-02-11T03:30Z,2026,regular-season,LAL,SAS,108,136,2026-02-10
401810630,2026-02-12T00:00Z,2026,regular-season,CHA,ATL,110,107,2026-02-11
401810631,2026-02-12T00:00Z,2026,regular-season,CLE,WAS,138,113,2026-02-11
401810632,2026-02-12T00:00Z,2026,regular-season,ORL,MIL,108,116,2026-02-11
401810633,2026-02-12T00:30Z,2026,regular-season,BOS,CHI,124,105,2026-02-11
401810634,2026-02-12T00:30Z,2026,regular-season,BKN,IND,110,115,2026-02-11
401810635,2026-02-12T00:30Z,2026,regular-season,PHI,NYK,89,138,2026-02-11
401810636,2026-02-12T00:30Z,2026,regular-season,TOR,DET,95,113,2026-02-11
401810637,2026-02-12T01:00Z,2026,regular-season,HOU,LAC,102,105,2026-02-11
401810638,2026-02-12T01:00Z,2026,regular-season,MIN,POR,133,109,2026-02-11
401810639,2026-02-12T01:00Z,2026,regular-season,NOP,MIA,111,123,2026-02-11
401810640,2026-02-12T02:00Z,2026,regular-season,PHX,OKC,109,136,2026-02-11
401810641,2026-02-12T02:00Z,2026,regular-season,UTA,SAC,121,93,2026-02-11
401810642,2026-02-12T02:00Z,2026,regular-season,DEN,MEM,122,116,2026-02-11
401810643,2026-02-12T03:00Z,2026,regular-season,GSW,SAS,113,126,2026-02-11
401810644,2026-02-13T00:30Z,2026,regular-season,OKC,MIL,93,110,2026-02-12
401810645,2026-02-13T02:00Z,2026,regular-season,UTA,POR,119,135,2026-02-12
401810646,2026-02-13T03:00Z,2026,regular-season,LAL,DAL,124,104,2026-02-12
401838140,2026-02-15T22:00Z,2026,regular-season,STARS,WORLD,37,35,2026-02-15
401838141,2026-02-15T22:55Z,2026,regular-season,STRIPES,STARS,42,40,2026-02-15
401838142,2026-02-15T23:25Z,2026,regular-season,STRIPES,WORLD,48,45,2026-02-15
401838143,2026-02-16T00:10Z,2026,regular-season,STRIPES,STARS,21,47,2026-02-15
401810647,2026-02-20T00:00Z,2026,regular-season,CHA,HOU,101,105,2026-02-19
401810648,2026-02-20T00:00Z,2026,regular-season,CLE,BKN,112,84,2026-02-19
401810649,2026-02-20T00:00Z,2026,regular-season,PHI,ATL,107,117,2026-02-19
401810650,2026-02-20T00:00Z,2026,regular-season,WAS,IND,112,105,2026-02-19
401810651,2026-02-20T00:30Z,2026,regular-season,NYK,DET,111,126,2026-02-19
401810652,2026-02-20T01:00Z,2026,regular-season,CHI,TOR,101,110,2026-02-19
401810653,2026-02-20T01:30Z,2026,regular-season,SAS,PHX,121,94,2026-02-19
401810654,2026-02-20T03:00Z,2026,regular-season,GSW,BOS,110,121,2026-02-19
401810655,2026-02-20T03:00Z,2026,regular-season,SAC,ORL,94,131,2026-02-19
401810656,2026-02-20T03:30Z,2026,regular-season,LAC,DEN,115,114,2026-02-19
401810657,2026-02-21T00:00Z,2026,regular-season,CHA,CLE,113,118,2026-02-20
401810658,2026-02-21T00:00Z,2026,regular-season,WAS,IND,131,118,2026-02-20
401810659,2026-02-21T00:00Z,2026,regular-season,MEM,UTA,123,114,2026-02-20
401810660,2026-02-21T00:30Z,2026,regular-season,ATL,MIA,97,128,2026-02-20
401810661,2026-02-21T00:30Z,2026,regular-season,MIN,DAL,122,111,2026-02-20
401810662,2026-02-21T01:00Z,2026,regular-season,NOP,MIL,118,139,2026-02-20
401810663,2026-02-21T01:00Z,2026,regular-season,OKC,BKN,105,86,2026-02-20
401810665,2026-02-21T03:00Z,2026,regular-season,POR,DEN,103,157,2026-02-20
401810664,2026-02-21T03:15Z,2026,regular-season,LAL,LAC,125,122,2026-02-20
401810666,2026-02-21T22:00Z,2026,regular-season,PHX,ORL,113,110,2026-02-21
401810667,2026-02-22T00:00Z,2026,regular-season,NOP,PHI,126,111,2026-02-21
401810668,2026-02-22T01:00Z,2026,regular-season,MIA,MEM,136,120,2026-02-21
401810669,2026-02-22T01:00Z,2026,regular-season,CHI,DET,110,126,2026-02-21
401810670,2026-02-22T01:00Z,2026,regular-season,SAS,SAC,139,122,2026-02-21
401810671,2026-02-22T01:30Z,2026,regular-season,NYK,HOU,108,106,2026-02-21
401810672,2026-02-22T18:00Z,2026,regular-season,OKC,CLE,121,113,2026-02-22
401810673,2026-02-22T20:30Z,2026,regular-season,ATL,BKN,115,104,2026-02-22
401810674,2026-02-22T20:30Z,2026,regular-season,MIL,TOR,94,122,2026-02-22
401810675,2026-02-22T20:30Z,2026,regular-season,GSW,DEN,128,117,2026-02-22
401810676,2026-02-22T22:00Z,2026,regular-season,IND,DAL,130,134,2026-02-22
401810677,2026-02-22T23:00Z,2026,regular-season,WAS,CHA,112,129,2026-02-22
401810678,2026-02-22T23:30Z,2026,regular-season,LAL,BOS,89,111,2026-02-22
401810679,2026-02-23T00:00Z,2026,regular-season,MIN,PHI,108,135,2026-02-22
401810680,2026-02-23T01:00Z,2026,regular-season,CHI,NYK,99,105,2026-02-22
401810681,2026-02-23T01:00Z,2026,regular-season,PHX,POR,77,92,2026-02-22
401810682,2026-02-23T02:00Z,2026,regular-season,LAC,ORL,109,111,2026-02-22
401810683,2026-02-24T00:00Z,2026,regular-season,DET,SAS,103,114,2026-02-23
401810684,2026-02-24T01:00Z,2026,regular-season,MEM,SAC,114,123,2026-02-23
401810685,2026-02-24T02:30Z,2026,regular-season,HOU,UTA,125,105,2026-02-23
401810686,2026-02-25T00:00Z,2026,regular-season,IND,PHI,114,135,2026-02-24
401810687,2026-02-25T00:30Z,2026,regular-season,ATL,WAS,119,98,2026-02-24
401810688,2026-02-25T00:30Z,2026,regular-season,BKN,DAL,114,123,2026-02-24
401810689,2026-02-25T00:30Z,2026,regular-season,TOR,OKC,107,116,2026-02-24
401810690,2026-02-25T00:30Z,2026,regular-season,CLE,NYK,109,94,2026-02-24
401810691,2026-02-25T01:00Z,2026,regular-season,CHI,CHA,99,131,2026-02-24
401810692,2026-02-25T01:00Z,2026,regular-season,MIL,MIA,128,117,2026-02-24
401810693,2026-02-25T01:00Z,2026,regular-season,NOP,GSW,113,109,2026-02-24
401810694,2026-02-25T02:00Z,2026,regular-season,PHX,BOS,81,97,2026-02-24
401810696,2026-02-25T03:00Z,2026,regular-season,POR,MIN,121,124,2026-02-24
401810695,2026-02-25T03:30Z,2026,regular-season,LAL,ORL,109,110,2026-02-24
401810697,2026-02-26T00:30Z,2026,regular-season,DET,OKC,124,116,2026-02-25
401810698,2026-02-26T00:30Z,2026,regular-season,TOR,SAS,107,110,2026-02-25
401810699,2026-02-26T00:30Z,2026,regular-season,MEM,GSW,112,133,2026-02-25
401810700,2026-02-26T01:00Z,2026,regular-season,HOU,SAC,128,97,2026-02-25
401810701,2026-02-26T01:00Z,2026,regular-season,MIL,CLE,118,116,2026-02-25
401810702,2026-02-26T03:00Z,2026,regular-season,DEN,BOS,103,84,2026-02-25
401810703,2026-02-27T00:00Z,2026,regular-season,IND,CHA,109,133,2026-02-26
401810704,2026-02-27T00:00Z,2026,regular-season,PHI,MIA,124,117,2026-02-26
401810705,2026-02-27T00:30Z,2026,regular-season,ATL,WAS,126,96,2026-02-26
401810706,2026-02-27T00:30Z,2026,regular-season,BKN,SAS,110,126,2026-02-26
401810707,2026-02-27T00:30Z,2026,regular-season,ORL,HOU,108,113,2026-02-26
401810708,2026-02-27T01:00Z,2026,regular-season,CHI,POR,112,121,2026-02-26
401810709,2026-02-27T01:30Z,2026,regular-season,DAL,SAC,121,130,2026-02-26
401810710,2026-02-27T02:00Z,2026,regular-season,PHX,LAL,113,110,2026-02-26
401810711,2026-02-27T02:00Z,2026,regular-season,UTA,NOP,118,129,2026-02-26
401810712,2026-02-27T03:00Z,2026,regular-season,LAC,MIN,88,94,2026-02-26
401810713,2026-02-28T00:00Z,2026,regular-season,DET,CLE,122,119,2026-02-27
401810714,2026-02-28T00:30Z,2026,regular-season,BOS,BKN,148,111,2026-02-27
401810715,2026-02-28T01:00Z,2026,regular-season,MIL,NYK,98,127,2026-02-27
401810716,2026-02-28T01:30Z,2026,regular-season,DAL,MEM,105,124,2026-02-27
401810717,2026-02-28T02:47Z,2026,regular-season,OKC,DEN,127,121,2026-02-27
401810718,2026-02-28T18:00Z,2026,regular-season,CHA,POR,109,93,2026-02-28
401810719,2026-02-28T20:30Z,2026,regular-season,MIA,HOU,115,105,2026-02-28
401810720,2026-03-01T00:00Z,2026,regular-season,WAS,TOR,125,134,2026-02-28
401810721,2026-03-01T01:30Z,2026,regular-season,GSW,LAL,101,129,2026-02-28
401810722,2026-03-01T02:30Z,2026,regular-season,UTA,NOP,105,115,2026-02-28
401810723,2026-03-01T18:00Z,2026,regular-season,NYK,SAS,114,89,2026-03-01
401810724,2026-03-01T20:30Z,2026,regular-season,BKN,CLE,102,106,2026-03-01
401810725,2026-03-01T20:30Z,2026,regular-season,CHI,MIL,120,97,2026-03-01
401810726,2026-03-01T20:30Z,2026,regular-season,DEN,MIN,108,117,2026-03-01
401810727,2026-03-01T22:00Z,2026,regular-season,IND,MEM,106,125,2026-03-01
401810728,2026-03-01T23:00Z,2026,regular-season,ATL,POR,135,101,2026-03-01
401810730,2026-03-01T23:00Z,2026,regular-season,ORL,DET,92,106,2026-03-01
401810729,2026-03-02T01:00Z,2026,regular-season,BOS,PHI,114,98,2026-03-01
401810731,2026-03-02T01:00Z,2026,regular-season,DAL,OKC,87,100,2026-03-01
401810732,2026-03-02T02:00Z,2026,regular-season,LAC,NOP,137,117,2026-03-01
401810733,2026-03-02T02:30Z,2026,regular-season,LAL,SAC,128,104,2026-03-01
401810734,2026-03-03T00:00Z,2026,regular-season,WAS,HOU,118,123,2026-03-02
401810735,2026-03-03T00:30Z,2026,regular-season,MIL,BOS,81,108,2026-03-02
401810736,2026-03-03T02:00Z,2026,regular-season,UTA,DEN,125,128,2026-03-02
401810737,2026-03-03T03:00Z,2026,regular-season,GSW,LAC,101,114,2026-03-02
401810738,2026-03-04T00:00Z,2026,regular-season,CHA,DAL,117,90,2026-03-03
401810739,2026-03-04T00:00Z,2026,regular-season,CLE,DET,113,109,2026-03-03
401810740,2026-03-04T00:00Z,2026,regular-season,ORL,WAS,126,109,2026-03-03
401810741,2026-03-04T00:30Z,2026,regular-season,MIA,BKN,124,98,2026-03-03
401810742,2026-03-04T00:30Z,2026,regular-season,TOR,NYK,95,111,2026-03-03
401810743,2026-03-04T01:00Z,2026,regular-season,PHI,SAS,91,131,2026-03-03
401810744,2026-03-04T01:00Z,2026,regular-season,CHI,OKC,108,116,2026-03-03
401810745,2026-03-04T01:00Z,2026,regular-season,MIN,MEM,117,110,2026-03-03
401810746,2026-03-04T03:30Z,2026,regular-season,LAL,NOP,110,101,2026-03-03
401810747,2026-03-04T04:00Z,2026,regular-season,SAC,PHX,103,114,2026-03-03
401810748,2026-03-05T00:00Z,2026,regular-season,NYK,OKC,100,103,2026-03-04
401810749,2026-03-05T00:30Z,2026,regular-season,BOS,CHA,89,118,2026-03-04
401810750,2026-03-05T00:30Z,2026,regular-season,PHI,UTA,106,102,2026-03-04
401810751,2026-03-05T01:00Z,2026,regular-season,MEM,POR,114,122,2026-03-04
401810752,2026-03-05T02:30Z,2026,regular-season,MIL,ATL,113,131,2026-03-04
401810753,2026-03-05T03:30Z,2026,regular-season,LAC,IND,130,107,2026-03-04
401810754,2026-03-06T00:00Z,2026,regular-season,ORL,DAL,115,114,2026-03-05
401810755,2026-03-06T00:00Z,2026,regular-season,WAS,UTA,112,122,2026-03-05
401810756,2026-03-06T00:30Z,2026,regular-season,MIA,BKN,126,110,2026-03-05
401810757,2026-03-06T00:30Z,2026,regular-season,HOU,GSW,113,115,2026-03-05
401810758,2026-03-06T01:00Z,2026,regular-season,MIN,TOR,115,107,2026-03-05
401810759,2026-03-06T01:00Z,2026,regular-season,SAS,DET,121,106,2026-03-05
401810760,2026-03-06T02:00Z,2026,regular-season,PHX,CHI,103,105,2026-03-05
401810761,2026-03-06T03:00Z,2026,regular-season,DEN,LAL,120,113,2026-03-05
401810762,2026-03-06T03:00Z,2026,regular-season,SAC,NOP,123,133,2026-03-05
401810763,2026-03-07T00:00Z,2026,regular-season,BOS,DAL,120,100,2026-03-06
401810764,2026-03-07T00:00Z,2026,regular-season,CHA,MIA,120,128,2026-03-06
401810765,2026-03-07T01:00Z,2026,regular-season,HOU,POR,106,99,2026-03-06
401810766,2026-03-07T02:00Z,2026,regular-season,DEN,NYK,103,142,2026-03-06
401810767,2026-03-07T02:00Z,2026,regular-season,PHX,NOP,118,116,2026-03-06
401810768,2026-03-07T02:30Z,2026,regular-season,SAS,LAC,116,112,2026-03-06
401810769,2026-03-07T03:30Z,2026,regular-season,LAL,IND,128,117,2026-03-06
401810770,2026-03-07T20:00Z,2026,regular-season,MIN,ORL,92,119,2026-03-07
401810771,2026-03-07T23:00Z,2026,regular-season,DET,BKN,105,107,2026-03-07
401810772,2026-03-07T23:00Z,2026,regular-season,ATL,PHI,125,116,2026-03-07
401810773,2026-03-08T01:00Z,2026,regular-season,MEM,LAC,120,123,2026-03-07
401810774,2026-03-08T01:00Z,2026,regular-season,MIL,UTA,113,99,2026-03-07
401810775,2026-03-08T01:30Z,2026,regular-season,OKC,GSW,104,97,2026-03-07
401810776,2026-03-08T17:00Z,2026,regular-season,CLE,BOS,98,109,2026-03-08
401810777,2026-03-08T19:30Z,2026,regular-season,LAL,NYK,110,97,2026-03-08
401810778,2026-03-08T22:00Z,2026,regular-season,MIA,DET,121,110,2026-03-08
401810779,2026-03-08T22:00Z,2026,regular-season,TOR,DAL,122,92,2026-03-08
401810780,2026-03-08T23:00Z,2026,regular-season,NOP,WAS,138,118,2026-03-08
401810781,2026-03-09T00:00Z,2026,regular-season,MIL,ORL,91,130,2026-03-08
401810782,2026-03-09T00:00Z,2026,regular-season,SAS,HOU,145,120,2026-03-08
401810784,2026-03-09T01:00Z,2026,regular-season,POR,IND,131,111,2026-03-08
401810785,2026-03-09T01:00Z,2026,regular-season,SAC,CHI,126,110,2026-03-08
401810783,2026-03-09T02:00Z,2026,regular-season,PHX,CHA,111,99,2026-03-08
401810786,2026-03-09T23:00Z,2026,regular-season,CLE,PHI,115,101,2026-03-09
401810787,2026-03-09T23:30Z,2026,regular-season,BKN,MEM,126,115,2026-03-09
401810788,2026-03-09T23:30Z,2026,regular-season,OKC,DEN,129,126,2026-03-09
401810789,2026-03-10T01:00Z,2026,regular-season,UTA,GSW,119,116,2026-03-09
401810790,2026-03-10T02:00Z,2026,regular-season,LAC,NYK,126,118,2026-03-09
401810791,2026-03-10T23:00Z,2026,regular-season,PHI,MEM,139,129,2026-03-10
401810792,2026-03-10T23:30Z,2026,regular-season,BKN,DET,100,138,2026-03-10
401810793,2026-03-10T23:30Z,2026,regular-season,MIA,WAS,150,129,2026-03-10
401810794,2026-03-10T23:30Z,2026,regular-season,ATL,DAL,124,112,2026-03-10
401810795,2026-03-11T00:00Z,2026,regular-season,HOU,TOR,113,99,2026-03-10
401810796,2026-03-11T00:00Z,2026,regular-season,MIL,PHX,114,129,2026-03-10
401810797,2026-03-11T00:00Z,2026,regular-season,SAS,BOS,125,116,2026-03-10
401810798,2026-03-11T02:00Z,2026,regular-season,GSW,CHI,124,130,2026-03-10
401810799,2026-03-11T02:00Z,2026,regular-season,POR,CHA,101,103,2026-03-10
401810800,2026-03-11T02:00Z,2026,regular-season,SAC,IND,114,109,2026-03-10
401810801,2026-03-11T03:00Z,2026,regular-season,LAL,MIN,120,106,2026-03-10
401810802,2026-03-11T23:30Z,2026,regular-season,ORL,CLE,128,122,2026-03-11
401810803,2026-03-12T00:00Z,2026,regular-season,NOP,TOR,122,111,2026-03-11
401810804,2026-03-12T01:00Z,2026,regular-season,UTA,NYK,117,134,2026-03-11
401810805,2026-03-12T02:00Z,2026,regular-season,DEN,HOU,129,93,2026-03-11
401810806,2026-03-12T02:00Z,2026,regular-season,SAC,CHA,109,117,2026-03-11
401810807,2026-03-12T02:30Z,2026,regular-season,LAC,MIN,153,128,2026-03-11
401810808,2026-03-12T23:00Z,2026,regular-season,DET,PHI,131,109,2026-03-12
401810809,2026-03-12T23:00Z,2026,regular-season,IND,PHX,108,123,2026-03-12
401810810,2026-03-12T23:00Z,2026,regular-season,ORL,WAS,136,131,2026-03-12
401810811,2026-03-12T23:30Z,2026,regular-season,ATL,BKN,108,97,2026-03-12
401810812,2026-03-12T23:30Z,2026,regular-season,MIA,MIL,112,105,2026-03-12
401810966,2026-03-13T00:00Z,2026,regular-season,MEM,DAL,112,120,2026-03-12
401810813,2026-03-13T01:00Z,2026,regular-season,SAS,DEN,131,136,2026-03-12
401810814,2026-03-13T01:30Z,2026,regular-season,OKC,BOS,104,102,2026-03-12
401810815,2026-03-13T02:30Z,2026,regular-season,LAL,CHI,142,130,2026-03-12
401810816,2026-03-13T23:30Z,2026,regular-season,DET,MEM,126,110,2026-03-13
401810817,2026-03-13T23:30Z,2026,regular-season,IND,NYK,92,101,2026-03-13
401810818,2026-03-13T23:30Z,2026,regular-season,TOR,PHX,122,115,2026-03-13
401810820,2026-03-13T23:30Z,2026,regular-season,DAL,CLE,105,138,2026-03-13
401810819,2026-03-14T00:00Z,2026,regular-season,HOU,NOP,107,105,2026-03-13
401810821,2026-03-14T02:00Z,2026,regular-season,GSW,MIN,117,127,2026-03-13
401810822,2026-03-14T02:00Z,2026,regular-season,POR,UTA,124,114,2026-03-13
401810823,2026-03-14T02:30Z,2026,regular-season,LAC,CHI,119,108,2026-03-13
401810824,2026-03-14T17:00Z,2026,regular-season,PHI,BKN,104,97,2026-03-14
401810825,2026-03-14T19:00Z,2026,regular-season,ATL,MIL,122,99,2026-03-14
401810828,2026-03-14T19:30Z,2026,regular-season,SAS,CHA,115,102,2026-03-14
401810826,2026-03-14T22:00Z,2026,regular-season,BOS,WAS,111,100,2026-03-14
401810827,2026-03-15T00:00Z,2026,regular-season,MIA,ORL,117,121,2026-03-14
401810829,2026-03-15T00:30Z,2026,regular-season,LAL,DEN,127,125,2026-03-14
401810830,2026-03-15T02:30Z,2026,regular-season,LAC,SAC,109,118,2026-03-14
401810831,2026-03-15T17:00Z,2026,regular-season,OKC,MIN,116,103,2026-03-15
401810832,2026-03-15T19:30Z,2026,regular-season,CLE,DAL,120,130,2026-03-15
401810833,2026-03-15T19:30Z,2026,regular-season,TOR,DET,119,108,2026-03-15
401810834,2026-03-15T19:30Z,2026,regular-season,MIL,IND,134,123,2026-03-15
401810835,2026-03-15T22:00Z,2026,regular-season,PHI,POR,109,103,2026-03-15
401810836,2026-03-16T00:00Z,2026,regular-season,NYK,GSW,110,107,2026-03-15
401810837,2026-03-16T02:00Z,2026,regular-season,SAC,UTA,116,111,2026-03-15
401810838,2026-03-16T23:00Z,2026,regular-season,ATL,ORL,124,112,2026-03-16
401810839,2026-03-16T23:00Z,2026,regular-season,WAS,GSW,117,125,2026-03-16
401810840,2026-03-16T23:30Z,2026,regular-season,BKN,POR,95,114,2026-03-16
401810841,2026-03-16T23:30Z,2026,regular-season,BOS,PHX,120,112,2026-03-16
401810842,2026-03-17T00:00Z,2026,regular-season,CHI,MEM,132,107,2026-03-16
401810843,2026-03-17T00:00Z,2026,regular-season,NOP,DAL,129,111,2026-03-16
401810844,2026-03-17T01:30Z,2026,regular-season,HOU,LAL,92,100,2026-03-16
401810845,2026-03-17T02:00Z,2026,regular-season,LAC,SAS,115,119,2026-03-16
401810846,2026-03-17T23:00Z,2026,regular-season,CHA,MIA,136,106,2026-03-17
401810847,2026-03-17T23:00Z,2026,regular-season,ORL,OKC,108,113,2026-03-17
401810848,2026-03-17T23:00Z,2026,regular-season,WAS,DET,117,130,2026-03-17
401810849,2026-03-17T23:30Z,2026,regular-season,NYK,IND,136,110,2026-03-17
401810850,2026-03-18T00:00Z,2026,regular-season,MIL,CLE,116,123,2026-03-17
401810851,2026-03-18T00:00Z,2026,regular-season,MIN,PHX,116,104,2026-03-17
401810852,2026-03-18T02:00Z,2026,regular-season,DEN,PHI,124,96,2026-03-17
401810853,2026-03-18T02:00Z,2026,regular-season,SAC,SAS,104,132,2026-03-17
401810854,2026-03-18T23:00Z,2026,regular-season,BOS,GSW,120,99,2026-03-18
401810855,2026-03-18T23:30Z,2026,regular-season,BKN,OKC,92,121,2026-03-18
401810856,2026-03-18T23:30Z,2026,regular-season,IND,POR,119,127,2026-03-18
401810857,2026-03-19T00:00Z,2026,regular-season,CHI,TOR,109,139,2026-03-18
401810859,2026-03-19T00:00Z,2026,regular-season,MIN,UTA,147,111,2026-03-18
401810860,2026-03-19T00:00Z,2026,regular-season,NOP,LAC,124,109,2026-03-18
401810861,2026-03-19T00:30Z,2026,regular-season,DAL,ATL,120,135,2026-03-18
401858693,2026-03-19T00:30Z,2026,regular-season,MEM,DEN,125,118,2026-03-18
401810862,2026-03-19T01:30Z,2026,regular-season,HOU,LAL,116,124,2026-03-18
401810863,2026-03-19T23:00Z,2026,regular-season,CHA,ORL,130,111,2026-03-19
401810864,2026-03-19T23:00Z,2026,regular-season,WAS,DET,95,117,2026-03-19
401810865,2026-03-20T00:00Z,2026,regular-season,MIA,LAL,126,134,2026-03-19
401810866,2026-03-20T00:00Z,2026,regular-season,CHI,CLE,110,115,2026-03-19
401810867,2026-03-20T00:00Z,2026,regular-season,NOP,LAC,105,99,2026-03-19
401810868,2026-03-20T00:00Z,2026,regular-season,SAS,PHX,101,100,2026-03-19
401810869,2026-03-20T01:00Z,2026,regular-season,UTA,MIL,128,96,2026-03-19
401810870,2026-03-20T02:00Z,2026,regular-season,SAC,PHI,118,139,2026-03-19
401810871,2026-03-20T23:30Z,2026,regular-season,BKN,NYK,92,93,2026-03-20
401810872,2026-03-20T23:30Z,2026,regular-season,DET,GSW,115,101,2026-03-20
401810873,2026-03-21T00:00Z,2026,regular-season,HOU,ATL,117,95,2026-03-20
401810874,2026-03-21T00:00Z,2026,regular-season,MEM,BOS,112,117,2026-03-20
401810875,2026-03-21T00:00Z,2026,regular-season,MIN,POR,104,108,2026-03-20
401810876,2026-03-21T01:00Z,2026,regular-season,DEN,TOR,121,115,2026-03-20
401810877,2026-03-21T21:00Z,2026,regular-season,WAS,OKC,111,132,2026-03-21
401810878,2026-03-21T23:00Z,2026,regular-season,CHA,MEM,124,101,2026-03-21
401810879,2026-03-21T23:00Z,2026,regular-season,ORL,LAL,104,105,2026-03-21
401810880,2026-03-21T23:00Z,2026,regular-season,NOP,CLE,106,111,2026-03-21
401810881,2026-03-22T00:00Z,2026,regular-season,ATL,GSW,126,110,2026-03-21
401810882,2026-03-22T00:00Z,2026,regular-season,HOU,MIA,123,122,2026-03-21
401810883,2026-03-22T00:00Z,2026,regular-season,SAS,IND,134,119,2026-03-21
401810884,2026-03-22T00:30Z,2026,regular-season,DAL,LAC,131,138,2026-03-21
401810885,2026-03-22T01:30Z,2026,regular-season,UTA,PHI,116,126,2026-03-21
401810886,2026-03-22T02:00Z,2026,regular-season,PHX,MIL,105,108,2026-03-21
401810887,2026-03-22T21:00Z,2026,regular-season,DEN,POR,128,112,2026-03-22
401810888,2026-03-22T22:00Z,2026,regular-season,SAC,BKN,126,122,2026-03-22
401810889,2026-03-22T23:30Z,2026,regular-season,NYK,WAS,145,113,2026-03-22
401810890,2026-03-23T00:00Z,2026,regular-season,BOS,MIN,92,102,2026-03-22
401810891,2026-03-23T01:00Z,2026,regular-season,PHX,TOR,120,98,2026-03-22
401810893,2026-03-23T23:00Z,2026,regular-season,DET,LAL,113,110,2026-03-23
401810894,2026-03-23T23:00Z,2026,regular-season,ORL,IND,126,128,2026-03-23
401810895,2026-03-23T23:00Z,2026,regular-season,PHI,OKC,103,123,2026-03-23
401810896,2026-03-23T23:00Z,2026,regular-season,MIA,SAS,111,136,2026-03-23
401810892,2026-03-23T23:30Z,2026,regular-season,ATL,MEM,146,107,2026-03-23
401810897,2026-03-24T00:00Z,2026,regular-season,CHI,HOU,132,124,2026-03-23
401810898,2026-03-24T01:00Z,2026,regular-season,UTA,TOR,127,143,2026-03-23
401810899,2026-03-24T01:30Z,2026,regular-season,DAL,GSW,131,137,2026-03-23
401810900,2026-03-24T02:00Z,2026,regular-season,POR,BKN,134,99,2026-03-23
401810901,2026-03-24T02:30Z,2026,regular-season,LAC,MIL,129,96,2026-03-23
401810902,2026-03-24T23:00Z,2026,regular-season,CHA,SAC,134,90,2026-03-24
401810903,2026-03-24T23:30Z,2026,regular-season,NYK,NOP,121,116,2026-03-24
401810904,2026-03-25T00:00Z,2026,regular-season,CLE,ORL,136,131,2026-03-24
401810905,2026-03-25T03:00Z,2026,regular-season,PHX,DEN,123,125,2026-03-24
401810906,2026-03-25T23:00Z,2026,regular-season,DET,ATL,129,130,2026-03-25
401810907,2026-03-25T23:00Z,2026,regular-season,IND,LAL,130,137,2026-03-25
401810908,2026-03-25T23:00Z,2026,regular-season,PHI,CHI,157,137,2026-03-25
401810909,2026-03-25T23:30Z,2026,regular-season,BOS,OKC,119,109,2026-03-25
401810910,2026-03-25T23:30Z,2026,regular-season,CLE,MIA,103,120,2026-03-25
401810911,2026-03-26T00:00Z,2026,regular-season,MEM,SAS,98,123,2026-03-25
401810912,2026-03-26T01:00Z,2026,regular-season,UTA,WAS,110,133,2026-03-25
401810913,2026-03-26T01:42Z,2026,regular-season,MIN,HOU,110,108,2026-03-25
401810914,2026-03-26T02:00Z,2026,regular-season,DEN,DAL,142,135,2026-03-25
401810915,2026-03-26T02:00Z,2026,regular-season,GSW,BKN,109,106,2026-03-25
401810916,2026-03-26T02:00Z,2026,regular-season,POR,MIL,130,99,2026-03-25
401810917,2026-03-26T02:30Z,2026,regular-season,LAC,TOR,119,94,2026-03-25
401810918,2026-03-26T23:00Z,2026,regular-season,CHA,NYK,114,103,2026-03-26
401810919,2026-03-26T23:00Z,2026,regular-season,DET,NOP,129,108,2026-03-26
401810920,2026-03-26T23:00Z,2026,regular-season,ORL,SAC,121,117,2026-03-26
401810921,2026-03-27T23:00Z,2026,regular-season,IND,LAC,113,114,2026-03-27
401810922,2026-03-27T23:30Z,2026,regular-season,BOS,ATL,109,102,2026-03-27
401810923,2026-03-27T23:30Z,2026,regular-season,CLE,MIA,149,128,2026-03-27
401810924,2026-03-28T00:00Z,2026,regular-season,MEM,HOU,109,119,2026-03-27
401810925,2026-03-28T00:00Z,2026,regular-season,OKC,CHI,131,113,2026-03-27
401810926,2026-03-28T00:30Z,2026,regular-season,TOR,NOP,119,106,2026-03-27
401810927,2026-03-28T01:00Z,2026,regular-season,DEN,UTA,135,129,2026-03-27
401810928,2026-03-28T02:00Z,2026,regular-season,GSW,WAS,131,126,2026-03-27
401810929,2026-03-28T02:00Z,2026,regular-season,POR,DAL,93,100,2026-03-27
401810930,2026-03-28T02:30Z,2026,regular-season,LAL,BKN,116,99,2026-03-27
401810931,2026-03-28T19:00Z,2026,regular-season,MIL,SAS,95,127,2026-03-28
401810935,2026-03-28T21:30Z,2026,regular-season,MIN,DET,87,109,2026-03-28
401810932,2026-03-28T22:00Z,2026,regular-season,CHA,PHI,114,118,2026-03-28
401810933,2026-03-28T23:30Z,2026,regular-season,ATL,SAC,123,113,2026-03-28
401810934,2026-03-29T00:00Z,2026,regular-season,MEM,CHI,125,124,2026-03-28
401810936,2026-03-29T02:00Z,2026,regular-season,PHX,UTA,134,109,2026-03-28
401810937,2026-03-29T19:30Z,2026,regular-season,MIL,LAC,113,127,2026-03-29
401810938,2026-03-29T21:00Z,2026,regular-season,IND,MIA,135,118,2026-03-29
401810939,2026-03-29T22:00Z,2026,regular-season,BKN,SAC,116,99,2026-03-29
401810940,2026-03-29T22:00Z,2026,regular-season,CHA,BOS,99,114,2026-03-29
401810941,2026-03-29T22:00Z,2026,regular-season,TOR,ORL,139,87,2026-03-29
401810942,2026-03-29T22:00Z,2026,regular-season,POR,WAS,123,88,2026-03-29
401810943,2026-03-29T23:00Z,2026,regular-season,NOP,HOU,102,134,2026-03-29
401810944,2026-03-29T23:30Z,2026,regular-season,OKC,NYK,111,100,2026-03-29
401810945,2026-03-30T02:00Z,2026,regular-season,DEN,GSW,116,93,2026-03-29
401810946,2026-03-30T23:00Z,2026,regular-season,MIA,PHI,119,109,2026-03-30
401810947,2026-03-30T23:30Z,2026,regular-season,ATL,BOS,112,102,2026-03-30
401810948,2026-03-31T00:00Z,2026,regular-season,MEM,PHX,105,131,2026-03-30
401810949,2026-03-31T00:00Z,2026,regular-season,SAS,CHI,129,114,2026-03-30
401810950,2026-03-31T00:30Z,2026,regular-season,DAL,MIN,94,124,2026-03-30
401810951,2026-03-31T01:00Z,2026,regular-season,UTA,CLE,113,122,2026-03-30
401810952,2026-03-31T01:30Z,2026,regular-season,OKC,DET,114,110,2026-03-30
401810953,2026-03-31T02:00Z,2026,regular-season,LAL,WAS,120,101,2026-03-30
401810954,2026-03-31T23:00Z,2026,regular-season,ORL,PHX,115,111,2026-03-31
401810955,2026-03-31T23:30Z,2026,regular-season,BKN,CHA,86,117,2026-03-31
401810956,2026-04-01T00:00Z,2026,regular-season,DET,TOR,127,116,2026-03-31
401810957,2026-04-01T00:00Z,2026,regular-season,HOU,NYK,111,94,2026-03-31
401858694,2026-04-01T00:00Z,2026,regular-season,MIL,DAL,123,99,2026-03-31
401810958,2026-04-01T02:30Z,2026,regular-season,LAL,CLE,127,113,2026-03-31
401810959,2026-04-01T03:00Z,2026,regular-season,LAC,POR,104,114,2026-03-31
401810960,2026-04-01T23:00Z,2026,regular-season,WAS,PHI,131,153,2026-04-01
401810962,2026-04-01T23:00Z,2026,regular-season,ORL,ATL,101,130,2026-04-01
401810961,2026-04-01T23:30Z,2026,regular-season,MIA,BOS,129,147,2026-04-01
401810858,2026-04-02T00:00Z,2026,regular-season,MEM,NYK,119,130,2026-04-01
401810963,2026-04-02T00:00Z,2026,regular-season,TOR,SAC,115,123,2026-04-01
401810964,2026-04-02T00:00Z,2026,regular-season,CHI,IND,126,145,2026-04-01
401810965,2026-04-02T00:00Z,2026,regular-season,HOU,MIL,119,113,2026-04-01
401810967,2026-04-02T01:00Z,2026,regular-season,UTA,DEN,117,130,2026-04-01
401810968,2026-04-02T02:00Z,2026,regular-season,GSW,SAS,113,127,2026-04-01
401810969,2026-04-02T23:00Z,2026,regular-season,CHA,PHX,127,107,2026-04-02
401810970,2026-04-02T23:00Z,2026,regular-season,DET,MIN,113,108,2026-04-02
401810971,2026-04-03T01:30Z,2026,regular-season,OKC,LAL,139,96,2026-04-02
401810972,2026-04-03T02:00Z,2026,regular-season,GSW,CLE,111,118,2026-04-02
401810973,2026-04-03T02:00Z,2026,regular-season,POR,NOP,118,106,2026-04-02
401810974,2026-04-03T02:30Z,2026,regular-season,LAC,SAS,99,118,2026-04-02
401810975,2026-04-03T23:00Z,2026,regular-season,CHA,IND,129,108,2026-04-03
401810976,2026-04-03T23:00Z,2026,regular-season,PHI,MIN,115,103,2026-04-03
401810977,2026-04-03T23:30Z,2026,regular-season,BKN,ATL,107,141,2026-04-03
401810978,2026-04-03T23:30Z,2026,regular-season,NYK,CHI,136,96,2026-04-03
401810979,2026-04-04T00:00Z,2026,regular-season,HOU,UTA,140,106,2026-04-03
401810980,2026-04-04T00:00Z,2026,regular-season,MEM,TOR,96,128,2026-04-03
401810981,2026-04-04T00:00Z,2026,regular-season,MIL,BOS,101,133,2026-04-03
401810982,2026-04-04T00:30Z,2026,regular-season,DAL,ORL,127,138,2026-04-03
401810983,2026-04-04T02:00Z,2026,regular-season,SAC,NOP,117,113,2026-04-03
401810984,2026-04-04T19:00Z,2026,regular-season,MIA,WAS,152,136,2026-04-04
401810985,2026-04-04T19:00Z,2026,regular-season,DEN,SAS,136,134,2026-04-04
401810986,2026-04-04T23:00Z,2026,regular-season,PHI,DET,93,116,2026-04-04
401810987,2026-04-05T19:30Z,2026,regular-season,BOS,TOR,115,101,2026-04-05
401810988,2026-04-05T19:30Z,2026,regular-season,BKN,WAS,121,115,2026-04-05
401810989,2026-04-05T19:30Z,2026,regular-season,CHI,PHX,110,120,2026-04-05
401810990,2026-04-05T19:30Z,2026,regular-season,MIL,MEM,131,115,2026-04-05
401810991,2026-04-05T22:00Z,2026,regular-season,CLE,IND,117,108,2026-04-05
401810992,2026-04-05T23:00Z,2026,regular-season,MIN,CHA,108,122,2026-04-05
401810993,2026-04-05T23:00Z,2026,regular-season,NOP,ORL,108,112,2026-04-05
401810994,2026-04-05T23:00Z,2026,regular-season,OKC,UTA,146,111,2026-04-05
401810995,2026-04-05T23:30Z,2026,regular-season,DAL,LAL,134,128,2026-04-05
401810996,2026-04-06T01:00Z,2026,regular-season,SAC,LAC,109,138,2026-04-05
401810997,2026-04-06T02:00Z,2026,regular-season,GSW,HOU,116,117,2026-04-05
401810998,2026-04-06T23:00Z,2026,regular-season,ATL,NYK,105,108,2026-04-06
401810999,2026-04-06T23:00Z,2026,regular-season,ORL,DET,123,107,2026-04-06
401811000,2026-04-07T00:00Z,2026,regular-season,MEM,CLE,126,142,2026-04-06
401811001,2026-04-07T00:00Z,2026,regular-season,SAS,PHI,115,102,2026-04-06
401811002,2026-04-07T01:00Z,2026,regular-season,DEN,POR,137,132,2026-04-06
401811003,2026-04-07T23:00Z,2026,regular-season,WAS,CHI,98,129,2026-04-07
401811007,2026-04-07T23:00Z,2026,regular-season,IND,MIN,104,124,2026-04-07
401811005,2026-04-07T23:30Z,2026,regular-season,BKN,MIL,96,90,2026-04-07
401811006,2026-04-07T23:30Z,2026,regular-season,TOR,MIA,121,95,2026-04-07
401811004,2026-04-08T00:00Z,2026,regular-season,BOS,CHA,113,102,2026-04-07
401811008,2026-04-08T00:00Z,2026,regular-season,NOP,UTA,156,137,2026-04-07
401811009,2026-04-08T02:00Z,2026,regular-season,GSW,SAC,110,105,2026-04-07
401811010,2026-04-08T02:30Z,2026,regular-season,LAL,OKC,87,123,2026-04-07
401811011,2026-04-08T02:30Z,2026,regular-season,LAC,DAL,116,103,2026-04-07
401811012,2026-04-08T03:00Z,2026,regular-season,PHX,HOU,105,119,2026-04-07
401811013,2026-04-08T23:00Z,2026,regular-season,CLE,ATL,122,116,2026-04-08
401811014,2026-04-08T23:00Z,2026,regular-season,ORL,MIN,132,120,2026-04-08
401811015,2026-04-08T23:00Z,2026,regular-season,DET,MIL,137,111,2026-04-08
401811017,2026-04-09T01:00Z,2026,regular-season,DEN,MEM,136,119,2026-04-08
401811016,2026-04-09T01:30Z,2026,regular-season,SAS,POR,112,101,2026-04-08
401811018,2026-04-09T02:00Z,2026,regular-season,LAC,OKC,110,128,2026-04-08
401811019,2026-04-09T02:00Z,2026,regular-season,PHX,DAL,112,107,2026-04-08
401811020,2026-04-09T23:00Z,2026,regular-season,TOR,MIA,128,114,2026-04-09
401811021,2026-04-09T23:00Z,2026,regular-season,WAS,CHI,108,119,2026-04-09
401811022,2026-04-09T23:30Z,2026,regular-season,BKN,IND,94,123,2026-04-09
401811023,2026-04-09T23:30Z,2026,regular-season,NYK,BOS,112,106,2026-04-09
401811024,2026-04-10T00:00Z,2026,regular-season,HOU,PHI,113,102,2026-04-09
401811025,2026-04-10T02:00Z,2026,regular-season,GSW,LAL,103,119,2026-04-09
401811026,2026-04-10T23:00Z,2026,regular-season,CHA,DET,100,118,2026-04-10
401811027,2026-04-10T23:00Z,2026,regular-season,WAS,MIA,117,140,2026-04-10
401811028,2026-04-10T23:00Z,2026,regular-season,ATL,CLE,124,102,2026-04-10
401811029,2026-04-10T23:30Z,2026,regular-season,BOS,NOP,144,118,2026-04-10
401811030,2026-04-10T23:30Z,2026,regular-season,IND,PHI,94,105,2026-04-10
401811031,2026-04-10T23:30Z,2026,regular-season,NYK,TOR,112,95,2026-04-10
401811032,2026-04-11T00:00Z,2026,regular-season,CHI,ORL,103,127,2026-04-10
401811034,2026-04-11T00:00Z,2026,regular-season,MIL,BKN,125,108,2026-04-10
401811035,2026-04-11T00:00Z,2026,regular-season,SAS,DAL,139,120,2026-04-10
401811037,2026-04-11T01:00Z,2026,regular-season,DEN,OKC,127,107,2026-04-10
401811033,2026-04-11T01:30Z,2026,regular-season,HOU,MIN,132,136,2026-04-10
401811036,2026-04-11T01:30Z,2026,regular-season,UTA,MEM,147,101,2026-04-10
401811038,2026-04-11T02:00Z,2026,regular-season,POR,LAC,116,97,2026-04-10
401811039,2026-04-11T02:00Z,2026,regular-season,SAC,GSW,124,118,2026-04-10
401811040,2026-04-11T02:30Z,2026,regular-season,LAL,PHX,101,73,2026-04-10
401811041,2026-04-12T22:00Z,2026,regular-season,BOS,ORL,113,108,2026-04-12
401811042,2026-04-12T22:00Z,2026,regular-season,CLE,WAS,130,117,2026-04-12
401811043,2026-04-12T22:00Z,2026,regular-season,IND,DET,121,133,2026-04-12
401811044,2026-04-12T22:00Z,2026,regular-season,MIA,ATL,143,117,2026-04-12
401811045,2026-04-12T22:00Z,2026,regular-season,NYK,CHA,96,110,2026-04-12
401811046,2026-04-12T22:00Z,2026,regular-season,PHI,MIL,126,106,2026-04-12
401811047,2026-04-12T22:00Z,2026,regular-season,TOR,BKN,136,101,2026-04-12
401811048,2026-04-13T00:30Z,2026,regular-season,DAL,CHI,149,128,2026-04-12
401811049,2026-04-13T00:30Z,2026,regular-season,HOU,MEM,132,101,2026-04-12
401811050,2026-04-13T00:30Z,2026,regular-season,MIN,NOP,132,126,2026-04-12
401811051,2026-04-13T00:30Z,2026,regular-season,OKC,PHX,103,135,2026-04-12
401811052,2026-04-13T00:30Z,2026,regular-season,SAS,DEN,118,128,2026-04-12
401811053,2026-04-13T00:30Z,2026,regular-season,LAL,UTA,131,107,2026-04-12
401811054,2026-04-13T00:30Z,2026,regular-season,LAC,GSW,115,110,2026-04-12
401811055,2026-04-13T00:30Z,2026,regular-season,POR,SAC,122,110,2026-04-12
401866755,2026-04-14T23:30Z,2026,play-in-season,CHA,MIA,127,126,2026-04-14
401866754,2026-04-15T02:00Z,2026,play-in-season,PHX,POR,110,114,2026-04-14
401866757,2026-04-15T23:30Z,2026,play-in-season,PHI,ORL,109,97,2026-04-15
401866756,2026-04-16T02:00Z,2026,play-in-season,LAC,GSW,121,126,2026-04-15
401866758,2026-04-17T23:30Z,2026,play-in-season,ORL,CHA,121,90,2026-04-17
401866759,2026-04-18T02:00Z,2026,play-in-season,PHX,GSW,111,96,2026-04-17
401869187,2026-04-18T17:00Z,2026,post-season,CLE,TOR,126,113,2026-04-18
401869188,2026-04-18T19:30Z,2026,post-season,DEN,MIN,116,105,2026-04-18
401869189,2026-04-18T22:00Z,2026,post-season,NYK,ATL,113,102,2026-04-18
401869190,2026-04-19T00:30Z,2026,post-season,LAL,HOU,107,98,2026-04-18
401869191,2026-04-19T17:00Z,2026,post-season,BOS,PHI,123,91,2026-04-19
401869192,2026-04-19T19:30Z,2026,post-season,OKC,PHX,119,84,2026-04-19
401869193,2026-04-19T22:30Z,2026,post-season,DET,ORL,101,112,2026-04-19
401869194,2026-04-20T01:00Z,2026,post-season,SAS,POR,111,98,2026-04-19
401869369,2026-04-20T23:00Z,2026,post-season,CLE,TOR,115,105,2026-04-20
401869387,2026-04-21T00:00Z,2026,post-season,NYK,ATL,106,107,2026-04-20
401869395,2026-04-21T02:30Z,2026,post-season,DEN,MIN,114,119,2026-04-20
401869396,2026-04-21T23:00Z,2026,post-season,BOS,PHI,97,111,2026-04-21
401869378,2026-04-22T00:00Z,2026,post-season,SAS,POR,103,106,2026-04-21
401869397,2026-04-22T02:30Z,2026,post-season,LAL,HOU,101,94,2026-04-21
401869411,2026-04-22T23:00Z,2026,post-season,DET,ORL,98,83,2026-04-22
401869368,2026-04-23T01:30Z,2026,post-season,OKC,PHX,120,107,2026-04-22
401869389,2026-04-23T23:00Z,2026,post-season,ATL,NYK,109,108,2026-04-23
401869375,2026-04-24T00:00Z,2026,post-season,TOR,CLE,126,104,2026-04-23
401869398,2026-04-24T01:30Z,2026,post-season,MIN,DEN,113,96,2026-04-23
401869404,2026-04-24T23:00Z,2026,post-season,PHI,BOS,100,108,2026-04-24
401869400,2026-04-25T00:00Z,2026,post-season,HOU,LAL,108,112,2026-04-24
401869382,2026-04-25T02:30Z,2026,post-season,POR,SAS,108,120,2026-04-24
401869414,2026-04-25T17:00Z,2026,post-season,ORL,DET,113,105,2026-04-25
401869370,2026-04-25T19:30Z,2026,post-season,PHX,OKC,109,121,2026-04-25
401869391,2026-04-25T22:00Z,2026,post-season,ATL,NYK,98,114,2026-04-25
401869399,2026-04-26T00:30Z,2026,post-season,MIN,DEN,112,96,2026-04-25
401869377,2026-04-26T17:00Z,2026,post-season,TOR,CLE,93,89,2026-04-26
401869385,2026-04-26T19:30Z,2026,post-season,POR,SAS,93,114,2026-04-26
401869406,2026-04-26T23:00Z,2026,post-season,PHI,BOS,96,128,2026-04-26
401869405,2026-04-27T01:30Z,2026,post-season,HOU,LAL,115,96,2026-04-26
401869415,2026-04-28T00:00Z,2026,post-season,ORL,DET,94,88,2026-04-27
401869373,2026-04-28T01:30Z,2026,post-season,PHX,OKC,122,131,2026-04-27
401869401,2026-04-28T02:30Z,2026,post-season,DEN,MIN,125,113,2026-04-27
401869408,2026-04-28T23:00Z,2026,post-season,BOS,PHI,97,113,2026-04-28
401869392,2026-04-29T00:00Z,2026,post-season,NYK,ATL,126,97,2026-04-28
401869386,2026-04-29T01:30Z,2026,post-season,SAS,POR,114,95,2026-04-28
401869416,2026-04-29T23:00Z,2026,post-season,DET,ORL,116,109,2026-04-29
401869380,2026-04-29T23:30Z,2026,post-season,CLE,TOR,125,120,2026-04-29
401869407,2026-04-30T02:00Z,2026,post-season,LAL,HOU,93,99,2026-04-29
401869393,2026-04-30T23:00Z,2026,post-season,ATL,NYK,89,140,2026-04-30
401869410,2026-05-01T00:00Z,2026,post-season,PHI,BOS,106,93,2026-04-30
401869402,2026-05-01T01:30Z,2026,post-season,MIN,DEN,110,98,2026-04-30
401869417,2026-05-01T23:00Z,2026,post-season,ORL,DET,79,93,2026-05-01
401869381,2026-05-01T23:30Z,2026,post-season,TOR,CLE,112,110,2026-05-01
401869409,2026-05-02T01:30Z,2026,post-season,HOU,LAL,78,98,2026-05-01
401869412,2026-05-02T23:30Z,2026,post-season,BOS,PHI,100,109,2026-05-02
401869418,2026-05-03T19:30Z,2026,post-season,DET,ORL,116,94,2026-05-03
401869384,2026-05-03T23:30Z,2026,post-season,CLE,TOR,114,102,2026-05-03
401871159,2026-05-05T00:00Z,2026,post-season,NYK,PHI,137,98,2026-05-04
401871152,2026-05-05T01:30Z,2026,post-season,SAS,MIN,102,104,2026-05-04
401871333,2026-05-05T23:00Z,2026,post-season,DET,CLE,111,101,2026-05-05
401871326,2026-05-06T00:30Z,2026,post-season,OKC,LAL,108,90,2026-05-05
401871160,2026-05-06T23:00Z,2026,post-season,NYK,PHI,108,102,2026-05-06
401871153,2026-05-07T01:30Z,2026,post-season,SAS,MIN,133,95,2026-05-06
401871334,2026-05-07T23:00Z,2026,post-season,DET,CLE,107,97,2026-05-07
401871327,2026-05-08T01:30Z,2026,post-season,OKC,LAL,125,107,2026-05-07
401871161,2026-05-08T23:00Z,2026,post-season,PHI,NYK,94,108,2026-05-08
401871154,2026-05-09T01:30Z,2026,post-season,MIN,SAS,108,115,2026-05-08
401871335,2026-05-09T19:00Z,2026,post-season,CLE,DET,116,109,2026-05-09
401871328,2026-05-10T00:30Z,2026,post-season,LAL,OKC,108,131,2026-05-09
401871162,2026-05-10T19:30Z,2026,post-season,PHI,NYK,114,144,2026-05-10
401871155,2026-05-10T23:30Z,2026,post-season,MIN,SAS,114,109,2026-05-10
401871336,2026-05-12T00:00Z,2026,post-season,CLE,DET,112,103,2026-05-11
401871329,2026-05-12T02:30Z,2026,post-season,LAL,OKC,110,115,2026-05-11
401871156,2026-05-13T00:00Z,2026,post-season,SAS,MIN,126,97,2026-05-12
401871337,2026-05-14T00:00Z,2026,post-season,DET,CLE,113,117,2026-05-13
401871338,2026-05-15T23:00Z,2026,post-season,CLE,DET,94,115,2026-05-15
401871157,2026-05-16T01:30Z,2026,post-season,MIN,SAS,109,139,2026-05-15
401871339,2026-05-18T00:00Z,2026,post-season,DET,CLE,94,125,2026-05-17
401873197,2026-05-19T00:30Z,2026,post-season,OKC,SAS,115,122,2026-05-18
401873341,2026-05-20T00:00Z,2026,post-season,NYK,CLE,115,104,2026-05-19
401873198,2026-05-21T00:30Z,2026,post-season,OKC,SAS,122,113,2026-05-20
401873342,2026-05-22T00:00Z,2026,post-season,NYK,CLE,109,93,2026-05-21
401873199,2026-05-23T00:30Z,2026,post-season,SAS,OKC,108,123,2026-05-22
401873343,2026-05-24T00:00Z,2026,post-season,CLE,NYK,108,121,2026-05-23
401873200,2026-05-25T00:00Z,2026,post-season,SAS,OKC,103,82,2026-05-24
401873344,2026-05-26T00:00Z,2026,post-season,CLE,NYK,93,130,2026-05-25
401873201,2026-05-27T00:30Z,2026,post-season,OKC,SAS,127,114,2026-05-26
401873202,2026-05-29T00:30Z,2026,post-season,SAS,OKC,118,91,2026-05-28
401873203,2026-05-31T00:00Z,2026,post-season,OKC,SAS,103,111,2026-05-30
401859963,2026-06-04T00:30Z,2026,post-season,SAS,NYK,95,105,2026-06-03
401859964,2026-06-06T00:30Z,2026,post-season,SAS,NYK,104,105,2026-06-05
401859965,2026-06-09T00:30Z,2026,post-season,NYK,SAS,111,115,2026-06-08
401859966,2026-06-11T00:30Z,2026,post-season,NYK,SAS,107,106,2026-06-10
401859967,2026-06-14T00:30Z,2026,post-season,SAS,NYK,90,94,2026-06-13
401070213,2018-10-17T00:00Z,2019,regular-season,BOS,PHI,105,87,2018-10-16
401070214,2018-10-17T02:30Z,2019,regular-season,GSW,OKC,108,100,2018-10-16
401070693,2018-10-17T23:00Z,2019,regular-season,CHA,MIL,112,113,2018-10-17
401070694,2018-10-17T23:00Z,2019,regular-season,DET,BKN,103,100,2018-10-17
401070695,2018-10-17T23:00Z,2019,regular-season,IND,MEM,111,83,2018-10-17
401070696,2018-10-17T23:00Z,2019,regular-season,ORL,MIA,104,101,2018-10-17
401070697,2018-10-17T23:30Z,2019,regular-season,NYK,ATL,126,107,2018-10-17
401070698,2018-10-17T23:30Z,2019,regular-season,TOR,CLE,116,104,2018-10-17
401070215,2018-10-18T00:00Z,2019,regular-season,HOU,NOP,112,131,2018-10-17
401070699,2018-10-18T00:30Z,2019,regular-season,SAS,MIN,112,108,2018-10-17
401070700,2018-10-18T02:00Z,2019,regular-season,SAC,UTA,117,123,2018-10-17
401070216,2018-10-18T02:30Z,2019,regular-season,PHX,DAL,121,100,2018-10-17
401070701,2018-10-18T02:30Z,2019,regular-season,LAC,DEN,98,107,2018-10-17
401070217,2018-10-19T00:00Z,2019,regular-season,PHI,CHI,127,108,2018-10-18
401070702,2018-10-19T00:00Z,2019,regular-season,WAS,MIA,112,113,2018-10-18
401070218,2018-10-19T02:30Z,2019,regular-season,POR,LAL,128,119,2018-10-18
401070703,2018-10-19T23:00Z,2019,regular-season,ORL,CHA,88,120,2018-10-19
401070704,2018-10-19T23:30Z,2019,regular-season,BKN,NYK,107,105,2018-10-19
401070219,2018-10-20T00:00Z,2019,regular-season,TOR,BOS,113,101,2018-10-19
401070705,2018-10-20T00:00Z,2019,regular-season,MEM,ATL,131,117,2018-10-19
401070706,2018-10-20T00:00Z,2019,regular-season,MIN,CLE,131,123,2018-10-19
401070707,2018-10-20T00:00Z,2019,regular-season,NOP,SAC,149,129,2018-10-19
401070708,2018-10-20T00:30Z,2019,regular-season,MIL,IND,118,101,2018-10-19
401070220,2018-10-20T02:30Z,2019,regular-season,UTA,GSW,123,124,2018-10-19
401070709,2018-10-20T02:30Z,2019,regular-season,LAC,OKC,108,92,2018-10-19
401070221,2018-10-20T23:00Z,2019,regular-season,WAS,TOR,113,117,2018-10-20
401070710,2018-10-20T23:00Z,2019,regular-season,IND,BKN,132,112,2018-10-20
401070711,2018-10-20T23:30Z,2019,regular-season,NYK,BOS,101,103,2018-10-20
401070712,2018-10-20T23:30Z,2019,regular-season,PHI,ORL,116,115,2018-10-20
401070713,2018-10-21T00:00Z,2019,regular-season,MIA,CHA,112,113,2018-10-20
401070714,2018-10-21T00:00Z,2019,regular-season,CHI,DET,116,118,2018-10-20
401070715,2018-10-21T00:30Z,2019,regular-season,DAL,MIN,140,136,2018-10-20
401070716,2018-10-21T01:00Z,2019,regular-season,DEN,PHX,119,91,2018-10-20
401070717,2018-10-21T02:00Z,2019,regular-season,POR,SAS,121,108,2018-10-20
401070222,2018-10-21T02:30Z,2019,regular-season,LAL,HOU,115,124,2018-10-20
401070718,2018-10-21T22:00Z,2019,regular-season,CLE,ATL,111,133,2018-10-21
401070719,2018-10-21T23:00Z,2019,regular-season,OKC,SAC,120,131,2018-10-21
401070720,2018-10-22T00:00Z,2019,regular-season,DEN,GSW,100,98,2018-10-21
401070223,2018-10-22T01:00Z,2019,regular-season,LAC,HOU,115,112,2018-10-21
401070721,2018-10-22T23:30Z,2019,regular-season,BOS,ORL,90,93,2018-10-22
401070722,2018-10-22T23:30Z,2019,regular-season,TOR,CHA,127,106,2018-10-22
401070723,2018-10-23T00:00Z,2019,regular-season,MIL,NYK,124,113,2018-10-22
401070724,2018-10-23T00:00Z,2019,regular-season,MIN,IND,101,91,2018-10-22
401070725,2018-10-23T00:30Z,2019,regular-season,DAL,CHI,115,109,2018-10-22
401070726,2018-10-23T01:00Z,2019,regular-season,UTA,MEM,84,92,2018-10-22
401070727,2018-10-23T02:00Z,2019,regular-season,POR,WAS,124,125,2018-10-22
401070728,2018-10-23T02:30Z,2019,regular-season,GSW,PHX,123,103,2018-10-22
401070729,2018-10-23T02:30Z,2019,regular-season,LAL,SAS,142,143,2018-10-22
401070730,2018-10-23T23:00Z,2019,regular-season,DET,PHI,133,132,2018-10-23
401070731,2018-10-24T00:00Z,2019,regular-season,NOP,LAC,116,109,2018-10-23
401070732,2018-10-24T01:00Z,2019,regular-season,DEN,SAC,126,112,2018-10-23
401070733,2018-10-24T23:00Z,2019,regular-season,ATL,DAL,111,104,2018-10-24
401070734,2018-10-24T23:00Z,2019,regular-season,CLE,BKN,86,102,2018-10-24
401070735,2018-10-24T23:30Z,2019,regular-season,MIA,NYK,110,87,2018-10-24
401070736,2018-10-24T23:30Z,2019,regular-season,TOR,MIN,112,105,2018-10-24
401070737,2018-10-25T00:00Z,2019,regular-season,CHI,CHA,112,110,2018-10-24
401070738,2018-10-25T00:00Z,2019,regular-season,HOU,UTA,89,100,2018-10-24
401070739,2018-10-25T00:30Z,2019,regular-season,SAS,IND,96,116,2018-10-24
401070740,2018-10-25T01:30Z,2019,regular-season,MIL,PHI,123,108,2018-10-24
401070741,2018-10-25T02:00Z,2019,regular-season,PHX,LAL,113,131,2018-10-24
401070742,2018-10-25T02:00Z,2019,regular-season,SAC,MEM,97,92,2018-10-24
401070743,2018-10-25T02:30Z,2019,regular-season,GSW,WAS,144,122,2018-10-24
401070744,2018-10-25T23:00Z,2019,regular-season,DET,CLE,110,103,2018-10-25
401070745,2018-10-25T23:00Z,2019,regular-season,ORL,POR,114,128,2018-10-25
401070746,2018-10-26T00:00Z,2019,regular-season,OKC,BOS,95,101,2018-10-25
401070747,2018-10-26T02:30Z,2019,regular-season,LAL,DEN,121,114,2018-10-25
401070748,2018-10-26T23:00Z,2019,regular-season,CHA,CHI,135,106,2018-10-26
401070749,2018-10-26T23:30Z,2019,regular-season,NYK,GSW,100,128,2018-10-26
401070750,2018-10-26T23:30Z,2019,regular-season,TOR,DAL,116,107,2018-10-26
401070751,2018-10-27T00:00Z,2019,regular-season,HOU,LAC,113,133,2018-10-26
401070752,2018-10-27T00:00Z,2019,regular-season,MIN,MIL,95,125,2018-10-26
401070753,2018-10-27T00:00Z,2019,regular-season,NOP,BKN,117,115,2018-10-26
401070754,2018-10-27T02:00Z,2019,regular-season,SAC,WAS,116,112,2018-10-26
401070755,2018-10-27T23:00Z,2019,regular-season,DET,BOS,89,109,2018-10-27
401070756,2018-10-27T23:00Z,2019,regular-season,NOP,UTA,111,132,2018-10-27
401070757,2018-10-27T23:30Z,2019,regular-season,ATL,CHI,85,97,2018-10-27
401070758,2018-10-27T23:30Z,2019,regular-season,CLE,IND,107,119,2018-10-27
401070759,2018-10-27T23:30Z,2019,regular-season,PHI,CHA,105,103,2018-10-27
401070760,2018-10-28T00:00Z,2019,regular-season,MIA,POR,120,111,2018-10-27
401070761,2018-10-28T00:00Z,2019,regular-season,MEM,PHX,117,96,2018-10-27
401070762,2018-10-28T00:30Z,2019,regular-season,MIL,ORL,113,91,2018-10-27
401070763,2018-10-28T00:30Z,2019,regular-season,SAS,LAL,110,106,2018-10-27
401070764,2018-10-28T21:00Z,2019,regular-season,BKN,GSW,114,120,2018-10-28
401070765,2018-10-28T23:00Z,2019,regular-season,DAL,UTA,104,113,2018-10-28
401070766,2018-10-28T23:00Z,2019,regular-season,OKC,PHX,117,110,2018-10-28
401070767,2018-10-29T01:30Z,2019,regular-season,LAC,WAS,136,104,2018-10-28
401070768,2018-10-29T23:00Z,2019,regular-season,IND,POR,93,103,2018-10-29
401070769,2018-10-29T23:00Z,2019,regular-season,PHI,ATL,113,92,2018-10-29
401070770,2018-10-29T23:30Z,2019,regular-season,MIA,SAC,113,123,2018-10-29
401070771,2018-10-29T23:30Z,2019,regular-season,NYK,BKN,115,96,2018-10-29
401070772,2018-10-30T00:00Z,2019,regular-season,CHI,GSW,124,149,2018-10-29
401070773,2018-10-30T00:00Z,2019,regular-season,MIL,TOR,124,109,2018-10-29
401070774,2018-10-30T00:00Z,2019,regular-season,MIN,LAL,124,120,2018-10-29
401070775,2018-10-30T00:30Z,2019,regular-season,SAS,DAL,113,108,2018-10-29
401070776,2018-10-30T01:00Z,2019,regular-season,DEN,NOP,116,111,2018-10-29
401070777,2018-10-30T23:00Z,2019,regular-season,CHA,MIA,125,113,2018-10-30
401070778,2018-10-30T23:00Z,2019,regular-season,CLE,ATL,136,114,2018-10-30
401070779,2018-10-30T23:00Z,2019,regular-season,ORL,SAC,99,107,2018-10-30
401070780,2018-10-30T23:30Z,2019,regular-season,BOS,DET,108,105,2018-10-30
401070781,2018-10-30T23:30Z,2019,regular-season,TOR,PHI,129,112,2018-10-30
401070782,2018-10-31T00:00Z,2019,regular-season,HOU,POR,85,104,2018-10-30
401070783,2018-10-31T00:00Z,2019,regular-season,MEM,WAS,107,95,2018-10-30
401070784,2018-10-31T00:00Z,2019,regular-season,OKC,LAC,128,110,2018-10-30
401070785,2018-10-31T23:30Z,2019,regular-season,BKN,DET,120,119,2018-10-31
401070786,2018-11-01T00:00Z,2019,regular-season,NYK,IND,101,107,2018-10-31
401070787,2018-11-01T00:00Z,2019,regular-season,CHI,DEN,107,108,2018-10-31
401070788,2018-11-01T00:00Z,2019,regular-season,MIN,UTA,128,125,2018-10-31
401070789,2018-11-01T02:30Z,2019,regular-season,GSW,NOP,131,121,2018-10-31
401070790,2018-11-01T02:30Z,2019,regular-season,LAL,DAL,114,113,2018-10-31
401070791,2018-11-01T02:30Z,2019,regular-season,PHX,SAS,90,120,2018-10-31
401070792,2018-11-01T23:00Z,2019,regular-season,CHA,OKC,107,111,2018-11-01
401070793,2018-11-01T23:00Z,2019,regular-season,CLE,DEN,91,110,2018-11-01
401070794,2018-11-01T23:00Z,2019,regular-season,PHI,LAC,122,113,2018-11-01
401070795,2018-11-01T23:30Z,2019,regular-season,ATL,SAC,115,146,2018-11-01
401070796,2018-11-02T00:00Z,2019,regular-season,BOS,MIL,117,113,2018-11-01
401070797,2018-11-02T02:30Z,2019,regular-season,POR,NOP,132,119,2018-11-01
401070798,2018-11-02T23:00Z,2019,regular-season,ORL,LAC,95,120,2018-11-02
401070799,2018-11-02T23:30Z,2019,regular-season,BKN,HOU,111,119,2018-11-02
401070800,2018-11-03T00:00Z,2019,regular-season,WAS,OKC,111,134,2018-11-02
401070801,2018-11-03T00:00Z,2019,regular-season,CHI,IND,105,107,2018-11-02
401070802,2018-11-03T00:30Z,2019,regular-season,DAL,NYK,106,118,2018-11-02
401070803,2018-11-03T01:00Z,2019,regular-season,UTA,MEM,100,110,2018-11-02
401070804,2018-11-03T02:00Z,2019,regular-season,PHX,TOR,98,107,2018-11-02
401070805,2018-11-03T02:30Z,2019,regular-season,GSW,MIN,116,99,2018-11-02
401070806,2018-11-03T17:00Z,2019,regular-season,PHI,DET,109,99,2018-11-03
401070807,2018-11-03T23:00Z,2019,regular-season,CHA,CLE,126,94,2018-11-03
401070808,2018-11-03T23:00Z,2019,regular-season,IND,BOS,102,101,2018-11-03
401070809,2018-11-03T23:30Z,2019,regular-season,ATL,MIA,123,118,2018-11-03
401070810,2018-11-04T00:00Z,2019,regular-season,CHI,HOU,88,96,2018-11-03
401070811,2018-11-04T00:30Z,2019,regular-season,SAS,NOP,109,95,2018-11-03
401070812,2018-11-04T01:00Z,2019,regular-season,DEN,UTA,103,88,2018-11-03
401070813,2018-11-04T02:00Z,2019,regular-season,POR,LAL,110,114,2018-11-03
401070814,2018-11-04T20:30Z,2019,regular-season,MIL,SAC,144,109,2018-11-04
401070815,2018-11-04T23:00Z,2019,regular-season,BKN,PHI,122,97,2018-11-04
401070816,2018-11-04T23:00Z,2019,regular-season,WAS,NYK,108,95,2018-11-04
401070817,2018-11-05T00:00Z,2019,regular-season,SAS,ORL,110,117,2018-11-04
401070818,2018-11-05T01:00Z,2019,regular-season,PHX,MEM,102,100,2018-11-04
401070819,2018-11-05T02:00Z,2019,regular-season,POR,MIN,111,81,2018-11-04
401070820,2018-11-05T02:30Z,2019,regular-season,LAL,TOR,107,121,2018-11-04
401070821,2018-11-06T00:00Z,2019,regular-season,DET,MIA,115,120,2018-11-05
401070822,2018-11-06T00:00Z,2019,regular-season,IND,HOU,94,98,2018-11-05
401070823,2018-11-06T00:00Z,2019,regular-season,ORL,CLE,102,100,2018-11-05
401070824,2018-11-06T00:30Z,2019,regular-season,NYK,CHI,115,116,2018-11-05
401070825,2018-11-06T01:00Z,2019,regular-season,OKC,NOP,122,116,2018-11-05
401070826,2018-11-06T02:00Z,2019,regular-season,DEN,BOS,115,107,2018-11-05
401070827,2018-11-06T02:00Z,2019,regular-season,UTA,TOR,111,124,2018-11-05
401070828,2018-11-06T03:30Z,2019,regular-season,GSW,MEM,117,101,2018-11-05
401070829,2018-11-06T03:30Z,2019,regular-season,LAC,MIN,120,109,2018-11-05
401070830,2018-11-07T00:00Z,2019,regular-season,CHA,ATL,113,102,2018-11-06
401070831,2018-11-07T01:30Z,2019,regular-season,DAL,WAS,119,100,2018-11-06
401070832,2018-11-07T02:00Z,2019,regular-season,PHX,BKN,82,104,2018-11-06
401070833,2018-11-07T03:00Z,2019,regular-season,POR,MIL,118,103,2018-11-06
401070834,2018-11-08T00:00Z,2019,regular-season,CLE,OKC,86,95,2018-11-07
401070835,2018-11-08T00:00Z,2019,regular-season,ORL,DET,96,103,2018-11-07
401070836,2018-11-08T00:30Z,2019,regular-season,ATL,NYK,107,112,2018-11-07
401070837,2018-11-08T00:30Z,2019,regular-season,MIA,SAS,95,88,2018-11-07
401070838,2018-11-08T01:00Z,2019,regular-season,IND,PHI,94,100,2018-11-07
401070839,2018-11-08T01:00Z,2019,regular-season,MEM,DEN,89,87,2018-11-07
401070840,2018-11-08T01:00Z,2019,regular-season,NOP,CHI,107,98,2018-11-07
401070841,2018-11-08T02:00Z,2019,regular-season,UTA,DAL,117,102,2018-11-07
401070842,2018-11-08T03:00Z,2019,regular-season,SAC,TOR,105,114,2018-11-07
401070843,2018-11-08T03:30Z,2019,regular-season,LAL,MIN,114,110,2018-11-07
401070844,2018-11-09T01:00Z,2019,regular-season,OKC,HOU,98,80,2018-11-08
401070845,2018-11-09T02:00Z,2019,regular-season,PHX,BOS,109,116,2018-11-08
401070846,2018-11-09T03:00Z,2019,regular-season,POR,LAC,116,105,2018-11-08
401070847,2018-11-09T03:30Z,2019,regular-season,GSW,MIL,111,134,2018-11-08
401070848,2018-11-10T00:00Z,2019,regular-season,ORL,WAS,117,108,2018-11-09
401070849,2018-11-10T00:00Z,2019,regular-season,PHI,CHA,133,132,2018-11-09
401070850,2018-11-10T00:30Z,2019,regular-season,ATL,DET,109,124,2018-11-09
401070851,2018-11-10T01:00Z,2019,regular-season,MIA,IND,102,110,2018-11-09
401070852,2018-11-10T02:00Z,2019,regular-season,DEN,BKN,110,112,2018-11-09
401070853,2018-11-10T02:30Z,2019,regular-season,UTA,BOS,123,115,2018-11-09
401070854,2018-11-10T03:00Z,2019,regular-season,SAC,MIN,121,110,2018-11-09
401070855,2018-11-10T20:00Z,2019,regular-season,TOR,NYK,128,112,2018-11-10
401070856,2018-11-10T20:30Z,2019,regular-season,LAC,MIL,128,126,2018-11-10
401070857,2018-11-11T00:00Z,2019,regular-season,NOP,PHX,119,99,2018-11-10
401070858,2018-11-11T01:00Z,2019,regular-season,MIA,WAS,110,116,2018-11-10
401070859,2018-11-11T01:00Z,2019,regular-season,CHI,CLE,99,98,2018-11-10
401070860,2018-11-11T01:00Z,2019,regular-season,MEM,PHI,112,106,2018-11-10
401070861,2018-11-11T01:30Z,2019,regular-season,SAS,HOU,96,89,2018-11-10
401070862,2018-11-11T01:30Z,2019,regular-season,GSW,BKN,116,100,2018-11-10
401070863,2018-11-11T02:00Z,2019,regular-season,DAL,OKC,111,96,2018-11-10
401070864,2018-11-11T03:00Z,2019,regular-season,SAC,LAL,86,101,2018-11-10
401070865,2018-11-11T20:30Z,2019,regular-season,DET,CHA,103,113,2018-11-11
401070866,2018-11-12T00:00Z,2019,regular-season,HOU,IND,115,103,2018-11-11
401070867,2018-11-12T00:30Z,2019,regular-season,NYK,ORL,89,115,2018-11-11
401070868,2018-11-12T01:00Z,2019,regular-season,DEN,MIL,114,121,2018-11-11
401070869,2018-11-12T02:00Z,2019,regular-season,POR,BOS,100,94,2018-11-11
401070870,2018-11-12T02:30Z,2019,regular-season,LAL,ATL,107,106,2018-11-11
401070871,2018-11-13T00:00Z,2019,regular-season,WAS,ORL,117,109,2018-11-12
401070872,2018-11-13T00:30Z,2019,regular-season,MIA,PHI,114,124,2018-11-12
401070873,2018-11-13T00:30Z,2019,regular-season,TOR,NOP,110,126,2018-11-12
401070874,2018-11-13T01:00Z,2019,regular-season,CHI,DAL,98,103,2018-11-12
401070875,2018-11-13T01:00Z,2019,regular-season,MEM,UTA,88,96,2018-11-12
401070876,2018-11-13T01:00Z,2019,regular-season,MIN,BKN,120,113,2018-11-12
401070877,2018-11-13T01:00Z,2019,regular-season,OKC,PHX,118,101,2018-11-12
401070878,2018-11-13T03:00Z,2019,regular-season,SAC,SAS,104,99,2018-11-12
401070879,2018-11-13T03:30Z,2019,regular-season,LAC,GSW,121,116,2018-11-12
401070880,2018-11-14T00:00Z,2019,regular-season,CLE,CHA,113,89,2018-11-13
401070881,2018-11-14T02:00Z,2019,regular-season,DEN,HOU,99,109,2018-11-13
401070882,2018-11-14T03:30Z,2019,regular-season,GSW,ATL,110,103,2018-11-13
401070883,2018-11-15T00:00Z,2019,regular-season,ORL,PHI,111,106,2018-11-14
401070884,2018-11-15T00:00Z,2019,regular-season,WAS,CLE,119,95,2018-11-14
401070885,2018-11-15T00:30Z,2019,regular-season,BOS,CHI,111,82,2018-11-14
401070886,2018-11-15T00:30Z,2019,regular-season,BKN,MIA,107,120,2018-11-14
401070887,2018-11-15T00:30Z,2019,regular-season,TOR,DET,104,106,2018-11-14
401070888,2018-11-15T01:00Z,2019,regular-season,MIL,MEM,113,116,2018-11-14
401070889,2018-11-15T01:00Z,2019,regular-season,MIN,NOP,107,100,2018-11-14
401070890,2018-11-15T01:00Z,2019,regular-season,OKC,NYK,128,103,2018-11-14
401070891,2018-11-15T01:30Z,2019,regular-season,DAL,UTA,118,68,2018-11-14
401070892,2018-11-15T02:00Z,2019,regular-season,PHX,SAS,116,96,2018-11-14
401070893,2018-11-15T03:30Z,2019,regular-season,LAL,POR,126,117,2018-11-14
401070894,2018-11-16T01:00Z,2019,regular-season,HOU,GSW,107,86,2018-11-15
401070895,2018-11-16T02:00Z,2019,regular-season,DEN,ATL,138,93,2018-11-15
401070896,2018-11-16T03:30Z,2019,regular-season,LAC,SAS,116,111,2018-11-15
401070897,2018-11-17T00:00Z,2019,regular-season,BOS,TOR,123,116,2018-11-16
401070898,2018-11-17T00:00Z,2019,regular-season,IND,MIA,99,91,2018-11-16
401070899,2018-11-17T00:00Z,2019,regular-season,PHI,UTA,113,107,2018-11-16
401070900,2018-11-17T00:00Z,2019,regular-season,WAS,BKN,104,115,2018-11-16
401070901,2018-11-17T01:00Z,2019,regular-season,MEM,SAC,112,104,2018-11-16
401070902,2018-11-17T01:00Z,2019,regular-season,MIN,POR,112,96,2018-11-16
401070903,2018-11-17T01:00Z,2019,regular-season,NOP,NYK,129,124,2018-11-16
401070904,2018-11-17T02:30Z,2019,regular-season,MIL,CHI,123,104,2018-11-16
401070905,2018-11-17T23:00Z,2019,regular-season,BKN,LAC,119,127,2018-11-17
401070906,2018-11-18T00:00Z,2019,regular-season,CHA,PHI,119,122,2018-11-17
401070907,2018-11-18T00:00Z,2019,regular-season,IND,ATL,97,89,2018-11-17
401070908,2018-11-18T00:00Z,2019,regular-season,ORL,LAL,130,117,2018-11-17
401070909,2018-11-18T00:00Z,2019,regular-season,NOP,DEN,125,115,2018-11-17
401070910,2018-11-18T00:30Z,2019,regular-season,BOS,UTA,86,98,2018-11-17
401070911,2018-11-18T01:00Z,2019,regular-season,CHI,TOR,83,122,2018-11-17
401070912,2018-11-18T01:00Z,2019,regular-season,HOU,SAC,132,112,2018-11-17
401070913,2018-11-18T01:30Z,2019,regular-season,DAL,GSW,112,109,2018-11-17
401070914,2018-11-18T02:00Z,2019,regular-season,PHX,OKC,100,110,2018-11-17
401070915,2018-11-18T20:30Z,2019,regular-season,MIN,MEM,87,100,2018-11-18
401070916,2018-11-18T23:00Z,2019,regular-season,MIA,LAL,97,113,2018-11-18
401070917,2018-11-18T23:00Z,2019,regular-season,ORL,NYK,131,117,2018-11-18
401070918,2018-11-18T23:00Z,2019,regular-season,WAS,POR,109,119,2018-11-18
401070919,2018-11-19T00:00Z,2019,regular-season,SAS,GSW,104,92,2018-11-18
401070920,2018-11-20T00:00Z,2019,regular-season,CHA,BOS,117,112,2018-11-19
401070921,2018-11-20T00:00Z,2019,regular-season,DET,CLE,113,102,2018-11-19
401070922,2018-11-20T00:00Z,2019,regular-season,IND,UTA,121,94,2018-11-19
401070923,2018-11-20T00:00Z,2019,regular-season,PHI,PHX,119,114,2018-11-19
401070924,2018-11-20T00:30Z,2019,regular-season,ATL,LAC,119,127,2018-11-19
401070925,2018-11-20T01:00Z,2019,regular-season,MEM,DAL,98,88,2018-11-19
401070926,2018-11-20T01:00Z,2019,regular-season,MIL,DEN,104,98,2018-11-19
401070927,2018-11-20T01:00Z,2019,regular-season,NOP,SAS,140,126,2018-11-19
401070928,2018-11-20T03:00Z,2019,regular-season,SAC,OKC,117,113,2018-11-19
401070929,2018-11-21T00:00Z,2019,regular-season,ORL,TOR,91,93,2018-11-20
401070930,2018-11-21T00:00Z,2019,regular-season,WAS,LAC,125,118,2018-11-20
401070931,2018-11-21T00:30Z,2019,regular-season,MIA,BKN,92,104,2018-11-20
401070932,2018-11-21T00:30Z,2019,regular-season,NYK,POR,114,118,2018-11-20
401070933,2018-11-22T00:00Z,2019,regular-season,CHA,IND,127,109,2018-11-21
401070934,2018-11-22T00:00Z,2019,regular-season,PHI,NOP,121,120,2018-11-21
401070935,2018-11-22T00:30Z,2019,regular-season,ATL,TOR,108,124,2018-11-21
401070936,2018-11-22T00:30Z,2019,regular-season,BOS,NYK,109,117,2018-11-21
401070937,2018-11-22T01:00Z,2019,regular-season,CLE,LAL,105,109,2018-11-21
401070938,2018-11-22T01:00Z,2019,regular-season,CHI,PHX,124,116,2018-11-21
401070939,2018-11-22T01:00Z,2019,regular-season,HOU,DET,126,124,2018-11-21
401070940,2018-11-22T01:00Z,2019,regular-season,MIL,POR,143,100,2018-11-21
401070941,2018-11-22T01:00Z,2019,regular-season,MIN,DEN,101,103,2018-11-21
401070942,2018-11-22T01:30Z,2019,regular-season,DAL,BKN,119,113,2018-11-21
401070943,2018-11-22T01:30Z,2019,regular-season,SAS,MEM,103,104,2018-11-21
401070944,2018-11-22T02:00Z,2019,regular-season,UTA,SAC,110,119,2018-11-21
401070945,2018-11-22T03:30Z,2019,regular-season,GSW,OKC,95,123,2018-11-21
401070946,2018-11-23T17:00Z,2019,regular-season,BKN,MIN,102,112,2018-11-23
401070947,2018-11-23T20:30Z,2019,regular-season,LAC,MEM,112,107,2018-11-23
401070948,2018-11-24T00:00Z,2019,regular-season,DET,HOU,116,111,2018-11-23
401070949,2018-11-24T00:30Z,2019,regular-season,ATL,BOS,96,114,2018-11-23
401070950,2018-11-24T00:30Z,2019,regular-season,NYK,NOP,114,109,2018-11-23
401070951,2018-11-24T00:30Z,2019,regular-season,PHI,CLE,112,121,2018-11-23
401070952,2018-11-24T00:30Z,2019,regular-season,TOR,WAS,125,107,2018-11-23
401070953,2018-11-24T01:00Z,2019,regular-season,IND,SAS,100,111,2018-11-23
401070954,2018-11-24T01:00Z,2019,regular-season,CHI,MIA,96,103,2018-11-23
401070955,2018-11-24T01:00Z,2019,regular-season,OKC,CHA,109,104,2018-11-23
401070956,2018-11-24T01:30Z,2019,regular-season,MIL,PHX,114,116,2018-11-23
401070957,2018-11-24T02:00Z,2019,regular-season,DEN,ORL,112,87,2018-11-23
401070958,2018-11-24T03:30Z,2019,regular-season,GSW,POR,125,97,2018-11-23
401070959,2018-11-24T03:30Z,2019,regular-season,LAL,UTA,90,83,2018-11-23
401070960,2018-11-25T00:30Z,2019,regular-season,CLE,HOU,117,108,2018-11-24
401070961,2018-11-25T01:00Z,2019,regular-season,WAS,NOP,124,114,2018-11-24
401070962,2018-11-25T01:00Z,2019,regular-season,MIN,CHI,111,96,2018-11-24
401070963,2018-11-25T01:00Z,2019,regular-season,OKC,DEN,98,105,2018-11-24
401070964,2018-11-25T01:30Z,2019,regular-season,DAL,BOS,113,104,2018-11-24
401070965,2018-11-25T01:30Z,2019,regular-season,MIL,SAS,135,129,2018-11-24
401070966,2018-11-25T01:30Z,2019,regular-season,GSW,SAC,117,116,2018-11-24
401070967,2018-11-25T20:30Z,2019,regular-season,LAL,ORL,104,108,2018-11-25
401070968,2018-11-25T21:00Z,2019,regular-season,DET,PHX,118,107,2018-11-25
401070969,2018-11-25T23:00Z,2019,regular-season,ATL,CHA,124,123,2018-11-25
401070970,2018-11-25T23:00Z,2019,regular-season,BKN,PHI,125,127,2018-11-25
401070971,2018-11-25T23:00Z,2019,regular-season,TOR,MIA,125,115,2018-11-25
401070972,2018-11-25T23:00Z,2019,regular-season,MEM,NYK,98,103,2018-11-25
401070973,2018-11-26T01:00Z,2019,regular-season,SAC,UTA,112,133,2018-11-25
401070974,2018-11-26T02:00Z,2019,regular-season,POR,LAC,100,104,2018-11-25
401070975,2018-11-27T00:00Z,2019,regular-season,CHA,MIL,110,107,2018-11-26
401070976,2018-11-27T00:00Z,2019,regular-season,CLE,MIN,95,102,2018-11-26
401070977,2018-11-27T00:00Z,2019,regular-season,WAS,HOU,135,131,2018-11-26
401070978,2018-11-27T01:00Z,2019,regular-season,CHI,SAS,107,108,2018-11-26
401070979,2018-11-27T01:00Z,2019,regular-season,NOP,BOS,107,124,2018-11-26
401070980,2018-11-27T02:00Z,2019,regular-season,UTA,IND,88,121,2018-11-26
401070981,2018-11-27T03:30Z,2019,regular-season,GSW,ORL,116,110,2018-11-26
401070982,2018-11-28T00:00Z,2019,regular-season,DET,NYK,115,108,2018-11-27
401070983,2018-11-28T00:30Z,2019,regular-season,MIA,ATL,113,115,2018-11-27
401070984,2018-11-28T01:00Z,2019,regular-season,MEM,TOR,114,122,2018-11-27
401070985,2018-11-28T02:00Z,2019,regular-season,DEN,LAL,117,85,2018-11-27
401070986,2018-11-28T02:00Z,2019,regular-season,PHX,IND,104,109,2018-11-27
401070987,2018-11-29T00:00Z,2019,regular-season,CHA,ATL,108,94,2018-11-28
401070988,2018-11-29T00:00Z,2019,regular-season,PHI,NYK,117,91,2018-11-28
401070989,2018-11-29T00:30Z,2019,regular-season,BKN,UTA,91,101,2018-11-28
401070990,2018-11-29T01:00Z,2019,regular-season,HOU,DAL,108,128,2018-11-28
401070991,2018-11-29T01:00Z,2019,regular-season,MIL,CHI,116,113,2018-11-28
401070992,2018-11-29T01:00Z,2019,regular-season,MIN,SAS,128,89,2018-11-28
401070993,2018-11-29T01:00Z,2019,regular-season,NOP,WAS,125,104,2018-11-28
401070994,2018-11-29T01:00Z,2019,regular-season,OKC,CLE,100,83,2018-11-28
401070995,2018-11-29T03:00Z,2019,regular-season,POR,ORL,115,112,2018-11-28
401070996,2018-11-29T03:30Z,2019,regular-season,LAC,PHX,115,99,2018-11-28
401070997,2018-11-30T01:00Z,2019,regular-season,TOR,GSW,131,128,2018-11-29
401070998,2018-11-30T03:30Z,2019,regular-season,LAL,IND,104,96,2018-11-29
401070999,2018-11-30T03:30Z,2019,regular-season,SAC,LAC,121,133,2018-11-29
401071000,2018-12-01T00:00Z,2019,regular-season,BOS,CLE,128,95,2018-11-30
401071001,2018-12-01T00:00Z,2019,regular-season,CHA,UTA,111,119,2018-11-30
401071002,2018-12-01T00:00Z,2019,regular-season,DET,CHI,107,88,2018-11-30
401071003,2018-12-01T00:00Z,2019,regular-season,PHI,WAS,123,98,2018-11-30
401071004,2018-12-01T00:30Z,2019,regular-season,BKN,MEM,125,131,2018-11-30
401071005,2018-12-01T01:00Z,2019,regular-season,MIA,NOP,106,101,2018-11-30
401071006,2018-12-01T01:00Z,2019,regular-season,OKC,ATL,124,109,2018-11-30
401071007,2018-12-01T01:00Z,2019,regular-season,SAS,HOU,105,136,2018-11-30
401071008,2018-12-01T02:00Z,2019,regular-season,PHX,ORL,85,99,2018-11-30
401071009,2018-12-01T03:30Z,2019,regular-season,LAL,DAL,114,103,2018-11-30
401071010,2018-12-01T03:30Z,2019,regular-season,POR,DEN,112,113,2018-11-30
401071011,2018-12-01T22:00Z,2019,regular-season,NYK,MIL,136,134,2018-12-01
401071012,2018-12-02T00:00Z,2019,regular-season,DET,GSW,111,102,2018-12-01
401071013,2018-12-02T00:00Z,2019,regular-season,WAS,BKN,102,88,2018-12-01
401071014,2018-12-02T01:00Z,2019,regular-season,CLE,TOR,95,106,2018-12-01
401071015,2018-12-02T01:00Z,2019,regular-season,HOU,CHI,121,105,2018-12-01
401071016,2018-12-02T01:00Z,2019,regular-season,MIN,BOS,109,118,2018-12-01
401071017,2018-12-02T03:00Z,2019,regular-season,SAC,IND,111,110,2018-12-01
401071018,2018-12-02T20:30Z,2019,regular-season,LAL,PHX,120,96,2018-12-02
401071019,2018-12-02T22:00Z,2019,regular-season,CHA,NOP,109,119,2018-12-02
401071020,2018-12-02T23:00Z,2019,regular-season,MIA,UTA,102,100,2018-12-02
401071021,2018-12-02T23:00Z,2019,regular-season,PHI,MEM,103,95,2018-12-02
401071022,2018-12-03T00:00Z,2019,regular-season,DAL,LAC,114,110,2018-12-02
401071023,2018-12-03T00:00Z,2019,regular-season,SAS,POR,131,118,2018-12-02
401071024,2018-12-04T00:00Z,2019,regular-season,DET,OKC,83,110,2018-12-03
401071025,2018-12-04T00:30Z,2019,regular-season,ATL,GSW,111,128,2018-12-03
401071026,2018-12-04T00:30Z,2019,regular-season,BKN,CLE,97,99,2018-12-03
401071027,2018-12-04T00:30Z,2019,regular-season,NYK,WAS,107,110,2018-12-03
401071028,2018-12-04T00:30Z,2019,regular-season,TOR,DEN,103,106,2018-12-03
401071029,2018-12-04T01:00Z,2019,regular-season,MIN,HOU,103,91,2018-12-03
401071030,2018-12-04T01:00Z,2019,regular-season,NOP,LAC,126,129,2018-12-03
401071031,2018-12-05T00:00Z,2019,regular-season,IND,CHI,96,90,2018-12-04
401071032,2018-12-05T00:30Z,2019,regular-season,MIA,ORL,90,105,2018-12-04
401071033,2018-12-05T01:30Z,2019,regular-season,DAL,POR,111,102,2018-12-04
401071034,2018-12-05T02:00Z,2019,regular-season,PHX,SAC,105,122,2018-12-04
401071035,2018-12-05T02:00Z,2019,regular-season,UTA,SAS,139,105,2018-12-04
401071036,2018-12-06T00:00Z,2019,regular-season,CLE,GSW,105,129,2018-12-05
401071037,2018-12-06T00:00Z,2019,regular-season,ORL,DEN,118,124,2018-12-05
401071038,2018-12-06T00:30Z,2019,regular-season,ATL,WAS,117,131,2018-12-05
401071039,2018-12-06T00:30Z,2019,regular-season,BKN,OKC,112,114,2018-12-05
401071040,2018-12-06T01:00Z,2019,regular-season,TOR,PHI,113,102,2018-12-05
401071041,2018-12-06T01:00Z,2019,regular-season,MEM,LAC,96,86,2018-12-05
401071042,2018-12-06T01:00Z,2019,regular-season,MIL,DET,115,92,2018-12-05
401071043,2018-12-06T01:00Z,2019,regular-season,MIN,CHA,121,104,2018-12-05
401071044,2018-12-06T01:00Z,2019,regular-season,NOP,DAL,132,106,2018-12-05
401071045,2018-12-06T03:30Z,2019,regular-season,LAL,SAS,121,113,2018-12-05
401071046,2018-12-07T01:00Z,2019,regular-season,BOS,NYK,128,100,2018-12-06
401071047,2018-12-07T03:00Z,2019,regular-season,POR,PHX,108,86,2018-12-06
401071048,2018-12-07T03:30Z,2019,regular-season,UTA,HOU,118,91,2018-12-06
401071049,2018-12-08T00:00Z,2019,regular-season,CHA,DEN,113,107,2018-12-07
401071050,2018-12-08T00:00Z,2019,regular-season,DET,PHI,111,117,2018-12-07
401071051,2018-12-08T00:00Z,2019,regular-season,ORL,IND,90,112,2018-12-07
401071052,2018-12-08T00:30Z,2019,regular-season,BKN,TOR,106,105,2018-12-07
401071053,2018-12-08T00:30Z,2019,regular-season,CLE,SAC,110,129,2018-12-07
401071054,2018-12-08T01:00Z,2019,regular-season,CHI,OKC,114,112,2018-12-07
401071055,2018-12-08T01:00Z,2019,regular-season,NOP,MEM,103,107,2018-12-07
401071056,2018-12-08T01:30Z,2019,regular-season,SAS,LAL,133,120,2018-12-07
401071057,2018-12-08T02:00Z,2019,regular-season,PHX,MIA,98,115,2018-12-07
401071058,2018-12-08T02:30Z,2019,regular-season,MIL,GSW,95,105,2018-12-07
401071059,2018-12-08T23:00Z,2019,regular-season,DAL,HOU,107,104,2018-12-08
401071060,2018-12-09T00:00Z,2019,regular-season,IND,SAC,107,97,2018-12-08
401071061,2018-12-09T00:30Z,2019,regular-season,ATL,DEN,106,98,2018-12-08
401071062,2018-12-09T00:30Z,2019,regular-season,CLE,WAS,116,101,2018-12-08
401071063,2018-12-09T00:30Z,2019,regular-season,NYK,BKN,104,112,2018-12-08
401071064,2018-12-09T01:00Z,2019,regular-season,CHI,BOS,77,133,2018-12-08
401071065,2018-12-09T01:00Z,2019,regular-season,MEM,LAL,88,111,2018-12-08
401071066,2018-12-09T03:00Z,2019,regular-season,POR,MIN,113,105,2018-12-08
401071067,2018-12-09T03:30Z,2019,regular-season,LAC,MIA,98,121,2018-12-08
401071068,2018-12-09T20:30Z,2019,regular-season,DET,NOP,108,116,2018-12-09
401071069,2018-12-09T23:00Z,2019,regular-season,TOR,MIL,99,104,2018-12-09
401071070,2018-12-10T00:00Z,2019,regular-season,SAS,UTA,110,97,2018-12-09
401071071,2018-12-10T00:30Z,2019,regular-season,NYK,CHA,107,119,2018-12-09
401071072,2018-12-11T00:00Z,2019,regular-season,IND,WAS,109,101,2018-12-10
401071073,2018-12-11T00:00Z,2019,regular-season,PHI,DET,116,102,2018-12-10
401071074,2018-12-11T00:30Z,2019,regular-season,BOS,NOP,113,100,2018-12-10
401071075,2018-12-11T01:00Z,2019,regular-season,CHI,SAC,89,108,2018-12-10
401071076,2018-12-11T01:00Z,2019,regular-season,MIL,CLE,108,92,2018-12-10
401071077,2018-12-11T01:00Z,2019,regular-season,OKC,UTA,122,113,2018-12-10
401071078,2018-12-11T01:30Z,2019,regular-season,DAL,ORL,101,76,2018-12-10
401071079,2018-12-11T02:00Z,2019,regular-season,DEN,MEM,105,99,2018-12-10
401071080,2018-12-11T02:00Z,2019,regular-season,PHX,LAC,119,123,2018-12-10
401071081,2018-12-11T03:30Z,2019,regular-season,GSW,MIN,116,108,2018-12-10
401071082,2018-12-11T03:30Z,2019,regular-season,LAL,MIA,108,105,2018-12-10
401071083,2018-12-12T01:00Z,2019,regular-season,HOU,POR,111,104,2018-12-11
401071084,2018-12-12T01:30Z,2019,regular-season,SAS,PHX,111,86,2018-12-11
401071085,2018-12-12T03:30Z,2019,regular-season,LAC,TOR,99,123,2018-12-11
401071086,2018-12-13T00:00Z,2019,regular-season,CHA,DET,108,107,2018-12-12
401071087,2018-12-13T00:00Z,2019,regular-season,CLE,NYK,113,106,2018-12-12
401071088,2018-12-13T00:00Z,2019,regular-season,IND,MIL,113,97,2018-12-12
401071089,2018-12-13T00:00Z,2019,regular-season,PHI,BKN,124,127,2018-12-12
401071090,2018-12-13T00:00Z,2019,regular-season,WAS,BOS,125,130,2018-12-12
401071091,2018-12-13T01:00Z,2019,regular-season,MEM,POR,92,83,2018-12-12
401071092,2018-12-13T01:00Z,2019,regular-season,NOP,OKC,118,114,2018-12-12
401071093,2018-12-13T01:30Z,2019,regular-season,DAL,ATL,114,107,2018-12-12
401071094,2018-12-13T02:00Z,2019,regular-season,UTA,MIA,111,84,2018-12-12
401071095,2018-12-13T03:00Z,2019,regular-season,SAC,MIN,141,130,2018-12-12
401071096,2018-12-13T03:30Z,2019,regular-season,GSW,TOR,93,113,2018-12-12
401071097,2018-12-14T01:00Z,2019,regular-season,HOU,LAL,126,111,2018-12-13
401071098,2018-12-14T01:30Z,2019,regular-season,SAS,LAC,125,87,2018-12-13
401071099,2018-12-14T02:30Z,2019,regular-season,ORL,CHI,97,91,2018-12-13
401071100,2018-12-14T03:30Z,2019,regular-season,PHX,DAL,99,89,2018-12-13
401071101,2018-12-15T00:00Z,2019,regular-season,BOS,ATL,129,108,2018-12-14
401071102,2018-12-15T00:00Z,2019,regular-season,CHA,NYK,124,126,2018-12-14
401071103,2018-12-15T00:30Z,2019,regular-season,BKN,WAS,125,118,2018-12-14
401071104,2018-12-15T00:30Z,2019,regular-season,CLE,MIL,102,114,2018-12-14
401071105,2018-12-15T00:30Z,2019,regular-season,PHI,IND,101,113,2018-12-14
401071106,2018-12-15T01:00Z,2019,regular-season,MEM,MIA,97,100,2018-12-14
401071107,2018-12-15T03:00Z,2019,regular-season,DEN,OKC,109,98,2018-12-14
401071108,2018-12-15T03:00Z,2019,regular-season,POR,TOR,128,122,2018-12-14
401071109,2018-12-15T03:00Z,2019,regular-season,SAC,GSW,125,130,2018-12-14
401071110,2018-12-15T22:00Z,2019,regular-season,ORL,UTA,96,89,2018-12-15
401071111,2018-12-16T00:00Z,2019,regular-season,CHA,LAL,100,128,2018-12-15
401071112,2018-12-16T00:00Z,2019,regular-season,DET,BOS,113,104,2018-12-15
401071113,2018-12-16T01:00Z,2019,regular-season,MEM,HOU,97,105,2018-12-15
401071114,2018-12-16T01:30Z,2019,regular-season,SAS,CHI,93,98,2018-12-15
401071115,2018-12-16T02:00Z,2019,regular-season,OKC,LAC,110,104,2018-12-15
401071116,2018-12-16T02:00Z,2019,regular-season,PHX,MIN,107,99,2018-12-15
401071117,2018-12-16T20:00Z,2019,regular-season,BKN,ATL,144,127,2018-12-16
401071118,2018-12-16T20:30Z,2019,regular-season,CLE,PHI,105,128,2018-12-16
401071119,2018-12-16T22:00Z,2019,regular-season,IND,NYK,110,99,2018-12-16
401071120,2018-12-16T23:00Z,2019,regular-season,WAS,LAL,128,110,2018-12-16
401071121,2018-12-17T00:00Z,2019,regular-season,DAL,SAC,113,120,2018-12-16
401071122,2018-12-17T00:00Z,2019,regular-season,NOP,MIA,96,102,2018-12-16
401071123,2018-12-17T01:00Z,2019,regular-season,DEN,TOR,95,86,2018-12-16
401071124,2018-12-18T00:00Z,2019,regular-season,DET,MIL,104,107,2018-12-17
401071125,2018-12-18T00:30Z,2019,regular-season,NYK,PHX,110,128,2018-12-17
401071126,2018-12-18T01:00Z,2019,regular-season,HOU,UTA,102,97,2018-12-17
401071127,2018-12-18T01:00Z,2019,regular-season,MIN,SAC,132,105,2018-12-17
401071128,2018-12-18T01:00Z,2019,regular-season,OKC,CHI,121,96,2018-12-17
401071129,2018-12-18T01:30Z,2019,regular-season,SAS,PHI,123,96,2018-12-17
401071130,2018-12-18T03:30Z,2019,regular-season,GSW,MEM,110,93,2018-12-17
401071131,2018-12-18T03:30Z,2019,regular-season,LAC,POR,127,131,2018-12-17
401071132,2018-12-19T00:00Z,2019,regular-season,IND,CLE,91,92,2018-12-18
401071133,2018-12-19T00:30Z,2019,regular-season,ATL,WAS,118,110,2018-12-18
401071134,2018-12-19T00:30Z,2019,regular-season,BKN,LAL,115,110,2018-12-18
401071135,2018-12-19T02:00Z,2019,regular-season,DEN,DAL,126,118,2018-12-18
401071136,2018-12-20T00:00Z,2019,regular-season,CHA,CLE,110,99,2018-12-19
401071137,2018-12-20T00:00Z,2019,regular-season,ORL,SAS,90,129,2018-12-19
401071138,2018-12-20T00:00Z,2019,regular-season,PHI,NYK,131,109,2018-12-19
401071139,2018-12-20T00:30Z,2019,regular-season,BOS,PHX,103,111,2018-12-19
401071140,2018-12-20T00:30Z,2019,regular-season,TOR,IND,99,96,2018-12-19
401071141,2018-12-20T01:00Z,2019,regular-season,CHI,BKN,93,96,2018-12-19
401071142,2018-12-20T01:00Z,2019,regular-season,HOU,WAS,136,118,2018-12-19
401071143,2018-12-20T01:00Z,2019,regular-season,MIL,NOP,123,115,2018-12-19
401071144,2018-12-20T01:00Z,2019,regular-season,MIN,DET,123,129,2018-12-19
401071145,2018-12-20T02:00Z,2019,regular-season,UTA,GSW,108,103,2018-12-19
401071146,2018-12-20T03:00Z,2019,regular-season,POR,MEM,99,92,2018-12-19
401071147,2018-12-20T03:00Z,2019,regular-season,SAC,OKC,113,132,2018-12-19
401071148,2018-12-21T01:00Z,2019,regular-season,MIA,HOU,101,99,2018-12-20
401071149,2018-12-21T03:30Z,2019,regular-season,LAC,DAL,125,121,2018-12-20
401071150,2018-12-22T00:00Z,2019,regular-season,CHA,DET,98,86,2018-12-21
401071151,2018-12-22T00:00Z,2019,regular-season,TOR,CLE,126,110,2018-12-21
401071152,2018-12-22T00:30Z,2019,regular-season,BKN,IND,106,114,2018-12-21
401071153,2018-12-22T00:30Z,2019,regular-season,NYK,ATL,107,114,2018-12-21
401071154,2018-12-22T01:00Z,2019,regular-season,BOS,MIL,107,120,2018-12-21
401071155,2018-12-22T01:00Z,2019,regular-season,CHI,ORL,90,80,2018-12-21
401071156,2018-12-22T01:30Z,2019,regular-season,SAS,MIN,124,98,2018-12-21
401071157,2018-12-22T03:00Z,2019,regular-season,POR,UTA,90,120,2018-12-21
401071158,2018-12-22T03:00Z,2019,regular-season,SAC,MEM,102,99,2018-12-21
401071159,2018-12-22T03:30Z,2019,regular-season,LAL,NOP,112,104,2018-12-21
401071160,2018-12-22T22:00Z,2019,regular-season,LAC,DEN,132,111,2018-12-22
401071161,2018-12-23T00:00Z,2019,regular-season,WAS,PHX,149,146,2018-12-22
401071162,2018-12-23T00:30Z,2019,regular-season,PHI,TOR,126,101,2018-12-22
401071163,2018-12-23T01:00Z,2019,regular-season,MIA,MIL,94,87,2018-12-22
401071164,2018-12-23T01:00Z,2019,regular-season,HOU,SAS,108,101,2018-12-22
401071165,2018-12-23T01:30Z,2019,regular-season,GSW,DAL,120,116,2018-12-22
401071166,2018-12-23T02:00Z,2019,regular-season,UTA,OKC,106,107,2018-12-22
401071167,2018-12-23T21:00Z,2019,regular-season,DET,ATL,95,98,2018-12-23
401071168,2018-12-23T22:00Z,2019,regular-season,IND,WAS,105,89,2018-12-23
401071169,2018-12-23T23:00Z,2019,regular-season,BOS,CHA,119,103,2018-12-23
401071170,2018-12-23T23:00Z,2019,regular-season,BKN,PHX,111,103,2018-12-23
401071171,2018-12-23T23:00Z,2019,regular-season,CLE,CHI,92,112,2018-12-23
401071172,2018-12-23T23:00Z,2019,regular-season,ORL,MIA,91,115,2018-12-23
401071173,2018-12-23T23:00Z,2019,regular-season,SAC,NOP,122,117,2018-12-23
401071174,2018-12-24T01:00Z,2019,regular-season,OKC,MIN,112,114,2018-12-23
401071175,2018-12-24T01:30Z,2019,regular-season,GSW,LAC,129,127,2018-12-23
401071176,2018-12-24T02:00Z,2019,regular-season,POR,DAL,121,118,2018-12-23
401071177,2018-12-24T02:30Z,2019,regular-season,LAL,MEM,99,107,2018-12-23
401070233,2018-12-25T17:00Z,2019,regular-season,NYK,MIL,95,109,2018-12-25
401070234,2018-12-25T20:00Z,2019,regular-season,HOU,OKC,113,109,2018-12-25
401070235,2018-12-25T22:30Z,2019,regular-season,BOS,PHI,121,114,2018-12-25
401070236,2018-12-26T01:00Z,2019,regular-season,GSW,LAL,101,127,2018-12-25
401070237,2018-12-26T03:30Z,2019,regular-season,UTA,POR,117,96,2018-12-25
401071178,2018-12-27T00:00Z,2019,regular-season,DET,WAS,106,95,2018-12-26
401071179,2018-12-27T00:00Z,2019,regular-season,ORL,PHX,120,122,2018-12-26
401071180,2018-12-27T00:30Z,2019,regular-season,ATL,IND,121,129,2018-12-26
401071181,2018-12-27T00:30Z,2019,regular-season,BKN,CHA,134,132,2018-12-26
401071182,2018-12-27T00:30Z,2019,regular-season,MIA,TOR,104,106,2018-12-26
401071183,2018-12-27T01:00Z,2019,regular-season,CHI,MIN,94,119,2018-12-26
401071184,2018-12-27T01:00Z,2019,regular-season,MEM,CLE,95,87,2018-12-26
401071185,2018-12-27T01:30Z,2019,regular-season,DAL,NOP,122,119,2018-12-26
401071186,2018-12-27T01:30Z,2019,regular-season,SAS,DEN,111,103,2018-12-26
401071187,2018-12-27T03:30Z,2019,regular-season,LAC,SAC,127,118,2018-12-26
401071188,2018-12-28T01:00Z,2019,regular-season,HOU,BOS,127,113,2018-12-27
401071189,2018-12-28T01:00Z,2019,regular-season,MIL,NYK,112,96,2018-12-27
401071190,2018-12-28T03:00Z,2019,regular-season,SAC,LAL,117,116,2018-12-27
401071191,2018-12-28T03:30Z,2019,regular-season,UTA,PHI,97,114,2018-12-27
401071192,2018-12-28T03:30Z,2019,regular-season,GSW,POR,109,110,2018-12-27
401071193,2018-12-29T00:00Z,2019,regular-season,CHA,BKN,100,87,2018-12-28
401071194,2018-12-29T00:00Z,2019,regular-season,IND,DET,125,88,2018-12-28
401071195,2018-12-29T00:00Z,2019,regular-season,ORL,TOR,116,87,2018-12-28
401071196,2018-12-29T00:00Z,2019,regular-season,WAS,CHI,92,101,2018-12-28
401071197,2018-12-29T01:00Z,2019,regular-season,MIA,CLE,118,94,2018-12-28
401071198,2018-12-29T01:00Z,2019,regular-season,MIN,ATL,120,123,2018-12-28
401071199,2018-12-29T01:00Z,2019,regular-season,NOP,DAL,114,112,2018-12-28
401071200,2018-12-29T02:00Z,2019,regular-season,DEN,SAS,102,99,2018-12-28
401071201,2018-12-29T02:00Z,2019,regular-season,PHX,OKC,102,118,2018-12-28
401071202,2018-12-29T03:30Z,2019,regular-season,LAL,LAC,107,118,2018-12-28
401071203,2018-12-29T22:00Z,2019,regular-season,MIL,BKN,129,115,2018-12-29
401071204,2018-12-30T00:00Z,2019,regular-season,WAS,CHA,130,126,2018-12-29
401071205,2018-12-30T00:00Z,2019,regular-season,NOP,HOU,104,108,2018-12-29
401071206,2018-12-30T00:30Z,2019,regular-season,ATL,CLE,111,108,2018-12-29
401071207,2018-12-30T01:00Z,2019,regular-season,MEM,BOS,103,112,2018-12-29
401071208,2018-12-30T01:00Z,2019,regular-season,UTA,NYK,129,97,2018-12-29
401071209,2018-12-30T02:00Z,2019,regular-season,PHX,DEN,118,122,2018-12-29
401071210,2018-12-30T03:00Z,2019,regular-season,POR,GSW,105,115,2018-12-29
401071211,2018-12-30T03:30Z,2019,regular-season,LAC,SAS,111,122,2018-12-29
401071212,2018-12-30T20:30Z,2019,regular-season,ORL,DET,109,107,2018-12-30
401071213,2018-12-30T23:00Z,2019,regular-season,MIA,MIN,104,113,2018-12-30
401071214,2018-12-30T23:00Z,2019,regular-season,TOR,CHI,95,89,2018-12-30
401071215,2018-12-31T00:00Z,2019,regular-season,DAL,OKC,105,103,2018-12-30
401071216,2018-12-31T02:00Z,2019,regular-season,POR,PHI,129,95,2018-12-30
401071217,2018-12-31T02:30Z,2019,regular-season,LAL,SAC,121,114,2018-12-30
401071218,2018-12-31T20:00Z,2019,regular-season,IND,ATL,116,108,2018-12-31
401071219,2018-12-31T23:00Z,2019,regular-season,CHA,ORL,125,100,2018-12-31
401071220,2019-01-01T00:00Z,2019,regular-season,HOU,MEM,113,101,2018-12-31
401071221,2019-01-01T00:00Z,2019,regular-season,SAS,BOS,120,111,2018-12-31
401071222,2019-01-01T01:00Z,2019,regular-season,NOP,MIN,123,114,2018-12-31
401071223,2019-01-01T01:00Z,2019,regular-season,OKC,DAL,122,102,2018-12-31
401071224,2019-01-01T02:00Z,2019,regular-season,PHX,GSW,109,132,2018-12-31
401071225,2019-01-02T00:30Z,2019,regular-season,TOR,UTA,122,116,2019-01-01
401071226,2019-01-02T01:00Z,2019,regular-season,MIL,DET,121,98,2019-01-01
401071227,2019-01-02T02:00Z,2019,regular-season,DEN,NYK,115,108,2019-01-01
401071228,2019-01-02T02:00Z,2019,regular-season,SAC,POR,108,113,2019-01-01
401071229,2019-01-02T03:30Z,2019,regular-season,LAC,PHI,113,119,2019-01-01
401071230,2019-01-03T00:00Z,2019,regular-season,CHA,DAL,84,122,2019-01-02
401071231,2019-01-03T00:00Z,2019,regular-season,CLE,MIA,92,117,2019-01-02
401071232,2019-01-03T00:00Z,2019,regular-season,WAS,ATL,114,98,2019-01-02
401071233,2019-01-03T00:30Z,2019,regular-season,BKN,NOP,126,121,2019-01-02
401071234,2019-01-03T01:00Z,2019,regular-season,BOS,MIN,115,102,2019-01-02
401071235,2019-01-03T01:00Z,2019,regular-season,CHI,ORL,84,112,2019-01-02
401071236,2019-01-03T01:00Z,2019,regular-season,MEM,DET,94,101,2019-01-02
401071237,2019-01-03T02:00Z,2019,regular-season,PHX,PHI,127,132,2019-01-02
401071238,2019-01-03T03:30Z,2019,regular-season,LAL,OKC,100,107,2019-01-02
401071239,2019-01-04T01:00Z,2019,regular-season,SAS,TOR,125,107,2019-01-03
401071240,2019-01-04T03:00Z,2019,regular-season,SAC,DEN,113,117,2019-01-03
401071241,2019-01-04T03:30Z,2019,regular-season,GSW,HOU,134,135,2019-01-03
401071243,2019-01-05T00:30Z,2019,regular-season,CLE,UTA,91,117,2019-01-04
401071242,2019-01-05T01:00Z,2019,regular-season,BOS,DAL,114,93,2019-01-04
401071244,2019-01-05T01:00Z,2019,regular-season,MIA,WAS,115,109,2019-01-04
401071245,2019-01-05T01:00Z,2019,regular-season,CHI,IND,116,119,2019-01-04
401071246,2019-01-05T01:00Z,2019,regular-season,MEM,BKN,100,109,2019-01-04
401071247,2019-01-05T01:00Z,2019,regular-season,MIN,ORL,120,103,2019-01-04
401071248,2019-01-05T01:30Z,2019,regular-season,MIL,ATL,144,112,2019-01-04
401071249,2019-01-05T02:00Z,2019,regular-season,PHX,LAC,111,121,2019-01-04
401071250,2019-01-05T03:30Z,2019,regular-season,LAL,NYK,112,119,2019-01-04
401071251,2019-01-05T03:30Z,2019,regular-season,POR,OKC,109,111,2019-01-04
401071252,2019-01-05T22:00Z,2019,regular-season,DEN,CHA,123,110,2019-01-05
401071253,2019-01-06T00:00Z,2019,regular-season,DET,UTA,105,110,2019-01-05
401071254,2019-01-06T00:30Z,2019,regular-season,PHI,DAL,106,100,2019-01-05
401071255,2019-01-06T01:00Z,2019,regular-season,CLE,NOP,98,133,2019-01-05
401071256,2019-01-06T01:30Z,2019,regular-season,MIL,TOR,116,123,2019-01-05
401071257,2019-01-06T01:30Z,2019,regular-season,SAS,MEM,108,88,2019-01-05
401071258,2019-01-06T03:00Z,2019,regular-season,POR,HOU,110,101,2019-01-05
401071259,2019-01-06T03:00Z,2019,regular-season,SAC,GSW,123,127,2019-01-05
401071260,2019-01-06T20:30Z,2019,regular-season,CHI,BKN,100,117,2019-01-06
401071261,2019-01-06T20:30Z,2019,regular-season,MIN,LAL,108,86,2019-01-06
401071262,2019-01-06T20:30Z,2019,regular-season,LAC,ORL,106,96,2019-01-06
401071263,2019-01-06T23:00Z,2019,regular-season,ATL,MIA,106,82,2019-01-06
401071264,2019-01-07T00:00Z,2019,regular-season,OKC,WAS,98,116,2019-01-06
401071265,2019-01-07T00:30Z,2019,regular-season,TOR,IND,121,105,2019-01-06
401071266,2019-01-07T01:00Z,2019,regular-season,PHX,CHA,113,119,2019-01-06
401071267,2019-01-08T00:00Z,2019,regular-season,DET,SAS,107,119,2019-01-07
401071268,2019-01-08T00:30Z,2019,regular-season,BOS,BKN,116,95,2019-01-07
401071269,2019-01-08T01:00Z,2019,regular-season,HOU,DEN,125,113,2019-01-07
401071270,2019-01-08T01:00Z,2019,regular-season,MIL,UTA,114,102,2019-01-07
401071271,2019-01-08T01:00Z,2019,regular-season,NOP,MEM,114,95,2019-01-07
401071272,2019-01-08T01:30Z,2019,regular-season,DAL,LAL,97,107,2019-01-07
401071273,2019-01-08T03:00Z,2019,regular-season,POR,NYK,111,101,2019-01-07
401071274,2019-01-08T03:00Z,2019,regular-season,SAC,ORL,111,95,2019-01-07
401071275,2019-01-09T00:00Z,2019,regular-season,CLE,IND,115,123,2019-01-08
401071276,2019-01-09T00:00Z,2019,regular-season,PHI,WAS,132,115,2019-01-08
401071277,2019-01-09T00:30Z,2019,regular-season,MIA,DEN,99,103,2019-01-08
401071278,2019-01-09T00:30Z,2019,regular-season,TOR,ATL,104,101,2019-01-08
401071279,2019-01-09T01:00Z,2019,regular-season,OKC,MIN,117,119,2019-01-08
401071280,2019-01-09T02:00Z,2019,regular-season,PHX,SAC,115,111,2019-01-08
401071281,2019-01-09T03:30Z,2019,regular-season,GSW,NYK,122,95,2019-01-08
401071282,2019-01-09T03:30Z,2019,regular-season,LAC,CHA,128,109,2019-01-08
401071283,2019-01-10T00:00Z,2019,regular-season,BOS,IND,135,108,2019-01-09
401071284,2019-01-10T00:00Z,2019,regular-season,WAS,PHI,123,106,2019-01-09
401071285,2019-01-10T00:30Z,2019,regular-season,BKN,ATL,116,100,2019-01-09
401071286,2019-01-10T01:00Z,2019,regular-season,HOU,MIL,109,116,2019-01-09
401071287,2019-01-10T01:00Z,2019,regular-season,MEM,SAS,96,86,2019-01-09
401071288,2019-01-10T01:00Z,2019,regular-season,NOP,CLE,140,124,2019-01-09
401071289,2019-01-10T01:30Z,2019,regular-season,DAL,PHX,104,94,2019-01-09
401071290,2019-01-10T02:00Z,2019,regular-season,UTA,ORL,106,93,2019-01-09
401071291,2019-01-10T03:00Z,2019,regular-season,POR,CHI,124,112,2019-01-09
401071292,2019-01-10T03:30Z,2019,regular-season,LAL,DET,113,100,2019-01-09
401071293,2019-01-11T00:00Z,2019,regular-season,MIA,BOS,115,99,2019-01-10
401071294,2019-01-11T02:00Z,2019,regular-season,DEN,LAC,121,100,2019-01-10
401071295,2019-01-11T02:30Z,2019,regular-season,SAS,OKC,154,147,2019-01-10
401071296,2019-01-11T03:00Z,2019,regular-season,SAC,DET,112,102,2019-01-10
401071297,2019-01-12T00:00Z,2019,regular-season,PHI,ATL,121,123,2019-01-11
401071298,2019-01-12T00:00Z,2019,regular-season,WAS,MIL,113,106,2019-01-11
401071299,2019-01-12T00:30Z,2019,regular-season,NYK,IND,106,121,2019-01-11
401071300,2019-01-12T00:30Z,2019,regular-season,TOR,BKN,122,105,2019-01-11
401071301,2019-01-12T01:00Z,2019,regular-season,HOU,CLE,141,113,2019-01-11
401071302,2019-01-12T01:00Z,2019,regular-season,MIN,DAL,115,119,2019-01-11
401071303,2019-01-12T03:00Z,2019,regular-season,UTA,LAL,113,95,2019-01-11
401071304,2019-01-12T03:00Z,2019,regular-season,POR,CHA,127,96,2019-01-11
401071305,2019-01-12T03:30Z,2019,regular-season,GSW,CHI,146,109,2019-01-11
401071306,2019-01-12T20:30Z,2019,regular-season,LAC,DET,104,109,2019-01-12
401071307,2019-01-12T22:00Z,2019,regular-season,MIA,MEM,112,108,2019-01-12
401071308,2019-01-13T00:00Z,2019,regular-season,ORL,BOS,105,103,2019-01-12
401071309,2019-01-13T01:00Z,2019,regular-season,MIN,NOP,110,106,2019-01-12
401071310,2019-01-13T01:00Z,2019,regular-season,OKC,SAS,122,112,2019-01-12
401071311,2019-01-13T02:00Z,2019,regular-season,PHX,DEN,102,93,2019-01-12
401071312,2019-01-13T03:00Z,2019,regular-season,UTA,CHI,110,102,2019-01-12
401071313,2019-01-13T03:00Z,2019,regular-season,SAC,CHA,104,97,2019-01-12
401071314,2019-01-13T18:00Z,2019,regular-season,NYK,PHI,105,108,2019-01-13
401071315,2019-01-13T18:00Z,2019,regular-season,WAS,TOR,138,140,2019-01-13
401071316,2019-01-13T20:30Z,2019,regular-season,ATL,MIL,114,133,2019-01-13
401071317,2019-01-13T23:00Z,2019,regular-season,ORL,HOU,116,109,2019-01-13
401071318,2019-01-14T00:00Z,2019,regular-season,DAL,GSW,114,119,2019-01-13
401071319,2019-01-14T01:00Z,2019,regular-season,DEN,POR,116,113,2019-01-13
401071320,2019-01-14T02:30Z,2019,regular-season,LAL,CLE,95,101,2019-01-13
401071321,2019-01-15T00:30Z,2019,regular-season,BKN,BOS,109,102,2019-01-14
401071322,2019-01-15T01:00Z,2019,regular-season,HOU,MEM,112,94,2019-01-14
401071323,2019-01-15T01:30Z,2019,regular-season,SAS,CHA,93,108,2019-01-14
401071324,2019-01-15T02:00Z,2019,regular-season,UTA,DET,100,94,2019-01-14
401071325,2019-01-15T03:00Z,2019,regular-season,SAC,POR,115,107,2019-01-14
401071326,2019-01-15T03:30Z,2019,regular-season,LAC,NOP,117,121,2019-01-14
401071327,2019-01-16T00:00Z,2019,regular-season,IND,PHX,131,97,2019-01-15
401071328,2019-01-16T00:00Z,2019,regular-season,PHI,MIN,149,107,2019-01-15
401071329,2019-01-16T00:30Z,2019,regular-season,ATL,OKC,142,126,2019-01-15
401071330,2019-01-16T01:00Z,2019,regular-season,MIL,MIA,124,86,2019-01-15
401071331,2019-01-16T02:00Z,2019,regular-season,DEN,GSW,111,142,2019-01-15
401071332,2019-01-16T03:30Z,2019,regular-season,LAL,CHI,107,100,2019-01-15
401071333,2019-01-17T00:00Z,2019,regular-season,DET,ORL,120,115,2019-01-16
401071334,2019-01-17T01:00Z,2019,regular-season,BOS,TOR,117,108,2019-01-16
401071335,2019-01-17T01:00Z,2019,regular-season,HOU,BKN,142,145,2019-01-16
401071336,2019-01-17T01:00Z,2019,regular-season,MEM,MIL,101,111,2019-01-16
401071337,2019-01-17T01:30Z,2019,regular-season,DAL,SAS,101,105,2019-01-16
401071338,2019-01-17T03:00Z,2019,regular-season,POR,CLE,129,112,2019-01-16
401071339,2019-01-17T03:30Z,2019,regular-season,GSW,NOP,147,140,2019-01-16
401071340,2019-01-17T03:30Z,2019,regular-season,LAC,UTA,109,129,2019-01-16
401071341,2019-01-17T20:00Z,2019,regular-season,WAS,NYK,101,100,2019-01-17
401071342,2019-01-18T00:00Z,2019,regular-season,CHA,SAC,114,95,2019-01-17
401071343,2019-01-18T00:00Z,2019,regular-season,IND,PHI,96,120,2019-01-17
401071344,2019-01-18T00:30Z,2019,regular-season,TOR,PHX,111,109,2019-01-17
401071345,2019-01-18T02:00Z,2019,regular-season,DEN,CHI,135,105,2019-01-17
401071346,2019-01-18T02:30Z,2019,regular-season,OKC,LAL,128,138,2019-01-17
401071347,2019-01-19T00:00Z,2019,regular-season,BOS,MEM,122,116,2019-01-18
401071348,2019-01-19T00:00Z,2019,regular-season,DET,MIA,98,93,2019-01-18
401071349,2019-01-19T00:00Z,2019,regular-season,ORL,BKN,115,117,2019-01-18
401071350,2019-01-19T01:00Z,2019,regular-season,MIN,SAS,113,116,2019-01-18
401071351,2019-01-19T02:00Z,2019,regular-season,UTA,CLE,115,99,2019-01-18
401071352,2019-01-19T03:30Z,2019,regular-season,LAC,GSW,94,112,2019-01-18
401071353,2019-01-19T03:30Z,2019,regular-season,POR,NOP,128,112,2019-01-18
401071354,2019-01-19T20:30Z,2019,regular-season,PHI,OKC,115,117,2019-01-19
401071355,2019-01-19T22:00Z,2019,regular-season,CHA,PHX,135,115,2019-01-19
401071356,2019-01-20T00:00Z,2019,regular-season,DET,SAC,101,103,2019-01-19
401071357,2019-01-20T00:00Z,2019,regular-season,IND,DAL,111,99,2019-01-19
401071358,2019-01-20T00:00Z,2019,regular-season,ORL,MIL,108,118,2019-01-19
401071359,2019-01-20T00:30Z,2019,regular-season,ATL,BOS,105,113,2019-01-19
401071360,2019-01-20T00:30Z,2019,regular-season,TOR,MEM,119,90,2019-01-19
401071361,2019-01-20T01:00Z,2019,regular-season,CHI,MIA,103,117,2019-01-19
401071362,2019-01-20T01:30Z,2019,regular-season,HOU,LAL,138,134,2019-01-19
401071363,2019-01-20T03:00Z,2019,regular-season,DEN,CLE,124,102,2019-01-19
401071364,2019-01-20T23:00Z,2019,regular-season,IND,CHA,120,95,2019-01-20
401071365,2019-01-21T00:00Z,2019,regular-season,MIN,PHX,116,114,2019-01-20
401071366,2019-01-21T00:00Z,2019,regular-season,SAS,LAC,95,103,2019-01-20
401071367,2019-01-21T17:30Z,2019,regular-season,NYK,OKC,109,127,2019-01-21
401071368,2019-01-21T18:00Z,2019,regular-season,CLE,CHI,88,104,2019-01-21
401071369,2019-01-21T19:00Z,2019,regular-season,WAS,DET,101,87,2019-01-21
401071370,2019-01-21T19:00Z,2019,regular-season,MIL,DAL,116,106,2019-01-21
401071371,2019-01-21T20:00Z,2019,regular-season,ATL,ORL,103,122,2019-01-21
401071372,2019-01-21T20:30Z,2019,regular-season,BKN,SAC,123,94,2019-01-21
401070238,2019-01-21T22:30Z,2019,regular-season,MEM,NOP,85,105,2019-01-21
401071373,2019-01-21T23:00Z,2019,regular-season,BOS,MIA,107,99,2019-01-21
401070239,2019-01-22T01:00Z,2019,regular-season,PHI,HOU,121,93,2019-01-21
401071374,2019-01-22T02:00Z,2019,regular-season,UTA,POR,104,109,2019-01-21
401070240,2019-01-22T03:30Z,2019,regular-season,LAL,GSW,111,130,2019-01-21
401071375,2019-01-23T00:00Z,2019,regular-season,TOR,SAC,120,105,2019-01-22
401071376,2019-01-23T01:00Z,2019,regular-season,OKC,POR,123,114,2019-01-22
401071377,2019-01-23T01:30Z,2019,regular-season,DAL,LAC,106,98,2019-01-22
401071378,2019-01-23T02:00Z,2019,regular-season,PHX,MIN,91,118,2019-01-22
401071379,2019-01-24T00:00Z,2019,regular-season,IND,TOR,110,106,2019-01-23
401071380,2019-01-24T00:30Z,2019,regular-season,BOS,CLE,123,103,2019-01-23
401071381,2019-01-24T00:30Z,2019,regular-season,BKN,ORL,114,110,2019-01-23
401071382,2019-01-24T00:30Z,2019,regular-season,MIA,LAC,99,111,2019-01-23
401071383,2019-01-24T00:30Z,2019,regular-season,NYK,HOU,110,114,2019-01-23
401071384,2019-01-24T01:00Z,2019,regular-season,PHI,SAS,122,120,2019-01-23
401071385,2019-01-24T01:00Z,2019,regular-season,CHI,ATL,101,121,2019-01-23
401071386,2019-01-24T01:00Z,2019,regular-season,MEM,CHA,107,118,2019-01-23
401071387,2019-01-24T01:00Z,2019,regular-season,NOP,DET,94,98,2019-01-23
401071388,2019-01-24T03:30Z,2019,regular-season,UTA,DEN,114,108,2019-01-23
401071389,2019-01-25T01:00Z,2019,regular-season,WAS,GSW,118,126,2019-01-24
401071390,2019-01-25T01:00Z,2019,regular-season,OKC,NOP,122,116,2019-01-24
401071391,2019-01-25T02:00Z,2019,regular-season,PHX,POR,106,120,2019-01-24
401071392,2019-01-25T03:30Z,2019,regular-season,LAL,MIN,105,120,2019-01-24
401071393,2019-01-26T00:00Z,2019,regular-season,ORL,WAS,91,95,2019-01-25
401071394,2019-01-26T00:30Z,2019,regular-season,BKN,NYK,109,99,2019-01-25
401071395,2019-01-26T00:30Z,2019,regular-season,CLE,MIA,94,100,2019-01-25
401071396,2019-01-26T01:00Z,2019,regular-season,CHI,LAC,101,106,2019-01-25
401071397,2019-01-26T01:00Z,2019,regular-season,HOU,TOR,121,119,2019-01-25
401071398,2019-01-26T01:00Z,2019,regular-season,MEM,SAC,96,99,2019-01-25
401071399,2019-01-26T01:30Z,2019,regular-season,DAL,DET,106,101,2019-01-25
401071400,2019-01-26T01:30Z,2019,regular-season,MIL,CHA,108,99,2019-01-25
401071401,2019-01-26T02:00Z,2019,regular-season,DEN,PHX,132,95,2019-01-25
401071402,2019-01-26T02:00Z,2019,regular-season,UTA,MIN,106,102,2019-01-25
401071403,2019-01-26T23:00Z,2019,regular-season,NOP,SAS,114,126,2019-01-26
401071404,2019-01-27T01:00Z,2019,regular-season,MEM,IND,106,103,2019-01-26
401071405,2019-01-27T01:30Z,2019,regular-season,BOS,GSW,111,115,2019-01-26
401071406,2019-01-27T02:00Z,2019,regular-season,DEN,PHI,126,110,2019-01-26
401071407,2019-01-27T03:00Z,2019,regular-season,POR,ATL,120,111,2019-01-26
401071408,2019-01-27T20:30Z,2019,regular-season,CHI,CLE,101,104,2019-01-27
401071409,2019-01-27T20:30Z,2019,regular-season,LAC,SAC,122,108,2019-01-27
401071410,2019-01-27T23:00Z,2019,regular-season,OKC,MIL,118,112,2019-01-27
401071411,2019-01-28T00:00Z,2019,regular-season,DAL,TOR,120,123,2019-01-27
401071412,2019-01-28T00:00Z,2019,regular-season,HOU,ORL,103,98,2019-01-27
401071413,2019-01-28T00:00Z,2019,regular-season,MIN,UTA,111,125,2019-01-27
401071414,2019-01-28T00:00Z,2019,regular-season,SAS,WAS,132,119,2019-01-27
401071415,2019-01-28T00:30Z,2019,regular-season,NYK,MIA,97,106,2019-01-27
401071416,2019-01-28T02:30Z,2019,regular-season,LAL,PHX,116,102,2019-01-27
401071417,2019-01-29T00:00Z,2019,regular-season,CHA,NYK,101,92,2019-01-28
401071418,2019-01-29T00:00Z,2019,regular-season,IND,GSW,100,132,2019-01-28
401071419,2019-01-29T00:30Z,2019,regular-season,BOS,BKN,112,104,2019-01-28
401071420,2019-01-29T01:00Z,2019,regular-season,MEM,DEN,92,95,2019-01-28
401071421,2019-01-29T03:30Z,2019,regular-season,LAC,ATL,118,123,2019-01-28
401071422,2019-01-30T00:00Z,2019,regular-season,CLE,WAS,116,113,2019-01-29
401071423,2019-01-30T00:00Z,2019,regular-season,DET,MIL,105,115,2019-01-29
401071424,2019-01-30T00:00Z,2019,regular-season,ORL,OKC,117,126,2019-01-29
401071425,2019-01-30T00:30Z,2019,regular-season,BKN,CHI,122,117,2019-01-29
401071426,2019-01-30T01:00Z,2019,regular-season,HOU,NOP,116,121,2019-01-29
401071427,2019-01-30T01:30Z,2019,regular-season,SAS,PHX,126,124,2019-01-29
401071428,2019-01-30T03:30Z,2019,regular-season,LAL,PHI,105,121,2019-01-29
401071429,2019-01-31T00:30Z,2019,regular-season,BOS,CHA,126,94,2019-01-30
401071430,2019-01-31T00:30Z,2019,regular-season,MIA,CHI,89,105,2019-01-30
401071431,2019-01-31T00:30Z,2019,regular-season,NYK,DAL,90,114,2019-01-30
401071432,2019-01-31T01:00Z,2019,regular-season,WAS,IND,107,89,2019-01-30
401071433,2019-01-31T01:00Z,2019,regular-season,MIN,MEM,99,97,2019-01-30
401071434,2019-01-31T01:00Z,2019,regular-season,NOP,DEN,99,105,2019-01-30
401071435,2019-01-31T03:00Z,2019,regular-season,SAC,ATL,135,113,2019-01-30
401071436,2019-01-31T03:30Z,2019,regular-season,POR,UTA,132,105,2019-01-30
401071437,2019-02-01T00:00Z,2019,regular-season,DET,DAL,93,89,2019-01-31
401071438,2019-02-01T00:00Z,2019,regular-season,ORL,IND,107,100,2019-01-31
401071439,2019-02-01T01:00Z,2019,regular-season,TOR,MIL,92,105,2019-01-31
401071440,2019-02-01T01:30Z,2019,regular-season,SAS,BKN,117,114,2019-01-31
401071441,2019-02-01T03:30Z,2019,regular-season,GSW,PHI,104,113,2019-01-31
401071442,2019-02-01T03:30Z,2019,regular-season,LAC,LAL,120,123,2019-01-31
401071443,2019-02-02T00:00Z,2019,regular-season,CHA,MEM,100,92,2019-02-01
401071444,2019-02-02T00:30Z,2019,regular-season,NYK,BOS,99,113,2019-02-01
401071445,2019-02-02T01:00Z,2019,regular-season,MIA,OKC,102,118,2019-02-01
401071446,2019-02-02T02:00Z,2019,regular-season,UTA,ATL,128,112,2019-02-01
401071447,2019-02-02T03:00Z,2019,regular-season,DEN,HOU,136,122,2019-02-01
401071448,2019-02-02T22:00Z,2019,regular-season,DET,LAC,101,111,2019-02-02
401071449,2019-02-03T00:00Z,2019,regular-season,CHA,CHI,125,118,2019-02-02
401071450,2019-02-03T00:00Z,2019,regular-season,ORL,BKN,102,89,2019-02-02
401071451,2019-02-03T00:00Z,2019,regular-season,WAS,MIL,115,131,2019-02-02
401071452,2019-02-03T00:30Z,2019,regular-season,CLE,DAL,98,111,2019-02-02
401071453,2019-02-03T00:30Z,2019,regular-season,MIA,IND,88,95,2019-02-02
401071454,2019-02-03T01:30Z,2019,regular-season,SAS,NOP,113,108,2019-02-02
401071455,2019-02-03T01:30Z,2019,regular-season,GSW,LAL,115,101,2019-02-02
401071456,2019-02-03T02:00Z,2019,regular-season,MIN,DEN,106,107,2019-02-02
401071457,2019-02-03T02:00Z,2019,regular-season,PHX,ATL,112,118,2019-02-02
401071458,2019-02-03T02:00Z,2019,regular-season,UTA,HOU,98,125,2019-02-02
401071459,2019-02-03T03:00Z,2019,regular-season,SAC,PHI,115,108,2019-02-02
401071460,2019-02-03T18:00Z,2019,regular-season,NYK,MEM,84,96,2019-02-03
401071461,2019-02-03T19:00Z,2019,regular-season,BOS,OKC,134,129,2019-02-03
401071462,2019-02-03T20:00Z,2019,regular-season,TOR,LAC,121,103,2019-02-03
401071463,2019-02-05T00:00Z,2019,regular-season,DET,DEN,129,103,2019-02-04
401071464,2019-02-05T00:00Z,2019,regular-season,WAS,ATL,129,137,2019-02-04
401071465,2019-02-05T00:30Z,2019,regular-season,BKN,MIL,94,113,2019-02-04
401071466,2019-02-05T01:00Z,2019,regular-season,NOP,IND,107,109,2019-02-04
401071467,2019-02-05T02:00Z,2019,regular-season,PHX,HOU,110,118,2019-02-04
401071468,2019-02-05T03:00Z,2019,regular-season,SAC,SAS,127,112,2019-02-04
401071469,2019-02-06T00:00Z,2019,regular-season,CHA,LAC,115,117,2019-02-05
401071470,2019-02-06T00:00Z,2019,regular-season,CLE,BOS,96,103,2019-02-05
401071471,2019-02-06T00:00Z,2019,regular-season,IND,LAL,136,94,2019-02-05
401071472,2019-02-06T00:30Z,2019,regular-season,NYK,DET,92,105,2019-02-05
401071473,2019-02-06T01:00Z,2019,regular-season,PHI,TOR,107,119,2019-02-05
401071474,2019-02-06T01:00Z,2019,regular-season,MEM,MIN,108,106,2019-02-05
401071475,2019-02-06T01:00Z,2019,regular-season,OKC,ORL,132,122,2019-02-05
401071476,2019-02-06T03:30Z,2019,regular-season,POR,MIA,108,118,2019-02-05
401071477,2019-02-07T00:30Z,2019,regular-season,BKN,DEN,135,130,2019-02-06
401071478,2019-02-07T01:00Z,2019,regular-season,CHI,NOP,120,125,2019-02-06
401071479,2019-02-07T01:00Z,2019,regular-season,MIL,WAS,148,129,2019-02-06
401071480,2019-02-07T01:30Z,2019,regular-season,DAL,CHA,99,93,2019-02-06
401071481,2019-02-07T02:00Z,2019,regular-season,UTA,PHX,116,88,2019-02-06
401071482,2019-02-07T03:00Z,2019,regular-season,SAC,HOU,101,127,2019-02-06
401071483,2019-02-07T03:30Z,2019,regular-season,GSW,SAS,141,102,2019-02-06
401071484,2019-02-08T00:00Z,2019,regular-season,IND,LAC,116,92,2019-02-07
401071485,2019-02-08T00:00Z,2019,regular-season,ORL,MIN,122,112,2019-02-07
401071486,2019-02-08T00:30Z,2019,regular-season,ATL,TOR,101,119,2019-02-07
401071487,2019-02-08T01:00Z,2019,regular-season,BOS,LAL,128,129,2019-02-07
401071488,2019-02-08T01:00Z,2019,regular-season,OKC,MEM,117,95,2019-02-07
401071489,2019-02-08T03:30Z,2019,regular-season,POR,SAS,127,118,2019-02-07
401071490,2019-02-09T00:00Z,2019,regular-season,DET,NYK,120,103,2019-02-08
401071491,2019-02-09T00:00Z,2019,regular-season,PHI,DEN,117,110,2019-02-08
401071492,2019-02-09T00:00Z,2019,regular-season,WAS,CLE,119,106,2019-02-08
401071493,2019-02-09T00:30Z,2019,regular-season,BKN,CHI,106,125,2019-02-08
401071494,2019-02-09T01:30Z,2019,regular-season,DAL,MIL,107,122,2019-02-08
401071495,2019-02-09T02:00Z,2019,regular-season,PHX,GSW,107,117,2019-02-08
401071496,2019-02-09T02:30Z,2019,regular-season,NOP,MIN,122,117,2019-02-08
401071497,2019-02-09T03:00Z,2019,regular-season,SAC,MIA,102,96,2019-02-08
401071498,2019-02-09T22:00Z,2019,regular-season,UTA,SAS,125,105,2019-02-09
401071499,2019-02-10T00:00Z,2019,regular-season,IND,CLE,105,90,2019-02-09
401071500,2019-02-10T00:30Z,2019,regular-season,ATL,CHA,120,129,2019-02-09
401071501,2019-02-10T00:30Z,2019,regular-season,NYK,TOR,99,104,2019-02-09
401071502,2019-02-10T01:00Z,2019,regular-season,BOS,LAC,112,123,2019-02-09
401071503,2019-02-10T01:00Z,2019,regular-season,CHI,WAS,125,134,2019-02-09
401071504,2019-02-10T01:00Z,2019,regular-season,MEM,NOP,99,90,2019-02-09
401071505,2019-02-10T01:30Z,2019,regular-season,HOU,OKC,112,117,2019-02-09
401071506,2019-02-10T02:00Z,2019,regular-season,MIL,ORL,83,103,2019-02-09
401071507,2019-02-10T20:00Z,2019,regular-season,DAL,POR,102,101,2019-02-10
401071508,2019-02-10T20:30Z,2019,regular-season,PHI,LAL,143,120,2019-02-10
401071509,2019-02-10T23:00Z,2019,regular-season,SAC,PHX,117,104,2019-02-10
401071510,2019-02-11T00:30Z,2019,regular-season,ATL,ORL,108,124,2019-02-10
401071511,2019-02-11T01:30Z,2019,regular-season,GSW,MIA,120,118,2019-02-10
401071512,2019-02-12T00:00Z,2019,regular-season,CLE,NYK,107,104,2019-02-11
401071513,2019-02-12T00:00Z,2019,regular-season,DET,WAS,121,112,2019-02-11
401071514,2019-02-12T00:00Z,2019,regular-season,IND,CHA,99,90,2019-02-11
401071515,2019-02-12T00:30Z,2019,regular-season,TOR,BKN,127,125,2019-02-11
401071516,2019-02-12T01:00Z,2019,regular-season,CHI,MIL,99,112,2019-02-11
401071517,2019-02-12T01:00Z,2019,regular-season,HOU,DAL,120,104,2019-02-11
401071518,2019-02-12T01:00Z,2019,regular-season,MIN,LAC,130,120,2019-02-11
401071519,2019-02-12T01:00Z,2019,regular-season,OKC,POR,120,111,2019-02-11
401071520,2019-02-12T02:00Z,2019,regular-season,DEN,MIA,103,87,2019-02-11
401071521,2019-02-13T00:30Z,2019,regular-season,ATL,LAL,117,113,2019-02-12
401071522,2019-02-13T01:00Z,2019,regular-season,PHI,BOS,109,112,2019-02-12
401071523,2019-02-13T01:00Z,2019,regular-season,MEM,SAS,107,108,2019-02-12
401071524,2019-02-13T01:00Z,2019,regular-season,NOP,ORL,88,118,2019-02-12
401071525,2019-02-13T03:30Z,2019,regular-season,GSW,UTA,115,108,2019-02-12
401071526,2019-02-14T00:00Z,2019,regular-season,CLE,BKN,139,148,2019-02-13
401071527,2019-02-14T00:00Z,2019,regular-season,IND,MIL,97,106,2019-02-13
401071528,2019-02-14T00:30Z,2019,regular-season,BOS,DET,118,110,2019-02-13
401071529,2019-02-14T00:30Z,2019,regular-season,NYK,PHI,111,126,2019-02-13
401071530,2019-02-14T00:30Z,2019,regular-season,TOR,WAS,129,120,2019-02-13
401071531,2019-02-14T01:00Z,2019,regular-season,CHI,MEM,122,110,2019-02-13
401071534,2019-02-14T01:00Z,2019,regular-season,MIN,HOU,121,111,2019-02-13
401071532,2019-02-14T01:30Z,2019,regular-season,DAL,MIA,101,112,2019-02-13
401071533,2019-02-14T02:00Z,2019,regular-season,DEN,SAC,120,118,2019-02-13
401071535,2019-02-14T03:30Z,2019,regular-season,POR,GSW,129,107,2019-02-13
401071536,2019-02-14T03:30Z,2019,regular-season,LAC,PHX,134,107,2019-02-13
401071537,2019-02-15T00:00Z,2019,regular-season,ORL,CHA,127,89,2019-02-14
401071538,2019-02-15T00:30Z,2019,regular-season,ATL,NYK,91,106,2019-02-14
401071539,2019-02-15T01:00Z,2019,regular-season,NOP,OKC,131,122,2019-02-14
401098038,2019-02-16T02:00Z,2019,regular-season,USA,WORLD,161,144,2019-02-15
401098037,2019-02-18T01:00Z,2019,regular-season,GIA,LEB,164,178,2019-02-17
401071540,2019-02-22T00:00Z,2019,regular-season,CLE,PHX,111,98,2019-02-21
401071541,2019-02-22T00:00Z,2019,regular-season,PHI,MIA,106,102,2019-02-21
401071542,2019-02-22T00:30Z,2019,regular-season,BKN,POR,99,113,2019-02-21
401071543,2019-02-22T01:00Z,2019,regular-season,MIL,BOS,98,97,2019-02-21
401071544,2019-02-22T03:30Z,2019,regular-season,GSW,SAC,125,123,2019-02-21
401071545,2019-02-22T03:30Z,2019,regular-season,LAL,HOU,111,106,2019-02-21
401071546,2019-02-23T00:00Z,2019,regular-season,CHA,WAS,123,110,2019-02-22
401071547,2019-02-23T00:00Z,2019,regular-season,IND,NOP,126,111,2019-02-22
401071548,2019-02-23T00:00Z,2019,regular-season,ORL,CHI,109,110,2019-02-22
401071549,2019-02-23T00:00Z,2019,regular-season,TOR,SAS,120,117,2019-02-22
401071550,2019-02-23T00:30Z,2019,regular-season,ATL,DET,122,125,2019-02-22
401071551,2019-02-23T00:30Z,2019,regular-season,NYK,MIN,104,115,2019-02-22
401071552,2019-02-23T01:00Z,2019,regular-season,MEM,LAC,106,112,2019-02-22
401071553,2019-02-23T01:30Z,2019,regular-season,DAL,DEN,104,114,2019-02-22
401071554,2019-02-23T02:30Z,2019,regular-season,OKC,UTA,148,147,2019-02-22
401071555,2019-02-23T18:00Z,2019,regular-season,PHI,POR,115,130,2019-02-23
401071556,2019-02-24T00:00Z,2019,regular-season,ATL,PHX,120,112,2019-02-23
401071557,2019-02-24T00:00Z,2019,regular-season,CHA,BKN,115,117,2019-02-23
401071558,2019-02-24T00:00Z,2019,regular-season,CLE,MEM,112,107,2019-02-23
401071559,2019-02-24T00:00Z,2019,regular-season,WAS,IND,112,119,2019-02-23
401071560,2019-02-24T00:00Z,2019,regular-season,NOP,LAL,128,115,2019-02-23
401071561,2019-02-24T00:30Z,2019,regular-season,MIA,DET,96,119,2019-02-23
401071562,2019-02-24T01:00Z,2019,regular-season,CHI,BOS,126,116,2019-02-23
401071563,2019-02-24T01:00Z,2019,regular-season,OKC,SAC,116,119,2019-02-23
401071564,2019-02-24T01:30Z,2019,regular-season,MIL,MIN,140,128,2019-02-23
401071565,2019-02-24T01:30Z,2019,regular-season,GSW,HOU,112,118,2019-02-23
401071566,2019-02-24T03:00Z,2019,regular-season,UTA,DAL,125,109,2019-02-23
401071567,2019-02-24T20:30Z,2019,regular-season,TOR,ORL,98,113,2019-02-24
401071568,2019-02-24T22:00Z,2019,regular-season,DEN,LAC,123,96,2019-02-24
401071569,2019-02-25T00:30Z,2019,regular-season,NYK,SAS,130,118,2019-02-24
401071570,2019-02-26T00:00Z,2019,regular-season,CHA,GSW,110,121,2019-02-25
401071571,2019-02-26T00:00Z,2019,regular-season,CLE,POR,110,123,2019-02-25
401071572,2019-02-26T00:00Z,2019,regular-season,DET,IND,113,109,2019-02-25
401071573,2019-02-26T00:30Z,2019,regular-season,BKN,SAS,101,85,2019-02-25
401071574,2019-02-26T00:30Z,2019,regular-season,MIA,PHX,121,124,2019-02-25
401071575,2019-02-26T01:00Z,2019,regular-season,CHI,MIL,106,117,2019-02-25
401071576,2019-02-26T01:00Z,2019,regular-season,HOU,ATL,119,111,2019-02-25
401071577,2019-02-26T01:00Z,2019,regular-season,MEM,LAL,110,105,2019-02-25
401071578,2019-02-26T01:00Z,2019,regular-season,MIN,SAC,112,105,2019-02-25
401071579,2019-02-26T01:00Z,2019,regular-season,NOP,PHI,110,111,2019-02-25
401071580,2019-02-26T03:30Z,2019,regular-season,LAC,DAL,121,112,2019-02-25
401071581,2019-02-27T00:30Z,2019,regular-season,NYK,ORL,108,103,2019-02-26
401071582,2019-02-27T01:00Z,2019,regular-season,TOR,BOS,118,95,2019-02-26
401071583,2019-02-27T03:30Z,2019,regular-season,DEN,OKC,121,112,2019-02-26
401071584,2019-02-28T00:00Z,2019,regular-season,CHA,HOU,113,118,2019-02-27
401071585,2019-02-28T00:30Z,2019,regular-season,ATL,MIN,131,123,2019-02-27
401071587,2019-02-28T00:30Z,2019,regular-season,BKN,WAS,116,125,2019-02-27
401071588,2019-02-28T00:30Z,2019,regular-season,MIA,GSW,126,125,2019-02-27
401071586,2019-02-28T01:00Z,2019,regular-season,BOS,POR,92,97,2019-02-27
401071589,2019-02-28T01:00Z,2019,regular-season,MEM,CHI,107,109,2019-02-27
401071590,2019-02-28T01:30Z,2019,regular-season,SAS,DET,105,93,2019-02-27
401071591,2019-02-28T01:30Z,2019,regular-season,DAL,IND,110,101,2019-02-27
401071592,2019-02-28T02:00Z,2019,regular-season,UTA,LAC,111,105,2019-02-27
401071593,2019-02-28T03:00Z,2019,regular-season,SAC,MIL,140,141,2019-02-27
401071594,2019-02-28T03:30Z,2019,regular-season,LAL,NOP,125,119,2019-02-27
401071595,2019-03-01T00:00Z,2019,regular-season,IND,MIN,122,115,2019-02-28
401071596,2019-03-01T00:00Z,2019,regular-season,ORL,GSW,103,96,2019-02-28
401071597,2019-03-01T00:30Z,2019,regular-season,NYK,CLE,118,125,2019-02-28
401071598,2019-03-01T01:00Z,2019,regular-season,HOU,MIA,121,118,2019-02-28
401071600,2019-03-01T01:00Z,2019,regular-season,OKC,PHI,104,108,2019-02-28
401071599,2019-03-01T03:30Z,2019,regular-season,DEN,UTA,104,111,2019-02-28
401071601,2019-03-02T00:30Z,2019,regular-season,ATL,CHI,161,168,2019-03-01
401071602,2019-03-02T00:30Z,2019,regular-season,BKN,CHA,112,123,2019-03-01
401071603,2019-03-02T01:00Z,2019,regular-season,TOR,POR,119,117,2019-03-01
401071604,2019-03-02T01:00Z,2019,regular-season,BOS,WAS,107,96,2019-03-01
401071605,2019-03-02T02:00Z,2019,regular-season,PHX,NOP,116,130,2019-03-01
401071606,2019-03-02T03:00Z,2019,regular-season,SAC,LAC,109,116,2019-03-01
401071607,2019-03-02T03:30Z,2019,regular-season,LAL,MIL,120,131,2019-03-01
401071608,2019-03-02T22:00Z,2019,regular-season,CLE,DET,93,129,2019-03-02
401071609,2019-03-03T00:00Z,2019,regular-season,IND,ORL,112,117,2019-03-02
401071610,2019-03-03T00:30Z,2019,regular-season,MIA,BKN,117,88,2019-03-02
401071611,2019-03-03T01:30Z,2019,regular-season,PHI,GSW,117,120,2019-03-02
401071612,2019-03-03T01:30Z,2019,regular-season,DAL,MEM,81,111,2019-03-02
401071613,2019-03-03T01:30Z,2019,regular-season,SAS,OKC,116,102,2019-03-02
401071614,2019-03-03T02:00Z,2019,regular-season,DEN,NOP,112,120,2019-03-02
401071615,2019-03-03T02:00Z,2019,regular-season,PHX,LAL,118,109,2019-03-02
401071616,2019-03-03T02:00Z,2019,regular-season,UTA,MIL,115,111,2019-03-02
401071617,2019-03-03T18:00Z,2019,regular-season,CHA,POR,108,118,2019-03-03
401071618,2019-03-03T20:30Z,2019,regular-season,BOS,HOU,104,115,2019-03-03
401071619,2019-03-03T20:30Z,2019,regular-season,CHI,ATL,118,123,2019-03-03
401071620,2019-03-03T20:30Z,2019,regular-season,LAC,NYK,128,107,2019-03-03
401071621,2019-03-03T23:00Z,2019,regular-season,CLE,ORL,107,93,2019-03-03
401071622,2019-03-03T23:00Z,2019,regular-season,DET,TOR,112,107,2019-03-03
401071623,2019-03-03T23:00Z,2019,regular-season,WAS,MIN,135,121,2019-03-03
401071624,2019-03-04T00:00Z,2019,regular-season,OKC,MEM,99,95,2019-03-03
401071625,2019-03-05T00:30Z,2019,regular-season,BKN,DAL,127,88,2019-03-04
401071626,2019-03-05T00:30Z,2019,regular-season,MIA,ATL,114,113,2019-03-04
401071627,2019-03-05T01:30Z,2019,regular-season,SAS,DEN,104,103,2019-03-04
401071628,2019-03-05T02:00Z,2019,regular-season,PHX,MIL,114,105,2019-03-04
401071629,2019-03-05T02:00Z,2019,regular-season,UTA,NOP,112,115,2019-03-04
401071630,2019-03-05T03:00Z,2019,regular-season,SAC,NYK,115,108,2019-03-04
401071631,2019-03-05T03:30Z,2019,regular-season,LAL,LAC,105,113,2019-03-04
401071632,2019-03-06T00:00Z,2019,regular-season,IND,CHI,105,96,2019-03-05
401071633,2019-03-06T00:00Z,2019,regular-season,PHI,ORL,114,106,2019-03-05
401071634,2019-03-06T01:00Z,2019,regular-season,TOR,HOU,95,107,2019-03-05
401071635,2019-03-06T01:00Z,2019,regular-season,MEM,POR,120,111,2019-03-05
401071636,2019-03-06T01:00Z,2019,regular-season,MIN,OKC,131,120,2019-03-05
401071637,2019-03-06T03:30Z,2019,regular-season,GSW,BOS,95,128,2019-03-05
401071638,2019-03-07T00:00Z,2019,regular-season,CHA,MIA,84,91,2019-03-06
401071639,2019-03-07T00:00Z,2019,regular-season,DET,MIN,131,114,2019-03-06
401071640,2019-03-07T00:00Z,2019,regular-season,WAS,DAL,132,123,2019-03-06
401071641,2019-03-07T00:30Z,2019,regular-season,ATL,SAS,104,111,2019-03-06
401071642,2019-03-07T00:30Z,2019,regular-season,BKN,CLE,113,107,2019-03-06
401071643,2019-03-07T01:00Z,2019,regular-season,CHI,PHI,108,107,2019-03-06
401071644,2019-03-07T01:00Z,2019,regular-season,NOP,UTA,104,114,2019-03-06
401071645,2019-03-07T02:00Z,2019,regular-season,PHX,NYK,107,96,2019-03-06
401071646,2019-03-07T03:00Z,2019,regular-season,SAC,BOS,109,111,2019-03-06
401071647,2019-03-07T03:30Z,2019,regular-season,LAL,DEN,99,115,2019-03-06
401071648,2019-03-08T01:00Z,2019,regular-season,MIL,IND,117,98,2019-03-07
401071649,2019-03-08T03:30Z,2019,regular-season,POR,OKC,121,129,2019-03-07
401071650,2019-03-09T00:00Z,2019,regular-season,CHA,WAS,112,111,2019-03-08
401071651,2019-03-09T00:00Z,2019,regular-season,ORL,DAL,111,106,2019-03-08
401071652,2019-03-09T01:00Z,2019,regular-season,MIA,CLE,126,110,2019-03-08
401071653,2019-03-09T01:00Z,2019,regular-season,CHI,DET,104,112,2019-03-08
401071654,2019-03-09T01:00Z,2019,regular-season,HOU,PHI,107,91,2019-03-08
401071655,2019-03-09T01:00Z,2019,regular-season,MEM,UTA,114,104,2019-03-08
401071656,2019-03-09T01:00Z,2019,regular-season,NOP,TOR,104,127,2019-03-08
401071657,2019-03-09T03:30Z,2019,regular-season,GSW,DEN,122,105,2019-03-08
401071658,2019-03-09T03:30Z,2019,regular-season,LAC,OKC,118,110,2019-03-08
401071659,2019-03-09T17:00Z,2019,regular-season,NYK,SAC,94,102,2019-03-09
401071660,2019-03-10T00:00Z,2019,regular-season,ATL,BKN,112,114,2019-03-09
401071661,2019-03-10T01:00Z,2019,regular-season,MIN,WAS,135,130,2019-03-09
401071662,2019-03-10T01:30Z,2019,regular-season,LAL,BOS,107,120,2019-03-09
401071663,2019-03-10T02:00Z,2019,regular-season,MIL,CHA,131,114,2019-03-09
401071664,2019-03-10T03:00Z,2019,regular-season,POR,PHX,127,120,2019-03-09
401071665,2019-03-10T16:00Z,2019,regular-season,DET,CHI,131,108,2019-03-10
401071666,2019-03-10T19:30Z,2019,regular-season,MIA,TOR,104,125,2019-03-10
401071667,2019-03-10T19:30Z,2019,regular-season,PHI,IND,106,89,2019-03-10
401071668,2019-03-10T22:00Z,2019,regular-season,ATL,NOP,128,116,2019-03-10
401071669,2019-03-10T22:00Z,2019,regular-season,MEM,ORL,105,97,2019-03-10
401071670,2019-03-10T23:00Z,2019,regular-season,DAL,HOU,93,94,2019-03-10
401071671,2019-03-11T00:00Z,2019,regular-season,MIN,NYK,103,92,2019-03-10
401071672,2019-03-11T00:00Z,2019,regular-season,SAS,MIL,121,114,2019-03-10
401071673,2019-03-11T00:30Z,2019,regular-season,GSW,PHX,111,115,2019-03-10
401071674,2019-03-11T23:00Z,2019,regular-season,CLE,TOR,126,101,2019-03-11
401071675,2019-03-11T23:00Z,2019,regular-season,WAS,SAC,121,115,2019-03-11
401071676,2019-03-11T23:30Z,2019,regular-season,BKN,DET,103,75,2019-03-11
401071677,2019-03-12T00:00Z,2019,regular-season,HOU,CHA,118,106,2019-03-11
401071678,2019-03-12T01:00Z,2019,regular-season,UTA,OKC,89,98,2019-03-11
401071679,2019-03-12T02:30Z,2019,regular-season,LAC,BOS,140,115,2019-03-11
401071680,2019-03-12T23:00Z,2019,regular-season,IND,NYK,103,98,2019-03-12
401071681,2019-03-12T23:00Z,2019,regular-season,PHI,CLE,106,99,2019-03-12
401071682,2019-03-13T00:00Z,2019,regular-season,CHI,LAL,107,123,2019-03-12
401071683,2019-03-13T00:00Z,2019,regular-season,NOP,MIL,113,130,2019-03-12
401071684,2019-03-13T00:00Z,2019,regular-season,DAL,SAS,105,112,2019-03-12
401071685,2019-03-13T02:30Z,2019,regular-season,DEN,MIN,133,107,2019-03-12
401071686,2019-03-13T02:30Z,2019,regular-season,LAC,POR,104,125,2019-03-12
401071688,2019-03-13T23:00Z,2019,regular-season,WAS,ORL,100,90,2019-03-13
401071690,2019-03-13T23:00Z,2019,regular-season,OKC,BKN,108,96,2019-03-13
401071687,2019-03-13T23:30Z,2019,regular-season,MIA,DET,108,74,2019-03-13
401071689,2019-03-13T23:30Z,2019,regular-season,ATL,MEM,132,111,2019-03-13
401071691,2019-03-14T01:30Z,2019,regular-season,HOU,GSW,104,106,2019-03-13
401071692,2019-03-14T02:00Z,2019,regular-season,PHX,UTA,97,114,2019-03-13
401071693,2019-03-14T23:00Z,2019,regular-season,IND,OKC,108,106,2019-03-14
401071694,2019-03-14T23:00Z,2019,regular-season,ORL,CLE,120,91,2019-03-14
401071695,2019-03-14T23:30Z,2019,regular-season,BOS,SAC,126,120,2019-03-14
401071696,2019-03-15T00:00Z,2019,regular-season,TOR,LAL,111,98,2019-03-14
401071697,2019-03-15T01:00Z,2019,regular-season,UTA,MIN,120,100,2019-03-14
401071698,2019-03-15T02:30Z,2019,regular-season,DEN,DAL,100,99,2019-03-14
401071699,2019-03-15T23:00Z,2019,regular-season,DET,LAL,111,97,2019-03-15
401071700,2019-03-15T23:00Z,2019,regular-season,PHI,SAC,123,114,2019-03-15
401071701,2019-03-15T23:00Z,2019,regular-season,WAS,CHA,110,116,2019-03-15
401071702,2019-03-16T00:00Z,2019,regular-season,MIA,MIL,98,113,2019-03-15
401071703,2019-03-16T00:00Z,2019,regular-season,HOU,PHX,108,102,2019-03-15
401071704,2019-03-16T00:00Z,2019,regular-season,NOP,POR,110,122,2019-03-15
401071705,2019-03-16T00:30Z,2019,regular-season,SAS,NYK,109,83,2019-03-15
401071706,2019-03-16T02:30Z,2019,regular-season,LAC,CHI,128,121,2019-03-15
401071707,2019-03-16T16:30Z,2019,regular-season,BOS,ATL,129,120,2019-03-16
401071708,2019-03-16T23:00Z,2019,regular-season,WAS,MEM,135,128,2019-03-16
401071709,2019-03-16T23:00Z,2019,regular-season,NOP,PHX,136,138,2019-03-16
401071710,2019-03-17T00:30Z,2019,regular-season,DAL,CLE,121,116,2019-03-16
401071711,2019-03-17T00:30Z,2019,regular-season,OKC,GSW,88,110,2019-03-16
401071712,2019-03-17T00:30Z,2019,regular-season,SAS,POR,108,103,2019-03-16
401071713,2019-03-17T01:00Z,2019,regular-season,DEN,IND,102,100,2019-03-16
401071714,2019-03-17T01:00Z,2019,regular-season,UTA,BKN,114,98,2019-03-16
401071715,2019-03-17T16:00Z,2019,regular-season,NYK,LAL,124,123,2019-03-17
401071716,2019-03-17T17:00Z,2019,regular-season,MIA,CHA,93,75,2019-03-17
401071717,2019-03-17T19:30Z,2019,regular-season,MIL,PHI,125,130,2019-03-17
401071718,2019-03-17T20:00Z,2019,regular-season,DET,TOR,110,107,2019-03-17
401071719,2019-03-17T22:00Z,2019,regular-season,ORL,ATL,101,91,2019-03-17
401071720,2019-03-17T22:00Z,2019,regular-season,SAC,CHI,129,102,2019-03-17
401071721,2019-03-18T01:00Z,2019,regular-season,HOU,MIN,117,102,2019-03-17
401071722,2019-03-18T01:00Z,2019,regular-season,LAC,BKN,119,116,2019-03-17
401071723,2019-03-18T23:00Z,2019,regular-season,CLE,DET,126,119,2019-03-18
401071724,2019-03-18T23:00Z,2019,regular-season,WAS,UTA,95,116,2019-03-18
401071725,2019-03-18T23:30Z,2019,regular-season,BOS,DEN,105,114,2019-03-18
401071726,2019-03-18T23:30Z,2019,regular-season,TOR,NYK,128,92,2019-03-18
401071727,2019-03-19T00:00Z,2019,regular-season,OKC,MIA,107,116,2019-03-18
401071728,2019-03-19T00:00Z,2019,regular-season,SAS,GSW,111,105,2019-03-18
401071729,2019-03-19T00:30Z,2019,regular-season,DAL,NOP,125,129,2019-03-18
401071730,2019-03-19T02:00Z,2019,regular-season,PHX,CHI,101,116,2019-03-18
401071731,2019-03-19T02:30Z,2019,regular-season,POR,IND,106,98,2019-03-18
401071732,2019-03-19T23:00Z,2019,regular-season,CHA,PHI,114,118,2019-03-19
401071733,2019-03-19T23:30Z,2019,regular-season,ATL,HOU,105,121,2019-03-19
401071734,2019-03-20T00:00Z,2019,regular-season,MIL,LAL,115,101,2019-03-19
401071735,2019-03-20T00:00Z,2019,regular-season,MIN,GSW,107,117,2019-03-19
401071736,2019-03-20T02:00Z,2019,regular-season,SAC,BKN,121,123,2019-03-19
401071737,2019-03-20T02:30Z,2019,regular-season,LAC,IND,115,109,2019-03-19
401071738,2019-03-20T23:00Z,2019,regular-season,CLE,MIL,107,102,2019-03-20
401071739,2019-03-20T23:00Z,2019,regular-season,ORL,NOP,119,96,2019-03-20
401071740,2019-03-20T23:00Z,2019,regular-season,PHI,BOS,118,115,2019-03-20
401071741,2019-03-20T23:30Z,2019,regular-season,NYK,UTA,116,137,2019-03-20
401071742,2019-03-21T00:00Z,2019,regular-season,CHI,WAS,126,120,2019-03-20
401071743,2019-03-21T00:00Z,2019,regular-season,MEM,HOU,126,125,2019-03-20
401071744,2019-03-21T00:30Z,2019,regular-season,SAS,MIA,105,110,2019-03-20
401071745,2019-03-21T01:30Z,2019,regular-season,OKC,TOR,114,123,2019-03-20
401071746,2019-03-21T02:00Z,2019,regular-season,POR,DAL,126,118,2019-03-20
401071747,2019-03-21T23:00Z,2019,regular-season,CHA,MIN,113,106,2019-03-21
401071748,2019-03-21T23:00Z,2019,regular-season,WAS,DEN,108,113,2019-03-21
401071749,2019-03-21T23:30Z,2019,regular-season,ATL,UTA,117,114,2019-03-21
401071750,2019-03-22T02:00Z,2019,regular-season,PHX,DET,98,118,2019-03-21
401071751,2019-03-22T02:00Z,2019,regular-season,SAC,DAL,116,100,2019-03-21
401071752,2019-03-22T02:30Z,2019,regular-season,GSW,IND,112,89,2019-03-21
401071753,2019-03-22T23:00Z,2019,regular-season,ORL,MEM,123,119,2019-03-22
401071754,2019-03-22T23:30Z,2019,regular-season,CLE,LAC,108,110,2019-03-22
401071755,2019-03-22T23:30Z,2019,regular-season,NYK,DEN,93,111,2019-03-22
401071756,2019-03-22T23:30Z,2019,regular-season,TOR,OKC,109,116,2019-03-22
401071757,2019-03-23T00:00Z,2019,regular-season,HOU,SAS,111,105,2019-03-22
401071758,2019-03-23T00:30Z,2019,regular-season,MIL,MIA,116,87,2019-03-22
401071759,2019-03-23T02:30Z,2019,regular-season,LAL,BKN,106,111,2019-03-22
401071760,2019-03-23T22:00Z,2019,regular-season,CHA,BOS,124,117,2019-03-23
401071761,2019-03-23T23:00Z,2019,regular-season,WAS,MIA,108,113,2019-03-23
401071762,2019-03-23T23:30Z,2019,regular-season,ATL,PHI,129,127,2019-03-23
401071763,2019-03-24T00:00Z,2019,regular-season,CHI,UTA,83,114,2019-03-23
401071764,2019-03-24T00:00Z,2019,regular-season,MEM,MIN,99,112,2019-03-23
401071765,2019-03-24T00:30Z,2019,regular-season,GSW,DAL,91,126,2019-03-23
401071766,2019-03-24T02:00Z,2019,regular-season,POR,DET,117,112,2019-03-23
401071767,2019-03-24T02:00Z,2019,regular-season,SAC,PHX,112,103,2019-03-23
401071768,2019-03-24T16:00Z,2019,regular-season,NYK,LAC,113,124,2019-03-24
401071769,2019-03-24T20:30Z,2019,regular-season,MIL,CLE,127,105,2019-03-24
401071770,2019-03-24T21:00Z,2019,regular-season,IND,DEN,124,88,2019-03-24
401071771,2019-03-24T22:00Z,2019,regular-season,TOR,CHA,114,115,2019-03-24
401071772,2019-03-24T23:00Z,2019,regular-season,NOP,HOU,90,113,2019-03-24
401071773,2019-03-24T23:30Z,2019,regular-season,BOS,SAS,96,115,2019-03-24
401071774,2019-03-25T00:30Z,2019,regular-season,GSW,DET,121,114,2019-03-24
401071775,2019-03-25T01:30Z,2019,regular-season,LAL,SAC,111,106,2019-03-24
401071776,2019-03-25T23:00Z,2019,regular-season,ORL,PHI,119,98,2019-03-25
401071777,2019-03-26T00:00Z,2019,regular-season,MEM,OKC,115,103,2019-03-25
401071778,2019-03-26T01:00Z,2019,regular-season,UTA,PHX,125,92,2019-03-25
401071779,2019-03-26T02:00Z,2019,regular-season,POR,BKN,148,144,2019-03-25
401071780,2019-03-26T23:00Z,2019,regular-season,CHA,SAS,125,116,2019-03-26
401071781,2019-03-26T23:00Z,2019,regular-season,CLE,BOS,106,116,2019-03-26
401071782,2019-03-26T23:30Z,2019,regular-season,MIA,ORL,99,104,2019-03-26
401071783,2019-03-26T23:30Z,2019,regular-season,TOR,CHI,112,103,2019-03-26
401071784,2019-03-27T00:00Z,2019,regular-season,MIL,HOU,108,94,2019-03-26
401071785,2019-03-27T00:00Z,2019,regular-season,MIN,LAC,111,122,2019-03-26
401071786,2019-03-27T00:00Z,2019,regular-season,NOP,ATL,120,130,2019-03-26
401071787,2019-03-27T00:30Z,2019,regular-season,DAL,SAC,121,125,2019-03-26
401071788,2019-03-27T01:00Z,2019,regular-season,DEN,DET,95,92,2019-03-26
401071789,2019-03-27T02:30Z,2019,regular-season,LAL,WAS,124,106,2019-03-26
401071790,2019-03-28T00:00Z,2019,regular-season,CHI,POR,98,118,2019-03-27
401071791,2019-03-28T00:00Z,2019,regular-season,MEM,GSW,103,118,2019-03-27
401071792,2019-03-28T00:00Z,2019,regular-season,OKC,IND,107,99,2019-03-27
401071793,2019-03-28T02:00Z,2019,regular-season,PHX,WAS,121,124,2019-03-27
401071794,2019-03-28T02:30Z,2019,regular-season,UTA,LAL,115,100,2019-03-27
401071795,2019-03-28T23:00Z,2019,regular-season,DET,ORL,115,98,2019-03-28
401071796,2019-03-28T23:00Z,2019,regular-season,PHI,BKN,123,110,2019-03-28
401071797,2019-03-28T23:30Z,2019,regular-season,MIA,DAL,105,99,2019-03-28
401071798,2019-03-28T23:30Z,2019,regular-season,NYK,TOR,92,117,2019-03-28
401071799,2019-03-29T00:00Z,2019,regular-season,HOU,DEN,112,85,2019-03-28
401071800,2019-03-29T00:00Z,2019,regular-season,MIL,LAC,128,118,2019-03-28
401071801,2019-03-29T00:00Z,2019,regular-season,NOP,SAC,121,118,2019-03-28
401071802,2019-03-29T00:30Z,2019,regular-season,SAS,CLE,116,110,2019-03-28
401071803,2019-03-29T23:00Z,2019,regular-season,BOS,IND,114,112,2019-03-29
401071804,2019-03-29T23:30Z,2019,regular-season,ATL,POR,98,118,2019-03-29
401071805,2019-03-30T00:00Z,2019,regular-season,MIN,GSW,131,130,2019-03-29
401071806,2019-03-30T00:00Z,2019,regular-season,OKC,DEN,105,115,2019-03-29
401071807,2019-03-30T01:00Z,2019,regular-season,UTA,WAS,128,124,2019-03-29
401071808,2019-03-30T02:30Z,2019,regular-season,LAL,CHA,129,115,2019-03-29
401071809,2019-03-30T19:30Z,2019,regular-season,LAC,CLE,132,108,2019-03-30
401071810,2019-03-30T22:00Z,2019,regular-season,BKN,BOS,110,96,2019-03-30
401071811,2019-03-30T22:00Z,2019,regular-season,HOU,SAC,119,108,2019-03-30
401071812,2019-03-30T23:00Z,2019,regular-season,DET,POR,99,90,2019-03-30
401071813,2019-03-30T23:00Z,2019,regular-season,IND,ORL,116,121,2019-03-30
401071814,2019-03-30T23:30Z,2019,regular-season,NYK,MIA,92,100,2019-03-30
401071815,2019-03-31T00:00Z,2019,regular-season,CHI,TOR,101,124,2019-03-30
401071816,2019-03-31T00:00Z,2019,regular-season,MIN,PHI,109,118,2019-03-30
401071817,2019-03-31T02:00Z,2019,regular-season,PHX,MEM,115,120,2019-03-30
401071818,2019-03-31T16:30Z,2019,regular-season,ATL,MIL,136,135,2019-03-31
401071819,2019-03-31T19:30Z,2019,regular-season,OKC,DAL,103,106,2019-03-31
401071820,2019-03-31T22:00Z,2019,regular-season,NOP,LAL,102,130,2019-03-31
401071821,2019-03-31T23:00Z,2019,regular-season,SAS,SAC,106,113,2019-03-31
401071822,2019-04-01T00:00Z,2019,regular-season,DEN,WAS,90,95,2019-03-31
401071823,2019-04-01T00:30Z,2019,regular-season,GSW,CHA,137,90,2019-03-31
401071824,2019-04-01T02:30Z,2019,regular-season,LAC,MEM,113,96,2019-03-31
401071825,2019-04-01T23:00Z,2019,regular-season,IND,DET,111,102,2019-04-01
401071826,2019-04-01T23:30Z,2019,regular-season,BOS,MIA,110,105,2019-04-01
401071827,2019-04-01T23:30Z,2019,regular-season,BKN,MIL,121,131,2019-04-01
401071828,2019-04-01T23:30Z,2019,regular-season,NYK,CHI,113,105,2019-04-01
401071829,2019-04-01T23:30Z,2019,regular-season,TOR,ORL,121,109,2019-04-01
401071830,2019-04-02T00:00Z,2019,regular-season,MIN,POR,122,132,2019-04-01
401071831,2019-04-02T00:30Z,2019,regular-season,DAL,PHI,122,102,2019-04-01
401071832,2019-04-02T01:00Z,2019,regular-season,UTA,CHA,111,102,2019-04-01
401071833,2019-04-02T02:00Z,2019,regular-season,PHX,CLE,122,113,2019-04-01
401071834,2019-04-03T00:00Z,2019,regular-season,OKC,LAL,119,103,2019-04-02
401071835,2019-04-03T00:30Z,2019,regular-season,SAS,ATL,117,111,2019-04-02
401071836,2019-04-03T02:00Z,2019,regular-season,SAC,HOU,105,130,2019-04-02
401071837,2019-04-03T02:30Z,2019,regular-season,GSW,DEN,116,102,2019-04-02
401071838,2019-04-03T23:00Z,2019,regular-season,DET,IND,89,108,2019-04-03
401071839,2019-04-03T23:00Z,2019,regular-season,ORL,NYK,114,100,2019-04-03
401071840,2019-04-03T23:00Z,2019,regular-season,WAS,CHI,114,115,2019-04-03
401071841,2019-04-03T23:30Z,2019,regular-season,ATL,PHI,130,122,2019-04-03
401071842,2019-04-03T23:30Z,2019,regular-season,BKN,TOR,105,115,2019-04-03
401071843,2019-04-03T23:30Z,2019,regular-season,MIA,BOS,102,112,2019-04-03
401071844,2019-04-04T00:00Z,2019,regular-season,NOP,CHA,109,115,2019-04-03
401071845,2019-04-04T00:30Z,2019,regular-season,DAL,MIN,108,110,2019-04-03
401071846,2019-04-04T01:00Z,2019,regular-season,DEN,SAS,113,85,2019-04-03
401071847,2019-04-04T02:00Z,2019,regular-season,PHX,UTA,97,118,2019-04-03
401071848,2019-04-04T02:00Z,2019,regular-season,POR,MEM,116,89,2019-04-03
401071849,2019-04-04T02:30Z,2019,regular-season,LAC,HOU,103,135,2019-04-03
401071850,2019-04-05T00:00Z,2019,regular-season,PHI,MIL,122,128,2019-04-04
401071851,2019-04-05T02:00Z,2019,regular-season,SAC,CLE,117,104,2019-04-04
401071852,2019-04-05T02:30Z,2019,regular-season,LAL,GSW,90,108,2019-04-04
401071853,2019-04-05T23:00Z,2019,regular-season,CHA,TOR,113,111,2019-04-05
401071854,2019-04-05T23:00Z,2019,regular-season,ORL,ATL,149,113,2019-04-05
401071855,2019-04-05T23:00Z,2019,regular-season,WAS,SAS,112,129,2019-04-05
401071856,2019-04-06T00:00Z,2019,regular-season,IND,BOS,97,117,2019-04-05
401071857,2019-04-06T00:00Z,2019,regular-season,HOU,NYK,120,96,2019-04-05
401071858,2019-04-06T00:00Z,2019,regular-season,MIN,MIA,111,109,2019-04-05
401071859,2019-04-06T00:00Z,2019,regular-season,OKC,DET,123,110,2019-04-05
401071860,2019-04-06T00:30Z,2019,regular-season,DAL,MEM,112,122,2019-04-05
401071861,2019-04-06T01:00Z,2019,regular-season,UTA,SAC,119,98,2019-04-05
401071862,2019-04-06T02:00Z,2019,regular-season,PHX,NOP,133,126,2019-04-05
401071863,2019-04-06T02:30Z,2019,regular-season,DEN,POR,119,110,2019-04-05
401071864,2019-04-06T02:30Z,2019,regular-season,GSW,CLE,120,114,2019-04-05
401071865,2019-04-06T02:30Z,2019,regular-season,LAC,LAL,117,122,2019-04-05
401071866,2019-04-06T21:00Z,2019,regular-season,MIL,BKN,128,133,2019-04-06
401071867,2019-04-07T00:00Z,2019,regular-season,CHI,PHI,96,116,2019-04-06
401071868,2019-04-07T16:00Z,2019,regular-season,TOR,MIA,117,109,2019-04-07
401071869,2019-04-07T19:00Z,2019,regular-season,CLE,SAS,90,112,2019-04-07
401071870,2019-04-07T19:30Z,2019,regular-season,MIN,OKC,126,132,2019-04-07
401071871,2019-04-07T20:00Z,2019,regular-season,DET,CHA,91,104,2019-04-07
401071872,2019-04-07T21:00Z,2019,regular-season,IND,BKN,96,108,2019-04-07
401071873,2019-04-07T22:00Z,2019,regular-season,MEM,DAL,127,129,2019-04-07
401071874,2019-04-07T23:00Z,2019,regular-season,HOU,PHX,149,113,2019-04-07
401071875,2019-04-07T23:00Z,2019,regular-season,MIL,ATL,115,107,2019-04-07
401071876,2019-04-07T23:30Z,2019,regular-season,BOS,ORL,108,116,2019-04-07
401071877,2019-04-07T23:30Z,2019,regular-season,NYK,WAS,113,110,2019-04-07
401071878,2019-04-08T00:30Z,2019,regular-season,GSW,LAC,131,104,2019-04-07
401071879,2019-04-08T01:00Z,2019,regular-season,POR,DEN,115,108,2019-04-07
401071880,2019-04-08T01:00Z,2019,regular-season,SAC,NOP,129,133,2019-04-07
401071881,2019-04-08T01:30Z,2019,regular-season,LAL,UTA,113,109,2019-04-07
401071882,2019-04-09T23:00Z,2019,regular-season,CLE,CHA,97,124,2019-04-09
401071883,2019-04-09T23:00Z,2019,regular-season,DET,MEM,100,93,2019-04-09
401071884,2019-04-09T23:00Z,2019,regular-season,WAS,BOS,110,116,2019-04-09
401071885,2019-04-09T23:30Z,2019,regular-season,MIA,PHI,122,99,2019-04-09
401071886,2019-04-10T00:00Z,2019,regular-season,CHI,NYK,86,96,2019-04-09
401071887,2019-04-10T00:00Z,2019,regular-season,MIN,TOR,100,120,2019-04-09
401071888,2019-04-10T00:00Z,2019,regular-season,NOP,GSW,103,112,2019-04-09
401071889,2019-04-10T00:30Z,2019,regular-season,DAL,PHX,120,109,2019-04-09
401071890,2019-04-10T01:00Z,2019,regular-season,UTA,DEN,118,108,2019-04-09
401071891,2019-04-10T01:30Z,2019,regular-season,OKC,HOU,112,111,2019-04-09
401071892,2019-04-10T02:30Z,2019,regular-season,LAL,POR,101,104,2019-04-09
401071893,2019-04-11T00:00Z,2019,regular-season,ATL,IND,134,135,2019-04-10
401071894,2019-04-11T00:00Z,2019,regular-season,BKN,MIA,113,94,2019-04-10
401071895,2019-04-11T00:00Z,2019,regular-season,CHA,ORL,114,122,2019-04-10
401071896,2019-04-11T00:00Z,2019,regular-season,NYK,DET,89,115,2019-04-10
401071897,2019-04-11T00:00Z,2019,regular-season,PHI,CHI,125,109,2019-04-10
401071898,2019-04-11T00:00Z,2019,regular-season,MEM,GSW,132,117,2019-04-10
401071899,2019-04-11T00:00Z,2019,regular-season,MIL,OKC,116,127,2019-04-10
401071900,2019-04-11T00:00Z,2019,regular-season,SAS,DAL,105,94,2019-04-10
401071901,2019-04-11T02:30Z,2019,regular-season,DEN,MIN,99,95,2019-04-10
401071902,2019-04-11T02:30Z,2019,regular-season,LAC,UTA,143,137,2019-04-10
401071903,2019-04-11T02:30Z,2019,regular-season,POR,SAC,136,131,2019-04-10
401126843,2019-04-13T18:30Z,2019,post-season,PHI,BKN,102,111,2019-04-13
401126829,2019-04-13T21:00Z,2019,post-season,TOR,ORL,101,104,2019-04-13
401126814,2019-04-14T00:15Z,2019,post-season,GSW,LAC,121,104,2019-04-13
401126827,2019-04-14T02:30Z,2019,post-season,DEN,SAS,96,101,2019-04-13
401126858,2019-04-14T17:00Z,2019,post-season,BOS,IND,84,74,2019-04-14
401126841,2019-04-14T19:30Z,2019,post-season,POR,OKC,104,99,2019-04-14
401126813,2019-04-14T23:00Z,2019,post-season,MIL,DET,121,86,2019-04-14
401126854,2019-04-15T01:30Z,2019,post-season,HOU,UTA,122,90,2019-04-14
401126845,2019-04-16T00:00Z,2019,post-season,PHI,BKN,145,123,2019-04-15
401126816,2019-04-16T02:30Z,2019,post-season,GSW,LAC,131,135,2019-04-15
401126831,2019-04-17T00:00Z,2019,post-season,TOR,ORL,111,82,2019-04-16
401126828,2019-04-17T01:00Z,2019,post-season,DEN,SAS,114,105,2019-04-16
401126842,2019-04-17T02:30Z,2019,post-season,POR,OKC,114,94,2019-04-16
401126860,2019-04-17T23:00Z,2019,post-season,BOS,IND,99,91,2019-04-17
401126815,2019-04-18T00:00Z,2019,post-season,MIL,DET,120,99,2019-04-17
401126856,2019-04-18T01:30Z,2019,post-season,HOU,UTA,118,98,2019-04-17
401126847,2019-04-19T00:00Z,2019,post-season,BKN,PHI,115,131,2019-04-18
401126830,2019-04-19T01:00Z,2019,post-season,SAS,DEN,118,108,2019-04-18
401126818,2019-04-19T02:30Z,2019,post-season,LAC,GSW,105,132,2019-04-18
401126833,2019-04-19T23:00Z,2019,post-season,ORL,TOR,93,98,2019-04-19
401126863,2019-04-20T00:30Z,2019,post-season,IND,BOS,96,104,2019-04-19
401126844,2019-04-20T01:30Z,2019,post-season,OKC,POR,120,108,2019-04-19
401126850,2019-04-20T19:00Z,2019,post-season,BKN,PHI,108,112,2019-04-20
401126832,2019-04-20T21:30Z,2019,post-season,SAS,DEN,103,117,2019-04-20
401126817,2019-04-21T00:00Z,2019,post-season,DET,MIL,103,119,2019-04-20
401126857,2019-04-21T02:30Z,2019,post-season,UTA,HOU,101,104,2019-04-20
401126865,2019-04-21T17:00Z,2019,post-season,IND,BOS,106,110,2019-04-21
401126820,2019-04-21T19:30Z,2019,post-season,LAC,GSW,105,113,2019-04-21
401126836,2019-04-21T23:00Z,2019,post-season,ORL,TOR,85,107,2019-04-21
401126846,2019-04-22T01:30Z,2019,post-season,OKC,POR,98,111,2019-04-21
401126819,2019-04-23T00:00Z,2019,post-season,DET,MIL,104,127,2019-04-22
401126859,2019-04-23T02:30Z,2019,post-season,UTA,HOU,107,91,2019-04-22
401126837,2019-04-23T23:00Z,2019,post-season,TOR,ORL,115,96,2019-04-23
401126851,2019-04-24T00:00Z,2019,post-season,PHI,BKN,122,100,2019-04-23
401126834,2019-04-24T01:30Z,2019,post-season,DEN,SAS,108,90,2019-04-23
401126848,2019-04-24T02:30Z,2019,post-season,POR,OKC,118,115,2019-04-23
401126861,2019-04-25T00:00Z,2019,post-season,HOU,UTA,100,93,2019-04-24
401126822,2019-04-25T02:30Z,2019,post-season,GSW,LAC,121,129,2019-04-24
401126835,2019-04-26T00:00Z,2019,post-season,SAS,DEN,120,103,2019-04-25
401126824,2019-04-27T02:00Z,2019,post-season,LAC,GSW,110,129,2019-04-26
401129113,2019-04-27T23:30Z,2019,post-season,TOR,PHI,108,95,2019-04-27
401126838,2019-04-28T02:00Z,2019,post-season,DEN,SAS,90,86,2019-04-27
401129114,2019-04-28T17:00Z,2019,post-season,MIL,BOS,90,112,2019-04-28
401129353,2019-04-28T19:30Z,2019,post-season,GSW,HOU,104,100,2019-04-28
401129100,2019-04-30T00:00Z,2019,post-season,TOR,PHI,89,94,2019-04-29
401129360,2019-04-30T02:30Z,2019,post-season,DEN,POR,121,113,2019-04-29
401129094,2019-05-01T00:00Z,2019,post-season,MIL,BOS,123,102,2019-04-30
401129354,2019-05-01T02:30Z,2019,post-season,GSW,HOU,115,109,2019-04-30
401129361,2019-05-02T01:00Z,2019,post-season,DEN,POR,90,97,2019-05-01
401129101,2019-05-03T00:00Z,2019,post-season,PHI,TOR,116,95,2019-05-02
401129095,2019-05-04T00:00Z,2019,post-season,BOS,MIL,116,123,2019-05-03
401129362,2019-05-04T02:30Z,2019,post-season,POR,DEN,140,137,2019-05-03
401129355,2019-05-05T00:30Z,2019,post-season,HOU,GSW,126,121,2019-05-04
401129102,2019-05-05T19:30Z,2019,post-season,PHI,TOR,96,101,2019-05-05
401129363,2019-05-05T23:00Z,2019,post-season,POR,DEN,112,116,2019-05-05
401129096,2019-05-06T23:00Z,2019,post-season,BOS,MIL,101,113,2019-05-06
401129356,2019-05-07T01:30Z,2019,post-season,HOU,GSW,112,108,2019-05-06
401129103,2019-05-08T00:00Z,2019,post-season,TOR,PHI,125,89,2019-05-07
401129364,2019-05-08T02:30Z,2019,post-season,DEN,POR,124,98,2019-05-07
401129097,2019-05-09T00:00Z,2019,post-season,MIL,BOS,116,91,2019-05-08
401129357,2019-05-09T02:30Z,2019,post-season,GSW,HOU,104,99,2019-05-08
401129104,2019-05-10T00:00Z,2019,post-season,PHI,TOR,112,101,2019-05-09
401129365,2019-05-10T02:30Z,2019,post-season,POR,DEN,119,108,2019-05-09
401129358,2019-05-11T01:00Z,2019,post-season,HOU,GSW,113,118,2019-05-10
401129366,2019-05-12T19:30Z,2019,post-season,DEN,POR,96,100,2019-05-12
401129105,2019-05-12T23:00Z,2019,post-season,TOR,PHI,92,90,2019-05-12
401131833,2019-05-15T01:00Z,2019,post-season,GSW,POR,116,94,2019-05-14
401131840,2019-05-16T00:30Z,2019,post-season,MIL,TOR,108,100,2019-05-15
401131834,2019-05-17T01:00Z,2019,post-season,GSW,POR,114,111,2019-05-16
401131841,2019-05-18T00:30Z,2019,post-season,MIL,TOR,125,103,2019-05-17
401131835,2019-05-19T01:00Z,2019,post-season,POR,GSW,99,110,2019-05-18
401131842,2019-05-19T23:00Z,2019,post-season,TOR,MIL,118,112,2019-05-19
401131836,2019-05-21T01:00Z,2019,post-season,POR,GSW,117,119,2019-05-20
401131843,2019-05-22T00:30Z,2019,post-season,TOR,MIL,120,102,2019-05-21
401131844,2019-05-24T00:30Z,2019,post-season,MIL,TOR,99,105,2019-05-23
401131845,2019-05-26T00:30Z,2019,post-season,TOR,MIL,100,94,2019-05-25
401134815,2019-05-31T01:00Z,2019,post-season,TOR,GSW,118,109,2019-05-30
401134816,2019-06-03T00:00Z,2019,post-season,TOR,GSW,104,109,2019-06-02
401134817,2019-06-06T01:00Z,2019,post-season,GSW,TOR,109,123,2019-06-05
401134818,2019-06-08T01:00Z,2019,post-season,GSW,TOR,92,105,2019-06-07
401134819,2019-06-11T01:00Z,2019,post-season,TOR,GSW,105,106,2019-06-10
401134820,2019-06-14T01:00Z,2019,post-season,GSW,TOR,110,114,2019-06-13
401160623,2019-10-23T00:00Z,2020,regular-season,TOR,NOP,130,122,2019-10-22
401160624,2019-10-23T02:30Z,2020,regular-season,LAC,LAL,112,102,2019-10-22
401160625,2019-10-23T23:00Z,2020,regular-season,CHA,CHI,126,125,2019-10-23
401160626,2019-10-23T23:00Z,2020,regular-season,IND,DET,110,119,2019-10-23
401160627,2019-10-23T23:00Z,2020,regular-season,ORL,CLE,94,85,2019-10-23
401160628,2019-10-23T23:30Z,2020,regular-season,BKN,MIN,126,127,2019-10-23
401160629,2019-10-23T23:30Z,2020,regular-season,MIA,MEM,120,101,2019-10-23
401160630,2019-10-23T23:30Z,2020,regular-season,PHI,BOS,107,93,2019-10-23
401160631,2019-10-24T00:30Z,2020,regular-season,DAL,WAS,108,100,2019-10-23
401160632,2019-10-24T00:30Z,2020,regular-season,SAS,NYK,120,111,2019-10-23
401160653,2019-10-24T01:00Z,2020,regular-season,UTA,OKC,100,95,2019-10-23
401160654,2019-10-24T02:00Z,2020,regular-season,PHX,SAC,124,95,2019-10-23
401160655,2019-10-24T02:00Z,2020,regular-season,POR,DEN,100,108,2019-10-23
401160656,2019-10-24T23:00Z,2020,regular-season,DET,ATL,100,117,2019-10-24
401160657,2019-10-25T00:00Z,2020,regular-season,HOU,MIL,111,117,2019-10-24
401160658,2019-10-25T02:30Z,2020,regular-season,GSW,LAC,122,141,2019-10-24
401160659,2019-10-25T23:00Z,2020,regular-season,BOS,TOR,112,106,2019-10-25
401160660,2019-10-25T23:00Z,2020,regular-season,CHA,MIN,99,121,2019-10-25
401160661,2019-10-25T23:30Z,2020,regular-season,BKN,NYK,113,109,2019-10-25
401160662,2019-10-26T00:00Z,2020,regular-season,MEM,CHI,102,110,2019-10-25
401160663,2019-10-26T00:00Z,2020,regular-season,NOP,DAL,116,123,2019-10-25
401160664,2019-10-26T00:00Z,2020,regular-season,OKC,WAS,85,97,2019-10-25
401160665,2019-10-26T01:00Z,2020,regular-season,DEN,PHX,108,107,2019-10-25
401160666,2019-10-26T02:00Z,2020,regular-season,SAC,POR,112,122,2019-10-25
401160667,2019-10-26T02:30Z,2020,regular-season,LAL,UTA,95,86,2019-10-25
401160668,2019-10-26T21:00Z,2020,regular-season,MIL,MIA,126,131,2019-10-26
401160669,2019-10-26T23:00Z,2020,regular-season,DET,PHI,111,117,2019-10-26
401160670,2019-10-26T23:30Z,2020,regular-season,ATL,ORL,103,99,2019-10-26
401160671,2019-10-26T23:30Z,2020,regular-season,NYK,BOS,95,118,2019-10-26
401160672,2019-10-27T00:00Z,2020,regular-season,CLE,IND,110,99,2019-10-26
401160673,2019-10-27T00:00Z,2020,regular-season,CHI,TOR,84,108,2019-10-26
401160674,2019-10-27T00:00Z,2020,regular-season,HOU,NOP,126,123,2019-10-26
401160675,2019-10-27T00:30Z,2020,regular-season,SAS,WAS,124,122,2019-10-26
401160676,2019-10-27T01:00Z,2020,regular-season,UTA,SAC,113,81,2019-10-26
401160677,2019-10-27T02:00Z,2020,regular-season,PHX,LAC,130,122,2019-10-26
401160678,2019-10-27T19:30Z,2020,regular-season,OKC,GSW,120,92,2019-10-27
401160679,2019-10-27T22:00Z,2020,regular-season,MEM,BKN,134,133,2019-10-27
401160680,2019-10-27T23:00Z,2020,regular-season,DAL,POR,119,121,2019-10-27
401160681,2019-10-27T23:00Z,2020,regular-season,MIN,MIA,116,109,2019-10-27
401160682,2019-10-28T01:30Z,2020,regular-season,LAL,CHA,120,101,2019-10-27
401160683,2019-10-28T23:00Z,2020,regular-season,DET,IND,96,94,2019-10-28
401160684,2019-10-28T23:00Z,2020,regular-season,NYK,CHI,105,98,2019-10-28
401160685,2019-10-28T23:30Z,2020,regular-season,ATL,PHI,103,105,2019-10-28
401160686,2019-10-28T23:30Z,2020,regular-season,TOR,ORL,104,95,2019-10-28
401160687,2019-10-29T00:00Z,2020,regular-season,HOU,OKC,116,112,2019-10-28
401160688,2019-10-29T00:00Z,2020,regular-season,MIL,CLE,129,112,2019-10-28
401160689,2019-10-29T00:00Z,2020,regular-season,NOP,GSW,123,134,2019-10-28
401160690,2019-10-29T00:30Z,2020,regular-season,SAS,POR,113,110,2019-10-28
401160691,2019-10-29T02:00Z,2020,regular-season,PHX,UTA,95,96,2019-10-28
401160692,2019-10-29T02:00Z,2020,regular-season,SAC,DEN,94,101,2019-10-28
401160693,2019-10-29T02:30Z,2020,regular-season,LAC,CHA,111,96,2019-10-28
401160694,2019-10-29T23:30Z,2020,regular-season,MIA,ATL,112,97,2019-10-29
401160695,2019-10-30T01:00Z,2020,regular-season,DEN,DAL,106,109,2019-10-29
401160696,2019-10-30T02:30Z,2020,regular-season,LAL,MEM,120,91,2019-10-29
401160697,2019-10-30T23:00Z,2020,regular-season,CLE,CHI,117,111,2019-10-30
401160698,2019-10-30T23:00Z,2020,regular-season,ORL,NYK,95,83,2019-10-30
401160699,2019-10-30T23:00Z,2020,regular-season,PHI,MIN,117,95,2019-10-30
401160700,2019-10-30T23:30Z,2020,regular-season,BOS,MIL,116,105,2019-10-30
401160701,2019-10-30T23:30Z,2020,regular-season,BKN,IND,108,118,2019-10-30
401160702,2019-10-30T23:30Z,2020,regular-season,TOR,DET,125,113,2019-10-30
401160703,2019-10-31T00:00Z,2020,regular-season,WAS,HOU,158,159,2019-10-30
401160704,2019-10-31T00:00Z,2020,regular-season,OKC,POR,99,102,2019-10-30
401160705,2019-10-31T02:00Z,2020,regular-season,UTA,LAC,110,96,2019-10-30
401160706,2019-10-31T02:00Z,2020,regular-season,SAC,CHA,111,118,2019-10-30
401160707,2019-10-31T02:30Z,2020,regular-season,GSW,PHX,110,121,2019-10-30
401160708,2019-10-31T23:00Z,2020,regular-season,ATL,MIA,97,106,2019-10-31
401160709,2019-11-01T01:30Z,2020,regular-season,NOP,DEN,122,107,2019-10-31
401160710,2019-11-01T02:30Z,2020,regular-season,LAC,SAS,103,97,2019-10-31
401160711,2019-11-01T23:00Z,2020,regular-season,BKN,HOU,123,116,2019-11-01
401160712,2019-11-01T23:00Z,2020,regular-season,IND,CLE,102,95,2019-11-01
401160713,2019-11-01T23:00Z,2020,regular-season,ORL,MIL,91,123,2019-11-01
401160714,2019-11-01T23:30Z,2020,regular-season,BOS,NYK,104,102,2019-11-01
401160715,2019-11-02T00:00Z,2020,regular-season,CHI,DET,112,106,2019-11-01
401160716,2019-11-02T01:30Z,2020,regular-season,DAL,LAL,110,119,2019-11-01
401160717,2019-11-02T02:00Z,2020,regular-season,SAC,UTA,102,101,2019-11-01
401160718,2019-11-02T02:30Z,2020,regular-season,GSW,SAS,110,127,2019-11-01
401160719,2019-11-02T21:00Z,2020,regular-season,OKC,NOP,115,104,2019-11-02
401160720,2019-11-02T23:00Z,2020,regular-season,DET,BKN,113,109,2019-11-02
401160721,2019-11-02T23:00Z,2020,regular-season,ORL,DEN,87,91,2019-11-02
401160722,2019-11-03T00:00Z,2020,regular-season,WAS,MIN,109,131,2019-11-02
401160723,2019-11-03T00:00Z,2020,regular-season,MEM,PHX,105,114,2019-11-02
401160724,2019-11-03T00:00Z,2020,regular-season,MIL,TOR,115,105,2019-11-02
401160725,2019-11-03T00:30Z,2020,regular-season,GSW,CHA,87,93,2019-11-02
401160726,2019-11-03T02:00Z,2020,regular-season,POR,PHI,128,129,2019-11-02
401160727,2019-11-03T22:00Z,2020,regular-season,IND,CHI,108,95,2019-11-03
401160728,2019-11-03T23:00Z,2020,regular-season,MIA,HOU,129,100,2019-11-03
401160729,2019-11-03T23:00Z,2020,regular-season,NYK,SAC,92,113,2019-11-03
401160730,2019-11-04T00:00Z,2020,regular-season,SAS,LAL,96,103,2019-11-03
401160731,2019-11-04T00:30Z,2020,regular-season,CLE,DAL,111,131,2019-11-03
401160732,2019-11-04T02:00Z,2020,regular-season,LAC,UTA,105,94,2019-11-03
401160733,2019-11-05T00:00Z,2020,regular-season,WAS,DET,115,99,2019-11-04
401160734,2019-11-05T00:30Z,2020,regular-season,BKN,NOP,135,125,2019-11-04
401160735,2019-11-05T01:00Z,2020,regular-season,MEM,HOU,100,107,2019-11-04
401160736,2019-11-05T01:00Z,2020,regular-season,MIN,MIL,106,134,2019-11-04
401160737,2019-11-05T02:00Z,2020,regular-season,PHX,PHI,114,109,2019-11-04
401160738,2019-11-05T03:30Z,2020,regular-season,GSW,POR,127,118,2019-11-04
401160739,2019-11-06T00:00Z,2020,regular-season,CHA,IND,122,120,2019-11-05
401160740,2019-11-06T00:00Z,2020,regular-season,CLE,BOS,113,119,2019-11-05
401160741,2019-11-06T00:30Z,2020,regular-season,ATL,SAS,108,100,2019-11-05
401160742,2019-11-06T01:00Z,2020,regular-season,CHI,LAL,112,118,2019-11-05
401160743,2019-11-06T01:00Z,2020,regular-season,OKC,ORL,102,94,2019-11-05
401160744,2019-11-06T02:00Z,2020,regular-season,DEN,MIA,109,89,2019-11-05
401160745,2019-11-07T00:00Z,2020,regular-season,DET,NYK,122,102,2019-11-06
401160746,2019-11-07T00:00Z,2020,regular-season,IND,WAS,121,106,2019-11-06
401160747,2019-11-07T00:30Z,2020,regular-season,ATL,CHI,93,113,2019-11-06
401160748,2019-11-07T00:30Z,2020,regular-season,TOR,SAC,124,120,2019-11-06
401160749,2019-11-07T00:30Z,2020,regular-season,HOU,GSW,129,112,2019-11-06
401160750,2019-11-07T01:00Z,2020,regular-season,MEM,MIN,137,121,2019-11-06
401160751,2019-11-07T01:30Z,2020,regular-season,DAL,ORL,107,106,2019-11-06
401160752,2019-11-07T02:00Z,2020,regular-season,UTA,PHI,106,104,2019-11-06
401160753,2019-11-07T03:00Z,2020,regular-season,LAC,MIL,124,129,2019-11-06
401160754,2019-11-08T01:00Z,2020,regular-season,CHA,BOS,87,108,2019-11-07
401160755,2019-11-08T01:30Z,2020,regular-season,SAS,OKC,121,112,2019-11-07
401160756,2019-11-08T02:00Z,2020,regular-season,PHX,MIA,108,124,2019-11-07
401160757,2019-11-08T03:30Z,2020,regular-season,LAC,POR,107,101,2019-11-07
401160758,2019-11-09T00:00Z,2020,regular-season,IND,DET,112,106,2019-11-08
401160759,2019-11-09T00:00Z,2020,regular-season,ORL,MEM,118,86,2019-11-08
401160760,2019-11-09T00:00Z,2020,regular-season,WAS,CLE,100,113,2019-11-08
401160761,2019-11-09T00:30Z,2020,regular-season,ATL,SAC,109,121,2019-11-08
401160762,2019-11-09T01:00Z,2020,regular-season,MIN,GSW,125,119,2019-11-08
401160763,2019-11-09T01:00Z,2020,regular-season,NOP,TOR,104,122,2019-11-08
401160764,2019-11-09T01:30Z,2020,regular-season,DAL,NYK,102,106,2019-11-08
401160765,2019-11-09T02:00Z,2020,regular-season,DEN,PHI,100,97,2019-11-08
401160766,2019-11-09T02:00Z,2020,regular-season,UTA,MIL,103,100,2019-11-08
401160767,2019-11-09T03:00Z,2020,regular-season,POR,BKN,115,119,2019-11-08
401160768,2019-11-09T03:30Z,2020,regular-season,LAL,MIA,95,80,2019-11-08
401160769,2019-11-09T22:00Z,2020,regular-season,SAS,BOS,115,135,2019-11-09
401160770,2019-11-10T00:00Z,2020,regular-season,CHA,NOP,110,115,2019-11-09
401160771,2019-11-10T01:00Z,2020,regular-season,CHI,HOU,94,117,2019-11-09
401160772,2019-11-10T01:00Z,2020,regular-season,MEM,DAL,122,138,2019-11-09
401160773,2019-11-10T01:00Z,2020,regular-season,OKC,GSW,114,108,2019-11-09
401160774,2019-11-10T20:30Z,2020,regular-season,MIN,DEN,98,100,2019-11-10
401160775,2019-11-10T23:00Z,2020,regular-season,ORL,IND,102,109,2019-11-10
401160776,2019-11-10T23:00Z,2020,regular-season,PHI,CHA,114,106,2019-11-10
401160777,2019-11-11T00:00Z,2020,regular-season,OKC,MIL,119,121,2019-11-10
401160778,2019-11-11T00:30Z,2020,regular-season,NYK,CLE,87,108,2019-11-10
401160779,2019-11-11T01:00Z,2020,regular-season,PHX,BKN,138,112,2019-11-10
401160780,2019-11-11T02:00Z,2020,regular-season,POR,ATL,124,113,2019-11-10
401160781,2019-11-11T02:30Z,2020,regular-season,LAL,TOR,104,113,2019-11-10
401160782,2019-11-12T00:00Z,2020,regular-season,DET,MIN,114,120,2019-11-11
401160783,2019-11-12T00:30Z,2020,regular-season,BOS,DAL,116,106,2019-11-11
401160785,2019-11-12T00:30Z,2020,regular-season,SAS,MEM,109,113,2019-11-11
401160784,2019-11-12T01:00Z,2020,regular-season,NOP,HOU,116,122,2019-11-11
401160786,2019-11-12T03:30Z,2020,regular-season,GSW,UTA,108,122,2019-11-11
401160787,2019-11-12T03:30Z,2020,regular-season,LAC,TOR,98,88,2019-11-11
401160788,2019-11-13T00:00Z,2020,regular-season,IND,OKC,111,85,2019-11-12
401160789,2019-11-13T00:00Z,2020,regular-season,PHI,CLE,98,97,2019-11-12
401160790,2019-11-13T00:30Z,2020,regular-season,MIA,DET,117,108,2019-11-12
401160791,2019-11-13T01:00Z,2020,regular-season,CHI,NYK,120,102,2019-11-12
401160792,2019-11-13T02:00Z,2020,regular-season,DEN,ATL,121,125,2019-11-12
401160793,2019-11-13T02:00Z,2020,regular-season,PHX,LAL,115,123,2019-11-12
401160794,2019-11-13T02:00Z,2020,regular-season,UTA,BKN,119,114,2019-11-12
401160795,2019-11-13T03:00Z,2020,regular-season,SAC,POR,107,99,2019-11-12
401160796,2019-11-14T00:00Z,2020,regular-season,CHA,MEM,117,119,2019-11-13
401160797,2019-11-14T00:00Z,2020,regular-season,ORL,PHI,112,97,2019-11-13
401160798,2019-11-14T00:30Z,2020,regular-season,BOS,WAS,140,133,2019-11-13
401160799,2019-11-14T00:30Z,2020,regular-season,HOU,LAC,102,93,2019-11-13
401160800,2019-11-14T01:00Z,2020,regular-season,MIN,SAS,129,114,2019-11-13
401160801,2019-11-14T03:00Z,2020,regular-season,LAL,GSW,120,94,2019-11-13
401160802,2019-11-14T03:00Z,2020,regular-season,POR,TOR,106,114,2019-11-13
401160803,2019-11-14T23:00Z,2020,regular-season,CLE,MIA,97,108,2019-11-14
401160804,2019-11-15T01:00Z,2020,regular-season,NYK,DAL,106,103,2019-11-14
401160805,2019-11-15T01:00Z,2020,regular-season,MIL,CHI,124,115,2019-11-14
401160806,2019-11-15T01:00Z,2020,regular-season,NOP,LAC,132,127,2019-11-14
401160807,2019-11-15T02:00Z,2020,regular-season,PHX,ATL,128,112,2019-11-14
401160808,2019-11-15T03:30Z,2020,regular-season,DEN,BKN,101,93,2019-11-14
401160809,2019-11-16T00:00Z,2020,regular-season,CHA,DET,109,106,2019-11-15
401160810,2019-11-16T00:00Z,2020,regular-season,ORL,SAS,111,109,2019-11-15
401160811,2019-11-16T01:00Z,2020,regular-season,HOU,IND,111,102,2019-11-15
401160812,2019-11-16T01:00Z,2020,regular-season,MEM,UTA,107,106,2019-11-15
401160813,2019-11-16T01:00Z,2020,regular-season,MIN,WAS,116,137,2019-11-15
401160814,2019-11-16T01:00Z,2020,regular-season,OKC,PHI,127,119,2019-11-15
401160815,2019-11-16T03:30Z,2020,regular-season,GSW,BOS,100,105,2019-11-15
401160816,2019-11-16T03:30Z,2020,regular-season,LAL,SAC,99,97,2019-11-15
401160817,2019-11-16T23:00Z,2020,regular-season,CHI,BKN,111,117,2019-11-16
401160818,2019-11-17T00:00Z,2020,regular-season,IND,MIL,83,102,2019-11-16
401160819,2019-11-17T00:30Z,2020,regular-season,NYK,CHA,102,103,2019-11-16
401160820,2019-11-17T01:00Z,2020,regular-season,MIA,NOP,109,94,2019-11-16
401160821,2019-11-17T01:00Z,2020,regular-season,MIN,HOU,105,125,2019-11-16
401160822,2019-11-17T01:30Z,2020,regular-season,DAL,TOR,110,102,2019-11-16
401160823,2019-11-17T01:30Z,2020,regular-season,SAS,POR,116,121,2019-11-16
401160824,2019-11-17T03:30Z,2020,regular-season,LAC,ATL,150,101,2019-11-16
401160825,2019-11-17T20:00Z,2020,regular-season,CLE,PHI,95,114,2019-11-17
401160826,2019-11-17T20:30Z,2020,regular-season,SAC,BOS,100,99,2019-11-17
401160827,2019-11-17T23:00Z,2020,regular-season,ORL,WAS,125,121,2019-11-17
401160828,2019-11-17T23:00Z,2020,regular-season,MEM,DEN,114,131,2019-11-17
401160829,2019-11-18T00:00Z,2020,regular-season,NOP,GSW,108,100,2019-11-17
401160830,2019-11-18T02:30Z,2020,regular-season,LAL,ATL,122,101,2019-11-17
401160831,2019-11-19T00:00Z,2020,regular-season,NYK,CLE,123,105,2019-11-18
401160832,2019-11-19T00:30Z,2020,regular-season,BKN,IND,86,115,2019-11-18
401160833,2019-11-19T00:30Z,2020,regular-season,TOR,CHA,132,96,2019-11-18
401160834,2019-11-19T01:00Z,2020,regular-season,CHI,MIL,101,115,2019-11-18
401160835,2019-11-19T01:00Z,2020,regular-season,HOU,POR,132,108,2019-11-18
401160836,2019-11-19T01:30Z,2020,regular-season,DAL,SAS,117,110,2019-11-18
401160837,2019-11-19T02:00Z,2020,regular-season,PHX,BOS,85,99,2019-11-18
401160838,2019-11-19T02:00Z,2020,regular-season,UTA,MIN,102,112,2019-11-18
401160839,2019-11-19T03:30Z,2020,regular-season,LAC,OKC,90,88,2019-11-18
401160840,2019-11-20T01:00Z,2020,regular-season,MEM,GSW,95,114,2019-11-19
401160841,2019-11-20T01:00Z,2020,regular-season,NOP,POR,115,104,2019-11-19
401160842,2019-11-20T03:00Z,2020,regular-season,SAC,PHX,120,116,2019-11-19
401160843,2019-11-20T03:30Z,2020,regular-season,LAL,OKC,112,107,2019-11-19
401160844,2019-11-21T00:00Z,2020,regular-season,PHI,NYK,109,104,2019-11-20
401160845,2019-11-21T00:00Z,2020,regular-season,WAS,SAS,138,132,2019-11-20
401160846,2019-11-21T00:30Z,2020,regular-season,ATL,MIL,127,135,2019-11-20
401160847,2019-11-21T00:30Z,2020,regular-season,BKN,CHA,101,91,2019-11-20
401160848,2019-11-21T00:30Z,2020,regular-season,MIA,CLE,124,100,2019-11-20
401160849,2019-11-21T00:30Z,2020,regular-season,TOR,ORL,113,97,2019-11-20
401160850,2019-11-21T00:30Z,2020,regular-season,DAL,GSW,142,94,2019-11-20
401160851,2019-11-21T01:00Z,2020,regular-season,CHI,DET,109,89,2019-11-20
401160852,2019-11-21T01:00Z,2020,regular-season,MIN,UTA,95,103,2019-11-20
401160853,2019-11-21T02:00Z,2020,regular-season,DEN,HOU,105,95,2019-11-20
401160854,2019-11-21T03:00Z,2020,regular-season,LAC,BOS,107,104,2019-11-20
401160855,2019-11-22T01:00Z,2020,regular-season,MIL,POR,137,129,2019-11-21
401160856,2019-11-22T03:30Z,2020,regular-season,PHX,NOP,121,124,2019-11-21
401160857,2019-11-23T00:00Z,2020,regular-season,DET,ATL,128,103,2019-11-22
401160858,2019-11-23T00:00Z,2020,regular-season,WAS,CHA,125,118,2019-11-22
401160859,2019-11-23T00:30Z,2020,regular-season,BKN,SAC,116,97,2019-11-22
401160860,2019-11-23T01:00Z,2020,regular-season,PHI,SAS,115,104,2019-11-22
401160861,2019-11-23T01:00Z,2020,regular-season,CHI,MIA,108,116,2019-11-22
401160862,2019-11-23T01:00Z,2020,regular-season,OKC,LAL,127,130,2019-11-22
401160863,2019-11-23T01:30Z,2020,regular-season,DAL,CLE,143,101,2019-11-22
401160864,2019-11-23T02:00Z,2020,regular-season,DEN,BOS,96,92,2019-11-22
401160865,2019-11-23T02:00Z,2020,regular-season,UTA,GSW,113,109,2019-11-22
401160866,2019-11-23T03:30Z,2020,regular-season,LAC,HOU,122,119,2019-11-22
401160867,2019-11-23T22:00Z,2020,regular-season,MIN,PHX,98,100,2019-11-23
401160868,2019-11-24T00:00Z,2020,regular-season,CHA,CHI,115,116,2019-11-23
401160869,2019-11-24T00:00Z,2020,regular-season,IND,ORL,111,106,2019-11-23
401160870,2019-11-24T00:30Z,2020,regular-season,ATL,TOR,116,119,2019-11-23
401160871,2019-11-24T00:30Z,2020,regular-season,NYK,SAS,104,111,2019-11-23
401160872,2019-11-24T00:30Z,2020,regular-season,PHI,MIA,113,86,2019-11-23
401160873,2019-11-24T01:00Z,2020,regular-season,CLE,POR,110,104,2019-11-23
401160874,2019-11-24T01:00Z,2020,regular-season,MEM,LAL,108,109,2019-11-23
401160875,2019-11-24T01:30Z,2020,regular-season,MIL,DET,104,90,2019-11-23
401160876,2019-11-24T02:00Z,2020,regular-season,UTA,NOP,128,120,2019-11-23
401160877,2019-11-24T20:30Z,2020,regular-season,HOU,DAL,123,137,2019-11-24
401160878,2019-11-24T23:00Z,2020,regular-season,NYK,BKN,101,103,2019-11-24
401160879,2019-11-24T23:00Z,2020,regular-season,WAS,SAC,106,113,2019-11-24
401160880,2019-11-25T01:00Z,2020,regular-season,DEN,PHX,116,104,2019-11-24
401160881,2019-11-25T02:00Z,2020,regular-season,LAC,NOP,134,109,2019-11-24
401160882,2019-11-26T00:00Z,2020,regular-season,CLE,BKN,106,108,2019-11-25
401160883,2019-11-26T00:00Z,2020,regular-season,DET,ORL,103,88,2019-11-25
401160884,2019-11-26T00:00Z,2020,regular-season,IND,MEM,126,114,2019-11-25
401160885,2019-11-26T00:30Z,2020,regular-season,ATL,MIN,113,125,2019-11-25
401160886,2019-11-26T00:30Z,2020,regular-season,BOS,SAC,103,102,2019-11-25
401160887,2019-11-26T00:30Z,2020,regular-season,MIA,CHA,117,100,2019-11-25
401160888,2019-11-26T00:30Z,2020,regular-season,TOR,PHI,101,96,2019-11-25
401160889,2019-11-26T01:00Z,2020,regular-season,CHI,POR,94,117,2019-11-25
401160890,2019-11-26T01:00Z,2020,regular-season,MIL,UTA,122,118,2019-11-25
401160891,2019-11-26T01:30Z,2020,regular-season,SAS,LAL,104,114,2019-11-25
401160892,2019-11-26T03:30Z,2020,regular-season,GSW,OKC,97,100,2019-11-25
401160893,2019-11-27T01:30Z,2020,regular-season,DAL,LAC,99,114,2019-11-26
401160894,2019-11-27T02:00Z,2020,regular-season,DEN,WAS,117,104,2019-11-26
401160895,2019-11-28T00:00Z,2020,regular-season,BOS,BKN,121,110,2019-11-27
401160896,2019-11-28T00:00Z,2020,regular-season,CHA,DET,102,101,2019-11-27
401160897,2019-11-28T00:00Z,2020,regular-season,CLE,ORL,104,116,2019-11-27
401160898,2019-11-28T00:00Z,2020,regular-season,IND,UTA,121,102,2019-11-27
401160899,2019-11-28T00:00Z,2020,regular-season,PHI,SAC,97,91,2019-11-27
401160900,2019-11-28T00:30Z,2020,regular-season,TOR,NYK,126,98,2019-11-27
401160901,2019-11-28T01:00Z,2020,regular-season,HOU,MIA,117,108,2019-11-27
401160902,2019-11-28T01:00Z,2020,regular-season,MEM,LAC,119,121,2019-11-27
401160903,2019-11-28T01:00Z,2020,regular-season,MIL,ATL,111,102,2019-11-27
401160904,2019-11-28T01:30Z,2020,regular-season,SAS,MIN,101,113,2019-11-27
401160905,2019-11-28T02:00Z,2020,regular-season,PHX,WAS,132,140,2019-11-27
401160906,2019-11-28T02:30Z,2020,regular-season,NOP,LAL,110,114,2019-11-27
401160907,2019-11-28T03:00Z,2020,regular-season,POR,OKC,136,119,2019-11-27
401160908,2019-11-28T03:30Z,2020,regular-season,GSW,CHI,104,90,2019-11-27
401160909,2019-11-29T17:00Z,2020,regular-season,BKN,BOS,112,107,2019-11-29
401160910,2019-11-30T00:00Z,2020,regular-season,DET,CHA,107,110,2019-11-29
401160911,2019-11-30T00:00Z,2020,regular-season,ORL,TOR,83,90,2019-11-29
401160912,2019-11-30T00:30Z,2020,regular-season,CLE,MIL,110,119,2019-11-29
401160913,2019-11-30T00:30Z,2020,regular-season,NYK,PHI,95,101,2019-11-29
401160914,2019-11-30T01:00Z,2020,regular-season,IND,ATL,105,104,2019-11-29
401160915,2019-11-30T01:00Z,2020,regular-season,MIA,GSW,122,105,2019-11-29
401160916,2019-11-30T01:00Z,2020,regular-season,MEM,UTA,94,103,2019-11-29
401160917,2019-11-30T01:00Z,2020,regular-season,OKC,NOP,109,104,2019-11-29
401160918,2019-11-30T01:30Z,2020,regular-season,SAS,LAC,107,97,2019-11-29
401160919,2019-11-30T02:00Z,2020,regular-season,PHX,DAL,113,120,2019-11-29
401160920,2019-11-30T03:00Z,2020,regular-season,POR,CHI,107,103,2019-11-29
401160921,2019-11-30T03:30Z,2020,regular-season,LAL,WAS,125,103,2019-11-29
401160922,2019-11-30T22:00Z,2020,regular-season,SAC,DEN,100,97,2019-11-30
401160923,2019-12-01T00:00Z,2020,regular-season,PHI,IND,119,116,2019-11-30
401160924,2019-12-01T01:00Z,2020,regular-season,HOU,ATL,158,111,2019-11-30
401160925,2019-12-01T01:00Z,2020,regular-season,MIL,CHA,137,96,2019-11-30
401160926,2019-12-01T20:00Z,2020,regular-season,BKN,MIA,106,109,2019-12-01
401160927,2019-12-01T20:30Z,2020,regular-season,NYK,BOS,104,113,2019-12-01
401160928,2019-12-01T20:30Z,2020,regular-season,MIN,MEM,107,115,2019-12-01
401160929,2019-12-01T21:00Z,2020,regular-season,LAL,DAL,100,114,2019-12-01
401160930,2019-12-01T22:00Z,2020,regular-season,DET,SAS,132,98,2019-12-01
401160931,2019-12-01T22:00Z,2020,regular-season,NOP,OKC,104,107,2019-12-01
401160932,2019-12-01T23:00Z,2020,regular-season,ORL,GSW,100,96,2019-12-01
401160933,2019-12-01T23:00Z,2020,regular-season,TOR,UTA,130,110,2019-12-01
401160934,2019-12-02T03:30Z,2020,regular-season,LAC,WAS,150,125,2019-12-01
401160935,2019-12-03T00:00Z,2020,regular-season,CHA,PHX,104,109,2019-12-02
401160936,2019-12-03T00:00Z,2020,regular-season,PHI,UTA,103,94,2019-12-02
401160937,2019-12-03T00:30Z,2020,regular-season,ATL,GSW,104,79,2019-12-02
401160938,2019-12-03T01:00Z,2020,regular-season,MEM,IND,104,117,2019-12-02
401160939,2019-12-03T01:00Z,2020,regular-season,MIL,NYK,132,88,2019-12-02
401160940,2019-12-03T03:00Z,2020,regular-season,SAC,CHI,106,113,2019-12-02
401160941,2019-12-04T00:00Z,2020,regular-season,CLE,DET,94,127,2019-12-03
401160942,2019-12-04T00:00Z,2020,regular-season,WAS,ORL,120,127,2019-12-03
401160943,2019-12-04T00:30Z,2020,regular-season,TOR,MIA,110,121,2019-12-03
401160944,2019-12-04T00:30Z,2020,regular-season,NOP,DAL,97,118,2019-12-03
401160945,2019-12-04T01:30Z,2020,regular-season,SAS,HOU,135,133,2019-12-03
401160946,2019-12-04T02:00Z,2020,regular-season,DEN,LAL,96,105,2019-12-03
401160947,2019-12-04T03:00Z,2020,regular-season,LAC,POR,117,97,2019-12-03
401160948,2019-12-05T00:00Z,2020,regular-season,CHA,GSW,106,91,2019-12-04
401160949,2019-12-05T00:00Z,2020,regular-season,DET,MIL,103,127,2019-12-04
401160950,2019-12-05T00:00Z,2020,regular-season,ORL,PHX,128,114,2019-12-04
401160951,2019-12-05T00:30Z,2020,regular-season,ATL,BKN,118,130,2019-12-04
401160952,2019-12-05T00:30Z,2020,regular-season,BOS,MIA,112,93,2019-12-04
401160953,2019-12-05T01:00Z,2020,regular-season,CHI,MEM,106,99,2019-12-04
401160954,2019-12-05T01:00Z,2020,regular-season,OKC,IND,100,107,2019-12-04
401160955,2019-12-05T01:30Z,2020,regular-season,DAL,MIN,121,114,2019-12-04
401160956,2019-12-05T02:00Z,2020,regular-season,UTA,LAL,96,121,2019-12-04
401160957,2019-12-05T03:00Z,2020,regular-season,POR,SAC,127,116,2019-12-04
401160958,2019-12-06T00:00Z,2020,regular-season,WAS,PHI,119,113,2019-12-05
401160959,2019-12-06T00:30Z,2020,regular-season,NYK,DEN,92,129,2019-12-05
401160960,2019-12-06T00:30Z,2020,regular-season,TOR,HOU,109,119,2019-12-05
401160961,2019-12-06T01:00Z,2020,regular-season,NOP,PHX,132,139,2019-12-05
401160962,2019-12-07T00:00Z,2020,regular-season,CHA,BKN,104,111,2019-12-06
401160963,2019-12-07T00:00Z,2020,regular-season,CLE,ORL,87,93,2019-12-06
401160964,2019-12-07T00:00Z,2020,regular-season,DET,IND,108,101,2019-12-06
401160965,2019-12-07T01:00Z,2020,regular-season,BOS,DEN,108,95,2019-12-06
401160966,2019-12-07T01:00Z,2020,regular-season,MIA,WAS,112,103,2019-12-06
401160967,2019-12-07T01:00Z,2020,regular-season,CHI,GSW,98,100,2019-12-06
401160968,2019-12-07T01:00Z,2020,regular-season,OKC,MIN,139,127,2019-12-06
401160969,2019-12-07T01:30Z,2020,regular-season,MIL,LAC,119,91,2019-12-06
401160970,2019-12-07T01:30Z,2020,regular-season,SAS,SAC,105,104,2019-12-06
401160971,2019-12-07T03:30Z,2020,regular-season,POR,LAL,113,136,2019-12-06
401160972,2019-12-07T19:00Z,2020,regular-season,DAL,NOP,130,84,2019-12-07
401160973,2019-12-08T00:30Z,2020,regular-season,NYK,IND,103,104,2019-12-07
401160974,2019-12-08T00:30Z,2020,regular-season,PHI,CLE,141,94,2019-12-07
401160975,2019-12-08T01:00Z,2020,regular-season,HOU,PHX,115,109,2019-12-07
401160976,2019-12-08T03:00Z,2020,regular-season,UTA,MEM,126,112,2019-12-07
401160977,2019-12-08T20:00Z,2020,regular-season,BKN,DEN,105,102,2019-12-08
401160978,2019-12-08T22:00Z,2020,regular-season,CHA,ATL,107,122,2019-12-08
401160979,2019-12-08T23:00Z,2020,regular-season,MIA,CHI,110,105,2019-12-08
401160980,2019-12-08T23:00Z,2020,regular-season,PHI,TOR,110,104,2019-12-08
401160981,2019-12-08T23:00Z,2020,regular-season,WAS,LAC,119,135,2019-12-08
401160982,2019-12-09T00:00Z,2020,regular-season,DAL,SAC,106,110,2019-12-08
401160983,2019-12-09T02:00Z,2020,regular-season,POR,OKC,96,108,2019-12-08
401160984,2019-12-09T02:30Z,2020,regular-season,LAL,MIN,142,125,2019-12-08
401160985,2019-12-10T00:00Z,2020,regular-season,IND,LAC,99,110,2019-12-09
401160986,2019-12-10T00:30Z,2020,regular-season,BOS,CLE,110,88,2019-12-09
401160987,2019-12-10T01:00Z,2020,regular-season,CHI,TOR,92,93,2019-12-09
401160988,2019-12-10T01:00Z,2020,regular-season,HOU,SAC,118,119,2019-12-09
401160989,2019-12-10T01:00Z,2020,regular-season,MIL,ORL,110,101,2019-12-09
401160990,2019-12-10T01:00Z,2020,regular-season,NOP,DET,103,105,2019-12-09
401160991,2019-12-10T02:00Z,2020,regular-season,PHX,MIN,125,109,2019-12-09
401160992,2019-12-10T02:00Z,2020,regular-season,UTA,OKC,90,104,2019-12-09
401160993,2019-12-10T03:30Z,2020,regular-season,GSW,MEM,102,110,2019-12-09
401160994,2019-12-11T00:00Z,2020,regular-season,CHA,WAS,114,107,2019-12-10
401160995,2019-12-11T01:00Z,2020,regular-season,PHI,DEN,97,92,2019-12-10
401160996,2019-12-11T01:00Z,2020,regular-season,MIA,ATL,135,121,2019-12-10
401160997,2019-12-11T03:00Z,2020,regular-season,POR,NYK,115,87,2019-12-10
401160998,2019-12-12T00:00Z,2020,regular-season,CLE,HOU,110,116,2019-12-11
401160999,2019-12-12T00:00Z,2020,regular-season,IND,BOS,122,117,2019-12-11
401161000,2019-12-12T00:00Z,2020,regular-season,ORL,LAL,87,96,2019-12-11
401161001,2019-12-12T00:00Z,2020,regular-season,TOR,LAC,92,112,2019-12-11
401161002,2019-12-12T00:30Z,2020,regular-season,BKN,CHA,108,113,2019-12-11
401161003,2019-12-12T01:00Z,2020,regular-season,CHI,ATL,136,102,2019-12-11
401161004,2019-12-12T01:00Z,2020,regular-season,MIN,UTA,116,127,2019-12-11
401161005,2019-12-12T02:00Z,2020,regular-season,PHX,MEM,108,115,2019-12-11
401161006,2019-12-12T02:30Z,2020,regular-season,MIL,NOP,127,112,2019-12-11
401161007,2019-12-12T03:00Z,2020,regular-season,SAC,OKC,94,93,2019-12-11
401161008,2019-12-12T03:30Z,2020,regular-season,GSW,NYK,122,124,2019-12-11
401161009,2019-12-13T01:00Z,2020,regular-season,BOS,PHI,109,115,2019-12-12
401161010,2019-12-13T01:30Z,2020,regular-season,SAS,CLE,109,117,2019-12-12
401161011,2019-12-13T02:00Z,2020,regular-season,DET,DAL,111,122,2019-12-12
401161012,2019-12-13T03:30Z,2020,regular-season,DEN,POR,114,99,2019-12-12
401161013,2019-12-14T00:00Z,2020,regular-season,ORL,HOU,107,130,2019-12-13
401161014,2019-12-14T00:00Z,2020,regular-season,PHI,NOP,116,109,2019-12-13
401161016,2019-12-14T00:00Z,2020,regular-season,MIA,LAL,110,113,2019-12-13
401161015,2019-12-14T00:30Z,2020,regular-season,ATL,IND,100,110,2019-12-13
401161017,2019-12-14T01:00Z,2020,regular-season,CHI,CHA,73,83,2019-12-13
401161018,2019-12-14T01:00Z,2020,regular-season,MEM,MIL,114,127,2019-12-13
401161021,2019-12-14T02:00Z,2020,regular-season,UTA,GSW,114,106,2019-12-13
401161019,2019-12-14T02:30Z,2020,regular-season,MIN,LAC,117,124,2019-12-13
401161020,2019-12-14T03:00Z,2020,regular-season,SAC,NYK,101,103,2019-12-13
401161022,2019-12-14T22:00Z,2020,regular-season,PHX,SAS,119,121,2019-12-14
401161023,2019-12-15T00:30Z,2020,regular-season,TOR,BKN,110,102,2019-12-14
401161024,2019-12-15T01:00Z,2020,regular-season,CHI,LAC,109,106,2019-12-14
401161025,2019-12-15T01:00Z,2020,regular-season,MEM,WAS,128,111,2019-12-14
401161026,2019-12-15T01:30Z,2020,regular-season,DAL,MIA,118,122,2019-12-14
401161027,2019-12-15T01:30Z,2020,regular-season,MIL,CLE,125,108,2019-12-14
401161028,2019-12-15T02:00Z,2020,regular-season,HOU,DET,107,115,2019-12-14
401161029,2019-12-15T02:00Z,2020,regular-season,DEN,OKC,110,102,2019-12-14
401161030,2019-12-15T20:30Z,2020,regular-season,NOP,ORL,119,130,2019-12-15
401161031,2019-12-15T22:00Z,2020,regular-season,IND,CHA,107,85,2019-12-15
401161032,2019-12-15T23:00Z,2020,regular-season,ATL,LAL,96,101,2019-12-15
401161033,2019-12-15T23:00Z,2020,regular-season,BKN,PHI,109,89,2019-12-15
401161034,2019-12-16T01:00Z,2020,regular-season,DEN,NYK,111,105,2019-12-15
401161035,2019-12-16T01:30Z,2020,regular-season,GSW,SAC,79,100,2019-12-15
401161036,2019-12-17T00:00Z,2020,regular-season,DET,WAS,119,133,2019-12-16
401161037,2019-12-17T00:30Z,2020,regular-season,TOR,CLE,133,113,2019-12-16
401161038,2019-12-17T01:00Z,2020,regular-season,HOU,SAS,109,107,2019-12-16
401161039,2019-12-17T01:00Z,2020,regular-season,MEM,MIA,118,111,2019-12-16
401161040,2019-12-17T01:00Z,2020,regular-season,MIL,DAL,116,120,2019-12-16
401161041,2019-12-17T01:00Z,2020,regular-season,OKC,CHI,109,106,2019-12-16
401161042,2019-12-17T02:00Z,2020,regular-season,PHX,POR,110,111,2019-12-16
401161043,2019-12-18T00:00Z,2020,regular-season,CHA,SAC,110,102,2019-12-17
401161044,2019-12-18T00:00Z,2020,regular-season,IND,LAL,105,102,2019-12-17
401161045,2019-12-18T00:30Z,2020,regular-season,NYK,ATL,143,120,2019-12-17
401161046,2019-12-18T01:00Z,2020,regular-season,NOP,BKN,101,108,2019-12-17
401161047,2019-12-18T02:00Z,2020,regular-season,UTA,ORL,109,102,2019-12-17
401161048,2019-12-18T03:30Z,2020,regular-season,LAC,PHX,120,99,2019-12-17
401161049,2019-12-19T00:00Z,2020,regular-season,CLE,CHA,100,98,2019-12-18
401161050,2019-12-19T00:00Z,2020,regular-season,DET,TOR,99,112,2019-12-18
401161051,2019-12-19T00:00Z,2020,regular-season,WAS,CHI,109,110,2019-12-18
401161052,2019-12-19T00:00Z,2020,regular-season,PHI,MIA,104,108,2019-12-18
401161053,2019-12-19T01:00Z,2020,regular-season,MIN,NOP,99,107,2019-12-18
401161054,2019-12-19T01:00Z,2020,regular-season,OKC,MEM,126,122,2019-12-18
401161056,2019-12-19T02:00Z,2020,regular-season,DEN,ORL,113,104,2019-12-18
401161055,2019-12-19T02:30Z,2020,regular-season,DAL,BOS,103,109,2019-12-18
401161057,2019-12-19T03:00Z,2020,regular-season,POR,GSW,122,112,2019-12-18
401161058,2019-12-20T00:30Z,2020,regular-season,ATL,UTA,106,111,2019-12-19
401161059,2019-12-20T01:00Z,2020,regular-season,MIL,LAL,111,104,2019-12-19
401161060,2019-12-20T01:30Z,2020,regular-season,SAS,BKN,118,105,2019-12-19
401161061,2019-12-20T03:30Z,2020,regular-season,LAC,HOU,117,122,2019-12-19
401161062,2019-12-21T00:00Z,2020,regular-season,CLE,MEM,114,107,2019-12-20
401161063,2019-12-21T00:00Z,2020,regular-season,IND,SAC,119,105,2019-12-20
401161064,2019-12-21T00:30Z,2020,regular-season,BOS,DET,114,93,2019-12-20
401161065,2019-12-21T00:30Z,2020,regular-season,TOR,WAS,122,118,2019-12-20
401161066,2019-12-21T01:00Z,2020,regular-season,MIA,NYK,129,114,2019-12-20
401161067,2019-12-21T01:00Z,2020,regular-season,PHI,DAL,98,117,2019-12-20
401161068,2019-12-21T01:00Z,2020,regular-season,OKC,PHX,126,108,2019-12-20
401161069,2019-12-21T02:00Z,2020,regular-season,DEN,MIN,109,100,2019-12-20
401161070,2019-12-21T03:00Z,2020,regular-season,POR,ORL,118,103,2019-12-20
401161071,2019-12-21T03:30Z,2020,regular-season,GSW,NOP,106,102,2019-12-20
401161072,2019-12-21T22:00Z,2020,regular-season,CHA,UTA,107,114,2019-12-21
401161073,2019-12-21T23:00Z,2020,regular-season,BKN,ATL,122,112,2019-12-21
401161074,2019-12-22T00:00Z,2020,regular-season,DET,CHI,107,119,2019-12-21
401161075,2019-12-22T00:00Z,2020,regular-season,PHI,WAS,125,108,2019-12-21
401161076,2019-12-22T00:30Z,2020,regular-season,NYK,MIL,102,123,2019-12-21
401161077,2019-12-22T01:00Z,2020,regular-season,MEM,SAC,119,115,2019-12-21
401161078,2019-12-22T01:30Z,2020,regular-season,SAS,LAC,109,134,2019-12-21
401161079,2019-12-22T02:00Z,2020,regular-season,PHX,HOU,125,139,2019-12-21
401161080,2019-12-22T03:00Z,2020,regular-season,POR,MIN,113,106,2019-12-21
401161081,2019-12-22T20:30Z,2020,regular-season,TOR,DAL,110,107,2019-12-22
401161082,2019-12-22T23:00Z,2020,regular-season,BOS,CHA,119,93,2019-12-22
401161083,2019-12-23T00:00Z,2020,regular-season,MIL,IND,117,89,2019-12-22
401161084,2019-12-23T00:00Z,2020,regular-season,OKC,LAC,118,112,2019-12-22
401161085,2019-12-23T02:30Z,2020,regular-season,LAL,DEN,104,128,2019-12-22
401161086,2019-12-24T00:00Z,2020,regular-season,CLE,ATL,121,118,2019-12-23
401161087,2019-12-24T00:00Z,2020,regular-season,DET,PHI,109,125,2019-12-23
401161088,2019-12-24T00:00Z,2020,regular-season,IND,TOR,120,115,2019-12-23
401161089,2019-12-24T00:00Z,2020,regular-season,NYK,WAS,115,121,2019-12-23
401161090,2019-12-24T00:00Z,2020,regular-season,ORL,CHI,103,95,2019-12-23
401161091,2019-12-24T00:30Z,2020,regular-season,MIA,UTA,107,104,2019-12-23
401161092,2019-12-24T01:00Z,2020,regular-season,MEM,SAS,115,145,2019-12-23
401161093,2019-12-24T02:00Z,2020,regular-season,PHX,DEN,111,113,2019-12-23
401161094,2019-12-24T03:00Z,2020,regular-season,POR,NOP,94,102,2019-12-23
401161095,2019-12-24T03:00Z,2020,regular-season,SAC,HOU,104,113,2019-12-23
401161096,2019-12-24T03:30Z,2020,regular-season,GSW,MIN,113,104,2019-12-23
401161097,2019-12-25T17:00Z,2020,regular-season,TOR,BOS,102,118,2019-12-25
401161098,2019-12-25T19:30Z,2020,regular-season,PHI,MIL,121,109,2019-12-25
401161099,2019-12-25T22:00Z,2020,regular-season,GSW,HOU,116,104,2019-12-25
401161100,2019-12-26T01:00Z,2020,regular-season,LAL,LAC,106,111,2019-12-25
401161101,2019-12-26T03:30Z,2020,regular-season,DEN,NOP,100,112,2019-12-25
401161102,2019-12-27T00:00Z,2020,regular-season,DET,WAS,132,102,2019-12-26
401161103,2019-12-27T00:30Z,2020,regular-season,BKN,NYK,82,94,2019-12-26
401161104,2019-12-27T01:00Z,2020,regular-season,OKC,MEM,97,110,2019-12-26
401161105,2019-12-27T01:00Z,2020,regular-season,DAL,SAS,102,98,2019-12-26
401161106,2019-12-27T03:00Z,2020,regular-season,SAC,MIN,104,105,2019-12-26
401161107,2019-12-27T03:30Z,2020,regular-season,UTA,POR,121,115,2019-12-26
401161108,2019-12-27T21:00Z,2020,regular-season,BOS,CLE,129,117,2019-12-27
401161109,2019-12-28T00:00Z,2020,regular-season,CHA,OKC,102,104,2019-12-27
401161110,2019-12-28T00:00Z,2020,regular-season,ORL,PHI,98,97,2019-12-27
401161111,2019-12-28T00:30Z,2020,regular-season,ATL,MIL,86,112,2019-12-27
401161112,2019-12-28T01:00Z,2020,regular-season,MIA,IND,113,112,2019-12-27
401161113,2019-12-28T03:30Z,2020,regular-season,GSW,PHX,105,96,2019-12-27
401161114,2019-12-28T22:00Z,2020,regular-season,DEN,MEM,119,110,2019-12-28
401161115,2019-12-29T00:00Z,2020,regular-season,BOS,TOR,97,113,2019-12-28
401161116,2019-12-29T00:00Z,2020,regular-season,NOP,IND,120,98,2019-12-28
401161117,2019-12-29T01:00Z,2020,regular-season,MIA,PHI,117,116,2019-12-28
401161118,2019-12-29T01:00Z,2020,regular-season,WAS,NYK,100,107,2019-12-28
401161119,2019-12-29T01:00Z,2020,regular-season,CHI,ATL,116,81,2019-12-28
401161120,2019-12-29T01:00Z,2020,regular-season,HOU,BKN,108,98,2019-12-28
401161121,2019-12-29T01:00Z,2020,regular-season,MIN,CLE,88,94,2019-12-28
401161122,2019-12-29T01:30Z,2020,regular-season,MIL,ORL,111,100,2019-12-28
401161123,2019-12-29T01:30Z,2020,regular-season,SAS,DET,136,109,2019-12-28
401161124,2019-12-29T01:30Z,2020,regular-season,GSW,DAL,121,141,2019-12-28
401161125,2019-12-29T02:00Z,2020,regular-season,SAC,PHX,110,112,2019-12-28
401161126,2019-12-29T03:00Z,2020,regular-season,POR,LAL,120,128,2019-12-28
401161127,2019-12-29T03:30Z,2020,regular-season,LAC,UTA,107,120,2019-12-28
401161128,2019-12-29T23:00Z,2020,regular-season,TOR,OKC,97,98,2019-12-29
401161129,2019-12-30T01:00Z,2020,regular-season,MEM,CHA,117,104,2019-12-29
401161130,2019-12-30T01:00Z,2020,regular-season,NOP,HOU,127,112,2019-12-29
401161131,2019-12-30T01:00Z,2020,regular-season,DEN,SAC,120,115,2019-12-29
401161132,2019-12-30T02:30Z,2020,regular-season,LAL,DAL,108,95,2019-12-29
401161133,2019-12-31T00:00Z,2020,regular-season,ORL,ATL,93,101,2019-12-30
401161134,2019-12-31T00:00Z,2020,regular-season,WAS,MIA,123,105,2019-12-30
401161135,2019-12-31T01:00Z,2020,regular-season,CHI,MIL,102,123,2019-12-30
401161136,2019-12-31T01:00Z,2020,regular-season,MIN,BKN,122,115,2019-12-30
401161137,2019-12-31T02:00Z,2020,regular-season,UTA,DET,104,81,2019-12-30
401161138,2019-12-31T03:00Z,2020,regular-season,POR,PHX,116,122,2019-12-30
401161139,2019-12-31T20:00Z,2020,regular-season,CHA,BOS,92,109,2019-12-31
401161140,2019-12-31T20:00Z,2020,regular-season,IND,PHI,115,97,2019-12-31
401161141,2019-12-31T22:00Z,2020,regular-season,SAC,LAC,87,105,2019-12-31
401161142,2020-01-01T00:00Z,2020,regular-season,TOR,CLE,117,97,2019-12-31
401161143,2020-01-01T00:00Z,2020,regular-season,HOU,DEN,130,104,2019-12-31
401161144,2020-01-01T00:00Z,2020,regular-season,SAS,GSW,117,113,2019-12-31
401161145,2020-01-01T01:00Z,2020,regular-season,OKC,DAL,106,101,2019-12-31
401161146,2020-01-01T23:00Z,2020,regular-season,WAS,ORL,101,122,2020-01-01
401161147,2020-01-02T00:30Z,2020,regular-season,NYK,POR,117,93,2020-01-01
401161148,2020-01-02T01:00Z,2020,regular-season,MIL,MIN,106,104,2020-01-01
401161149,2020-01-02T03:30Z,2020,regular-season,LAL,PHX,117,107,2020-01-01
401161150,2020-01-03T00:00Z,2020,regular-season,CLE,CHA,106,109,2020-01-02
401161151,2020-01-03T00:00Z,2020,regular-season,IND,DEN,116,124,2020-01-02
401161152,2020-01-03T00:30Z,2020,regular-season,MIA,TOR,84,76,2020-01-02
401161153,2020-01-03T01:00Z,2020,regular-season,CHI,UTA,98,102,2020-01-02
401161154,2020-01-03T01:00Z,2020,regular-season,MIN,GSW,99,84,2020-01-02
401161155,2020-01-03T01:30Z,2020,regular-season,DAL,BKN,123,111,2020-01-02
401161156,2020-01-03T01:30Z,2020,regular-season,SAS,OKC,103,109,2020-01-02
401161157,2020-01-03T03:00Z,2020,regular-season,SAC,MEM,128,123,2020-01-02
401161158,2020-01-03T03:30Z,2020,regular-season,LAC,DET,126,112,2020-01-02
401161159,2020-01-04T00:00Z,2020,regular-season,BOS,ATL,109,106,2020-01-03
401161160,2020-01-04T00:00Z,2020,regular-season,ORL,MIA,105,85,2020-01-03
401161161,2020-01-04T00:00Z,2020,regular-season,WAS,POR,103,122,2020-01-03
401161162,2020-01-04T01:00Z,2020,regular-season,HOU,PHI,118,108,2020-01-03
401161163,2020-01-04T02:00Z,2020,regular-season,PHX,NYK,120,112,2020-01-03
401161164,2020-01-04T03:30Z,2020,regular-season,LAL,NOP,123,113,2020-01-03
401161165,2020-01-04T20:30Z,2020,regular-season,LAC,MEM,114,140,2020-01-04
401161166,2020-01-04T23:00Z,2020,regular-season,BKN,TOR,102,121,2020-01-04
401161167,2020-01-05T00:00Z,2020,regular-season,ORL,UTA,96,109,2020-01-04
401161168,2020-01-05T00:30Z,2020,regular-season,ATL,IND,116,111,2020-01-04
401161169,2020-01-05T00:30Z,2020,regular-season,CLE,OKC,106,121,2020-01-04
401161170,2020-01-05T01:00Z,2020,regular-season,WAS,DEN,128,114,2020-01-04
401161171,2020-01-05T01:00Z,2020,regular-season,CHI,BOS,104,111,2020-01-04
401161172,2020-01-05T01:30Z,2020,regular-season,DAL,CHA,120,123,2020-01-04
401161173,2020-01-05T01:30Z,2020,regular-season,MIL,SAS,127,118,2020-01-04
401161174,2020-01-05T01:30Z,2020,regular-season,GSW,DET,104,111,2020-01-04
401161175,2020-01-05T03:00Z,2020,regular-season,SAC,NOP,115,117,2020-01-04
401161176,2020-01-05T20:30Z,2020,regular-season,LAC,NYK,135,132,2020-01-05
401161177,2020-01-05T23:00Z,2020,regular-season,MIA,POR,122,111,2020-01-05
401161178,2020-01-06T00:30Z,2020,regular-season,CLE,MIN,103,118,2020-01-05
401161179,2020-01-06T01:00Z,2020,regular-season,PHX,MEM,114,121,2020-01-05
401161180,2020-01-06T03:00Z,2020,regular-season,LAL,DET,106,99,2020-01-05
401161181,2020-01-07T00:00Z,2020,regular-season,CHA,IND,104,115,2020-01-06
401161182,2020-01-07T00:00Z,2020,regular-season,ORL,BKN,101,89,2020-01-06
401161183,2020-01-07T00:00Z,2020,regular-season,PHI,OKC,120,113,2020-01-06
401161184,2020-01-07T00:00Z,2020,regular-season,WAS,BOS,99,94,2020-01-06
401161185,2020-01-07T00:30Z,2020,regular-season,ATL,DEN,115,123,2020-01-06
401161186,2020-01-07T01:00Z,2020,regular-season,NOP,UTA,126,128,2020-01-06
401161187,2020-01-07T01:30Z,2020,regular-season,DAL,CHI,118,110,2020-01-06
401161188,2020-01-07T01:30Z,2020,regular-season,SAS,MIL,126,104,2020-01-06
401161189,2020-01-07T03:00Z,2020,regular-season,SAC,GSW,111,98,2020-01-06
401161190,2020-01-08T00:00Z,2020,regular-season,CLE,DET,113,115,2020-01-07
401161191,2020-01-08T00:00Z,2020,regular-season,TOR,POR,99,101,2020-01-07
401161192,2020-01-08T00:30Z,2020,regular-season,BKN,OKC,103,111,2020-01-07
401161193,2020-01-08T01:00Z,2020,regular-season,MEM,MIN,119,112,2020-01-07
401161194,2020-01-08T02:00Z,2020,regular-season,PHX,SAC,103,114,2020-01-07
401161195,2020-01-08T03:30Z,2020,regular-season,LAL,NYK,117,87,2020-01-07
401161196,2020-01-09T00:00Z,2020,regular-season,BOS,SAS,114,129,2020-01-08
401161197,2020-01-09T00:00Z,2020,regular-season,CHA,TOR,110,112,2020-01-08
401161198,2020-01-09T00:00Z,2020,regular-season,IND,MIA,108,122,2020-01-08
401161199,2020-01-09T00:00Z,2020,regular-season,ORL,WAS,123,89,2020-01-08
401161200,2020-01-09T00:30Z,2020,regular-season,ATL,HOU,115,122,2020-01-08
401161201,2020-01-09T00:30Z,2020,regular-season,DAL,DEN,106,107,2020-01-08
401161202,2020-01-09T01:00Z,2020,regular-season,NOP,CHI,123,108,2020-01-08
401161203,2020-01-09T02:00Z,2020,regular-season,UTA,NYK,128,104,2020-01-08
401161204,2020-01-09T03:00Z,2020,regular-season,GSW,MIL,98,107,2020-01-08
401161205,2020-01-10T00:00Z,2020,regular-season,DET,CLE,112,115,2020-01-09
401161206,2020-01-10T00:00Z,2020,regular-season,PHI,BOS,109,98,2020-01-09
401161207,2020-01-10T01:00Z,2020,regular-season,MIN,POR,116,102,2020-01-09
401161208,2020-01-10T02:30Z,2020,regular-season,OKC,HOU,113,92,2020-01-09
401161209,2020-01-11T00:00Z,2020,regular-season,WAS,ATL,111,101,2020-01-10
401161211,2020-01-11T00:15Z,2020,regular-season,NYK,NOP,111,123,2020-01-10
401161210,2020-01-11T00:30Z,2020,regular-season,BKN,MIA,117,113,2020-01-10
401161212,2020-01-11T01:00Z,2020,regular-season,CHI,IND,105,116,2020-01-10
401161213,2020-01-11T01:00Z,2020,regular-season,MEM,SAS,134,121,2020-01-10
401161215,2020-01-11T02:00Z,2020,regular-season,PHX,ORL,98,94,2020-01-10
401161216,2020-01-11T02:00Z,2020,regular-season,UTA,CHA,109,92,2020-01-10
401161214,2020-01-11T02:45Z,2020,regular-season,DAL,LAL,114,129,2020-01-10
401161217,2020-01-11T03:00Z,2020,regular-season,SAC,MIL,106,127,2020-01-10
401161218,2020-01-11T03:30Z,2020,regular-season,LAC,GSW,109,100,2020-01-10
401161219,2020-01-11T22:00Z,2020,regular-season,HOU,MIN,139,109,2020-01-11
401161220,2020-01-12T00:00Z,2020,regular-season,BOS,NOP,140,105,2020-01-11
401161221,2020-01-12T00:00Z,2020,regular-season,DET,CHI,99,108,2020-01-11
401161222,2020-01-12T01:00Z,2020,regular-season,OKC,LAL,110,125,2020-01-11
401161223,2020-01-12T01:30Z,2020,regular-season,DAL,PHI,109,91,2020-01-11
401161224,2020-01-12T02:00Z,2020,regular-season,DEN,CLE,103,111,2020-01-11
401161225,2020-01-12T03:00Z,2020,regular-season,POR,MIL,101,122,2020-01-11
401161226,2020-01-12T20:30Z,2020,regular-season,NYK,MIA,124,121,2020-01-12
401161227,2020-01-12T20:30Z,2020,regular-season,WAS,UTA,116,127,2020-01-12
401161228,2020-01-12T23:00Z,2020,regular-season,BKN,ATL,108,86,2020-01-12
401161229,2020-01-12T23:00Z,2020,regular-season,TOR,SAS,104,105,2020-01-12
401161230,2020-01-12T23:00Z,2020,regular-season,MEM,GSW,122,102,2020-01-12
401161231,2020-01-13T01:00Z,2020,regular-season,DEN,LAC,114,104,2020-01-12
401161232,2020-01-13T01:00Z,2020,regular-season,PHX,CHA,100,92,2020-01-12
401161233,2020-01-14T00:00Z,2020,regular-season,DET,NOP,110,117,2020-01-13
401161234,2020-01-14T00:00Z,2020,regular-season,IND,PHI,101,95,2020-01-13
401161235,2020-01-14T00:30Z,2020,regular-season,BOS,CHI,113,101,2020-01-13
401161236,2020-01-14T01:00Z,2020,regular-season,MIN,OKC,104,117,2020-01-13
401161237,2020-01-14T03:00Z,2020,regular-season,POR,CHA,115,112,2020-01-13
401161238,2020-01-14T03:00Z,2020,regular-season,SAC,ORL,112,114,2020-01-13
401161239,2020-01-14T03:30Z,2020,regular-season,LAL,CLE,128,99,2020-01-13
401161240,2020-01-15T00:30Z,2020,regular-season,ATL,PHX,123,110,2020-01-14
401161241,2020-01-15T00:30Z,2020,regular-season,BKN,UTA,107,118,2020-01-14
401161242,2020-01-15T01:00Z,2020,regular-season,MEM,HOU,121,110,2020-01-14
401161243,2020-01-15T01:00Z,2020,regular-season,MIL,NYK,128,102,2020-01-14
401161244,2020-01-15T03:30Z,2020,regular-season,GSW,DAL,97,124,2020-01-14
401161245,2020-01-15T03:30Z,2020,regular-season,LAC,CLE,128,103,2020-01-14
401161246,2020-01-16T00:00Z,2020,regular-season,BOS,DET,103,116,2020-01-15
401161247,2020-01-16T00:00Z,2020,regular-season,PHI,BKN,117,106,2020-01-15
401161248,2020-01-16T00:30Z,2020,regular-season,MIA,SAS,106,100,2020-01-15
401161249,2020-01-16T01:00Z,2020,regular-season,CHI,WAS,115,106,2020-01-15
401161250,2020-01-16T01:00Z,2020,regular-season,MIN,IND,99,104,2020-01-15
401161251,2020-01-16T01:00Z,2020,regular-season,OKC,TOR,121,130,2020-01-15
401161252,2020-01-16T02:00Z,2020,regular-season,DEN,CHA,100,86,2020-01-15
401161253,2020-01-16T02:30Z,2020,regular-season,HOU,POR,107,117,2020-01-15
401161254,2020-01-16T03:00Z,2020,regular-season,SAC,DAL,123,127,2020-01-15
401161255,2020-01-16T03:30Z,2020,regular-season,LAL,ORL,118,119,2020-01-15
401161256,2020-01-17T00:30Z,2020,regular-season,NYK,PHX,98,121,2020-01-16
401161257,2020-01-17T01:00Z,2020,regular-season,MIL,BOS,128,123,2020-01-16
401161258,2020-01-17T01:00Z,2020,regular-season,NOP,UTA,138,132,2020-01-16
401161259,2020-01-17T03:30Z,2020,regular-season,GSW,DEN,131,134,2020-01-16
401161260,2020-01-17T03:30Z,2020,regular-season,LAC,ORL,122,95,2020-01-16
401161261,2020-01-18T00:00Z,2020,regular-season,IND,MIN,116,114,2020-01-17
401161262,2020-01-18T00:00Z,2020,regular-season,PHI,CHI,100,89,2020-01-17
401161263,2020-01-18T00:00Z,2020,regular-season,TOR,WAS,140,111,2020-01-17
401161264,2020-01-18T01:00Z,2020,regular-season,MEM,CLE,113,109,2020-01-17
401161265,2020-01-18T01:00Z,2020,regular-season,OKC,MIA,108,115,2020-01-17
401161266,2020-01-18T01:30Z,2020,regular-season,SAS,ATL,120,121,2020-01-17
401161267,2020-01-18T02:30Z,2020,regular-season,DAL,POR,120,112,2020-01-17
401161268,2020-01-18T20:30Z,2020,regular-season,NOP,LAC,130,133,2020-01-18
401161269,2020-01-18T23:00Z,2020,regular-season,BKN,MIL,97,117,2020-01-18
401161270,2020-01-19T00:00Z,2020,regular-season,BOS,PHX,119,123,2020-01-18
401161271,2020-01-19T00:30Z,2020,regular-season,ATL,DET,103,136,2020-01-18
401161272,2020-01-19T00:30Z,2020,regular-season,NYK,PHI,87,90,2020-01-18
401161273,2020-01-19T01:00Z,2020,regular-season,CHI,CLE,118,116,2020-01-18
401161274,2020-01-19T01:00Z,2020,regular-season,MIN,TOR,112,122,2020-01-18
401161275,2020-01-19T01:30Z,2020,regular-season,HOU,LAL,115,124,2020-01-18
401161276,2020-01-19T01:30Z,2020,regular-season,GSW,ORL,109,95,2020-01-18
401161277,2020-01-19T02:00Z,2020,regular-season,OKC,POR,119,106,2020-01-18
401161278,2020-01-19T02:00Z,2020,regular-season,UTA,SAC,123,101,2020-01-18
401161279,2020-01-19T20:00Z,2020,regular-season,SAS,MIA,107,102,2020-01-19
401161280,2020-01-20T01:00Z,2020,regular-season,DEN,IND,107,115,2020-01-19
401161281,2020-01-20T19:00Z,2020,regular-season,WAS,DET,106,100,2020-01-20
401161282,2020-01-20T19:30Z,2020,regular-season,ATL,TOR,117,122,2020-01-20
401161283,2020-01-20T20:00Z,2020,regular-season,BKN,PHI,111,117,2020-01-20
401161284,2020-01-20T22:00Z,2020,regular-season,CHA,ORL,83,106,2020-01-20
401161285,2020-01-20T22:00Z,2020,regular-season,CLE,NYK,86,106,2020-01-20
401161286,2020-01-20T22:00Z,2020,regular-season,MIA,SAC,118,113,2020-01-20
401161287,2020-01-20T22:00Z,2020,regular-season,HOU,OKC,107,112,2020-01-20
401161288,2020-01-20T22:00Z,2020,regular-season,MEM,NOP,116,126,2020-01-20
401161289,2020-01-20T22:00Z,2020,regular-season,MIL,CHI,111,98,2020-01-20
401161290,2020-01-21T00:30Z,2020,regular-season,BOS,LAL,139,107,2020-01-20
401161291,2020-01-21T01:00Z,2020,regular-season,MIN,DEN,100,107,2020-01-20
401161292,2020-01-21T02:00Z,2020,regular-season,PHX,SAS,118,120,2020-01-20
401161293,2020-01-21T02:00Z,2020,regular-season,UTA,IND,118,88,2020-01-20
401161294,2020-01-21T03:00Z,2020,regular-season,POR,GSW,129,124,2020-01-20
401161295,2020-01-22T01:30Z,2020,regular-season,DAL,LAC,107,110,2020-01-21
401161296,2020-01-23T00:00Z,2020,regular-season,DET,SAC,127,106,2020-01-22
401161297,2020-01-23T00:00Z,2020,regular-season,ORL,OKC,114,120,2020-01-22
401161302,2020-01-23T00:00Z,2020,regular-season,TOR,PHI,107,95,2020-01-22
401161298,2020-01-23T00:30Z,2020,regular-season,ATL,LAC,102,95,2020-01-22
401161299,2020-01-23T00:30Z,2020,regular-season,BOS,MEM,119,95,2020-01-22
401161300,2020-01-23T00:30Z,2020,regular-season,MIA,WAS,134,129,2020-01-22
401161301,2020-01-23T00:30Z,2020,regular-season,NYK,LAL,92,100,2020-01-22
401161303,2020-01-23T01:00Z,2020,regular-season,CHI,MIN,117,110,2020-01-22
401161304,2020-01-23T01:00Z,2020,regular-season,HOU,DEN,121,105,2020-01-22
401161306,2020-01-23T02:00Z,2020,regular-season,PHX,IND,87,112,2020-01-22
401161305,2020-01-23T02:30Z,2020,regular-season,NOP,SAS,117,121,2020-01-22
401161307,2020-01-23T03:00Z,2020,regular-season,GSW,UTA,96,129,2020-01-22
401161308,2020-01-24T00:00Z,2020,regular-season,CLE,WAS,112,124,2020-01-23
401161309,2020-01-24T01:00Z,2020,regular-season,BKN,LAL,113,128,2020-01-23
401161310,2020-01-24T03:30Z,2020,regular-season,POR,DAL,125,133,2020-01-23
401161311,2020-01-24T20:00Z,2020,regular-season,CHA,MIL,103,116,2020-01-24
401161312,2020-01-25T00:00Z,2020,regular-season,DET,MEM,112,125,2020-01-24
401161313,2020-01-25T00:00Z,2020,regular-season,ORL,BOS,98,109,2020-01-24
401161314,2020-01-25T00:30Z,2020,regular-season,NYK,TOR,112,118,2020-01-24
401161315,2020-01-25T01:00Z,2020,regular-season,MIA,LAC,117,122,2020-01-24
401161316,2020-01-25T01:00Z,2020,regular-season,CHI,SAC,81,98,2020-01-24
401161317,2020-01-25T01:00Z,2020,regular-season,MIN,HOU,124,131,2020-01-24
401161318,2020-01-25T01:00Z,2020,regular-season,NOP,DEN,106,113,2020-01-24
401161319,2020-01-25T01:00Z,2020,regular-season,OKC,ATL,140,111,2020-01-24
401161320,2020-01-25T01:30Z,2020,regular-season,SAS,PHX,99,103,2020-01-24
401161321,2020-01-25T03:30Z,2020,regular-season,GSW,IND,118,129,2020-01-24
401161322,2020-01-25T22:00Z,2020,regular-season,UTA,DAL,112,107,2020-01-25
401161323,2020-01-26T00:00Z,2020,regular-season,DET,BKN,111,121,2020-01-25
401161324,2020-01-26T01:00Z,2020,regular-season,CLE,CHI,106,118,2020-01-25
401161325,2020-01-26T01:00Z,2020,regular-season,MIN,OKC,104,113,2020-01-25
401161326,2020-01-26T01:30Z,2020,regular-season,PHI,LAL,108,91,2020-01-25
401161327,2020-01-26T20:30Z,2020,regular-season,DEN,HOU,117,110,2020-01-26
401161328,2020-01-26T21:00Z,2020,regular-season,SAS,TOR,106,110,2020-01-26
401161329,2020-01-26T23:00Z,2020,regular-season,ATL,WAS,152,133,2020-01-26
401161330,2020-01-26T23:00Z,2020,regular-season,NYK,BKN,110,97,2020-01-26
401161331,2020-01-26T23:00Z,2020,regular-season,ORL,LAC,97,112,2020-01-26
401161332,2020-01-26T23:00Z,2020,regular-season,MEM,PHX,114,109,2020-01-26
401161333,2020-01-26T23:00Z,2020,regular-season,NOP,BOS,123,108,2020-01-26
401161334,2020-01-27T02:00Z,2020,regular-season,POR,IND,139,129,2020-01-26
401161335,2020-01-28T00:00Z,2020,regular-season,DET,CLE,100,115,2020-01-27
401161336,2020-01-28T00:30Z,2020,regular-season,MIA,ORL,113,92,2020-01-27
401161337,2020-01-28T01:00Z,2020,regular-season,CHI,SAS,110,109,2020-01-27
401161338,2020-01-28T01:00Z,2020,regular-season,MIN,SAC,129,133,2020-01-27
401161339,2020-01-28T01:00Z,2020,regular-season,OKC,DAL,97,107,2020-01-27
401161340,2020-01-28T02:00Z,2020,regular-season,UTA,HOU,117,126,2020-01-27
401161341,2020-01-29T00:00Z,2020,regular-season,CHA,NYK,97,92,2020-01-28
401161344,2020-01-29T00:00Z,2020,regular-season,PHI,GSW,115,104,2020-01-28
401161342,2020-01-29T00:30Z,2020,regular-season,CLE,NOP,111,125,2020-01-28
401161345,2020-01-29T00:30Z,2020,regular-season,TOR,ATL,130,114,2020-01-28
401161343,2020-01-29T01:00Z,2020,regular-season,MIA,BOS,101,109,2020-01-28
401161346,2020-01-29T01:00Z,2020,regular-season,MEM,DEN,104,96,2020-01-28
401161347,2020-01-29T01:00Z,2020,regular-season,MIL,WAS,151,131,2020-01-28
401161348,2020-01-29T01:30Z,2020,regular-season,DAL,PHX,104,133,2020-01-28
401161350,2020-01-30T00:00Z,2020,regular-season,IND,CHI,115,106,2020-01-29
401161351,2020-01-30T00:30Z,2020,regular-season,BKN,DET,125,115,2020-01-29
401161352,2020-01-30T00:30Z,2020,regular-season,NYK,MEM,106,127,2020-01-29
401161353,2020-01-30T01:30Z,2020,regular-season,SAS,UTA,127,120,2020-01-29
401161354,2020-01-30T03:00Z,2020,regular-season,POR,HOU,125,112,2020-01-29
401161355,2020-01-30T03:00Z,2020,regular-season,SAC,OKC,100,120,2020-01-29
401161356,2020-01-31T00:00Z,2020,regular-season,CLE,TOR,109,115,2020-01-30
401161357,2020-01-31T00:00Z,2020,regular-season,WAS,CHA,121,107,2020-01-30
401161358,2020-01-31T00:30Z,2020,regular-season,ATL,PHI,127,117,2020-01-30
401161359,2020-01-31T01:00Z,2020,regular-season,BOS,GSW,119,104,2020-01-30
401161360,2020-01-31T03:30Z,2020,regular-season,DEN,UTA,106,100,2020-01-30
401161361,2020-01-31T03:30Z,2020,regular-season,LAC,SAC,103,124,2020-01-30
401161362,2020-02-01T00:00Z,2020,regular-season,DET,TOR,92,105,2020-01-31
401161363,2020-02-01T00:30Z,2020,regular-season,BKN,CHI,133,118,2020-01-31
401161364,2020-02-01T00:30Z,2020,regular-season,HOU,DAL,128,121,2020-01-31
401161365,2020-02-01T01:00Z,2020,regular-season,NOP,MEM,139,111,2020-01-31
401161366,2020-02-01T02:00Z,2020,regular-season,MIL,DEN,115,127,2020-01-31
401161367,2020-02-01T02:00Z,2020,regular-season,PHX,OKC,107,111,2020-01-31
401161368,2020-02-01T03:00Z,2020,regular-season,LAL,POR,119,127,2020-01-31
401161369,2020-02-01T20:30Z,2020,regular-season,LAC,MIN,118,106,2020-02-01
401161370,2020-02-02T00:00Z,2020,regular-season,IND,NYK,85,92,2020-02-01
401161371,2020-02-02T00:00Z,2020,regular-season,ORL,MIA,89,102,2020-02-01
401161372,2020-02-02T01:00Z,2020,regular-season,CLE,GSW,112,131,2020-02-01
401161373,2020-02-02T01:00Z,2020,regular-season,WAS,BKN,113,107,2020-02-01
401161374,2020-02-02T01:30Z,2020,regular-season,BOS,PHI,116,95,2020-02-01
401161375,2020-02-02T01:30Z,2020,regular-season,DAL,ATL,123,100,2020-02-01
401161376,2020-02-02T02:00Z,2020,regular-season,SAS,CHA,114,90,2020-02-01
401161378,2020-02-02T03:00Z,2020,regular-season,SAC,LAL,113,129,2020-02-01
401161377,2020-02-02T03:30Z,2020,regular-season,POR,UTA,124,107,2020-02-01
401161379,2020-02-02T17:30Z,2020,regular-season,DET,DEN,128,123,2020-02-02
401161380,2020-02-02T19:00Z,2020,regular-season,HOU,NOP,117,109,2020-02-02
401161381,2020-02-02T19:00Z,2020,regular-season,MIL,PHX,129,108,2020-02-02
401161382,2020-02-02T20:00Z,2020,regular-season,TOR,CHI,129,102,2020-02-02
401161383,2020-02-04T00:00Z,2020,regular-season,CHA,ORL,100,112,2020-02-03
401161384,2020-02-04T00:00Z,2020,regular-season,CLE,NYK,134,139,2020-02-03
401161385,2020-02-04T00:00Z,2020,regular-season,IND,DAL,103,112,2020-02-03
401161386,2020-02-04T00:00Z,2020,regular-season,WAS,GSW,117,125,2020-02-03
401161387,2020-02-04T00:30Z,2020,regular-season,ATL,BOS,115,123,2020-02-03
401161388,2020-02-04T00:30Z,2020,regular-season,BKN,PHX,119,97,2020-02-03
401161389,2020-02-04T00:30Z,2020,regular-season,MIA,PHI,137,106,2020-02-03
401161390,2020-02-04T01:00Z,2020,regular-season,MEM,DET,96,82,2020-02-03
401161391,2020-02-04T03:00Z,2020,regular-season,SAC,MIN,113,109,2020-02-03
401161392,2020-02-04T03:30Z,2020,regular-season,LAC,SAS,108,105,2020-02-03
401161393,2020-02-05T00:30Z,2020,regular-season,NOP,MIL,108,120,2020-02-04
401161394,2020-02-05T01:00Z,2020,regular-season,HOU,CHA,125,110,2020-02-04
401161395,2020-02-05T02:00Z,2020,regular-season,DEN,POR,127,99,2020-02-04
401161396,2020-02-05T03:00Z,2020,regular-season,LAL,SAS,129,102,2020-02-04
401161397,2020-02-06T00:00Z,2020,regular-season,DET,PHX,116,108,2020-02-05
401161398,2020-02-06T00:30Z,2020,regular-season,BOS,ORL,116,100,2020-02-05
401161399,2020-02-06T00:30Z,2020,regular-season,BKN,GSW,129,88,2020-02-05
401161400,2020-02-06T00:30Z,2020,regular-season,TOR,IND,119,118,2020-02-05
401161401,2020-02-06T01:00Z,2020,regular-season,MIN,ATL,120,127,2020-02-05
401161402,2020-02-06T01:00Z,2020,regular-season,OKC,CLE,109,103,2020-02-05
401161403,2020-02-06T01:30Z,2020,regular-season,DAL,MEM,107,121,2020-02-05
401161404,2020-02-06T02:00Z,2020,regular-season,UTA,DEN,95,98,2020-02-05
401161405,2020-02-06T03:00Z,2020,regular-season,LAC,MIA,128,111,2020-02-05
401161406,2020-02-07T00:30Z,2020,regular-season,NYK,ORL,105,103,2020-02-06
401161407,2020-02-07T01:00Z,2020,regular-season,CHI,NOP,119,125,2020-02-06
401161408,2020-02-07T01:00Z,2020,regular-season,MIL,PHI,112,101,2020-02-06
401161409,2020-02-07T03:00Z,2020,regular-season,POR,SAS,125,117,2020-02-06
401161410,2020-02-07T03:30Z,2020,regular-season,LAL,HOU,111,121,2020-02-06
401161411,2020-02-08T00:00Z,2020,regular-season,PHI,MEM,119,107,2020-02-07
401161412,2020-02-08T00:00Z,2020,regular-season,WAS,DAL,119,118,2020-02-07
401161413,2020-02-08T00:30Z,2020,regular-season,BOS,ATL,112,107,2020-02-07
401161414,2020-02-08T01:00Z,2020,regular-season,IND,TOR,106,115,2020-02-07
401161415,2020-02-08T01:00Z,2020,regular-season,OKC,DET,108,101,2020-02-07
401161416,2020-02-08T02:00Z,2020,regular-season,PHX,HOU,127,91,2020-02-07
401161417,2020-02-08T03:00Z,2020,regular-season,SAC,MIA,105,97,2020-02-07
401161418,2020-02-08T03:30Z,2020,regular-season,UTA,POR,117,114,2020-02-07
401161419,2020-02-08T22:00Z,2020,regular-season,ORL,MIL,95,111,2020-02-08
401161420,2020-02-09T00:00Z,2020,regular-season,CHA,DAL,100,116,2020-02-08
401161421,2020-02-09T00:00Z,2020,regular-season,DET,NYK,92,95,2020-02-08
401161422,2020-02-09T00:30Z,2020,regular-season,IND,NOP,117,124,2020-02-08
401161423,2020-02-09T00:30Z,2020,regular-season,TOR,BKN,119,118,2020-02-08
401161424,2020-02-09T01:00Z,2020,regular-season,MIN,LAC,142,115,2020-02-08
401161425,2020-02-09T01:30Z,2020,regular-season,GSW,LAL,120,125,2020-02-08
401161426,2020-02-09T02:00Z,2020,regular-season,PHX,DEN,108,117,2020-02-08
401161427,2020-02-09T03:00Z,2020,regular-season,SAC,SAS,122,102,2020-02-08
401161428,2020-02-09T20:30Z,2020,regular-season,OKC,BOS,111,112,2020-02-09
401161429,2020-02-09T23:00Z,2020,regular-season,ATL,NYK,140,135,2020-02-09
401161430,2020-02-09T23:00Z,2020,regular-season,PHI,CHI,118,111,2020-02-09
401161431,2020-02-09T23:00Z,2020,regular-season,WAS,MEM,99,106,2020-02-09
401161432,2020-02-10T00:00Z,2020,regular-season,HOU,UTA,113,114,2020-02-09
401161433,2020-02-10T00:30Z,2020,regular-season,CLE,LAC,92,133,2020-02-09
401161434,2020-02-10T02:00Z,2020,regular-season,POR,MIA,115,109,2020-02-09
401161435,2020-02-11T00:00Z,2020,regular-season,DET,CHA,76,87,2020-02-10
401161436,2020-02-11T00:00Z,2020,regular-season,IND,BKN,105,106,2020-02-10
401161437,2020-02-11T00:00Z,2020,regular-season,ORL,ATL,135,126,2020-02-10
401161438,2020-02-11T00:30Z,2020,regular-season,TOR,MIN,137,126,2020-02-10
401161439,2020-02-11T01:00Z,2020,regular-season,MIL,SAC,123,111,2020-02-10
401161440,2020-02-11T01:30Z,2020,regular-season,DAL,UTA,119,123,2020-02-10
401161441,2020-02-11T02:00Z,2020,regular-season,DEN,SAS,127,120,2020-02-10
401161442,2020-02-11T03:30Z,2020,regular-season,GSW,MIA,101,113,2020-02-10
401161443,2020-02-11T03:30Z,2020,regular-season,LAL,PHX,125,100,2020-02-10
401161444,2020-02-12T00:00Z,2020,regular-season,PHI,LAC,110,103,2020-02-11
401161445,2020-02-12T00:00Z,2020,regular-season,WAS,CHI,126,114,2020-02-11
401161446,2020-02-12T01:00Z,2020,regular-season,NOP,POR,138,117,2020-02-11
401161447,2020-02-12T01:00Z,2020,regular-season,OKC,SAS,106,114,2020-02-11
401161448,2020-02-12T02:30Z,2020,regular-season,HOU,BOS,116,105,2020-02-11
401161449,2020-02-13T00:00Z,2020,regular-season,CLE,ATL,127,105,2020-02-12
401161450,2020-02-13T00:00Z,2020,regular-season,ORL,DET,116,112,2020-02-12
401161451,2020-02-13T00:30Z,2020,regular-season,BKN,TOR,101,91,2020-02-12
401161452,2020-02-13T00:30Z,2020,regular-season,IND,MIL,118,111,2020-02-12
401161453,2020-02-13T00:30Z,2020,regular-season,NYK,WAS,96,114,2020-02-12
401161454,2020-02-13T01:00Z,2020,regular-season,MEM,POR,111,104,2020-02-12
401161455,2020-02-13T01:00Z,2020,regular-season,MIN,CHA,108,115,2020-02-12
401161456,2020-02-13T01:30Z,2020,regular-season,DAL,SAC,130,111,2020-02-12
401161457,2020-02-13T02:00Z,2020,regular-season,PHX,GSW,112,106,2020-02-12
401161458,2020-02-13T02:00Z,2020,regular-season,UTA,MIA,116,101,2020-02-12
401161459,2020-02-13T03:00Z,2020,regular-season,DEN,LAL,116,120,2020-02-12
401161460,2020-02-14T01:00Z,2020,regular-season,BOS,LAC,141,133,2020-02-13
401161461,2020-02-14T01:00Z,2020,regular-season,NOP,OKC,118,123,2020-02-13
401197814,2020-02-15T02:00Z,2020,regular-season,USA,WORLD,151,131,2020-02-14
401197813,2020-02-17T01:00Z,2020,regular-season,GIA,LEB,155,157,2020-02-16
401161462,2020-02-21T00:00Z,2020,regular-season,DET,MIL,106,126,2020-02-20
401161463,2020-02-21T00:30Z,2020,regular-season,ATL,MIA,129,124,2020-02-20
401161464,2020-02-21T01:00Z,2020,regular-season,PHI,BKN,112,104,2020-02-20
401161465,2020-02-21T01:00Z,2020,regular-season,CHI,CHA,93,103,2020-02-20
401161466,2020-02-21T03:00Z,2020,regular-season,SAC,MEM,129,125,2020-02-20
401161467,2020-02-21T03:30Z,2020,regular-season,GSW,HOU,105,135,2020-02-20
401161468,2020-02-22T00:00Z,2020,regular-season,ORL,DAL,106,122,2020-02-21
401161469,2020-02-22T00:00Z,2020,regular-season,WAS,CLE,108,113,2020-02-21
401161470,2020-02-22T00:30Z,2020,regular-season,NYK,IND,98,106,2020-02-21
401161471,2020-02-22T00:30Z,2020,regular-season,TOR,PHX,118,101,2020-02-21
401161472,2020-02-22T01:00Z,2020,regular-season,MIN,BOS,117,127,2020-02-21
401161473,2020-02-22T01:00Z,2020,regular-season,OKC,DEN,113,101,2020-02-21
401161474,2020-02-22T02:00Z,2020,regular-season,UTA,SAS,104,113,2020-02-21
401161475,2020-02-22T03:30Z,2020,regular-season,LAL,MEM,117,105,2020-02-21
401161476,2020-02-22T03:30Z,2020,regular-season,POR,NOP,115,128,2020-02-21
401161477,2020-02-22T20:30Z,2020,regular-season,LAC,SAC,103,112,2020-02-22
401161478,2020-02-23T00:00Z,2020,regular-season,CHA,BKN,86,115,2020-02-22
401161479,2020-02-23T00:30Z,2020,regular-season,ATL,DAL,111,107,2020-02-22
401161480,2020-02-23T01:00Z,2020,regular-season,MIA,CLE,124,105,2020-02-22
401161481,2020-02-23T01:00Z,2020,regular-season,CHI,PHX,104,112,2020-02-22
401161482,2020-02-23T01:30Z,2020,regular-season,MIL,PHI,119,98,2020-02-22
401161483,2020-02-23T02:00Z,2020,regular-season,UTA,HOU,110,120,2020-02-22
401161484,2020-02-23T20:30Z,2020,regular-season,LAL,BOS,114,112,2020-02-23
401161485,2020-02-23T23:00Z,2020,regular-season,TOR,IND,127,81,2020-02-23
401161486,2020-02-23T23:00Z,2020,regular-season,DEN,MIN,128,116,2020-02-23
401161487,2020-02-24T00:00Z,2020,regular-season,CHI,WAS,126,117,2020-02-23
401161488,2020-02-24T00:00Z,2020,regular-season,OKC,SAS,131,103,2020-02-23
401161489,2020-02-24T01:30Z,2020,regular-season,GSW,NOP,101,115,2020-02-23
401161490,2020-02-24T12:00Z,2020,regular-season,POR,DET,107,104,2020-02-24
401161491,2020-02-25T00:00Z,2020,regular-season,CLE,MIA,125,119,2020-02-24
401161492,2020-02-25T00:00Z,2020,regular-season,PHI,ATL,129,112,2020-02-24
401161493,2020-02-25T00:00Z,2020,regular-season,WAS,MIL,134,137,2020-02-24
401161494,2020-02-25T00:30Z,2020,regular-season,BKN,ORL,113,115,2020-02-24
401161495,2020-02-25T01:00Z,2020,regular-season,HOU,NYK,123,112,2020-02-24
401161496,2020-02-25T01:30Z,2020,regular-season,DAL,MIN,139,123,2020-02-24
401161497,2020-02-25T02:00Z,2020,regular-season,UTA,PHX,111,131,2020-02-24
401161498,2020-02-25T03:30Z,2020,regular-season,LAC,MEM,124,97,2020-02-24
401161499,2020-02-26T00:00Z,2020,regular-season,IND,CHA,119,80,2020-02-25
401161500,2020-02-26T00:30Z,2020,regular-season,TOR,MIL,97,108,2020-02-25
401161501,2020-02-26T01:00Z,2020,regular-season,CHI,OKC,122,124,2020-02-25
401161502,2020-02-26T02:00Z,2020,regular-season,DEN,DET,115,98,2020-02-25
401161503,2020-02-26T03:00Z,2020,regular-season,LAL,NOP,118,109,2020-02-25
401161504,2020-02-26T03:00Z,2020,regular-season,POR,BOS,106,118,2020-02-25
401161505,2020-02-26T03:00Z,2020,regular-season,GSW,SAC,94,112,2020-02-25
401161506,2020-02-27T00:00Z,2020,regular-season,CHA,NYK,107,101,2020-02-26
401161507,2020-02-27T00:00Z,2020,regular-season,CLE,PHI,108,94,2020-02-26
401161508,2020-02-27T00:00Z,2020,regular-season,WAS,BKN,110,106,2020-02-26
401161509,2020-02-27T00:30Z,2020,regular-season,ATL,ORL,120,130,2020-02-26
401161510,2020-02-27T00:30Z,2020,regular-season,MIA,MIN,126,129,2020-02-26
401161512,2020-02-27T01:00Z,2020,regular-season,HOU,MEM,140,112,2020-02-26
401161511,2020-02-27T01:30Z,2020,regular-season,SAS,DAL,103,109,2020-02-26
401161513,2020-02-27T02:00Z,2020,regular-season,PHX,LAC,92,102,2020-02-26
401161514,2020-02-27T03:30Z,2020,regular-season,UTA,BOS,103,114,2020-02-26
401161515,2020-02-28T00:00Z,2020,regular-season,PHI,NYK,115,106,2020-02-27
401161516,2020-02-28T01:00Z,2020,regular-season,IND,POR,106,100,2020-02-27
401161517,2020-02-28T01:00Z,2020,regular-season,OKC,SAC,112,108,2020-02-27
401161518,2020-02-28T03:30Z,2020,regular-season,GSW,LAL,86,116,2020-02-27
401161519,2020-02-29T00:00Z,2020,regular-season,ORL,MIN,136,125,2020-02-28
401161520,2020-02-29T00:30Z,2020,regular-season,ATL,BKN,141,118,2020-02-28
401161521,2020-02-29T00:30Z,2020,regular-season,TOR,CHA,96,99,2020-02-28
401161522,2020-02-29T01:00Z,2020,regular-season,MIA,DAL,126,118,2020-02-28
401161523,2020-02-29T01:00Z,2020,regular-season,MEM,SAC,101,104,2020-02-28
401161524,2020-02-29T01:00Z,2020,regular-season,MIL,OKC,133,86,2020-02-28
401161525,2020-02-29T01:00Z,2020,regular-season,NOP,CLE,116,104,2020-02-28
401161526,2020-02-29T02:00Z,2020,regular-season,PHX,DET,111,113,2020-02-28
401161527,2020-02-29T02:00Z,2020,regular-season,UTA,WAS,129,119,2020-02-28
401161528,2020-02-29T13:30Z,2020,regular-season,LAC,DEN,132,103,2020-02-29
401161529,2020-02-29T22:00Z,2020,regular-season,NYK,CHI,125,115,2020-02-29
401161531,2020-03-01T00:30Z,2020,regular-season,MIA,BKN,116,113,2020-02-29
401161532,2020-03-01T01:00Z,2020,regular-season,CLE,IND,104,113,2020-02-29
401161533,2020-03-01T01:00Z,2020,regular-season,MEM,LAL,105,88,2020-02-29
401161534,2020-03-01T01:30Z,2020,regular-season,BOS,HOU,110,111,2020-02-29
401161535,2020-03-01T01:30Z,2020,regular-season,SAS,ORL,114,113,2020-02-29
401161530,2020-03-01T11:00Z,2020,regular-season,ATL,POR,129,117,2020-03-01
401161536,2020-03-01T12:30Z,2020,regular-season,PHX,GSW,99,115,2020-03-01
401161537,2020-03-01T18:00Z,2020,regular-season,CHA,MIL,85,93,2020-03-01
401161538,2020-03-01T20:30Z,2020,regular-season,MIN,DAL,91,111,2020-03-01
401161539,2020-03-01T20:30Z,2020,regular-season,LAC,PHI,136,130,2020-03-01
401161540,2020-03-01T23:00Z,2020,regular-season,DEN,TOR,133,118,2020-03-01
401161541,2020-03-01T23:00Z,2020,regular-season,SAC,DET,106,100,2020-03-01
401161542,2020-03-02T01:00Z,2020,regular-season,NOP,LAL,114,122,2020-03-01
401161543,2020-03-02T01:30Z,2020,regular-season,GSW,WAS,110,124,2020-03-01
401161544,2020-03-03T00:00Z,2020,regular-season,CLE,UTA,113,126,2020-03-02
401161545,2020-03-03T00:00Z,2020,regular-season,NYK,HOU,125,123,2020-03-02
401161546,2020-03-03T00:00Z,2020,regular-season,ORL,POR,107,130,2020-03-02
401161547,2020-03-03T00:30Z,2020,regular-season,ATL,MEM,88,127,2020-03-02
401161548,2020-03-03T00:30Z,2020,regular-season,MIA,MIL,105,89,2020-03-02
401161549,2020-03-03T01:00Z,2020,regular-season,CHI,DAL,109,107,2020-03-02
401161550,2020-03-03T01:30Z,2020,regular-season,SAS,IND,111,116,2020-03-02
401161551,2020-03-04T00:00Z,2020,regular-season,CHA,SAS,103,104,2020-03-03
401161552,2020-03-04T00:30Z,2020,regular-season,BOS,BKN,120,129,2020-03-03
401161553,2020-03-04T01:00Z,2020,regular-season,NOP,MIN,134,139,2020-03-03
401161554,2020-03-04T01:00Z,2020,regular-season,OKC,LAC,94,109,2020-03-03
401161555,2020-03-04T02:00Z,2020,regular-season,DEN,GSW,100,116,2020-03-03
401161556,2020-03-04T02:00Z,2020,regular-season,PHX,TOR,114,123,2020-03-03
401161557,2020-03-04T03:00Z,2020,regular-season,LAL,PHI,120,107,2020-03-03
401161558,2020-03-04T03:00Z,2020,regular-season,SAC,WAS,133,126,2020-03-03
401161559,2020-03-05T00:00Z,2020,regular-season,CLE,BOS,106,112,2020-03-04
401161560,2020-03-05T00:00Z,2020,regular-season,DET,OKC,107,114,2020-03-04
401161566,2020-03-05T00:00Z,2020,regular-season,MIL,IND,119,100,2020-03-04
401161561,2020-03-05T00:30Z,2020,regular-season,MIA,ORL,116,113,2020-03-04
401161562,2020-03-05T00:30Z,2020,regular-season,BKN,MEM,79,118,2020-03-04
401161563,2020-03-05T00:30Z,2020,regular-season,NYK,UTA,104,112,2020-03-04
401161564,2020-03-05T01:00Z,2020,regular-season,MIN,CHI,115,108,2020-03-04
401161565,2020-03-05T02:30Z,2020,regular-season,DAL,NOP,127,123,2020-03-04
401161567,2020-03-05T03:00Z,2020,regular-season,POR,WAS,125,104,2020-03-04
401161568,2020-03-06T00:00Z,2020,regular-season,CHA,DEN,112,114,2020-03-05
401161569,2020-03-06T01:00Z,2020,regular-season,HOU,LAC,105,120,2020-03-05
401161570,2020-03-06T03:00Z,2020,regular-season,SAC,PHI,108,125,2020-03-05
401161571,2020-03-06T03:30Z,2020,regular-season,GSW,TOR,113,121,2020-03-05
401161572,2020-03-07T00:00Z,2020,regular-season,WAS,ATL,118,112,2020-03-06
401161573,2020-03-07T00:30Z,2020,regular-season,BKN,SAS,139,120,2020-03-06
401161574,2020-03-07T00:30Z,2020,regular-season,NYK,OKC,103,126,2020-03-06
401161575,2020-03-07T01:00Z,2020,regular-season,BOS,UTA,94,99,2020-03-06
401161576,2020-03-07T01:00Z,2020,regular-season,CHI,IND,102,108,2020-03-06
401161577,2020-03-07T01:00Z,2020,regular-season,MIN,ORL,118,132,2020-03-06
401161578,2020-03-07T01:00Z,2020,regular-season,NOP,MIA,110,104,2020-03-06
401161579,2020-03-07T01:30Z,2020,regular-season,DAL,MEM,121,96,2020-03-06
401161580,2020-03-07T02:00Z,2020,regular-season,PHX,POR,127,117,2020-03-06
401161581,2020-03-07T03:30Z,2020,regular-season,LAL,MIL,113,103,2020-03-06
401161582,2020-03-07T22:00Z,2020,regular-season,CHA,HOU,108,99,2020-03-07
401161583,2020-03-08T00:00Z,2020,regular-season,DET,UTA,105,111,2020-03-07
401161584,2020-03-08T00:30Z,2020,regular-season,CLE,DEN,104,102,2020-03-07
401161585,2020-03-08T01:00Z,2020,regular-season,MEM,ATL,118,101,2020-03-07
401161586,2020-03-08T01:30Z,2020,regular-season,GSW,PHI,118,114,2020-03-07
401161587,2020-03-08T03:00Z,2020,regular-season,POR,SAC,111,123,2020-03-07
401161588,2020-03-08T19:00Z,2020,regular-season,BKN,CHI,110,107,2020-03-08
401161589,2020-03-08T19:30Z,2020,regular-season,MIN,NOP,107,120,2020-03-08
401161590,2020-03-08T19:30Z,2020,regular-season,LAC,LAL,103,112,2020-03-08
401161591,2020-03-08T22:00Z,2020,regular-season,BOS,OKC,104,105,2020-03-08
401161592,2020-03-08T22:00Z,2020,regular-season,PHX,MIL,140,131,2020-03-08
401161593,2020-03-08T23:00Z,2020,regular-season,WAS,MIA,89,100,2020-03-08
401161594,2020-03-08T23:00Z,2020,regular-season,DAL,IND,109,112,2020-03-08
401161595,2020-03-08T23:00Z,2020,regular-season,HOU,ORL,106,126,2020-03-08
401161596,2020-03-08T23:30Z,2020,regular-season,CLE,SAS,132,129,2020-03-08
401161597,2020-03-08T23:30Z,2020,regular-season,NYK,DET,96,84,2020-03-08
401161598,2020-03-09T01:00Z,2020,regular-season,SAC,TOR,113,118,2020-03-08
401161599,2020-03-09T23:30Z,2020,regular-season,ATL,CHA,143,138,2020-03-09
401161600,2020-03-10T01:00Z,2020,regular-season,DEN,MIL,109,95,2020-03-09
401161601,2020-03-10T01:00Z,2020,regular-season,UTA,TOR,92,101,2020-03-09
401161602,2020-03-10T23:00Z,2020,regular-season,IND,BOS,111,114,2020-03-10
401161603,2020-03-10T23:00Z,2020,regular-season,WAS,NYK,122,115,2020-03-10
401161604,2020-03-11T00:00Z,2020,regular-season,CHI,CLE,108,103,2020-03-10
401161605,2020-03-11T00:00Z,2020,regular-season,HOU,MIN,117,111,2020-03-10
401161606,2020-03-11T00:00Z,2020,regular-season,MEM,ORL,115,120,2020-03-10
401161607,2020-03-11T00:00Z,2020,regular-season,SAS,DAL,119,109,2020-03-10
401161608,2020-03-11T02:00Z,2020,regular-season,POR,PHX,121,105,2020-03-10
401161609,2020-03-11T02:30Z,2020,regular-season,GSW,LAC,107,131,2020-03-10
401161610,2020-03-11T02:30Z,2020,regular-season,LAL,BKN,102,104,2020-03-10
401161613,2020-03-11T23:00Z,2020,regular-season,PHI,DET,124,106,2020-03-11
401161611,2020-03-11T23:30Z,2020,regular-season,ATL,NYK,131,136,2020-03-11
401161612,2020-03-11T23:30Z,2020,regular-season,MIA,CHA,98,109,2020-03-11
401161615,2020-03-12T00:00Z,2020,regular-season,DAL,DEN,113,97,2020-03-11
401224686,2020-07-30T22:30Z,2020,regular-season,NOP,UTA,104,106,2020-07-30
401224687,2020-07-31T01:00Z,2020,regular-season,LAL,LAC,103,101,2020-07-30
401224688,2020-07-31T18:30Z,2020,regular-season,BKN,ORL,118,128,2020-07-31
401224689,2020-07-31T20:00Z,2020,regular-season,POR,MEM,140,135,2020-07-31
401224690,2020-07-31T20:00Z,2020,regular-season,WAS,PHX,112,125,2020-07-31
401224691,2020-07-31T22:30Z,2020,regular-season,MIL,BOS,119,112,2020-07-31
401224692,2020-08-01T00:00Z,2020,regular-season,SAS,SAC,129,120,2020-07-31
401224713,2020-08-01T01:00Z,2020,regular-season,DAL,HOU,149,153,2020-07-31
401224714,2020-08-01T17:00Z,2020,regular-season,DEN,MIA,105,125,2020-08-01
401224715,2020-08-01T19:30Z,2020,regular-season,OKC,UTA,110,94,2020-08-01
401224716,2020-08-01T22:00Z,2020,regular-season,LAC,NOP,126,103,2020-08-01
401224717,2020-08-01T23:00Z,2020,regular-season,IND,PHI,127,121,2020-08-01
401224718,2020-08-02T00:30Z,2020,regular-season,TOR,LAL,107,92,2020-08-01
401224719,2020-08-02T18:00Z,2020,regular-season,BKN,WAS,118,110,2020-08-02
401224720,2020-08-02T19:30Z,2020,regular-season,BOS,POR,128,124,2020-08-02
401224721,2020-08-02T20:00Z,2020,regular-season,MEM,SAS,106,108,2020-08-02
401224722,2020-08-02T22:00Z,2020,regular-season,ORL,SAC,132,116,2020-08-02
401224723,2020-08-03T00:30Z,2020,regular-season,HOU,MIL,120,116,2020-08-02
401224724,2020-08-03T01:00Z,2020,regular-season,PHX,DAL,117,115,2020-08-02
401224725,2020-08-03T17:30Z,2020,regular-season,MIA,TOR,103,107,2020-08-03
401224726,2020-08-03T20:00Z,2020,regular-season,OKC,DEN,113,121,2020-08-03
401224727,2020-08-03T20:00Z,2020,regular-season,WAS,IND,100,111,2020-08-03
401224728,2020-08-03T22:30Z,2020,regular-season,NOP,MEM,109,99,2020-08-03
401224729,2020-08-04T00:00Z,2020,regular-season,PHI,SAS,132,130,2020-08-03
401224730,2020-08-04T01:00Z,2020,regular-season,UTA,LAL,108,116,2020-08-03
401224731,2020-08-04T17:30Z,2020,regular-season,MIL,BKN,116,119,2020-08-04
401224732,2020-08-04T18:30Z,2020,regular-season,SAC,DAL,110,114,2020-08-04
401224733,2020-08-04T20:00Z,2020,regular-season,LAC,PHX,115,117,2020-08-04
401224734,2020-08-04T22:00Z,2020,regular-season,IND,ORL,120,109,2020-08-04
401224735,2020-08-04T22:30Z,2020,regular-season,MIA,BOS,112,106,2020-08-04
401224736,2020-08-05T01:00Z,2020,regular-season,POR,HOU,110,102,2020-08-04
401224737,2020-08-05T18:30Z,2020,regular-season,UTA,MEM,124,115,2020-08-05
401224738,2020-08-05T20:00Z,2020,regular-season,WAS,PHI,98,107,2020-08-05
401224739,2020-08-05T20:00Z,2020,regular-season,SAS,DEN,126,132,2020-08-05
401224740,2020-08-05T22:30Z,2020,regular-season,LAL,OKC,86,105,2020-08-05
401224741,2020-08-06T00:00Z,2020,regular-season,ORL,TOR,99,109,2020-08-05
401224742,2020-08-06T01:00Z,2020,regular-season,BOS,BKN,149,115,2020-08-05
401224743,2020-08-06T17:30Z,2020,regular-season,SAC,NOP,140,125,2020-08-06
401224744,2020-08-06T20:00Z,2020,regular-season,MIL,MIA,130,116,2020-08-06
401224745,2020-08-06T20:00Z,2020,regular-season,PHX,IND,114,99,2020-08-06
401224746,2020-08-06T22:30Z,2020,regular-season,DAL,LAC,111,126,2020-08-06
401224747,2020-08-07T00:00Z,2020,regular-season,DEN,POR,115,125,2020-08-06
401224748,2020-08-07T01:00Z,2020,regular-season,HOU,LAL,113,97,2020-08-06
401224749,2020-08-07T17:00Z,2020,regular-season,SAS,UTA,119,111,2020-08-07
401224750,2020-08-07T20:00Z,2020,regular-season,MEM,OKC,121,92,2020-08-07
401224751,2020-08-07T21:00Z,2020,regular-season,BKN,SAC,119,106,2020-08-07
401224752,2020-08-07T22:30Z,2020,regular-season,PHI,ORL,108,101,2020-08-07
401224753,2020-08-08T00:00Z,2020,regular-season,NOP,WAS,118,107,2020-08-07
401224754,2020-08-08T01:00Z,2020,regular-season,TOR,BOS,100,122,2020-08-07
401224755,2020-08-08T17:00Z,2020,regular-season,POR,LAC,117,122,2020-08-08
401224756,2020-08-08T19:30Z,2020,regular-season,DEN,UTA,134,132,2020-08-08
401224757,2020-08-08T22:00Z,2020,regular-season,IND,LAL,116,111,2020-08-08
401224758,2020-08-08T23:30Z,2020,regular-season,MIA,PHX,112,119,2020-08-08
401224759,2020-08-09T00:30Z,2020,regular-season,DAL,MIL,136,132,2020-08-08
401224760,2020-08-09T16:30Z,2020,regular-season,OKC,WAS,121,103,2020-08-09
401224761,2020-08-09T18:00Z,2020,regular-season,TOR,MEM,108,99,2020-08-09
401224762,2020-08-09T19:00Z,2020,regular-season,NOP,SAS,113,122,2020-08-09
401224763,2020-08-09T21:00Z,2020,regular-season,BOS,ORL,122,119,2020-08-09
401224764,2020-08-09T22:30Z,2020,regular-season,POR,PHI,124,121,2020-08-09
401224765,2020-08-10T00:00Z,2020,regular-season,SAC,HOU,112,129,2020-08-09
401224766,2020-08-10T01:00Z,2020,regular-season,LAC,BKN,120,129,2020-08-09
401224767,2020-08-10T18:30Z,2020,regular-season,PHX,OKC,128,101,2020-08-10
401224768,2020-08-10T19:00Z,2020,regular-season,UTA,DAL,114,122,2020-08-10
401224769,2020-08-10T22:30Z,2020,regular-season,MIL,TOR,106,114,2020-08-10
401224770,2020-08-11T00:00Z,2020,regular-season,MIA,IND,114,92,2020-08-10
401224771,2020-08-11T01:00Z,2020,regular-season,LAL,DEN,124,121,2020-08-10
401224772,2020-08-11T17:00Z,2020,regular-season,ORL,BKN,96,108,2020-08-11
401224773,2020-08-11T18:00Z,2020,regular-season,SAS,HOU,123,105,2020-08-11
401224774,2020-08-11T20:30Z,2020,regular-season,PHI,PHX,117,130,2020-08-11
401224776,2020-08-11T21:00Z,2020,regular-season,MEM,BOS,107,122,2020-08-11
401224775,2020-08-11T22:30Z,2020,regular-season,DAL,POR,131,134,2020-08-11
401224777,2020-08-12T01:00Z,2020,regular-season,SAC,NOP,112,106,2020-08-11
401224778,2020-08-12T01:00Z,2020,regular-season,WAS,MIL,113,126,2020-08-11
401224779,2020-08-12T20:00Z,2020,regular-season,HOU,IND,104,108,2020-08-12
401224780,2020-08-12T22:30Z,2020,regular-season,PHI,TOR,121,125,2020-08-12
401224781,2020-08-13T00:00Z,2020,regular-season,OKC,MIA,116,115,2020-08-12
401224782,2020-08-13T01:00Z,2020,regular-season,DEN,LAC,111,124,2020-08-12
401224783,2020-08-13T16:00Z,2020,regular-season,BOS,WAS,90,96,2020-08-13
401224785,2020-08-13T17:30Z,2020,regular-season,LAL,SAC,122,136,2020-08-13
401224786,2020-08-13T20:00Z,2020,regular-season,MEM,MIL,119,106,2020-08-13
401224788,2020-08-13T20:00Z,2020,regular-season,PHX,DAL,128,102,2020-08-13
401224789,2020-08-13T22:30Z,2020,regular-season,UTA,SAS,118,112,2020-08-13
401224784,2020-08-14T01:00Z,2020,regular-season,BKN,POR,133,134,2020-08-13
401224787,2020-08-14T01:00Z,2020,regular-season,ORL,NOP,133,127,2020-08-13
401224793,2020-08-14T17:30Z,2020,regular-season,TOR,DEN,117,109,2020-08-14
401224791,2020-08-14T20:00Z,2020,regular-season,IND,MIA,109,92,2020-08-14
401224792,2020-08-14T22:30Z,2020,regular-season,LAC,OKC,107,103,2020-08-14
401224790,2020-08-15T01:00Z,2020,regular-season,HOU,PHI,96,134,2020-08-14
401236333,2020-08-15T18:30Z,2020,play-in-season,POR,MEM,126,122,2020-08-15
401236280,2020-08-17T17:30Z,2020,post-season,DEN,UTA,135,125,2020-08-17
401236261,2020-08-17T20:00Z,2020,post-season,TOR,BKN,134,110,2020-08-17
401236268,2020-08-17T22:30Z,2020,post-season,BOS,PHI,109,101,2020-08-17
401236273,2020-08-18T01:00Z,2020,post-season,LAC,DAL,118,110,2020-08-17
401236254,2020-08-18T17:30Z,2020,post-season,MIL,ORL,110,122,2020-08-18
401236315,2020-08-18T20:00Z,2020,post-season,IND,MIA,101,113,2020-08-18
401236294,2020-08-18T22:30Z,2020,post-season,HOU,OKC,123,108,2020-08-18
401236287,2020-08-19T01:00Z,2020,post-season,LAL,POR,93,100,2020-08-18
401236262,2020-08-19T17:30Z,2020,post-season,TOR,BKN,104,99,2020-08-19
401236281,2020-08-19T20:00Z,2020,post-season,DEN,UTA,105,124,2020-08-19
401236269,2020-08-19T22:30Z,2020,post-season,BOS,PHI,128,101,2020-08-19
401236274,2020-08-20T01:00Z,2020,post-season,LAC,DAL,114,127,2020-08-19
401236316,2020-08-20T17:00Z,2020,post-season,IND,MIA,100,109,2020-08-20
401236295,2020-08-20T19:30Z,2020,post-season,HOU,OKC,111,98,2020-08-20
401236255,2020-08-20T22:00Z,2020,post-season,MIL,ORL,111,96,2020-08-20
401236288,2020-08-21T01:00Z,2020,post-season,LAL,POR,111,88,2020-08-20
401236263,2020-08-21T17:30Z,2020,post-season,BKN,TOR,92,117,2020-08-21
401236282,2020-08-21T20:00Z,2020,post-season,UTA,DEN,124,87,2020-08-21
401236270,2020-08-21T22:30Z,2020,post-season,PHI,BOS,94,102,2020-08-21
401236275,2020-08-22T01:00Z,2020,post-season,DAL,LAC,122,130,2020-08-21
401236256,2020-08-22T17:00Z,2020,post-season,ORL,MIL,107,121,2020-08-22
401236317,2020-08-22T19:30Z,2020,post-season,MIA,IND,124,115,2020-08-22
401236296,2020-08-22T22:00Z,2020,post-season,OKC,HOU,119,107,2020-08-22
401236289,2020-08-23T00:30Z,2020,post-season,POR,LAL,108,116,2020-08-22
401236271,2020-08-23T17:00Z,2020,post-season,PHI,BOS,106,110,2020-08-23
401236276,2020-08-23T19:30Z,2020,post-season,DAL,LAC,135,133,2020-08-23
401236264,2020-08-23T22:30Z,2020,post-season,BKN,TOR,122,150,2020-08-23
401236283,2020-08-24T01:00Z,2020,post-season,UTA,DEN,129,127,2020-08-23
401236257,2020-08-24T17:30Z,2020,post-season,ORL,MIL,106,121,2020-08-24
401236297,2020-08-24T20:00Z,2020,post-season,OKC,HOU,117,114,2020-08-24
401236318,2020-08-24T22:30Z,2020,post-season,MIA,IND,99,87,2020-08-24
401236290,2020-08-25T01:00Z,2020,post-season,POR,LAL,115,135,2020-08-24
401236284,2020-08-25T22:30Z,2020,post-season,DEN,UTA,117,107,2020-08-25
401236277,2020-08-26T01:00Z,2020,post-season,LAC,DAL,154,111,2020-08-25
401236260,2020-08-29T19:30Z,2020,post-season,MIL,ORL,118,104,2020-08-29
401236300,2020-08-29T22:30Z,2020,post-season,HOU,OKC,114,80,2020-08-29
401236293,2020-08-30T01:00Z,2020,post-season,LAL,POR,131,122,2020-08-29
401240076,2020-08-30T17:00Z,2020,post-season,TOR,BOS,94,112,2020-08-30
401236279,2020-08-30T19:30Z,2020,post-season,DAL,LAC,97,111,2020-08-30
401236286,2020-08-31T00:30Z,2020,post-season,UTA,DEN,107,119,2020-08-30
401241760,2020-08-31T22:30Z,2020,post-season,MIL,MIA,104,115,2020-08-31
401241638,2020-09-01T01:00Z,2020,post-season,OKC,HOU,104,100,2020-08-31
401240077,2020-09-01T21:30Z,2020,post-season,TOR,BOS,99,102,2020-09-01
401241818,2020-09-02T00:30Z,2020,post-season,DEN,UTA,80,78,2020-09-01
401241766,2020-09-02T22:30Z,2020,post-season,MIL,MIA,114,116,2020-09-02
401241819,2020-09-03T01:00Z,2020,post-season,HOU,OKC,104,102,2020-09-02
401240078,2020-09-03T22:30Z,2020,post-season,BOS,TOR,103,104,2020-09-03
401241853,2020-09-04T01:00Z,2020,post-season,LAC,DEN,120,97,2020-09-03
401241767,2020-09-04T22:30Z,2020,post-season,MIA,MIL,115,100,2020-09-04
401242801,2020-09-05T01:00Z,2020,post-season,LAL,HOU,97,112,2020-09-04
401240079,2020-09-05T22:30Z,2020,post-season,BOS,TOR,93,100,2020-09-05
401242795,2020-09-06T01:00Z,2020,post-season,LAC,DEN,101,110,2020-09-05
401241769,2020-09-06T19:30Z,2020,post-season,MIA,MIL,115,118,2020-09-06
401242802,2020-09-07T00:30Z,2020,post-season,LAL,HOU,117,109,2020-09-06
401240080,2020-09-07T22:30Z,2020,post-season,TOR,BOS,89,111,2020-09-07
401242796,2020-09-08T01:00Z,2020,post-season,DEN,LAC,107,113,2020-09-07
401241770,2020-09-08T22:30Z,2020,post-season,MIL,MIA,94,103,2020-09-08
401242803,2020-09-09T01:00Z,2020,post-season,HOU,LAL,102,112,2020-09-08
401240081,2020-09-09T22:40Z,2020,post-season,BOS,TOR,122,125,2020-09-09
401242797,2020-09-10T01:00Z,2020,post-season,DEN,LAC,85,96,2020-09-09
401242804,2020-09-10T23:00Z,2020,post-season,HOU,LAL,100,110,2020-09-10
401242798,2020-09-11T22:30Z,2020,post-season,LAC,DEN,105,111,2020-09-11
401241765,2020-09-12T01:00Z,2020,post-season,TOR,BOS,87,92,2020-09-11
401242805,2020-09-13T00:00Z,2020,post-season,LAL,HOU,119,96,2020-09-12
401242799,2020-09-13T17:00Z,2020,post-season,DEN,LAC,111,98,2020-09-13
401245393,2020-09-15T22:40Z,2020,post-season,BOS,MIA,114,117,2020-09-15
401242800,2020-09-16T01:00Z,2020,post-season,LAC,DEN,89,104,2020-09-15
401245394,2020-09-17T23:00Z,2020,post-season,BOS,MIA,101,106,2020-09-17
401246234,2020-09-19T01:00Z,2020,post-season,LAL,DEN,126,114,2020-09-18
401245395,2020-09-20T00:30Z,2020,post-season,MIA,BOS,106,117,2020-09-19
401246235,2020-09-20T23:30Z,2020,post-season,LAL,DEN,105,103,2020-09-20
401246236,2020-09-23T01:00Z,2020,post-season,DEN,LAL,114,106,2020-09-22
401247145,2020-09-24T00:30Z,2020,post-season,MIA,BOS,112,109,2020-09-23
401246237,2020-09-25T01:00Z,2020,post-season,DEN,LAL,108,114,2020-09-24
401247146,2020-09-26T00:30Z,2020,post-season,BOS,MIA,121,108,2020-09-25
401246238,2020-09-27T01:00Z,2020,post-season,LAL,DEN,117,107,2020-09-26
401247147,2020-09-27T23:30Z,2020,post-season,MIA,BOS,125,113,2020-09-27
401248433,2020-10-01T01:00Z,2020,post-season,LAL,MIA,116,98,2020-09-30
401248434,2020-10-03T01:00Z,2020,post-season,LAL,MIA,124,114,2020-10-02
401248435,2020-10-04T23:30Z,2020,post-season,MIA,LAL,115,104,2020-10-04
401248436,2020-10-07T01:00Z,2020,post-season,MIA,LAL,96,102,2020-10-06
401248437,2020-10-10T01:00Z,2020,post-season,LAL,MIA,108,111,2020-10-09
401248438,2020-10-11T23:30Z,2020,post-season,MIA,LAL,93,106,2020-10-11
401266805,2020-12-23T00:00Z,2021,regular-season,BKN,GSW,125,99,2020-12-22
401266806,2020-12-23T03:00Z,2021,regular-season,LAL,LAC,109,116,2020-12-22
401267150,2020-12-24T00:00Z,2021,regular-season,CLE,CHA,121,114,2020-12-23
401267151,2020-12-24T00:00Z,2021,regular-season,IND,NYK,121,107,2020-12-23
401267152,2020-12-24T00:00Z,2021,regular-season,ORL,MIA,113,107,2020-12-23
401267173,2020-12-24T00:00Z,2021,regular-season,PHI,WAS,113,107,2020-12-23
401266804,2020-12-24T00:30Z,2021,regular-season,BOS,MIL,122,121,2020-12-23
401267174,2020-12-24T00:30Z,2021,regular-season,TOR,NOP,99,113,2020-12-23
401267175,2020-12-24T01:00Z,2021,regular-season,CHI,ATL,104,124,2020-12-23
401267177,2020-12-24T01:00Z,2021,regular-season,MEM,SAS,119,131,2020-12-23
401267178,2020-12-24T01:00Z,2021,regular-season,MIN,DET,111,101,2020-12-23
401267179,2020-12-24T02:00Z,2021,regular-season,DEN,SAC,122,124,2020-12-23
401267180,2020-12-24T03:00Z,2021,regular-season,POR,UTA,100,120,2020-12-23
401266796,2020-12-24T03:30Z,2021,regular-season,PHX,DAL,106,102,2020-12-23
401266794,2020-12-25T17:00Z,2021,regular-season,MIA,NOP,111,98,2020-12-25
401266797,2020-12-25T19:30Z,2021,regular-season,MIL,GSW,138,99,2020-12-25
401266798,2020-12-25T22:00Z,2021,regular-season,BOS,BKN,95,123,2020-12-25
401266799,2020-12-26T01:00Z,2021,regular-season,LAL,DAL,138,115,2020-12-25
401266795,2020-12-26T03:30Z,2021,regular-season,DEN,LAC,108,121,2020-12-25
401267181,2020-12-26T22:00Z,2021,regular-season,MEM,ATL,112,122,2020-12-26
401267182,2020-12-27T00:00Z,2021,regular-season,CHA,OKC,107,109,2020-12-26
401267183,2020-12-27T00:00Z,2021,regular-season,DET,CLE,119,128,2020-12-26
401267184,2020-12-27T00:00Z,2021,regular-season,WAS,ORL,120,130,2020-12-26
401267185,2020-12-27T00:30Z,2021,regular-season,NYK,PHI,89,109,2020-12-26
401267186,2020-12-27T01:00Z,2021,regular-season,CHI,IND,106,125,2020-12-26
401267187,2020-12-27T01:30Z,2021,regular-season,SAS,TOR,119,114,2020-12-26
401267188,2020-12-27T02:00Z,2021,regular-season,UTA,MIN,111,116,2020-12-26
401267189,2020-12-27T03:00Z,2021,regular-season,POR,HOU,128,126,2020-12-26
401267190,2020-12-27T03:00Z,2021,regular-season,SAC,PHX,106,103,2020-12-26
401267191,2020-12-27T20:30Z,2021,regular-season,LAC,DAL,73,124,2020-12-27
401267192,2020-12-28T00:00Z,2021,regular-season,CHA,BKN,106,104,2020-12-27
401267193,2020-12-28T00:00Z,2021,regular-season,WAS,ORL,113,120,2020-12-27
401267194,2020-12-28T00:00Z,2021,regular-season,NOP,SAS,98,95,2020-12-27
401267195,2020-12-28T00:30Z,2021,regular-season,CLE,PHI,118,94,2020-12-27
401267196,2020-12-28T00:30Z,2021,regular-season,NYK,MIL,130,110,2020-12-27
401267197,2020-12-28T01:00Z,2021,regular-season,IND,BOS,108,107,2020-12-27
401267198,2020-12-28T01:00Z,2021,regular-season,CHI,GSW,128,129,2020-12-27
401267199,2020-12-28T02:00Z,2021,regular-season,SAC,PHX,100,116,2020-12-27
401267200,2020-12-28T03:00Z,2021,regular-season,LAL,MIN,127,91,2020-12-27
401267201,2020-12-29T00:30Z,2021,regular-season,ATL,DET,128,120,2020-12-28
401267202,2020-12-29T00:30Z,2021,regular-season,BKN,MEM,111,116,2020-12-28
401267203,2020-12-29T01:00Z,2021,regular-season,OKC,UTA,109,110,2020-12-28
401267204,2020-12-29T02:00Z,2021,regular-season,DEN,HOU,124,111,2020-12-28
401267205,2020-12-29T03:00Z,2021,regular-season,LAL,POR,107,115,2020-12-28
401267206,2020-12-30T00:00Z,2021,regular-season,CLE,NYK,86,95,2020-12-29
401267207,2020-12-30T00:00Z,2021,regular-season,DET,GSW,106,116,2020-12-29
401267208,2020-12-30T00:00Z,2021,regular-season,IND,BOS,111,116,2020-12-29
401267209,2020-12-30T00:00Z,2021,regular-season,PHI,TOR,100,93,2020-12-29
401267210,2020-12-30T00:00Z,2021,regular-season,WAS,CHI,107,115,2020-12-29
401267211,2020-12-30T00:30Z,2021,regular-season,MIA,MIL,97,144,2020-12-29
401267212,2020-12-30T01:00Z,2021,regular-season,OKC,ORL,107,118,2020-12-29
401267213,2020-12-30T03:00Z,2021,regular-season,PHX,NOP,111,86,2020-12-29
401267214,2020-12-30T03:00Z,2021,regular-season,LAC,MIN,124,101,2020-12-29
401267215,2020-12-30T03:00Z,2021,regular-season,SAC,DEN,125,115,2020-12-29
401267216,2020-12-31T00:30Z,2021,regular-season,BOS,MEM,126,107,2020-12-30
401267217,2020-12-31T00:30Z,2021,regular-season,BKN,ATL,145,141,2020-12-30
401267218,2020-12-31T00:30Z,2021,regular-season,MIA,MIL,119,108,2020-12-30
401267219,2020-12-31T01:30Z,2021,regular-season,DAL,CHA,99,118,2020-12-30
401267220,2020-12-31T01:30Z,2021,regular-season,SAS,LAL,107,121,2020-12-30
401267221,2020-12-31T03:00Z,2021,regular-season,LAC,POR,128,105,2020-12-30
401267222,2020-12-31T20:00Z,2021,regular-season,IND,CLE,119,99,2020-12-31
401267223,2020-12-31T22:00Z,2021,regular-season,WAS,CHI,130,133,2020-12-31
401267224,2020-12-31T23:30Z,2021,regular-season,ORL,PHI,92,116,2020-12-31
401267225,2021-01-01T00:00Z,2021,regular-season,HOU,SAC,122,119,2020-12-31
401267226,2021-01-01T00:30Z,2021,regular-season,TOR,NYK,100,83,2020-12-31
401267227,2021-01-01T01:00Z,2021,regular-season,OKC,NOP,80,113,2020-12-31
401267228,2021-01-01T02:00Z,2021,regular-season,UTA,PHX,95,106,2020-12-31
401267229,2021-01-02T00:00Z,2021,regular-season,CHA,MEM,93,108,2021-01-01
401267230,2021-01-02T00:00Z,2021,regular-season,DET,BOS,96,93,2021-01-01
401267231,2021-01-02T00:00Z,2021,regular-season,DAL,MIA,93,83,2021-01-01
401267232,2021-01-02T00:30Z,2021,regular-season,BKN,ATL,96,114,2021-01-01
401267233,2021-01-02T01:00Z,2021,regular-season,MIL,CHI,126,96,2021-01-01
401267234,2021-01-02T01:00Z,2021,regular-season,MIN,WAS,109,130,2021-01-01
401267235,2021-01-02T01:00Z,2021,regular-season,SAS,LAL,103,109,2021-01-01
401267236,2021-01-02T02:00Z,2021,regular-season,DEN,PHX,103,106,2021-01-01
401267237,2021-01-02T02:00Z,2021,regular-season,UTA,LAC,106,100,2021-01-01
401267238,2021-01-02T03:30Z,2021,regular-season,GSW,POR,98,123,2021-01-01
401267239,2021-01-02T22:00Z,2021,regular-season,HOU,SAC,102,94,2021-01-02
401267240,2021-01-03T00:00Z,2021,regular-season,IND,NYK,102,106,2021-01-02
401267241,2021-01-03T00:00Z,2021,regular-season,ORL,OKC,99,108,2021-01-02
401267242,2021-01-03T00:00Z,2021,regular-season,PHI,CHA,127,112,2021-01-02
401267243,2021-01-03T00:30Z,2021,regular-season,ATL,CLE,91,96,2021-01-02
401267244,2021-01-03T00:30Z,2021,regular-season,NOP,TOR,120,116,2021-01-02
401267245,2021-01-03T20:00Z,2021,regular-season,DET,BOS,120,122,2021-01-03
401267246,2021-01-03T23:00Z,2021,regular-season,BKN,WAS,122,123,2021-01-03
401267247,2021-01-03T23:00Z,2021,regular-season,MEM,LAL,94,108,2021-01-03
401267248,2021-01-04T00:00Z,2021,regular-season,MIN,DEN,109,124,2021-01-03
401267249,2021-01-04T00:00Z,2021,regular-season,SAS,UTA,109,130,2021-01-03
401267250,2021-01-04T01:00Z,2021,regular-season,CHI,DAL,118,108,2021-01-03
401267251,2021-01-04T01:00Z,2021,regular-season,PHX,LAC,107,112,2021-01-03
401267252,2021-01-04T01:30Z,2021,regular-season,GSW,POR,137,122,2021-01-03
401267253,2021-01-05T00:00Z,2021,regular-season,ORL,CLE,103,83,2021-01-04
401267254,2021-01-05T00:00Z,2021,regular-season,PHI,CHA,118,101,2021-01-04
401267255,2021-01-05T00:30Z,2021,regular-season,ATL,NYK,108,113,2021-01-04
401267256,2021-01-05T00:30Z,2021,regular-season,MIA,OKC,118,90,2021-01-04
401267257,2021-01-05T00:30Z,2021,regular-season,TOR,BOS,114,126,2021-01-04
401267258,2021-01-05T01:00Z,2021,regular-season,HOU,DAL,100,113,2021-01-04
401267259,2021-01-05T01:00Z,2021,regular-season,MIL,DET,125,115,2021-01-04
401267260,2021-01-05T01:00Z,2021,regular-season,NOP,IND,116,118,2021-01-04
401267261,2021-01-05T03:00Z,2021,regular-season,GSW,SAC,137,106,2021-01-04
401267262,2021-01-06T00:30Z,2021,regular-season,BKN,UTA,130,96,2021-01-05
401267263,2021-01-06T01:00Z,2021,regular-season,MEM,LAL,92,94,2021-01-05
401267264,2021-01-06T02:00Z,2021,regular-season,DEN,MIN,123,116,2021-01-05
401267265,2021-01-06T03:00Z,2021,regular-season,LAC,SAS,113,116,2021-01-05
401267266,2021-01-06T03:30Z,2021,regular-season,POR,CHI,108,111,2021-01-05
401267267,2021-01-07T00:00Z,2021,regular-season,IND,HOU,114,107,2021-01-06
401267268,2021-01-07T00:00Z,2021,regular-season,ORL,CLE,105,94,2021-01-06
401267269,2021-01-07T00:00Z,2021,regular-season,PHI,WAS,141,136,2021-01-06
401267270,2021-01-07T00:30Z,2021,regular-season,ATL,CHA,94,102,2021-01-06
401267271,2021-01-07T00:30Z,2021,regular-season,MIA,BOS,105,107,2021-01-06
401267272,2021-01-07T00:30Z,2021,regular-season,NYK,UTA,112,100,2021-01-06
401267273,2021-01-07T01:00Z,2021,regular-season,MIL,DET,130,115,2021-01-06
401267274,2021-01-07T01:00Z,2021,regular-season,NOP,OKC,110,111,2021-01-06
401267275,2021-01-07T02:00Z,2021,regular-season,PHX,TOR,123,115,2021-01-06
401267276,2021-01-07T03:00Z,2021,regular-season,GSW,LAC,101,108,2021-01-06
401267277,2021-01-07T03:00Z,2021,regular-season,SAC,CHI,128,124,2021-01-06
401267278,2021-01-08T00:30Z,2021,regular-season,BKN,PHI,122,109,2021-01-07
401267279,2021-01-08T01:00Z,2021,regular-season,MEM,CLE,90,94,2021-01-07
401267280,2021-01-08T03:00Z,2021,regular-season,DEN,DAL,117,124,2021-01-07
401267281,2021-01-08T03:00Z,2021,regular-season,LAL,SAS,109,118,2021-01-07
401267282,2021-01-08T03:00Z,2021,regular-season,POR,MIN,135,117,2021-01-07
401267283,2021-01-09T00:00Z,2021,regular-season,DET,PHX,110,105,2021-01-08
401267284,2021-01-09T00:30Z,2021,regular-season,BOS,WAS,116,107,2021-01-08
401267285,2021-01-09T00:30Z,2021,regular-season,NYK,OKC,89,101,2021-01-08
401267286,2021-01-09T00:30Z,2021,regular-season,NOP,CHA,110,118,2021-01-08
401267287,2021-01-09T01:00Z,2021,regular-season,HOU,ORL,132,90,2021-01-08
401267288,2021-01-09T01:00Z,2021,regular-season,MEM,BKN,115,110,2021-01-08
401267289,2021-01-09T01:00Z,2021,regular-season,MIL,UTA,118,131,2021-01-08
401267290,2021-01-09T03:00Z,2021,regular-season,GSW,LAC,115,105,2021-01-08
401267291,2021-01-09T03:00Z,2021,regular-season,LAL,CHI,117,115,2021-01-08
401267292,2021-01-09T03:00Z,2021,regular-season,SAC,TOR,123,144,2021-01-08
401267293,2021-01-09T20:00Z,2021,regular-season,PHI,DEN,103,115,2021-01-09
401267294,2021-01-10T00:00Z,2021,regular-season,CHA,ATL,113,105,2021-01-09
401267295,2021-01-10T00:00Z,2021,regular-season,IND,PHX,117,125,2021-01-09
401267296,2021-01-10T00:00Z,2021,regular-season,WAS,MIA,124,128,2021-01-09
401267297,2021-01-10T01:00Z,2021,regular-season,MIL,CLE,100,90,2021-01-09
401267298,2021-01-10T01:00Z,2021,regular-season,MIN,SAS,122,125,2021-01-09
401267299,2021-01-10T01:30Z,2021,regular-season,DAL,ORL,112,98,2021-01-09
401267300,2021-01-10T03:00Z,2021,regular-season,SAC,POR,99,125,2021-01-09
401267301,2021-01-10T20:00Z,2021,regular-season,DET,UTA,86,96,2021-01-10
401267302,2021-01-10T21:00Z,2021,regular-season,LAC,CHI,130,127,2021-01-10
401267303,2021-01-10T23:00Z,2021,regular-season,BKN,OKC,116,129,2021-01-10
401267304,2021-01-10T23:00Z,2021,regular-season,NYK,DEN,89,114,2021-01-10
401267306,2021-01-11T00:00Z,2021,regular-season,HOU,LAL,102,120,2021-01-10
401267307,2021-01-11T01:00Z,2021,regular-season,MIN,SAS,96,88,2021-01-10
401267308,2021-01-11T01:30Z,2021,regular-season,GSW,TOR,106,105,2021-01-10
401267309,2021-01-12T00:00Z,2021,regular-season,CHA,NYK,109,88,2021-01-11
401267310,2021-01-12T00:00Z,2021,regular-season,CLE,MEM,91,101,2021-01-11
401267311,2021-01-12T00:00Z,2021,regular-season,ORL,MIL,99,121,2021-01-11
401267312,2021-01-12T00:00Z,2021,regular-season,WAS,PHX,128,107,2021-01-11
401267313,2021-01-12T00:30Z,2021,regular-season,ATL,PHI,112,94,2021-01-11
401267315,2021-01-12T03:00Z,2021,regular-season,POR,TOR,112,111,2021-01-11
401267316,2021-01-12T03:00Z,2021,regular-season,SAC,IND,127,122,2021-01-11
401267317,2021-01-13T00:00Z,2021,regular-season,PHI,MIA,137,134,2021-01-12
401267318,2021-01-13T00:30Z,2021,regular-season,BKN,DEN,122,116,2021-01-12
401267319,2021-01-13T00:30Z,2021,regular-season,CLE,UTA,87,117,2021-01-12
401267321,2021-01-13T01:00Z,2021,regular-season,HOU,LAL,100,117,2021-01-12
401267322,2021-01-13T01:00Z,2021,regular-season,OKC,SAS,102,112,2021-01-12
401267323,2021-01-13T03:30Z,2021,regular-season,GSW,IND,95,104,2021-01-12
401267324,2021-01-14T00:00Z,2021,regular-season,CHA,DAL,93,104,2021-01-13
401267325,2021-01-14T00:00Z,2021,regular-season,DET,MIL,101,110,2021-01-13
401267328,2021-01-14T00:30Z,2021,regular-season,NYK,BKN,109,116,2021-01-13
401267329,2021-01-14T01:00Z,2021,regular-season,MIN,MEM,107,118,2021-01-13
401267330,2021-01-14T01:00Z,2021,regular-season,OKC,LAL,99,128,2021-01-13
401267332,2021-01-14T03:00Z,2021,regular-season,LAC,NOP,111,106,2021-01-13
401267333,2021-01-14T03:00Z,2021,regular-season,SAC,POR,126,132,2021-01-13
401267334,2021-01-15T00:00Z,2021,regular-season,PHI,MIA,125,108,2021-01-14
401267335,2021-01-15T00:30Z,2021,regular-season,TOR,CHA,111,108,2021-01-14
401267336,2021-01-15T00:30Z,2021,regular-season,SAS,HOU,105,109,2021-01-14
401267337,2021-01-15T03:00Z,2021,regular-season,DEN,GSW,114,104,2021-01-14
401267338,2021-01-15T03:00Z,2021,regular-season,POR,IND,87,111,2021-01-14
401267340,2021-01-16T00:30Z,2021,regular-season,BOS,ORL,124,97,2021-01-15
401267341,2021-01-16T00:30Z,2021,regular-season,CLE,NYK,106,103,2021-01-15
401267342,2021-01-16T00:30Z,2021,regular-season,MIL,DAL,112,109,2021-01-15
401267344,2021-01-16T01:00Z,2021,regular-season,OKC,CHI,127,125,2021-01-15
401267346,2021-01-16T02:00Z,2021,regular-season,UTA,ATL,116,92,2021-01-15
401267347,2021-01-16T03:00Z,2021,regular-season,LAL,NOP,112,95,2021-01-15
401267348,2021-01-16T03:00Z,2021,regular-season,SAC,LAC,100,138,2021-01-15
401267349,2021-01-16T22:00Z,2021,regular-season,SAS,HOU,103,91,2021-01-16
401267350,2021-01-16T23:00Z,2021,regular-season,BKN,ORL,122,115,2021-01-16
401267351,2021-01-17T00:30Z,2021,regular-season,TOR,CHA,116,113,2021-01-16
401267352,2021-01-17T01:00Z,2021,regular-season,MIA,DET,100,120,2021-01-16
401267353,2021-01-17T01:00Z,2021,regular-season,MEM,PHI,106,104,2021-01-16
401267355,2021-01-17T03:00Z,2021,regular-season,POR,ATL,112,106,2021-01-16
401267356,2021-01-17T18:00Z,2021,regular-season,BOS,NYK,75,105,2021-01-17
401267358,2021-01-17T20:00Z,2021,regular-season,DAL,CHI,101,117,2021-01-17
401267360,2021-01-18T01:00Z,2021,regular-season,DEN,UTA,105,109,2021-01-17
401267361,2021-01-18T02:00Z,2021,regular-season,SAC,NOP,123,128,2021-01-17
401267362,2021-01-18T03:00Z,2021,regular-season,LAC,IND,129,96,2021-01-17
401267363,2021-01-18T17:00Z,2021,regular-season,NYK,ORL,91,84,2021-01-18
401267365,2021-01-18T19:30Z,2021,regular-season,ATL,MIN,108,97,2021-01-18
401267367,2021-01-18T20:00Z,2021,regular-season,POR,SAS,104,125,2021-01-18
401267368,2021-01-18T22:00Z,2021,regular-season,MEM,PHX,108,104,2021-01-18
401267369,2021-01-19T00:30Z,2021,regular-season,BKN,MIL,125,123,2021-01-18
401267370,2021-01-19T00:30Z,2021,regular-season,TOR,DAL,116,93,2021-01-18
401267366,2021-01-19T01:00Z,2021,regular-season,MIA,DET,113,107,2021-01-18
401267371,2021-01-19T01:00Z,2021,regular-season,CHI,HOU,125,120,2021-01-18
401267372,2021-01-19T03:00Z,2021,regular-season,LAL,GSW,113,115,2021-01-18
401267373,2021-01-20T02:00Z,2021,regular-season,DEN,OKC,119,101,2021-01-19
401267374,2021-01-20T02:00Z,2021,regular-season,UTA,NOP,118,102,2021-01-19
401267376,2021-01-21T00:00Z,2021,regular-season,CLE,BKN,147,135,2021-01-20
401267377,2021-01-21T00:00Z,2021,regular-season,IND,DAL,112,124,2021-01-20
401267378,2021-01-21T00:00Z,2021,regular-season,PHI,BOS,117,109,2021-01-20
401267379,2021-01-21T00:30Z,2021,regular-season,ATL,DET,123,115,2021-01-20
401267380,2021-01-21T00:30Z,2021,regular-season,TOR,MIA,102,111,2021-01-20
401267381,2021-01-21T01:00Z,2021,regular-season,MIN,ORL,96,97,2021-01-20
401267382,2021-01-21T02:30Z,2021,regular-season,HOU,PHX,103,109,2021-01-20
401267383,2021-01-21T03:00Z,2021,regular-season,GSW,SAS,121,99,2021-01-20
401267384,2021-01-21T03:00Z,2021,regular-season,LAC,SAC,115,96,2021-01-20
401267386,2021-01-22T00:30Z,2021,regular-season,MIL,LAL,106,113,2021-01-21
401267387,2021-01-22T03:00Z,2021,regular-season,UTA,NOP,129,118,2021-01-21
401267388,2021-01-22T03:00Z,2021,regular-season,GSW,NYK,104,119,2021-01-21
401267389,2021-01-23T00:00Z,2021,regular-season,CHA,CHI,110,123,2021-01-22
401267390,2021-01-23T00:00Z,2021,regular-season,DET,HOU,102,103,2021-01-22
401267391,2021-01-23T00:00Z,2021,regular-season,IND,ORL,120,118,2021-01-22
401267392,2021-01-23T00:30Z,2021,regular-season,CLE,BKN,125,113,2021-01-22
401267393,2021-01-23T00:30Z,2021,regular-season,PHI,BOS,122,110,2021-01-22
401267394,2021-01-23T00:30Z,2021,regular-season,TOR,MIA,101,81,2021-01-22
401267396,2021-01-23T01:00Z,2021,regular-season,MIN,ATL,98,116,2021-01-22
401267397,2021-01-23T01:30Z,2021,regular-season,SAS,DAL,117,122,2021-01-22
401267398,2021-01-23T03:00Z,2021,regular-season,PHX,DEN,126,130,2021-01-22
401267399,2021-01-23T03:00Z,2021,regular-season,LAC,OKC,120,106,2021-01-22
401267401,2021-01-23T03:00Z,2021,regular-season,SAC,NYK,103,94,2021-01-22
401267403,2021-01-24T01:00Z,2021,regular-season,DET,PHI,110,114,2021-01-23
401267404,2021-01-24T01:00Z,2021,regular-season,BKN,MIA,128,124,2021-01-23
401267406,2021-01-24T01:00Z,2021,regular-season,MIN,NOP,120,110,2021-01-23
401267402,2021-01-24T02:00Z,2021,regular-season,UTA,GSW,127,108,2021-01-23
401267405,2021-01-24T02:00Z,2021,regular-season,CHI,LAL,90,101,2021-01-23
401267407,2021-01-24T02:00Z,2021,regular-season,DAL,HOU,108,133,2021-01-23
401267408,2021-01-24T02:00Z,2021,regular-season,PHX,DEN,112,120,2021-01-23
401267409,2021-01-24T18:00Z,2021,regular-season,IND,TOR,102,107,2021-01-24
401267411,2021-01-24T21:00Z,2021,regular-season,LAC,OKC,108,100,2021-01-24
401267410,2021-01-25T00:00Z,2021,regular-season,BOS,CLE,141,103,2021-01-24
401267412,2021-01-25T00:00Z,2021,regular-season,ORL,CHA,104,107,2021-01-24
401267413,2021-01-25T01:00Z,2021,regular-season,SAS,WAS,121,101,2021-01-24
401267414,2021-01-25T01:00Z,2021,regular-season,MIL,ATL,129,115,2021-01-24
401267416,2021-01-25T03:00Z,2021,regular-season,POR,NYK,116,113,2021-01-24
401267417,2021-01-26T00:00Z,2021,regular-season,DET,PHI,119,104,2021-01-25
401267418,2021-01-26T00:00Z,2021,regular-season,IND,TOR,129,114,2021-01-25
401267419,2021-01-26T00:00Z,2021,regular-season,ORL,CHA,117,108,2021-01-25
401267420,2021-01-26T00:30Z,2021,regular-season,BKN,MIA,98,85,2021-01-25
401267421,2021-01-26T01:00Z,2021,regular-season,CLE,LAL,108,115,2021-01-25
401267425,2021-01-26T01:30Z,2021,regular-season,DAL,DEN,113,117,2021-01-25
401267422,2021-01-26T02:00Z,2021,regular-season,CHI,BOS,103,119,2021-01-25
401267426,2021-01-26T03:00Z,2021,regular-season,GSW,MIN,130,108,2021-01-25
401267427,2021-01-26T03:00Z,2021,regular-season,POR,OKC,122,125,2021-01-25
401267428,2021-01-27T00:30Z,2021,regular-season,ATL,LAC,108,99,2021-01-26
401267429,2021-01-27T01:00Z,2021,regular-season,HOU,WAS,107,88,2021-01-26
401267430,2021-01-27T02:00Z,2021,regular-season,UTA,NYK,108,94,2021-01-26
401267431,2021-01-28T00:00Z,2021,regular-season,CHA,IND,106,116,2021-01-27
401267432,2021-01-28T00:00Z,2021,regular-season,CLE,DET,122,107,2021-01-27
401267433,2021-01-28T00:00Z,2021,regular-season,ORL,SAC,107,121,2021-01-27
401267434,2021-01-28T00:30Z,2021,regular-season,ATL,BKN,128,132,2021-01-27
401267435,2021-01-28T00:30Z,2021,regular-season,MIA,DEN,82,109,2021-01-27
401267436,2021-01-28T00:30Z,2021,regular-season,PHI,LAL,107,106,2021-01-27
401267437,2021-01-28T00:30Z,2021,regular-season,TOR,MIL,108,115,2021-01-27
401267440,2021-01-28T01:30Z,2021,regular-season,SAS,BOS,110,106,2021-01-27
401267439,2021-01-28T02:00Z,2021,regular-season,NOP,WAS,124,106,2021-01-27
401267441,2021-01-28T02:00Z,2021,regular-season,PHX,OKC,97,102,2021-01-27
401267442,2021-01-28T02:00Z,2021,regular-season,UTA,DAL,116,104,2021-01-27
401267443,2021-01-28T03:00Z,2021,regular-season,GSW,MIN,123,111,2021-01-27
401267447,2021-01-29T00:30Z,2021,regular-season,HOU,POR,104,101,2021-01-28
401267444,2021-01-29T01:00Z,2021,regular-season,DET,LAL,107,92,2021-01-28
401267445,2021-01-29T01:00Z,2021,regular-season,MIA,LAC,105,109,2021-01-28
401267446,2021-01-29T03:00Z,2021,regular-season,PHX,GSW,114,93,2021-01-28
401267448,2021-01-30T00:00Z,2021,regular-season,CHA,IND,108,105,2021-01-29
401267450,2021-01-30T00:00Z,2021,regular-season,WAS,ATL,100,116,2021-01-29
401267451,2021-01-30T00:30Z,2021,regular-season,NYK,CLE,102,81,2021-01-29
401267452,2021-01-30T00:30Z,2021,regular-season,TOR,SAC,124,126,2021-01-29
401267453,2021-01-30T00:30Z,2021,regular-season,NOP,MIL,131,126,2021-01-29
401267449,2021-01-30T01:00Z,2021,regular-season,ORL,LAC,90,116,2021-01-29
401267454,2021-01-30T01:00Z,2021,regular-season,MIN,PHI,94,118,2021-01-29
401267455,2021-01-30T01:00Z,2021,regular-season,OKC,BKN,125,147,2021-01-29
401267456,2021-01-30T01:30Z,2021,regular-season,SAS,DEN,119,109,2021-01-29
401267457,2021-01-30T03:00Z,2021,regular-season,UTA,DAL,120,101,2021-01-29
401267458,2021-01-31T01:00Z,2021,regular-season,CHI,POR,122,123,2021-01-30
401267459,2021-01-31T01:00Z,2021,regular-season,CHA,MIL,126,114,2021-01-30
401267460,2021-01-31T01:00Z,2021,regular-season,NOP,HOU,112,126,2021-01-30
401267461,2021-01-31T01:00Z,2021,regular-season,MIA,SAC,105,104,2021-01-30
401267462,2021-01-31T01:30Z,2021,regular-season,BOS,LAL,95,96,2021-01-30
401267464,2021-01-31T01:30Z,2021,regular-season,SAS,MEM,112,129,2021-01-30
401267463,2021-01-31T02:00Z,2021,regular-season,DAL,PHX,105,111,2021-01-30
401267465,2021-01-31T03:00Z,2021,regular-season,GSW,DET,118,91,2021-01-30
401267468,2021-01-31T18:00Z,2021,regular-season,NYK,LAC,115,129,2021-01-31
401267466,2021-01-31T20:30Z,2021,regular-season,DEN,UTA,128,117,2021-01-31
401267467,2021-02-01T00:00Z,2021,regular-season,IND,PHI,110,119,2021-01-31
401267469,2021-02-01T00:00Z,2021,regular-season,TOR,ORL,115,102,2021-01-31
401267470,2021-02-01T00:00Z,2021,regular-season,WAS,BKN,149,146,2021-01-31
401267471,2021-02-01T01:00Z,2021,regular-season,MIN,CLE,109,104,2021-01-31
401267473,2021-02-02T00:30Z,2021,regular-season,ATL,LAL,99,107,2021-02-01
401267474,2021-02-02T00:30Z,2021,regular-season,MIA,CHA,121,129,2021-02-01
401267472,2021-02-02T01:00Z,2021,regular-season,CLE,MIN,100,98,2021-02-01
401267475,2021-02-02T01:00Z,2021,regular-season,CHI,NYK,110,102,2021-02-01
401267476,2021-02-02T01:00Z,2021,regular-season,MIL,POR,134,106,2021-02-01
401267477,2021-02-02T01:00Z,2021,regular-season,NOP,SAC,109,118,2021-02-01
401267478,2021-02-02T01:00Z,2021,regular-season,OKC,HOU,106,136,2021-02-01
401267479,2021-02-02T01:30Z,2021,regular-season,DAL,PHX,108,109,2021-02-01
401267480,2021-02-02T01:30Z,2021,regular-season,SAS,MEM,102,133,2021-02-01
401267483,2021-02-03T00:00Z,2021,regular-season,ORL,TOR,108,123,2021-02-02
401267484,2021-02-03T00:30Z,2021,regular-season,BKN,LAC,124,120,2021-02-02
401267482,2021-02-03T01:00Z,2021,regular-season,IND,MEM,134,116,2021-02-02
401282283,2021-02-03T01:00Z,2021,regular-season,WAS,POR,121,132,2021-02-02
401267485,2021-02-03T03:00Z,2021,regular-season,UTA,DET,117,105,2021-02-02
401267486,2021-02-03T03:00Z,2021,regular-season,GSW,BOS,107,111,2021-02-02
401267487,2021-02-04T00:00Z,2021,regular-season,CHA,PHI,111,118,2021-02-03
401267489,2021-02-04T00:00Z,2021,regular-season,MIL,IND,130,110,2021-02-03
401267490,2021-02-04T00:30Z,2021,regular-season,ATL,DAL,116,122,2021-02-03
401267488,2021-02-04T01:00Z,2021,regular-season,CLE,LAC,99,121,2021-02-03
401267491,2021-02-04T01:00Z,2021,regular-season,MIA,WAS,100,103,2021-02-03
401267492,2021-02-04T01:00Z,2021,regular-season,CHI,NYK,103,107,2021-02-03
401267493,2021-02-04T01:00Z,2021,regular-season,OKC,HOU,104,87,2021-02-03
401267494,2021-02-04T01:30Z,2021,regular-season,SAS,MIN,111,108,2021-02-03
401267495,2021-02-04T02:30Z,2021,regular-season,NOP,PHX,123,101,2021-02-03
401267496,2021-02-04T03:00Z,2021,regular-season,SAC,BOS,116,111,2021-02-03
401267498,2021-02-05T00:30Z,2021,regular-season,ATL,UTA,91,112,2021-02-04
401267499,2021-02-05T00:30Z,2021,regular-season,DAL,GSW,116,147,2021-02-04
401267497,2021-02-05T01:00Z,2021,regular-season,PHI,POR,105,121,2021-02-04
401267500,2021-02-05T02:00Z,2021,regular-season,MEM,HOU,103,115,2021-02-04
401267501,2021-02-05T03:00Z,2021,regular-season,LAL,DEN,114,93,2021-02-04
401267503,2021-02-06T00:00Z,2021,regular-season,IND,NOP,113,114,2021-02-05
401267504,2021-02-06T00:00Z,2021,regular-season,ORL,CHI,123,119,2021-02-05
401267505,2021-02-06T00:30Z,2021,regular-season,BKN,TOR,117,123,2021-02-05
401267506,2021-02-06T00:30Z,2021,regular-season,CLE,MIL,105,123,2021-02-05
401267502,2021-02-06T01:00Z,2021,regular-season,CHA,UTA,121,138,2021-02-05
401267507,2021-02-06T01:00Z,2021,regular-season,MIA,WAS,122,95,2021-02-05
401267508,2021-02-06T01:00Z,2021,regular-season,OKC,MIN,103,106,2021-02-05
401267509,2021-02-06T02:00Z,2021,regular-season,PHX,DET,109,92,2021-02-05
401267510,2021-02-06T03:00Z,2021,regular-season,LAC,BOS,115,119,2021-02-05
401267511,2021-02-06T18:00Z,2021,regular-season,NYK,POR,110,99,2021-02-06
401267512,2021-02-06T22:00Z,2021,regular-season,SAC,DEN,119,114,2021-02-06
401267513,2021-02-07T00:00Z,2021,regular-season,ORL,CHI,92,118,2021-02-06
401267514,2021-02-07T01:00Z,2021,regular-season,PHI,BKN,124,108,2021-02-06
401267516,2021-02-07T01:00Z,2021,regular-season,ATL,TOR,132,121,2021-02-06
401267517,2021-02-07T01:00Z,2021,regular-season,CLE,MIL,99,124,2021-02-06
401267518,2021-02-07T01:00Z,2021,regular-season,HOU,SAS,106,111,2021-02-06
401267519,2021-02-07T01:00Z,2021,regular-season,OKC,MIN,120,118,2021-02-06
401267520,2021-02-07T01:30Z,2021,regular-season,DAL,GSW,134,132,2021-02-06
401267515,2021-02-07T02:00Z,2021,regular-season,NOP,MEM,118,109,2021-02-06
401267521,2021-02-07T03:00Z,2021,regular-season,LAL,DET,135,129,2021-02-06
401267523,2021-02-07T18:00Z,2021,regular-season,IND,UTA,95,103,2021-02-07
401267524,2021-02-07T18:00Z,2021,regular-season,NYK,MIA,103,109,2021-02-07
401282286,2021-02-07T18:00Z,2021,regular-season,CHA,WAS,119,97,2021-02-07
401267525,2021-02-07T19:00Z,2021,regular-season,PHX,BOS,100,91,2021-02-07
401267526,2021-02-07T20:00Z,2021,regular-season,LAC,SAC,110,113,2021-02-07
401267527,2021-02-09T00:00Z,2021,regular-season,CHA,HOU,119,94,2021-02-08
401267528,2021-02-09T01:00Z,2021,regular-season,CHI,WAS,101,105,2021-02-08
401267529,2021-02-09T01:00Z,2021,regular-season,MEM,TOR,113,128,2021-02-08
401267530,2021-02-09T01:30Z,2021,regular-season,DAL,MIN,127,122,2021-02-08
401267531,2021-02-09T01:30Z,2021,regular-season,SAS,GSW,105,100,2021-02-08
401267532,2021-02-09T02:00Z,2021,regular-season,PHX,CLE,119,113,2021-02-08
401267533,2021-02-09T02:30Z,2021,regular-season,DEN,MIL,112,125,2021-02-08
401267534,2021-02-09T03:00Z,2021,regular-season,LAL,OKC,119,112,2021-02-08
401267535,2021-02-10T00:00Z,2021,regular-season,DET,BKN,122,111,2021-02-09
401267536,2021-02-10T00:30Z,2021,regular-season,MIA,NYK,98,96,2021-02-09
401267537,2021-02-10T00:30Z,2021,regular-season,NOP,HOU,130,101,2021-02-09
401267538,2021-02-10T01:30Z,2021,regular-season,SAS,GSW,91,114,2021-02-09
401267539,2021-02-10T03:00Z,2021,regular-season,UTA,BOS,122,108,2021-02-09
401267540,2021-02-10T03:00Z,2021,regular-season,POR,ORL,106,97,2021-02-09
401267541,2021-02-10T03:00Z,2021,regular-season,SAC,PHI,111,119,2021-02-09
401267542,2021-02-11T00:00Z,2021,regular-season,WAS,TOR,115,137,2021-02-10
401267544,2021-02-11T00:30Z,2021,regular-season,DAL,ATL,118,117,2021-02-10
401267543,2021-02-11T01:00Z,2021,regular-season,BKN,IND,104,94,2021-02-10
401267546,2021-02-11T01:00Z,2021,regular-season,MEM,CHA,130,114,2021-02-10
401267547,2021-02-11T01:00Z,2021,regular-season,MIN,LAC,112,119,2021-02-10
401267545,2021-02-11T02:00Z,2021,regular-season,CHI,NOP,129,116,2021-02-10
401267548,2021-02-11T02:00Z,2021,regular-season,DEN,CLE,133,95,2021-02-10
401267549,2021-02-11T03:00Z,2021,regular-season,PHX,MIL,125,124,2021-02-10
401267550,2021-02-11T03:00Z,2021,regular-season,LAL,OKC,114,113,2021-02-10
401267552,2021-02-12T00:30Z,2021,regular-season,HOU,MIA,94,101,2021-02-11
401267558,2021-02-12T00:30Z,2021,regular-season,BOS,TOR,120,106,2021-02-11
401267551,2021-02-12T01:00Z,2021,regular-season,DET,IND,95,111,2021-02-11
401267553,2021-02-12T03:00Z,2021,regular-season,GSW,ORL,111,105,2021-02-11
401267554,2021-02-12T03:00Z,2021,regular-season,POR,PHI,118,114,2021-02-11
401267555,2021-02-13T00:00Z,2021,regular-season,CHA,MIN,120,114,2021-02-12
401267556,2021-02-13T00:00Z,2021,regular-season,WAS,NYK,91,109,2021-02-12
401267557,2021-02-13T00:30Z,2021,regular-season,ATL,SAS,114,125,2021-02-12
401267559,2021-02-13T00:30Z,2021,regular-season,DAL,NOP,143,130,2021-02-12
401267560,2021-02-13T01:00Z,2021,regular-season,CHI,LAC,106,125,2021-02-12
401267572,2021-02-13T01:00Z,2021,regular-season,BOS,DET,102,108,2021-02-12
401267561,2021-02-13T02:00Z,2021,regular-season,DEN,OKC,97,95,2021-02-12
401267562,2021-02-13T02:00Z,2021,regular-season,UTA,MIL,129,115,2021-02-12
401267563,2021-02-13T03:00Z,2021,regular-season,LAL,MEM,115,105,2021-02-12
401267564,2021-02-13T03:00Z,2021,regular-season,POR,CLE,129,110,2021-02-12
401267565,2021-02-13T03:00Z,2021,regular-season,SAC,ORL,112,123,2021-02-12
401267566,2021-02-13T20:00Z,2021,regular-season,PHX,PHI,120,111,2021-02-13
401267567,2021-02-14T00:30Z,2021,regular-season,ATL,IND,113,125,2021-02-13
401267568,2021-02-14T01:00Z,2021,regular-season,NYK,HOU,121,99,2021-02-13
401267569,2021-02-14T01:30Z,2021,regular-season,GSW,BKN,117,134,2021-02-13
401267570,2021-02-14T02:00Z,2021,regular-season,UTA,MIA,112,94,2021-02-13
401282752,2021-02-14T18:00Z,2021,regular-season,WAS,BOS,104,91,2021-02-14
401267573,2021-02-15T00:00Z,2021,regular-season,TOR,MIN,112,116,2021-02-14
401267574,2021-02-15T00:00Z,2021,regular-season,CHA,SAS,110,122,2021-02-14
401282833,2021-02-15T00:00Z,2021,regular-season,DET,NOP,123,112,2021-02-14
401267571,2021-02-15T00:30Z,2021,regular-season,DAL,POR,118,121,2021-02-14
401267575,2021-02-15T01:00Z,2021,regular-season,OKC,MIL,114,109,2021-02-14
401267577,2021-02-15T02:00Z,2021,regular-season,PHX,ORL,109,90,2021-02-14
401267576,2021-02-15T03:00Z,2021,regular-season,DEN,LAL,122,105,2021-02-14
401267578,2021-02-15T03:00Z,2021,regular-season,SAC,MEM,110,124,2021-02-14
401267579,2021-02-15T03:00Z,2021,regular-season,LAC,CLE,128,111,2021-02-14
401267580,2021-02-16T00:00Z,2021,regular-season,IND,CHI,112,120,2021-02-15
401267581,2021-02-16T00:00Z,2021,regular-season,WAS,HOU,131,119,2021-02-15
401267582,2021-02-16T00:30Z,2021,regular-season,NYK,ATL,123,112,2021-02-15
401267583,2021-02-16T02:00Z,2021,regular-season,UTA,PHI,134,123,2021-02-15
401267584,2021-02-16T03:00Z,2021,regular-season,GSW,CLE,129,98,2021-02-15
401267585,2021-02-16T03:00Z,2021,regular-season,LAC,MIA,125,118,2021-02-15
401267586,2021-02-16T03:00Z,2021,regular-season,SAC,BKN,125,136,2021-02-15
401267587,2021-02-17T00:00Z,2021,regular-season,BOS,DEN,112,99,2021-02-16
401267589,2021-02-17T01:00Z,2021,regular-season,MEM,NOP,113,144,2021-02-16
401267590,2021-02-17T01:00Z,2021,regular-season,MIL,TOR,113,124,2021-02-16
401267591,2021-02-17T01:00Z,2021,regular-season,MIN,LAL,104,112,2021-02-16
401267592,2021-02-17T01:00Z,2021,regular-season,OKC,POR,104,115,2021-02-16
401267593,2021-02-17T03:30Z,2021,regular-season,PHX,BKN,124,128,2021-02-16
401267596,2021-02-18T00:00Z,2021,regular-season,ORL,NYK,107,89,2021-02-17
401267598,2021-02-18T00:30Z,2021,regular-season,BOS,ATL,114,122,2021-02-17
401267599,2021-02-18T00:30Z,2021,regular-season,PHI,HOU,118,113,2021-02-17
401267597,2021-02-18T01:00Z,2021,regular-season,WAS,DEN,130,128,2021-02-17
401267600,2021-02-18T01:00Z,2021,regular-season,MIN,IND,128,134,2021-02-17
401299015,2021-02-18T01:00Z,2021,regular-season,CHI,DET,105,102,2021-02-17
401267601,2021-02-18T02:00Z,2021,regular-season,NOP,POR,124,126,2021-02-17
401283399,2021-02-18T02:00Z,2021,regular-season,MEM,OKC,122,113,2021-02-17
401267603,2021-02-18T03:00Z,2021,regular-season,GSW,MIA,120,112,2021-02-17
401267604,2021-02-18T03:00Z,2021,regular-season,LAC,UTA,96,114,2021-02-17
401267605,2021-02-19T00:30Z,2021,regular-season,MIL,TOR,96,110,2021-02-18
401267606,2021-02-19T03:00Z,2021,regular-season,LAL,BKN,98,109,2021-02-18
401267607,2021-02-19T03:00Z,2021,regular-season,SAC,MIA,110,118,2021-02-18
401267609,2021-02-20T00:00Z,2021,regular-season,ORL,GSW,124,120,2021-02-19
401297409,2021-02-20T00:00Z,2021,regular-season,CLE,DEN,103,120,2021-02-19
401267610,2021-02-20T00:30Z,2021,regular-season,PHI,CHI,112,105,2021-02-19
401267611,2021-02-20T00:30Z,2021,regular-season,BOS,ATL,121,109,2021-02-19
401267612,2021-02-20T01:00Z,2021,regular-season,MEM,DET,109,95,2021-02-19
401267613,2021-02-20T01:00Z,2021,regular-season,MIL,OKC,98,85,2021-02-19
401267615,2021-02-20T01:00Z,2021,regular-season,NOP,PHX,114,132,2021-02-19
401267614,2021-02-20T02:00Z,2021,regular-season,MIN,TOR,81,86,2021-02-19
401267617,2021-02-20T03:00Z,2021,regular-season,LAC,UTA,116,112,2021-02-19
401267619,2021-02-21T01:00Z,2021,regular-season,CHA,GSW,102,100,2021-02-20
401267623,2021-02-21T01:30Z,2021,regular-season,LAL,MIA,94,96,2021-02-20
401267620,2021-02-21T02:00Z,2021,regular-season,CHI,SAC,122,114,2021-02-20
401267622,2021-02-21T02:00Z,2021,regular-season,MEM,PHX,97,128,2021-02-20
401267624,2021-02-21T03:00Z,2021,regular-season,POR,WAS,111,118,2021-02-20
401267625,2021-02-21T20:30Z,2021,regular-season,NOP,BOS,120,115,2021-02-21
401267626,2021-02-22T00:00Z,2021,regular-season,CLE,OKC,101,117,2021-02-21
401267627,2021-02-22T00:00Z,2021,regular-season,ORL,DET,105,96,2021-02-21
401267628,2021-02-22T00:00Z,2021,regular-season,TOR,PHI,110,103,2021-02-21
401267629,2021-02-22T00:00Z,2021,regular-season,NYK,MIN,103,99,2021-02-21
401267630,2021-02-22T00:30Z,2021,regular-season,ATL,DEN,123,115,2021-02-21
401267632,2021-02-22T01:00Z,2021,regular-season,LAC,BKN,108,112,2021-02-21
401267631,2021-02-22T02:00Z,2021,regular-season,MIL,SAC,128,115,2021-02-21
401267634,2021-02-23T01:00Z,2021,regular-season,HOU,CHI,100,120,2021-02-22
401267636,2021-02-23T01:30Z,2021,regular-season,DAL,MEM,102,92,2021-02-22
401267635,2021-02-23T02:00Z,2021,regular-season,OKC,MIA,94,108,2021-02-22
401267637,2021-02-23T02:00Z,2021,regular-season,PHX,POR,132,100,2021-02-22
401267638,2021-02-23T02:00Z,2021,regular-season,UTA,CHA,132,110,2021-02-22
401267639,2021-02-23T03:00Z,2021,regular-season,LAL,WAS,124,127,2021-02-22
401267640,2021-02-24T00:00Z,2021,regular-season,CLE,ATL,112,111,2021-02-23
401267641,2021-02-24T00:00Z,2021,regular-season,ORL,DET,93,105,2021-02-23
401267642,2021-02-24T00:30Z,2021,regular-season,BKN,SAC,127,118,2021-02-23
401267643,2021-02-24T00:30Z,2021,regular-season,NYK,GSW,106,114,2021-02-23
401267644,2021-02-24T00:30Z,2021,regular-season,TOR,PHI,102,109,2021-02-23
401267645,2021-02-24T00:30Z,2021,regular-season,DAL,BOS,110,107,2021-02-23
401267646,2021-02-24T01:00Z,2021,regular-season,MIL,MIN,139,112,2021-02-23
401267647,2021-02-24T03:00Z,2021,regular-season,DEN,POR,111,106,2021-02-23
401267648,2021-02-24T03:00Z,2021,regular-season,LAC,WAS,135,116,2021-02-23
401267649,2021-02-25T00:30Z,2021,regular-season,IND,GSW,107,111,2021-02-24
401267650,2021-02-25T00:30Z,2021,regular-season,ATL,BOS,127,112,2021-02-24
401267651,2021-02-25T00:30Z,2021,regular-season,CLE,HOU,112,96,2021-02-24
401267652,2021-02-25T01:00Z,2021,regular-season,MIA,TOR,116,108,2021-02-24
401267653,2021-02-25T01:00Z,2021,regular-season,CHI,MIN,133,126,2021-02-24
401267654,2021-02-25T01:00Z,2021,regular-season,NOP,DET,128,118,2021-02-24
401267655,2021-02-25T01:00Z,2021,regular-season,OKC,SAS,102,99,2021-02-24
401267656,2021-02-25T02:00Z,2021,regular-season,PHX,CHA,121,124,2021-02-24
401267657,2021-02-25T03:00Z,2021,regular-season,UTA,LAL,114,89,2021-02-24
401267658,2021-02-26T00:00Z,2021,regular-season,PHI,DAL,111,97,2021-02-25
401267659,2021-02-26T00:30Z,2021,regular-season,BKN,ORL,129,92,2021-02-25
401267660,2021-02-26T00:30Z,2021,regular-season,NYK,SAC,140,121,2021-02-25
401267661,2021-02-26T01:00Z,2021,regular-season,MEM,LAC,122,94,2021-02-25
401267662,2021-02-26T02:00Z,2021,regular-season,DEN,WAS,110,112,2021-02-25
401267663,2021-02-26T02:30Z,2021,regular-season,MIL,NOP,129,125,2021-02-25
401267665,2021-02-27T00:30Z,2021,regular-season,BOS,IND,118,112,2021-02-26
401267666,2021-02-27T00:30Z,2021,regular-season,TOR,HOU,122,111,2021-02-26
401267664,2021-02-27T01:00Z,2021,regular-season,DET,SAC,107,110,2021-02-26
401267667,2021-02-27T01:00Z,2021,regular-season,MIA,UTA,124,116,2021-02-26
401267668,2021-02-27T01:00Z,2021,regular-season,CHI,PHX,97,106,2021-02-26
401267669,2021-02-27T01:00Z,2021,regular-season,MEM,LAC,99,119,2021-02-26
401267670,2021-02-27T01:00Z,2021,regular-season,OKC,ATL,118,109,2021-02-26
401267671,2021-02-27T03:00Z,2021,regular-season,GSW,CHA,130,121,2021-02-26
401267672,2021-02-27T03:00Z,2021,regular-season,LAL,POR,102,93,2021-02-26
401267673,2021-02-28T00:00Z,2021,regular-season,PHI,CLE,109,112,2021-02-27
401267677,2021-02-28T00:00Z,2021,regular-season,WAS,MIN,128,112,2021-02-27
401267674,2021-02-28T01:00Z,2021,regular-season,SAS,NOP,117,114,2021-02-27
401267675,2021-02-28T01:00Z,2021,regular-season,NYK,IND,110,107,2021-02-27
401267676,2021-02-28T01:00Z,2021,regular-season,ORL,UTA,109,124,2021-02-27
401267678,2021-02-28T01:00Z,2021,regular-season,OKC,DEN,96,126,2021-02-27
401267679,2021-02-28T01:30Z,2021,regular-season,BKN,DAL,98,115,2021-02-27
401267680,2021-02-28T20:30Z,2021,regular-season,MIL,LAC,105,100,2021-02-28
401267684,2021-03-01T00:00Z,2021,regular-season,BOS,WAS,111,110,2021-02-28
401267681,2021-03-01T01:00Z,2021,regular-season,DET,NYK,90,109,2021-02-28
401267682,2021-03-01T01:00Z,2021,regular-season,MIA,ATL,109,99,2021-02-28
401267685,2021-03-01T01:00Z,2021,regular-season,HOU,MEM,84,133,2021-02-28
401267687,2021-03-01T01:00Z,2021,regular-season,LAL,GSW,117,91,2021-02-28
401267686,2021-03-01T02:00Z,2021,regular-season,MIN,PHX,99,118,2021-02-28
401267688,2021-03-01T03:00Z,2021,regular-season,SAC,CHA,126,127,2021-02-28
401267689,2021-03-02T00:00Z,2021,regular-season,ORL,DAL,124,130,2021-03-01
401267690,2021-03-02T00:00Z,2021,regular-season,PHI,IND,130,114,2021-03-01
401267691,2021-03-02T01:00Z,2021,regular-season,CHI,DEN,112,118,2021-03-01
401267693,2021-03-02T01:00Z,2021,regular-season,NOP,UTA,129,124,2021-03-01
401267694,2021-03-02T01:30Z,2021,regular-season,SAS,BKN,113,124,2021-03-01
401267692,2021-03-02T02:00Z,2021,regular-season,HOU,CLE,90,101,2021-03-01
401267695,2021-03-02T03:30Z,2021,regular-season,POR,CHA,123,111,2021-03-01
401267696,2021-03-03T00:00Z,2021,regular-season,WAS,MEM,111,125,2021-03-02
401267697,2021-03-03T00:30Z,2021,regular-season,BOS,LAC,117,112,2021-03-02
401267698,2021-03-03T00:30Z,2021,regular-season,MIA,ATL,80,94,2021-03-02
401267701,2021-03-03T01:30Z,2021,regular-season,SAS,NYK,119,93,2021-03-02
401267700,2021-03-03T02:00Z,2021,regular-season,MIL,DEN,97,128,2021-03-02
401267702,2021-03-03T03:00Z,2021,regular-season,LAL,PHX,104,114,2021-03-02
401267703,2021-03-04T00:00Z,2021,regular-season,CLE,IND,111,114,2021-03-03
401267705,2021-03-04T00:00Z,2021,regular-season,PHI,UTA,131,123,2021-03-03
401309754,2021-03-04T00:00Z,2021,regular-season,TOR,DET,105,129,2021-03-03
401267706,2021-03-04T00:30Z,2021,regular-season,HOU,BKN,114,132,2021-03-03
401267704,2021-03-04T01:00Z,2021,regular-season,ORL,ATL,112,115,2021-03-03
401267707,2021-03-04T01:00Z,2021,regular-season,MIN,CHA,102,135,2021-03-03
401267708,2021-03-04T01:00Z,2021,regular-season,NOP,CHI,124,128,2021-03-03
401267709,2021-03-04T01:30Z,2021,regular-season,DAL,OKC,87,78,2021-03-03
401267710,2021-03-04T03:00Z,2021,regular-season,POR,GSW,108,106,2021-03-03
401267711,2021-03-04T03:00Z,2021,regular-season,SAC,LAL,123,120,2021-03-03
401267712,2021-03-05T00:00Z,2021,regular-season,BOS,TOR,132,125,2021-03-04
401267714,2021-03-05T00:00Z,2021,regular-season,WAS,LAC,119,117,2021-03-04
401302775,2021-03-05T00:30Z,2021,regular-season,NYK,DET,114,104,2021-03-04
401267713,2021-03-05T01:00Z,2021,regular-season,IND,DEN,103,113,2021-03-04
401267715,2021-03-05T01:00Z,2021,regular-season,MEM,MIL,111,112,2021-03-04
401267717,2021-03-05T01:30Z,2021,regular-season,NOP,MIA,93,103,2021-03-04
401267716,2021-03-05T02:00Z,2021,regular-season,SAS,OKC,102,107,2021-03-04
401267718,2021-03-05T03:00Z,2021,regular-season,POR,SAC,123,119,2021-03-04
401283400,2021-03-05T03:00Z,2021,regular-season,PHX,GSW,120,98,2021-03-04
401306581,2021-03-08T01:00Z,2021,regular-season,DUR,LEB,150,170,2021-03-07
401307309,2021-03-11T01:00Z,2021,regular-season,MEM,WAS,127,112,2021-03-10
401307310,2021-03-11T01:30Z,2021,regular-season,DAL,SAS,115,104,2021-03-10
401307311,2021-03-12T00:00Z,2021,regular-season,CHA,DET,105,102,2021-03-11
401307312,2021-03-12T00:30Z,2021,regular-season,BKN,BOS,121,109,2021-03-11
401307353,2021-03-12T00:30Z,2021,regular-season,TOR,ATL,120,121,2021-03-11
401307354,2021-03-12T01:00Z,2021,regular-season,MIA,ORL,111,103,2021-03-11
401307355,2021-03-12T01:00Z,2021,regular-season,CHI,PHI,105,127,2021-03-11
401307356,2021-03-12T01:00Z,2021,regular-season,MIL,NYK,134,101,2021-03-11
401307357,2021-03-12T01:00Z,2021,regular-season,NOP,MIN,105,135,2021-03-11
401307358,2021-03-12T02:00Z,2021,regular-season,OKC,DAL,116,108,2021-03-11
401307359,2021-03-12T03:00Z,2021,regular-season,LAC,GSW,130,104,2021-03-11
401307360,2021-03-12T03:00Z,2021,regular-season,POR,PHX,121,127,2021-03-11
401307361,2021-03-12T03:00Z,2021,regular-season,SAC,HOU,125,105,2021-03-11
401307362,2021-03-13T01:00Z,2021,regular-season,WAS,PHI,101,127,2021-03-12
401307363,2021-03-13T01:00Z,2021,regular-season,MEM,DEN,102,103,2021-03-12
401307364,2021-03-13T01:00Z,2021,regular-season,NOP,CLE,116,82,2021-03-12
401307365,2021-03-13T02:00Z,2021,regular-season,CHI,MIA,90,101,2021-03-12
401307366,2021-03-13T02:00Z,2021,regular-season,SAS,ORL,104,77,2021-03-12
401307367,2021-03-13T03:00Z,2021,regular-season,UTA,HOU,114,99,2021-03-12
401307368,2021-03-13T03:30Z,2021,regular-season,LAL,IND,105,100,2021-03-12
401307369,2021-03-13T19:00Z,2021,regular-season,OKC,NYK,97,119,2021-03-13
401307370,2021-03-14T00:00Z,2021,regular-season,BKN,DET,100,95,2021-03-13
401307371,2021-03-14T00:00Z,2021,regular-season,CHA,TOR,114,104,2021-03-13
401307372,2021-03-14T00:00Z,2021,regular-season,WAS,MIL,119,125,2021-03-13
401307373,2021-03-14T00:30Z,2021,regular-season,ATL,SAC,121,106,2021-03-13
401307374,2021-03-14T01:00Z,2021,regular-season,MIN,POR,121,125,2021-03-13
401307375,2021-03-14T03:00Z,2021,regular-season,DEN,DAL,103,116,2021-03-13
401307376,2021-03-14T03:00Z,2021,regular-season,PHX,IND,111,122,2021-03-13
401307377,2021-03-14T18:00Z,2021,regular-season,OKC,MEM,128,122,2021-03-14
401307378,2021-03-14T20:00Z,2021,regular-season,GSW,UTA,131,119,2021-03-14
401307379,2021-03-14T22:30Z,2021,regular-season,PHI,SAS,134,99,2021-03-14
401307380,2021-03-14T23:00Z,2021,regular-season,ORL,MIA,97,102,2021-03-14
401307381,2021-03-14T23:30Z,2021,regular-season,ATL,CLE,100,82,2021-03-14
401307382,2021-03-15T00:00Z,2021,regular-season,HOU,BOS,107,134,2021-03-14
401307383,2021-03-15T00:00Z,2021,regular-season,MIN,POR,114,112,2021-03-14
401307384,2021-03-15T01:00Z,2021,regular-season,CHI,TOR,118,95,2021-03-14
401307385,2021-03-15T01:00Z,2021,regular-season,NOP,LAC,135,115,2021-03-14
401307386,2021-03-15T23:00Z,2021,regular-season,CHA,SAC,122,116,2021-03-15
401307387,2021-03-15T23:00Z,2021,regular-season,WAS,MIL,122,133,2021-03-15
401307388,2021-03-16T00:00Z,2021,regular-season,BKN,NYK,117,112,2021-03-15
401307389,2021-03-16T00:00Z,2021,regular-season,DET,SAS,99,109,2021-03-15
401307390,2021-03-16T01:00Z,2021,regular-season,DAL,LAC,99,109,2021-03-15
401307391,2021-03-16T02:00Z,2021,regular-season,DEN,IND,121,106,2021-03-15
401307392,2021-03-16T02:00Z,2021,regular-season,PHX,MEM,122,99,2021-03-15
401307393,2021-03-16T02:30Z,2021,regular-season,GSW,LAL,97,128,2021-03-15
401307394,2021-03-16T23:30Z,2021,regular-season,BOS,UTA,109,117,2021-03-16
401307395,2021-03-17T00:00Z,2021,regular-season,MIA,CLE,113,98,2021-03-16
401307396,2021-03-17T00:00Z,2021,regular-season,PHI,NYK,99,96,2021-03-16
401307397,2021-03-17T00:00Z,2021,regular-season,CHI,OKC,123,102,2021-03-16
401307398,2021-03-17T00:00Z,2021,regular-season,HOU,ATL,107,119,2021-03-16
401307399,2021-03-17T02:00Z,2021,regular-season,POR,NOP,125,124,2021-03-16
401307400,2021-03-17T02:30Z,2021,regular-season,LAL,MIN,137,121,2021-03-16
401307401,2021-03-17T23:00Z,2021,regular-season,DET,TOR,116,112,2021-03-17
401307402,2021-03-17T23:00Z,2021,regular-season,IND,BKN,115,124,2021-03-17
401307403,2021-03-17T23:00Z,2021,regular-season,PHI,MIL,105,109,2021-03-17
401307404,2021-03-17T23:00Z,2021,regular-season,WAS,SAC,119,121,2021-03-17
401307405,2021-03-18T00:00Z,2021,regular-season,CLE,BOS,117,110,2021-03-17
401307406,2021-03-18T00:00Z,2021,regular-season,CHI,SAS,99,106,2021-03-17
401307407,2021-03-18T00:00Z,2021,regular-season,HOU,GSW,94,108,2021-03-17
401307408,2021-03-18T01:00Z,2021,regular-season,MEM,MIA,89,85,2021-03-17
401307409,2021-03-18T01:00Z,2021,regular-season,DEN,CHA,129,104,2021-03-17
401307410,2021-03-18T01:30Z,2021,regular-season,DAL,LAC,105,89,2021-03-17
401307411,2021-03-18T23:00Z,2021,regular-season,WAS,UTA,131,122,2021-03-18
401307412,2021-03-18T23:30Z,2021,regular-season,ATL,OKC,116,93,2021-03-18
401307413,2021-03-18T23:30Z,2021,regular-season,NYK,ORL,94,93,2021-03-18
401307414,2021-03-19T02:00Z,2021,regular-season,PHX,MIN,119,123,2021-03-18
401307415,2021-03-19T02:00Z,2021,regular-season,POR,NOP,101,93,2021-03-18
401307416,2021-03-19T02:30Z,2021,regular-season,LAL,CHA,116,105,2021-03-18
401307417,2021-03-19T23:30Z,2021,regular-season,BOS,SAC,96,107,2021-03-19
401307418,2021-03-19T23:30Z,2021,regular-season,CLE,SAS,110,116,2021-03-19
401307419,2021-03-20T00:00Z,2021,regular-season,MIA,IND,110,137,2021-03-19
401307420,2021-03-20T00:00Z,2021,regular-season,ORL,BKN,121,113,2021-03-19
401307421,2021-03-20T00:00Z,2021,regular-season,TOR,UTA,112,115,2021-03-19
401307422,2021-03-20T00:00Z,2021,regular-season,HOU,DET,100,113,2021-03-19
401307423,2021-03-20T00:00Z,2021,regular-season,MEM,GSW,103,116,2021-03-19
401307424,2021-03-20T01:00Z,2021,regular-season,DEN,CHI,131,127,2021-03-19
401307425,2021-03-20T02:00Z,2021,regular-season,PHX,MIN,113,101,2021-03-19
401307426,2021-03-20T02:00Z,2021,regular-season,POR,DAL,125,119,2021-03-19
401307427,2021-03-20T19:30Z,2021,regular-season,LAL,ATL,94,99,2021-03-20
401307428,2021-03-21T00:00Z,2021,regular-season,PHI,SAC,129,105,2021-03-20
401307429,2021-03-21T00:00Z,2021,regular-season,MEM,GSW,111,103,2021-03-20
401307430,2021-03-21T01:00Z,2021,regular-season,MIL,SAS,120,113,2021-03-20
401307431,2021-03-21T02:00Z,2021,regular-season,LAC,CHA,125,98,2021-03-20
401307432,2021-03-21T17:00Z,2021,regular-season,MIA,IND,106,109,2021-03-21
401307433,2021-03-21T18:00Z,2021,regular-season,HOU,OKC,112,114,2021-03-21
401307434,2021-03-21T19:00Z,2021,regular-season,DEN,NOP,108,113,2021-03-21
401307435,2021-03-21T19:30Z,2021,regular-season,BOS,ORL,112,96,2021-03-21
401307436,2021-03-21T23:00Z,2021,regular-season,BKN,WAS,113,106,2021-03-21
401307437,2021-03-21T23:00Z,2021,regular-season,CLE,TOR,116,105,2021-03-21
401307438,2021-03-21T23:00Z,2021,regular-season,DET,CHI,86,100,2021-03-21
401307439,2021-03-22T00:00Z,2021,regular-season,NYK,PHI,100,101,2021-03-21
401307440,2021-03-22T02:00Z,2021,regular-season,PHX,LAL,111,94,2021-03-21
401307441,2021-03-22T02:00Z,2021,regular-season,POR,DAL,92,132,2021-03-21
401307442,2021-03-22T23:30Z,2021,regular-season,CLE,SAC,105,119,2021-03-22
401307443,2021-03-23T00:00Z,2021,regular-season,MIN,OKC,103,112,2021-03-22
401307444,2021-03-23T00:30Z,2021,regular-season,SAS,CHA,97,100,2021-03-22
401307445,2021-03-23T01:00Z,2021,regular-season,CHI,UTA,95,120,2021-03-22
401307446,2021-03-23T01:00Z,2021,regular-season,HOU,TOR,117,99,2021-03-22
401307447,2021-03-23T01:00Z,2021,regular-season,MEM,BOS,132,126,2021-03-22
401307448,2021-03-23T01:00Z,2021,regular-season,MIL,IND,140,113,2021-03-22
401307449,2021-03-23T02:00Z,2021,regular-season,LAC,ATL,119,110,2021-03-22
401307450,2021-03-23T23:00Z,2021,regular-season,ORL,DEN,99,110,2021-03-23
401307451,2021-03-23T23:30Z,2021,regular-season,NYK,WAS,131,113,2021-03-23
401307452,2021-03-23T23:30Z,2021,regular-season,NOP,LAL,128,111,2021-03-23
401307453,2021-03-24T00:00Z,2021,regular-season,MIA,PHX,100,110,2021-03-23
401307454,2021-03-24T02:00Z,2021,regular-season,GSW,PHI,98,108,2021-03-23
401307455,2021-03-24T02:00Z,2021,regular-season,POR,BKN,112,116,2021-03-23
401307456,2021-03-24T23:00Z,2021,regular-season,IND,DET,116,111,2021-03-24
401307457,2021-03-24T23:30Z,2021,regular-season,MIL,BOS,121,119,2021-03-24
401307459,2021-03-24T23:30Z,2021,regular-season,TOR,DEN,135,111,2021-03-24
401307458,2021-03-25T00:00Z,2021,regular-season,ORL,PHX,112,111,2021-03-24
401307460,2021-03-25T00:00Z,2021,regular-season,CHI,CLE,94,103,2021-03-24
401307461,2021-03-25T00:00Z,2021,regular-season,HOU,CHA,97,122,2021-03-24
401307462,2021-03-25T00:00Z,2021,regular-season,MIN,DAL,108,128,2021-03-24
401307463,2021-03-25T00:00Z,2021,regular-season,OKC,MEM,107,116,2021-03-24
401307464,2021-03-25T00:30Z,2021,regular-season,SAS,LAC,101,134,2021-03-24
401307465,2021-03-25T02:00Z,2021,regular-season,UTA,BKN,118,88,2021-03-24
401307466,2021-03-25T02:00Z,2021,regular-season,SAC,ATL,110,108,2021-03-24
401307467,2021-03-25T23:30Z,2021,regular-season,MIA,POR,122,125,2021-03-25
401307468,2021-03-25T23:30Z,2021,regular-season,NYK,WAS,106,102,2021-03-25
401307469,2021-03-26T00:30Z,2021,regular-season,SAS,LAC,85,98,2021-03-25
401307470,2021-03-26T02:00Z,2021,regular-season,LAL,PHI,101,109,2021-03-25
401307471,2021-03-26T02:00Z,2021,regular-season,SAC,GSW,141,119,2021-03-25
401307472,2021-03-26T23:00Z,2021,regular-season,DET,BKN,111,113,2021-03-26
401307473,2021-03-26T23:30Z,2021,regular-season,TOR,PHX,100,104,2021-03-26
401307474,2021-03-26T23:30Z,2021,regular-season,MIL,BOS,114,122,2021-03-26
401307475,2021-03-27T00:00Z,2021,regular-season,CHA,MIA,110,105,2021-03-26
401307476,2021-03-27T00:00Z,2021,regular-season,ORL,POR,105,112,2021-03-26
401307477,2021-03-27T00:00Z,2021,regular-season,MIN,HOU,107,101,2021-03-26
401307478,2021-03-27T00:00Z,2021,regular-season,NOP,DEN,108,113,2021-03-26
401307479,2021-03-27T00:30Z,2021,regular-season,DAL,IND,94,109,2021-03-26
401307480,2021-03-27T01:00Z,2021,regular-season,UTA,MEM,117,114,2021-03-26
401307481,2021-03-27T02:00Z,2021,regular-season,GSW,ATL,108,124,2021-03-26
401307482,2021-03-27T02:30Z,2021,regular-season,LAL,CLE,100,86,2021-03-26
401307483,2021-03-28T00:00Z,2021,regular-season,WAS,DET,106,92,2021-03-27
401307484,2021-03-28T00:00Z,2021,regular-season,MIL,NYK,96,102,2021-03-27
401307485,2021-03-28T00:00Z,2021,regular-season,MIN,HOU,107,129,2021-03-27
401307486,2021-03-28T00:30Z,2021,regular-season,SAS,CHI,120,104,2021-03-27
401307487,2021-03-28T01:00Z,2021,regular-season,NOP,DAL,112,103,2021-03-27
401307488,2021-03-28T01:00Z,2021,regular-season,OKC,BOS,94,111,2021-03-27
401307489,2021-03-28T01:00Z,2021,regular-season,UTA,MEM,126,110,2021-03-27
401307490,2021-03-28T02:00Z,2021,regular-season,LAC,PHI,122,112,2021-03-27
401307491,2021-03-28T02:00Z,2021,regular-season,SAC,CLE,100,98,2021-03-27
401307492,2021-03-28T17:00Z,2021,regular-season,CHA,PHX,97,101,2021-03-28
401307493,2021-03-28T23:00Z,2021,regular-season,TOR,POR,117,122,2021-03-28
401307494,2021-03-29T01:00Z,2021,regular-season,DEN,ATL,126,102,2021-03-28
401307495,2021-03-29T02:00Z,2021,regular-season,LAL,ORL,96,93,2021-03-28
401307496,2021-03-29T23:00Z,2021,regular-season,WAS,IND,132,124,2021-03-29
401307497,2021-03-29T23:30Z,2021,regular-season,BOS,NOP,109,115,2021-03-29
401307498,2021-03-29T23:30Z,2021,regular-season,BKN,MIN,112,107,2021-03-29
401307499,2021-03-29T23:30Z,2021,regular-season,NYK,MIA,88,98,2021-03-29
401307500,2021-03-30T00:00Z,2021,regular-season,DET,TOR,118,104,2021-03-29
401307501,2021-03-30T00:00Z,2021,regular-season,HOU,MEM,110,120,2021-03-29
401307502,2021-03-30T00:00Z,2021,regular-season,OKC,DAL,106,127,2021-03-29
401307503,2021-03-30T00:30Z,2021,regular-season,SAS,SAC,115,132,2021-03-29
401307504,2021-03-30T01:00Z,2021,regular-season,UTA,CLE,114,75,2021-03-29
401307505,2021-03-30T02:00Z,2021,regular-season,GSW,CHI,116,102,2021-03-29
401307506,2021-03-30T02:00Z,2021,regular-season,LAC,MIL,129,105,2021-03-29
401307507,2021-03-30T23:00Z,2021,regular-season,WAS,CHA,104,114,2021-03-30
401307508,2021-03-31T01:00Z,2021,regular-season,DEN,PHI,104,95,2021-03-30
401307509,2021-03-31T02:00Z,2021,regular-season,LAC,ORL,96,103,2021-03-30
401307510,2021-03-31T02:00Z,2021,regular-season,PHX,ATL,117,110,2021-03-30
401307511,2021-03-31T23:00Z,2021,regular-season,DET,POR,101,124,2021-03-31
401307512,2021-03-31T23:00Z,2021,regular-season,IND,MIA,87,92,2021-03-31
401307513,2021-03-31T23:30Z,2021,regular-season,BOS,DAL,108,113,2021-03-31
401307514,2021-03-31T23:30Z,2021,regular-season,BKN,HOU,120,108,2021-03-31
401307515,2021-04-01T00:00Z,2021,regular-season,MEM,UTA,107,111,2021-03-31
401307516,2021-04-01T00:00Z,2021,regular-season,MIN,NYK,102,101,2021-03-31
401307517,2021-04-01T00:00Z,2021,regular-season,OKC,TOR,113,103,2021-03-31
401307518,2021-04-01T00:30Z,2021,regular-season,SAS,SAC,120,106,2021-03-31
401307519,2021-04-01T02:00Z,2021,regular-season,LAL,MIL,97,112,2021-03-31
401307520,2021-04-01T02:00Z,2021,regular-season,PHX,CHI,121,116,2021-03-31
401307521,2021-04-01T23:00Z,2021,regular-season,CLE,PHI,94,114,2021-04-01
401307522,2021-04-01T23:00Z,2021,regular-season,DET,WAS,120,91,2021-04-01
401307523,2021-04-01T23:30Z,2021,regular-season,BKN,CHA,111,89,2021-04-01
401307524,2021-04-02T00:00Z,2021,regular-season,MIA,GSW,116,109,2021-04-01
401307525,2021-04-02T00:00Z,2021,regular-season,NOP,ORL,110,115,2021-04-01
401307526,2021-04-02T00:30Z,2021,regular-season,SAS,ATL,129,134,2021-04-01
401307527,2021-04-02T02:00Z,2021,regular-season,LAC,DEN,94,101,2021-04-01
401307531,2021-04-02T23:00Z,2021,regular-season,TOR,GSW,130,77,2021-04-02
401307528,2021-04-02T23:30Z,2021,regular-season,BOS,HOU,118,102,2021-04-02
401307529,2021-04-02T23:30Z,2021,regular-season,NYK,DAL,86,99,2021-04-02
401307530,2021-04-03T00:00Z,2021,regular-season,IND,CHA,97,114,2021-04-02
401307532,2021-04-03T00:00Z,2021,regular-season,MEM,MIN,120,108,2021-04-02
401307533,2021-04-03T01:00Z,2021,regular-season,NOP,ATL,103,126,2021-04-02
401307534,2021-04-03T01:00Z,2021,regular-season,UTA,CHI,113,106,2021-04-02
401307535,2021-04-03T02:00Z,2021,regular-season,PHX,OKC,140,103,2021-04-02
401307536,2021-04-03T02:00Z,2021,regular-season,POR,MIL,109,127,2021-04-02
401307537,2021-04-03T02:00Z,2021,regular-season,SAC,LAL,94,115,2021-04-02
401307538,2021-04-03T23:00Z,2021,regular-season,WAS,DAL,87,109,2021-04-03
401307539,2021-04-04T00:00Z,2021,regular-season,DET,NYK,81,125,2021-04-03
401307540,2021-04-04T00:00Z,2021,regular-season,MIA,CLE,115,101,2021-04-03
401307541,2021-04-04T00:00Z,2021,regular-season,PHI,MIN,122,113,2021-04-03
401307542,2021-04-04T01:00Z,2021,regular-season,SAS,IND,133,139,2021-04-03
401307543,2021-04-04T01:00Z,2021,regular-season,UTA,ORL,137,91,2021-04-03
401307544,2021-04-04T02:00Z,2021,regular-season,POR,OKC,133,85,2021-04-03
401307545,2021-04-04T02:00Z,2021,regular-season,SAC,MIL,128,129,2021-04-03
401307546,2021-04-04T18:00Z,2021,regular-season,CHI,BKN,115,107,2021-04-04
401307548,2021-04-04T19:30Z,2021,regular-season,LAC,LAL,104,86,2021-04-04
401307547,2021-04-04T22:00Z,2021,regular-season,BOS,CHA,116,86,2021-04-04
401307549,2021-04-04T23:00Z,2021,regular-season,PHI,MEM,100,116,2021-04-04
401307550,2021-04-04T23:30Z,2021,regular-season,ATL,GSW,117,111,2021-04-04
401307551,2021-04-05T00:00Z,2021,regular-season,HOU,NOP,115,122,2021-04-04
401307552,2021-04-05T02:00Z,2021,regular-season,DEN,ORL,119,109,2021-04-04
401307553,2021-04-05T23:00Z,2021,regular-season,TOR,WAS,103,101,2021-04-05
401307554,2021-04-05T23:00Z,2021,regular-season,BKN,NYK,114,112,2021-04-05
401307555,2021-04-05T23:00Z,2021,regular-season,DAL,UTA,111,103,2021-04-05
401307557,2021-04-05T23:00Z,2021,regular-season,MIN,SAC,116,106,2021-04-05
401307558,2021-04-05T23:00Z,2021,regular-season,OKC,DET,108,132,2021-04-05
401307559,2021-04-05T23:00Z,2021,regular-season,SAS,CLE,101,125,2021-04-05
401307556,2021-04-06T00:00Z,2021,regular-season,HOU,PHX,130,133,2021-04-05
401307560,2021-04-06T23:00Z,2021,regular-season,IND,CHI,97,113,2021-04-06
401307561,2021-04-06T23:30Z,2021,regular-season,ATL,NOP,123,107,2021-04-06
401307562,2021-04-06T23:30Z,2021,regular-season,BOS,PHI,96,106,2021-04-06
401307563,2021-04-06T23:30Z,2021,regular-season,TOR,LAL,101,110,2021-04-06
401307564,2021-04-07T00:00Z,2021,regular-season,MIA,MEM,112,124,2021-04-06
401307565,2021-04-07T01:00Z,2021,regular-season,DEN,DET,134,119,2021-04-06
401307566,2021-04-07T02:00Z,2021,regular-season,GSW,MIL,122,121,2021-04-06
401307567,2021-04-07T02:00Z,2021,regular-season,LAC,POR,133,116,2021-04-06
401307568,2021-04-07T23:00Z,2021,regular-season,IND,MIN,141,137,2021-04-07
401307569,2021-04-07T23:00Z,2021,regular-season,ORL,WAS,116,131,2021-04-07
401307570,2021-04-07T23:30Z,2021,regular-season,BOS,NYK,101,99,2021-04-07
401307571,2021-04-07T23:30Z,2021,regular-season,BKN,NOP,139,111,2021-04-07
401307572,2021-04-08T00:00Z,2021,regular-season,ATL,MEM,113,131,2021-04-07
401307573,2021-04-08T00:00Z,2021,regular-season,HOU,DAL,102,93,2021-04-07
401307574,2021-04-08T00:00Z,2021,regular-season,OKC,CHA,102,113,2021-04-07
401307575,2021-04-08T01:00Z,2021,regular-season,DEN,SAS,106,96,2021-04-07
401307576,2021-04-08T02:00Z,2021,regular-season,PHX,UTA,117,113,2021-04-07
401307577,2021-04-08T23:30Z,2021,regular-season,MIA,LAL,110,104,2021-04-08
401313155,2021-04-08T23:30Z,2021,regular-season,TOR,CHI,113,122,2021-04-08
401307578,2021-04-09T00:00Z,2021,regular-season,OKC,CLE,102,129,2021-04-08
401307579,2021-04-09T01:00Z,2021,regular-season,DAL,MIL,116,101,2021-04-08
401307580,2021-04-09T02:00Z,2021,regular-season,UTA,POR,122,103,2021-04-08
401307581,2021-04-09T02:00Z,2021,regular-season,LAC,PHX,113,103,2021-04-08
401307582,2021-04-09T02:00Z,2021,regular-season,SAC,DET,101,113,2021-04-08
401307583,2021-04-09T23:00Z,2021,regular-season,ORL,IND,106,111,2021-04-09
401307585,2021-04-09T23:30Z,2021,regular-season,BOS,MIN,145,136,2021-04-09
401307586,2021-04-09T23:30Z,2021,regular-season,NYK,MEM,133,129,2021-04-09
401307584,2021-04-10T00:00Z,2021,regular-season,ATL,CHI,120,108,2021-04-09
401307588,2021-04-10T00:00Z,2021,regular-season,NOP,PHI,101,94,2021-04-09
401307589,2021-04-10T01:00Z,2021,regular-season,MIL,CHA,119,127,2021-04-09
401307590,2021-04-10T01:00Z,2021,regular-season,DEN,SAS,121,119,2021-04-09
401307591,2021-04-10T02:00Z,2021,regular-season,GSW,WAS,107,110,2021-04-09
401307592,2021-04-10T02:00Z,2021,regular-season,LAC,HOU,126,109,2021-04-09
401307587,2021-04-10T23:30Z,2021,regular-season,CLE,TOR,115,135,2021-04-10
401307593,2021-04-11T00:30Z,2021,regular-season,BKN,LAL,101,126,2021-04-10
401307594,2021-04-11T01:00Z,2021,regular-season,OKC,PHI,93,117,2021-04-10
401307595,2021-04-11T01:00Z,2021,regular-season,UTA,SAC,128,112,2021-04-10
401307596,2021-04-11T02:00Z,2021,regular-season,GSW,HOU,125,109,2021-04-10
401307597,2021-04-11T02:00Z,2021,regular-season,PHX,WAS,134,106,2021-04-10
401307598,2021-04-11T02:00Z,2021,regular-season,POR,DET,118,103,2021-04-10
401307599,2021-04-11T17:00Z,2021,regular-season,CHA,ATL,101,105,2021-04-11
401307600,2021-04-11T19:00Z,2021,regular-season,DEN,BOS,87,105,2021-04-11
401307601,2021-04-11T23:00Z,2021,regular-season,CLE,NOP,109,116,2021-04-11
401307602,2021-04-11T23:00Z,2021,regular-season,ORL,MIL,87,124,2021-04-11
401307603,2021-04-12T00:00Z,2021,regular-season,NYK,TOR,102,96,2021-04-11
401307604,2021-04-12T00:00Z,2021,regular-season,DAL,SAS,117,119,2021-04-11
401307605,2021-04-12T00:00Z,2021,regular-season,MEM,IND,125,132,2021-04-11
401307606,2021-04-12T00:00Z,2021,regular-season,MIN,CHI,121,117,2021-04-11
401307607,2021-04-12T02:00Z,2021,regular-season,LAC,DET,131,124,2021-04-11
401307608,2021-04-12T02:00Z,2021,regular-season,POR,MIA,98,107,2021-04-11
401307609,2021-04-12T23:30Z,2021,regular-season,NYK,LAL,111,96,2021-04-12
401307612,2021-04-12T23:30Z,2021,regular-season,DAL,PHI,95,113,2021-04-12
401307610,2021-04-13T00:00Z,2021,regular-season,ORL,SAS,97,120,2021-04-12
401307613,2021-04-13T01:00Z,2021,regular-season,MEM,CHI,101,90,2021-04-12
401307614,2021-04-13T01:00Z,2021,regular-season,NOP,SAC,117,110,2021-04-12
401307615,2021-04-13T01:00Z,2021,regular-season,UTA,WAS,121,125,2021-04-12
401307616,2021-04-13T02:00Z,2021,regular-season,GSW,DEN,116,107,2021-04-12
401307617,2021-04-13T02:00Z,2021,regular-season,PHX,HOU,126,120,2021-04-12
401320524,2021-04-13T20:00Z,2021,regular-season,MIN,BKN,97,127,2021-04-13
401307618,2021-04-13T23:30Z,2021,regular-season,IND,LAC,115,126,2021-04-13
401307619,2021-04-13T23:30Z,2021,regular-season,TOR,ATL,103,108,2021-04-13
401307620,2021-04-14T00:00Z,2021,regular-season,CHA,LAL,93,101,2021-04-13
401307621,2021-04-14T01:00Z,2021,regular-season,UTA,OKC,106,96,2021-04-13
401307622,2021-04-14T02:00Z,2021,regular-season,PHX,MIA,106,86,2021-04-13
401307623,2021-04-14T02:00Z,2021,regular-season,POR,BOS,115,116,2021-04-13
401307629,2021-04-14T20:30Z,2021,regular-season,MIN,MIL,105,130,2021-04-14
401307624,2021-04-14T23:00Z,2021,regular-season,CHA,CLE,90,103,2021-04-14
401307625,2021-04-14T23:00Z,2021,regular-season,PHI,BKN,123,117,2021-04-14
401307626,2021-04-14T23:30Z,2021,regular-season,TOR,SAS,117,112,2021-04-14
401307627,2021-04-15T00:00Z,2021,regular-season,DET,LAC,98,100,2021-04-14
401307628,2021-04-15T00:00Z,2021,regular-season,CHI,ORL,106,115,2021-04-14
401307630,2021-04-15T00:00Z,2021,regular-season,NOP,NYK,106,116,2021-04-14
401307631,2021-04-15T01:00Z,2021,regular-season,HOU,IND,124,132,2021-04-14
401307632,2021-04-15T01:00Z,2021,regular-season,OKC,GSW,109,147,2021-04-14
401307633,2021-04-15T01:30Z,2021,regular-season,MEM,DAL,113,114,2021-04-14
401307634,2021-04-15T02:00Z,2021,regular-season,DEN,MIA,123,106,2021-04-14
401307635,2021-04-15T02:00Z,2021,regular-season,SAC,WAS,111,123,2021-04-14
401307636,2021-04-15T23:30Z,2021,regular-season,ATL,MIL,109,120,2021-04-15
401307637,2021-04-16T00:00Z,2021,regular-season,CLE,GSW,101,119,2021-04-15
401307638,2021-04-16T02:00Z,2021,regular-season,LAL,BOS,113,121,2021-04-15
401307639,2021-04-16T02:00Z,2021,regular-season,PHX,SAC,122,114,2021-04-15
401307640,2021-04-16T19:00Z,2021,regular-season,UTA,IND,119,111,2021-04-16
401307641,2021-04-16T23:00Z,2021,regular-season,DET,OKC,110,104,2021-04-16
401307642,2021-04-16T23:00Z,2021,regular-season,PHI,LAC,106,103,2021-04-16
401307643,2021-04-16T23:00Z,2021,regular-season,WAS,NOP,117,115,2021-04-16
401307644,2021-04-16T23:30Z,2021,regular-season,BKN,CHA,130,115,2021-04-16
401307645,2021-04-16T23:30Z,2021,regular-season,TOR,ORL,113,102,2021-04-16
401307646,2021-04-17T00:00Z,2021,regular-season,CHI,MEM,115,126,2021-04-16
401307647,2021-04-17T00:00Z,2021,regular-season,HOU,DEN,99,128,2021-04-16
401307648,2021-04-17T00:00Z,2021,regular-season,MIN,MIA,119,111,2021-04-16
401307649,2021-04-17T00:30Z,2021,regular-season,SAS,POR,106,107,2021-04-16
401307650,2021-04-17T01:30Z,2021,regular-season,DAL,NYK,109,117,2021-04-16
401307651,2021-04-17T20:30Z,2021,regular-season,LAL,UTA,127,115,2021-04-17
401307652,2021-04-18T00:00Z,2021,regular-season,WAS,DET,121,100,2021-04-17
401307653,2021-04-18T00:00Z,2021,regular-season,CHI,CLE,106,96,2021-04-17
401307654,2021-04-18T00:30Z,2021,regular-season,BOS,GSW,119,114,2021-04-17
401307655,2021-04-18T01:00Z,2021,regular-season,MIL,MEM,115,128,2021-04-17
401307656,2021-04-18T02:00Z,2021,regular-season,PHX,SAS,85,111,2021-04-17
401307657,2021-04-18T17:00Z,2021,regular-season,ATL,IND,129,117,2021-04-18
401307658,2021-04-18T17:00Z,2021,regular-season,NYK,NOP,122,112,2021-04-18
401307659,2021-04-18T19:30Z,2021,regular-season,MIA,BKN,109,107,2021-04-18
401307660,2021-04-18T23:00Z,2021,regular-season,CHA,POR,109,101,2021-04-18
401307661,2021-04-18T23:00Z,2021,regular-season,ORL,HOU,110,114,2021-04-18
401307662,2021-04-18T23:00Z,2021,regular-season,TOR,OKC,112,106,2021-04-18
401307663,2021-04-18T23:30Z,2021,regular-season,DAL,SAC,107,121,2021-04-18
401307664,2021-04-19T02:00Z,2021,regular-season,LAC,MIN,124,105,2021-04-18
401307665,2021-04-19T23:00Z,2021,regular-season,DET,CLE,109,105,2021-04-19
401307666,2021-04-19T23:30Z,2021,regular-season,BOS,CHI,96,102,2021-04-19
401307667,2021-04-19T23:30Z,2021,regular-season,PHI,GSW,96,107,2021-04-19
401307668,2021-04-20T00:00Z,2021,regular-season,IND,SAS,94,109,2021-04-19
401307669,2021-04-20T00:00Z,2021,regular-season,MIA,HOU,113,91,2021-04-19
401307670,2021-04-20T00:00Z,2021,regular-season,WAS,OKC,119,107,2021-04-19
401307671,2021-04-20T00:00Z,2021,regular-season,MIL,PHX,127,128,2021-04-19
401307672,2021-04-20T01:00Z,2021,regular-season,DEN,MEM,139,137,2021-04-19
401307673,2021-04-20T02:00Z,2021,regular-season,LAL,UTA,97,111,2021-04-19
401307674,2021-04-20T23:30Z,2021,regular-season,ATL,ORL,112,96,2021-04-20
401307675,2021-04-20T23:30Z,2021,regular-season,NYK,CHA,109,97,2021-04-20
401307676,2021-04-20T23:30Z,2021,regular-season,NOP,BKN,129,134,2021-04-20
401307677,2021-04-21T02:00Z,2021,regular-season,POR,LAC,112,113,2021-04-20
401307678,2021-04-21T02:00Z,2021,regular-season,SAC,MIN,120,134,2021-04-20
401307679,2021-04-21T23:00Z,2021,regular-season,CLE,CHI,121,105,2021-04-21
401307680,2021-04-21T23:00Z,2021,regular-season,IND,OKC,122,116,2021-04-21
401307681,2021-04-21T23:00Z,2021,regular-season,PHI,PHX,113,116,2021-04-21
401307682,2021-04-21T23:00Z,2021,regular-season,WAS,GSW,118,114,2021-04-21
401307684,2021-04-21T23:00Z,2021,regular-season,TOR,BKN,114,103,2021-04-21
401307683,2021-04-22T00:00Z,2021,regular-season,NYK,ATL,137,127,2021-04-21
401307685,2021-04-22T00:00Z,2021,regular-season,HOU,UTA,89,112,2021-04-21
401307686,2021-04-22T00:30Z,2021,regular-season,DAL,DET,127,117,2021-04-21
401307687,2021-04-22T00:30Z,2021,regular-season,SAS,MIA,87,107,2021-04-21
401307688,2021-04-22T02:00Z,2021,regular-season,LAC,MEM,117,105,2021-04-21
401307689,2021-04-22T02:00Z,2021,regular-season,POR,DEN,105,106,2021-04-21
401307690,2021-04-22T02:00Z,2021,regular-season,SAC,MIN,128,125,2021-04-21
401307691,2021-04-22T23:00Z,2021,regular-season,BOS,PHX,99,86,2021-04-22
401307692,2021-04-22T23:00Z,2021,regular-season,ORL,NOP,100,135,2021-04-22
401307693,2021-04-22T23:00Z,2021,regular-season,MIL,PHI,124,117,2021-04-22
401307694,2021-04-23T00:30Z,2021,regular-season,SAS,DET,106,91,2021-04-22
401307695,2021-04-23T01:00Z,2021,regular-season,CHI,CHA,108,91,2021-04-22
401307696,2021-04-23T01:30Z,2021,regular-season,DAL,LAL,115,110,2021-04-22
401307697,2021-04-23T23:30Z,2021,regular-season,ATL,MIA,118,103,2021-04-23
401307698,2021-04-23T23:30Z,2021,regular-season,BKN,BOS,109,104,2021-04-23
401307699,2021-04-24T00:00Z,2021,regular-season,CHA,CLE,108,102,2021-04-23
401307700,2021-04-24T00:00Z,2021,regular-season,HOU,LAC,104,109,2021-04-23
401307701,2021-04-24T00:00Z,2021,regular-season,OKC,WAS,109,129,2021-04-23
401307702,2021-04-24T02:00Z,2021,regular-season,GSW,DEN,118,97,2021-04-23
401307703,2021-04-24T02:00Z,2021,regular-season,POR,MEM,128,130,2021-04-23
401307704,2021-04-24T17:00Z,2021,regular-season,NYK,TOR,120,103,2021-04-24
401307705,2021-04-24T19:30Z,2021,regular-season,MIL,PHI,132,94,2021-04-24
401307706,2021-04-24T23:00Z,2021,regular-season,IND,DET,115,109,2021-04-24
401307707,2021-04-25T00:00Z,2021,regular-season,MIA,CHI,106,101,2021-04-24
401307708,2021-04-25T00:00Z,2021,regular-season,NOP,SAS,108,110,2021-04-24
401307709,2021-04-25T00:30Z,2021,regular-season,DAL,LAL,108,93,2021-04-24
401307710,2021-04-25T01:00Z,2021,regular-season,UTA,MIN,96,101,2021-04-24
401307711,2021-04-25T02:00Z,2021,regular-season,DEN,HOU,129,116,2021-04-24
401307712,2021-04-25T17:00Z,2021,regular-season,CHA,BOS,125,104,2021-04-25
401307713,2021-04-25T19:30Z,2021,regular-season,BKN,PHX,128,119,2021-04-25
401307714,2021-04-25T20:00Z,2021,regular-season,POR,MEM,113,120,2021-04-25
401307715,2021-04-25T23:00Z,2021,regular-season,WAS,CLE,119,110,2021-04-25
401307716,2021-04-25T23:30Z,2021,regular-season,ATL,MIL,111,104,2021-04-25
401307717,2021-04-26T00:00Z,2021,regular-season,ORL,IND,112,131,2021-04-25
401307718,2021-04-26T02:00Z,2021,regular-season,GSW,SAC,117,113,2021-04-25
401307719,2021-04-26T23:00Z,2021,regular-season,DET,ATL,100,86,2021-04-26
401307720,2021-04-26T23:00Z,2021,regular-season,ORL,LAL,103,114,2021-04-26
401307721,2021-04-26T23:00Z,2021,regular-season,PHI,OKC,121,90,2021-04-26
401307722,2021-04-26T23:00Z,2021,regular-season,WAS,SAS,143,146,2021-04-26
401307723,2021-04-26T23:30Z,2021,regular-season,NYK,PHX,110,118,2021-04-26
401307725,2021-04-26T23:30Z,2021,regular-season,TOR,CLE,112,96,2021-04-26
401307724,2021-04-27T00:00Z,2021,regular-season,MIA,CHI,102,110,2021-04-26
401307726,2021-04-27T00:00Z,2021,regular-season,MIN,UTA,105,104,2021-04-26
401307727,2021-04-27T00:00Z,2021,regular-season,NOP,LAC,120,103,2021-04-26
401307728,2021-04-27T01:00Z,2021,regular-season,DEN,MEM,120,96,2021-04-26
401307729,2021-04-27T02:00Z,2021,regular-season,SAC,DAL,113,106,2021-04-26
401307730,2021-04-27T23:00Z,2021,regular-season,BOS,OKC,115,119,2021-04-27
401307731,2021-04-27T23:00Z,2021,regular-season,CHA,MIL,104,114,2021-04-27
401307732,2021-04-27T23:00Z,2021,regular-season,IND,POR,112,133,2021-04-27
401307733,2021-04-27T23:30Z,2021,regular-season,TOR,BKN,103,116,2021-04-27
401307734,2021-04-28T01:00Z,2021,regular-season,HOU,MIN,107,114,2021-04-27
401307735,2021-04-28T01:30Z,2021,regular-season,GSW,DAL,103,133,2021-04-27
401307736,2021-04-28T23:00Z,2021,regular-season,CLE,ORL,104,109,2021-04-28
401307737,2021-04-28T23:00Z,2021,regular-season,PHI,ATL,127,83,2021-04-28
401307738,2021-04-28T23:30Z,2021,regular-season,WAS,LAL,116,107,2021-04-28
401307739,2021-04-28T23:30Z,2021,regular-season,BOS,CHA,120,111,2021-04-28
401307740,2021-04-28T23:30Z,2021,regular-season,NYK,CHI,113,94,2021-04-28
401307741,2021-04-29T00:00Z,2021,regular-season,MIA,SAS,116,111,2021-04-28
401307742,2021-04-29T01:00Z,2021,regular-season,MEM,POR,109,130,2021-04-28
401307743,2021-04-29T01:00Z,2021,regular-season,DEN,NOP,114,112,2021-04-28
401307744,2021-04-29T02:00Z,2021,regular-season,PHX,LAC,109,101,2021-04-28
401307745,2021-04-29T02:00Z,2021,regular-season,SAC,UTA,105,154,2021-04-28
401307746,2021-04-29T23:00Z,2021,regular-season,DET,DAL,105,115,2021-04-29
401307747,2021-04-29T23:00Z,2021,regular-season,IND,BKN,113,130,2021-04-29
401307748,2021-04-30T00:00Z,2021,regular-season,HOU,MIL,143,136,2021-04-29
401307749,2021-04-30T00:00Z,2021,regular-season,MIN,GSW,126,114,2021-04-29
401307750,2021-04-30T01:00Z,2021,regular-season,OKC,NOP,95,109,2021-04-29
401307751,2021-04-30T01:00Z,2021,regular-season,DEN,TOR,121,111,2021-04-29
401307752,2021-04-30T23:00Z,2021,regular-season,PHI,ATL,126,104,2021-04-30
401307753,2021-04-30T23:30Z,2021,regular-season,BOS,SAS,143,140,2021-04-30
401307754,2021-04-30T23:30Z,2021,regular-season,CLE,WAS,93,122,2021-04-30
401307755,2021-05-01T00:00Z,2021,regular-season,BKN,POR,109,128,2021-04-30
401307756,2021-05-01T00:00Z,2021,regular-season,MEM,ORL,92,75,2021-04-30
401307757,2021-05-01T01:00Z,2021,regular-season,CHI,MIL,98,108,2021-04-30
401307758,2021-05-01T02:00Z,2021,regular-season,PHX,UTA,121,100,2021-04-30
401307759,2021-05-01T02:30Z,2021,regular-season,LAL,SAC,106,110,2021-04-30
401307760,2021-05-01T23:00Z,2021,regular-season,CHA,DET,107,94,2021-05-01
401307761,2021-05-01T23:30Z,2021,regular-season,HOU,GSW,87,113,2021-05-01
401307762,2021-05-02T00:00Z,2021,regular-season,ATL,CHI,108,97,2021-05-01
401307763,2021-05-02T00:00Z,2021,regular-season,CLE,MIA,107,124,2021-05-01
401307764,2021-05-02T00:00Z,2021,regular-season,ORL,MEM,112,111,2021-05-01
401307765,2021-05-02T00:00Z,2021,regular-season,MIN,NOP,136,140,2021-05-01
401307766,2021-05-02T00:00Z,2021,regular-season,OKC,IND,95,152,2021-05-01
401307767,2021-05-02T01:00Z,2021,regular-season,DAL,WAS,125,124,2021-05-01
401307768,2021-05-02T02:00Z,2021,regular-season,UTA,TOR,106,102,2021-05-01
401307769,2021-05-02T02:00Z,2021,regular-season,LAC,DEN,104,110,2021-05-01
401307770,2021-05-02T19:30Z,2021,regular-season,MIL,BKN,117,114,2021-05-02
401307771,2021-05-02T23:30Z,2021,regular-season,BOS,POR,119,129,2021-05-02
401307772,2021-05-03T00:00Z,2021,regular-season,CHA,MIA,111,121,2021-05-02
401307773,2021-05-03T00:00Z,2021,regular-season,DAL,SAC,99,111,2021-05-02
401307774,2021-05-03T00:00Z,2021,regular-season,HOU,NYK,97,122,2021-05-02
401307775,2021-05-03T00:00Z,2021,regular-season,OKC,PHX,120,123,2021-05-02
401307776,2021-05-03T00:00Z,2021,regular-season,SAS,PHI,111,113,2021-05-02
401307777,2021-05-03T02:00Z,2021,regular-season,LAL,TOR,114,121,2021-05-02
401307778,2021-05-03T23:00Z,2021,regular-season,DET,ORL,112,119,2021-05-03
401307779,2021-05-03T23:00Z,2021,regular-season,WAS,IND,154,141,2021-05-03
401307780,2021-05-03T23:30Z,2021,regular-season,NOP,GSW,108,123,2021-05-03
401307781,2021-05-04T00:00Z,2021,regular-season,ATL,POR,123,114,2021-05-03
401307782,2021-05-04T01:00Z,2021,regular-season,CHI,PHI,94,106,2021-05-03
401307783,2021-05-04T01:00Z,2021,regular-season,MEM,NYK,104,118,2021-05-03
401307784,2021-05-04T02:00Z,2021,regular-season,UTA,SAS,110,99,2021-05-03
401307785,2021-05-04T02:20Z,2021,regular-season,LAL,DEN,93,89,2021-05-03
401307786,2021-05-04T23:00Z,2021,regular-season,CLE,PHX,118,134,2021-05-04
401307787,2021-05-04T23:00Z,2021,regular-season,DET,CHA,99,102,2021-05-04
401307788,2021-05-04T23:30Z,2021,regular-season,MIL,BKN,124,118,2021-05-04
401307789,2021-05-05T00:00Z,2021,regular-season,MIA,DAL,113,127,2021-05-04
401307790,2021-05-05T00:00Z,2021,regular-season,NOP,GSW,108,103,2021-05-04
401307791,2021-05-05T00:00Z,2021,regular-season,OKC,SAC,99,103,2021-05-04
401307792,2021-05-05T02:00Z,2021,regular-season,LAC,TOR,105,100,2021-05-04
401307794,2021-05-05T23:00Z,2021,regular-season,ORL,BOS,96,132,2021-05-05
401307793,2021-05-05T23:30Z,2021,regular-season,CLE,POR,105,141,2021-05-05
401307795,2021-05-06T00:00Z,2021,regular-season,ATL,PHX,135,103,2021-05-05
401307796,2021-05-06T00:00Z,2021,regular-season,IND,SAC,93,104,2021-05-05
401307797,2021-05-06T00:00Z,2021,regular-season,HOU,PHI,115,135,2021-05-05
401307798,2021-05-06T00:00Z,2021,regular-season,MIL,WAS,135,134,2021-05-05
401307799,2021-05-06T00:00Z,2021,regular-season,MIN,MEM,135,139,2021-05-05
401307800,2021-05-06T01:00Z,2021,regular-season,DEN,NYK,113,97,2021-05-05
401307801,2021-05-06T01:00Z,2021,regular-season,UTA,SAS,126,94,2021-05-05
401307802,2021-05-06T23:00Z,2021,regular-season,CHA,CHI,99,120,2021-05-06
401307803,2021-05-06T23:30Z,2021,regular-season,DAL,BKN,113,109,2021-05-06
401307806,2021-05-06T23:30Z,2021,regular-season,TOR,WAS,129,131,2021-05-06
401307804,2021-05-07T00:00Z,2021,regular-season,DET,MEM,111,97,2021-05-06
401307805,2021-05-07T00:00Z,2021,regular-season,IND,ATL,133,126,2021-05-06
401307807,2021-05-07T02:00Z,2021,regular-season,GSW,OKC,118,97,2021-05-06
401307808,2021-05-07T02:00Z,2021,regular-season,LAC,LAL,118,94,2021-05-06
401307809,2021-05-07T23:00Z,2021,regular-season,PHI,NOP,109,107,2021-05-07
401307810,2021-05-07T23:30Z,2021,regular-season,CHI,BOS,121,99,2021-05-07
401307811,2021-05-08T00:00Z,2021,regular-season,CHA,ORL,122,112,2021-05-07
401307812,2021-05-08T00:00Z,2021,regular-season,MIA,MIN,121,112,2021-05-07
401307813,2021-05-08T00:00Z,2021,regular-season,MIL,HOU,141,133,2021-05-07
401307814,2021-05-08T00:30Z,2021,regular-season,DAL,CLE,110,90,2021-05-07
401307815,2021-05-08T01:00Z,2021,regular-season,UTA,DEN,127,120,2021-05-07
401307816,2021-05-08T02:00Z,2021,regular-season,PHX,NYK,128,105,2021-05-07
401307817,2021-05-08T02:00Z,2021,regular-season,POR,LAL,106,101,2021-05-07
401307818,2021-05-08T02:00Z,2021,regular-season,SAC,SAS,104,113,2021-05-07
401307820,2021-05-08T23:00Z,2021,regular-season,IND,WAS,132,133,2021-05-08
401307821,2021-05-08T23:00Z,2021,regular-season,PHI,DET,118,104,2021-05-08
401307819,2021-05-08T23:30Z,2021,regular-season,TOR,MEM,99,109,2021-05-08
401307822,2021-05-09T02:00Z,2021,regular-season,DEN,BKN,119,125,2021-05-08
401307823,2021-05-09T02:00Z,2021,regular-season,UTA,HOU,124,116,2021-05-08
401307824,2021-05-09T02:00Z,2021,regular-season,GSW,OKC,136,97,2021-05-08
401307825,2021-05-09T02:00Z,2021,regular-season,POR,SAS,124,102,2021-05-08
401307826,2021-05-09T17:00Z,2021,regular-season,BOS,MIA,124,130,2021-05-09
401307827,2021-05-09T19:30Z,2021,regular-season,LAC,NYK,100,106,2021-05-09
401307828,2021-05-09T23:00Z,2021,regular-season,CHA,NOP,110,112,2021-05-09
401307829,2021-05-09T23:00Z,2021,regular-season,CLE,DAL,97,124,2021-05-09
401307830,2021-05-09T23:00Z,2021,regular-season,ORL,MIN,96,128,2021-05-09
401307831,2021-05-10T00:00Z,2021,regular-season,DET,CHI,96,108,2021-05-09
401307832,2021-05-10T02:00Z,2021,regular-season,LAL,PHX,123,110,2021-05-09
401307833,2021-05-10T02:00Z,2021,regular-season,SAC,OKC,126,98,2021-05-09
401307834,2021-05-10T23:30Z,2021,regular-season,CLE,IND,102,111,2021-05-10
401307835,2021-05-10T23:30Z,2021,regular-season,ATL,WAS,125,124,2021-05-10
401307836,2021-05-11T00:00Z,2021,regular-season,MEM,NOP,115,110,2021-05-10
401307837,2021-05-11T00:30Z,2021,regular-season,SAS,MIL,146,125,2021-05-10
401307838,2021-05-11T02:00Z,2021,regular-season,GSW,UTA,119,116,2021-05-10
401307839,2021-05-11T02:00Z,2021,regular-season,POR,HOU,140,129,2021-05-10
401307841,2021-05-11T23:00Z,2021,regular-season,CHA,DEN,112,117,2021-05-11
401307842,2021-05-11T23:00Z,2021,regular-season,DET,MIN,100,119,2021-05-11
401307840,2021-05-11T23:30Z,2021,regular-season,BOS,MIA,121,129,2021-05-11
401307843,2021-05-11T23:30Z,2021,regular-season,TOR,LAC,96,115,2021-05-11
401307844,2021-05-12T00:00Z,2021,regular-season,IND,PHI,103,94,2021-05-11
401307845,2021-05-12T00:00Z,2021,regular-season,CHI,BKN,107,115,2021-05-11
401307846,2021-05-12T00:00Z,2021,regular-season,MEM,DAL,133,104,2021-05-11
401307847,2021-05-12T01:00Z,2021,regular-season,MIL,ORL,114,102,2021-05-11
401307848,2021-05-12T02:00Z,2021,regular-season,GSW,PHX,122,116,2021-05-11
401307849,2021-05-12T02:00Z,2021,regular-season,SAC,OKC,122,106,2021-05-11
401307850,2021-05-12T02:00Z,2021,regular-season,LAL,NYK,101,99,2021-05-11
401307851,2021-05-12T23:00Z,2021,regular-season,ATL,WAS,120,116,2021-05-12
401307852,2021-05-13T00:00Z,2021,regular-season,BKN,SAS,128,116,2021-05-12
401307853,2021-05-13T00:00Z,2021,regular-season,CLE,BOS,102,94,2021-05-12
401307854,2021-05-13T01:00Z,2021,regular-season,DAL,NOP,125,107,2021-05-12
401307855,2021-05-13T01:30Z,2021,regular-season,UTA,POR,98,105,2021-05-12
401307856,2021-05-13T02:30Z,2021,regular-season,LAL,HOU,124,122,2021-05-12
401307857,2021-05-13T23:00Z,2021,regular-season,CHA,LAC,90,113,2021-05-13
401307858,2021-05-13T23:00Z,2021,regular-season,IND,MIL,133,142,2021-05-13
401307859,2021-05-13T23:30Z,2021,regular-season,ATL,ORL,116,93,2021-05-13
401307860,2021-05-13T23:30Z,2021,regular-season,MIA,PHI,106,94,2021-05-13
401307861,2021-05-13T23:30Z,2021,regular-season,NYK,SAS,102,98,2021-05-13
401307862,2021-05-14T00:00Z,2021,regular-season,CHI,TOR,114,102,2021-05-13
401307863,2021-05-14T00:00Z,2021,regular-season,MEM,SAC,116,110,2021-05-13
401307864,2021-05-14T00:00Z,2021,regular-season,MIN,DEN,103,114,2021-05-13
401307865,2021-05-14T02:00Z,2021,regular-season,PHX,POR,118,117,2021-05-13
401307866,2021-05-14T23:00Z,2021,regular-season,WAS,CLE,120,105,2021-05-14
401307867,2021-05-15T00:00Z,2021,regular-season,DET,DEN,91,104,2021-05-14
401307868,2021-05-15T00:00Z,2021,regular-season,PHI,ORL,122,97,2021-05-14
401307869,2021-05-15T00:00Z,2021,regular-season,OKC,UTA,93,109,2021-05-14
401307870,2021-05-15T01:00Z,2021,regular-season,DAL,TOR,114,110,2021-05-14
401307871,2021-05-15T01:00Z,2021,regular-season,HOU,LAC,122,115,2021-05-14
401307872,2021-05-15T01:00Z,2021,regular-season,MEM,SAC,107,106,2021-05-14
401307873,2021-05-15T01:30Z,2021,regular-season,GSW,NOP,125,122,2021-05-14
401307874,2021-05-15T17:00Z,2021,regular-season,BKN,CHI,105,91,2021-05-15
401307875,2021-05-15T17:00Z,2021,regular-season,IND,LAL,115,122,2021-05-15
401307878,2021-05-15T17:00Z,2021,regular-season,NYK,CHA,118,109,2021-05-15
401307877,2021-05-15T18:00Z,2021,regular-season,MIN,BOS,108,124,2021-05-15
401307879,2021-05-15T18:00Z,2021,regular-season,SAS,PHX,103,140,2021-05-15
401307876,2021-05-16T00:00Z,2021,regular-season,MIL,MIA,122,108,2021-05-15
401307887,2021-05-16T17:00Z,2021,regular-season,NYK,BOS,96,92,2021-05-16
401307893,2021-05-16T17:00Z,2021,regular-season,TOR,IND,113,125,2021-05-16
401307894,2021-05-16T17:00Z,2021,regular-season,WAS,CHA,115,110,2021-05-16
401307892,2021-05-16T18:00Z,2021,regular-season,SAS,PHX,121,123,2021-05-16
401307884,2021-05-16T19:30Z,2021,regular-season,GSW,MEM,113,101,2021-05-16
401307880,2021-05-16T23:00Z,2021,regular-season,ATL,HOU,124,95,2021-05-16
401307881,2021-05-16T23:00Z,2021,regular-season,BKN,CLE,123,109,2021-05-16
401307889,2021-05-16T23:00Z,2021,regular-season,PHI,ORL,128,117,2021-05-16
401307883,2021-05-17T00:00Z,2021,regular-season,DET,MIA,107,120,2021-05-16
401307882,2021-05-17T01:00Z,2021,regular-season,CHI,MIL,118,112,2021-05-16
401307885,2021-05-17T01:00Z,2021,regular-season,MIN,DAL,136,121,2021-05-16
401307886,2021-05-17T01:00Z,2021,regular-season,NOP,LAL,98,110,2021-05-16
401307888,2021-05-17T01:00Z,2021,regular-season,OKC,LAC,117,112,2021-05-16
401307890,2021-05-17T01:00Z,2021,regular-season,POR,DEN,132,116,2021-05-16
401307891,2021-05-17T01:00Z,2021,regular-season,SAC,UTA,99,121,2021-05-16
401326988,2021-05-18T22:30Z,2021,play-in-season,IND,CHA,144,117,2021-05-18
401326989,2021-05-19T01:00Z,2021,play-in-season,BOS,WAS,118,100,2021-05-18
401326990,2021-05-19T23:30Z,2021,play-in-season,MEM,SAS,100,96,2021-05-19
401326991,2021-05-20T02:00Z,2021,play-in-season,LAL,GSW,103,100,2021-05-19
401326993,2021-05-21T00:00Z,2021,play-in-season,WAS,IND,142,115,2021-05-20
401326994,2021-05-22T01:00Z,2021,play-in-season,GSW,MEM,112,117,2021-05-21
401327715,2021-05-22T18:00Z,2021,post-season,MIL,MIA,109,107,2021-05-22
401327716,2021-05-22T20:30Z,2021,post-season,LAC,DAL,103,113,2021-05-22
401327714,2021-05-23T00:00Z,2021,post-season,BKN,BOS,104,93,2021-05-22
401327717,2021-05-23T02:30Z,2021,post-season,DEN,POR,109,123,2021-05-22
401327718,2021-05-23T17:00Z,2021,post-season,PHI,WAS,125,118,2021-05-23
401327720,2021-05-23T19:30Z,2021,post-season,PHX,LAL,99,90,2021-05-23
401327719,2021-05-23T23:00Z,2021,post-season,NYK,ATL,105,107,2021-05-23
401327721,2021-05-24T01:30Z,2021,post-season,UTA,MEM,109,112,2021-05-23
401327878,2021-05-24T23:30Z,2021,post-season,MIL,MIA,132,98,2021-05-24
401327868,2021-05-25T02:00Z,2021,post-season,DEN,POR,128,109,2021-05-24
401327875,2021-05-25T23:30Z,2021,post-season,BKN,BOS,130,108,2021-05-25
401327865,2021-05-26T02:00Z,2021,post-season,PHX,LAL,102,109,2021-05-25
401327871,2021-05-26T02:30Z,2021,post-season,LAC,DAL,121,127,2021-05-25
401327874,2021-05-26T23:00Z,2021,post-season,PHI,WAS,120,95,2021-05-26
401327881,2021-05-26T23:30Z,2021,post-season,NYK,ATL,101,92,2021-05-26
401327864,2021-05-27T02:00Z,2021,post-season,UTA,MEM,141,129,2021-05-26
401327879,2021-05-27T23:30Z,2021,post-season,MIA,MIL,84,113,2021-05-27
401327866,2021-05-28T02:00Z,2021,post-season,LAL,PHX,109,95,2021-05-27
401327869,2021-05-28T02:30Z,2021,post-season,POR,DEN,115,120,2021-05-27
401327882,2021-05-28T23:00Z,2021,post-season,ATL,NYK,105,94,2021-05-28
401327876,2021-05-29T00:30Z,2021,post-season,BOS,BKN,125,119,2021-05-28
401327872,2021-05-29T01:30Z,2021,post-season,DAL,LAC,108,118,2021-05-28
401327880,2021-05-29T17:30Z,2021,post-season,MIA,MIL,103,120,2021-05-29
401327870,2021-05-29T20:00Z,2021,post-season,POR,DEN,115,95,2021-05-29
401327893,2021-05-29T23:00Z,2021,post-season,WAS,PHI,103,132,2021-05-29
401327907,2021-05-30T01:30Z,2021,post-season,MEM,UTA,111,121,2021-05-29
401327883,2021-05-30T17:00Z,2021,post-season,ATL,NYK,113,96,2021-05-30
401327867,2021-05-30T19:30Z,2021,post-season,LAL,PHX,92,100,2021-05-30
401327877,2021-05-30T23:00Z,2021,post-season,BOS,BKN,126,141,2021-05-30
401327873,2021-05-31T01:30Z,2021,post-season,DAL,LAC,81,106,2021-05-30
401327894,2021-05-31T23:00Z,2021,post-season,WAS,PHI,122,114,2021-05-31
401327908,2021-06-01T01:30Z,2021,post-season,MEM,UTA,113,120,2021-05-31
401327890,2021-06-01T23:30Z,2021,post-season,BKN,BOS,123,109,2021-06-01
401327901,2021-06-02T01:00Z,2021,post-season,DEN,POR,147,140,2021-06-01
401327904,2021-06-02T02:00Z,2021,post-season,PHX,LAL,115,85,2021-06-01
401327895,2021-06-02T23:00Z,2021,post-season,PHI,WAS,129,112,2021-06-02
401327884,2021-06-02T23:30Z,2021,post-season,NYK,ATL,89,103,2021-06-02
401327909,2021-06-03T01:30Z,2021,post-season,UTA,MEM,126,110,2021-06-02
401327898,2021-06-03T02:00Z,2021,post-season,LAC,DAL,100,105,2021-06-02
401327902,2021-06-04T00:00Z,2021,post-season,POR,DEN,115,126,2021-06-03
401327905,2021-06-04T02:30Z,2021,post-season,LAL,PHX,100,113,2021-06-03
401327899,2021-06-05T01:00Z,2021,post-season,DAL,LAC,97,104,2021-06-04
401332290,2021-06-05T23:30Z,2021,post-season,BKN,MIL,115,107,2021-06-05
401332840,2021-06-06T17:00Z,2021,post-season,PHI,ATL,124,128,2021-06-06
401327900,2021-06-06T19:30Z,2021,post-season,LAC,DAL,126,111,2021-06-06
401332409,2021-06-07T23:30Z,2021,post-season,BKN,MIL,125,86,2021-06-07
401332410,2021-06-08T02:00Z,2021,post-season,PHX,DEN,122,105,2021-06-07
401332953,2021-06-08T23:30Z,2021,post-season,PHI,ATL,118,102,2021-06-08
401333058,2021-06-09T02:00Z,2021,post-season,UTA,LAC,112,109,2021-06-08
401332964,2021-06-10T01:30Z,2021,post-season,PHX,DEN,123,98,2021-06-09
401332959,2021-06-10T23:30Z,2021,post-season,MIL,BKN,86,83,2021-06-10
401333059,2021-06-11T02:00Z,2021,post-season,UTA,LAC,117,111,2021-06-10
401332954,2021-06-11T23:30Z,2021,post-season,ATL,PHI,111,127,2021-06-11
401332965,2021-06-12T02:00Z,2021,post-season,DEN,PHX,102,116,2021-06-11
401333060,2021-06-13T00:30Z,2021,post-season,LAC,UTA,132,106,2021-06-12
401332960,2021-06-13T19:00Z,2021,post-season,MIL,BKN,107,96,2021-06-13
401332966,2021-06-14T00:00Z,2021,post-season,DEN,PHX,118,125,2021-06-13
401332955,2021-06-14T23:30Z,2021,post-season,ATL,PHI,103,100,2021-06-14
401333061,2021-06-15T02:00Z,2021,post-season,LAC,UTA,118,104,2021-06-14
401332961,2021-06-16T00:30Z,2021,post-season,BKN,MIL,114,108,2021-06-15
401332956,2021-06-16T23:30Z,2021,post-season,PHI,ATL,106,109,2021-06-16
401333062,2021-06-17T02:00Z,2021,post-season,UTA,LAC,111,119,2021-06-16
401332962,2021-06-18T00:30Z,2021,post-season,MIL,BKN,104,89,2021-06-17
401332957,2021-06-18T23:30Z,2021,post-season,ATL,PHI,99,104,2021-06-18
401333063,2021-06-19T02:00Z,2021,post-season,LAC,UTA,131,119,2021-06-18
401332963,2021-06-20T00:30Z,2021,post-season,BKN,MIL,111,115,2021-06-19
401337333,2021-06-20T19:30Z,2021,post-season,PHX,LAC,120,114,2021-06-20
401332958,2021-06-21T00:00Z,2021,post-season,PHI,ATL,96,103,2021-06-20
401337334,2021-06-23T01:00Z,2021,post-season,PHX,LAC,104,103,2021-06-22
401337340,2021-06-24T00:30Z,2021,post-season,MIL,ATL,113,116,2021-06-23
401337335,2021-06-25T01:00Z,2021,post-season,LAC,PHX,106,92,2021-06-24
401337341,2021-06-26T00:30Z,2021,post-season,MIL,ATL,125,91,2021-06-25
401337336,2021-06-27T01:00Z,2021,post-season,LAC,PHX,80,84,2021-06-26
401337342,2021-06-28T00:30Z,2021,post-season,ATL,MIL,102,113,2021-06-27
401337337,2021-06-29T01:00Z,2021,post-season,PHX,LAC,102,116,2021-06-28
401337343,2021-06-30T00:30Z,2021,post-season,ATL,MIL,110,88,2021-06-29
401337338,2021-07-01T01:00Z,2021,post-season,LAC,PHX,103,130,2021-06-30
401337344,2021-07-02T00:30Z,2021,post-season,MIL,ATL,123,112,2021-07-01
401337345,2021-07-04T00:30Z,2021,post-season,ATL,MIL,107,118,2021-07-03
401344135,2021-07-07T01:00Z,2021,post-season,PHX,MIL,118,105,2021-07-06
401344136,2021-07-09T01:00Z,2021,post-season,PHX,MIL,118,108,2021-07-08
401344137,2021-07-12T00:00Z,2021,post-season,MIL,PHX,120,100,2021-07-11
401344138,2021-07-15T01:00Z,2021,post-season,MIL,PHX,109,103,2021-07-14
401344139,2021-07-18T01:00Z,2021,post-season,PHX,MIL,119,123,2021-07-17
401344140,2021-07-21T01:00Z,2021,post-season,MIL,PHX,105,98,2021-07-20
